row,today,decision_message,team_facts,recent_messages,label,severity,notes
1,Mon Sep 28,"kofi: Also want async checkpoint staging on local NVMe before flush, otherwise a slow writer rank will stall the whole step. Testing that on the new filesystem.","- kestrel pretraining run (start date): Oct 5
- kestrel node allocation (node count): 2,048 nodes
- loss-spike rollback rule (threshold): roll back if loss rises more than 15% over 200 steps","--- Mon Sep 28 · #kestrel-run ---
dmitri: Kickoff thread for kestrel. Need start date, allocation, stability rules and data readiness all pinned down in here today. Who has blockers?
lucia: Fabric blocker from my side: two leaf switches in the new pod still flap under heavy all-reduce. Haven't isolated whether it's optics or firmware.
wen: Do those flapping leaf switches sit in the pod I was planning to hand kestrel? If so I need to rework the allocation table.
lucia: Yes, same pod. Both flapping leafs feed racks in that pod. Seeing CRC errors on the uplinks, so I'm leaning optics, but not confirmed.
dmitri: Decision: kestrel starts Oct 5. Lucia, get the optics vs firmware call made and fixed well before then. Wen, redo the allocation table around whatever the pod looks like once that's resolved.
lucia: Pulling optic transceiver serials on the flapping uplinks now. If they share a batch, that settles it. Will swap one and rerun all-reduce soak.
wen: Whichever way the optics call goes, I'll draft two allocation variants: one with the flapping racks drained, one assuming they come back clean.
dmitri: Quick check Wen: is the kestrel node allocation 2,048 nodes? Want that confirmed before the variants go out.
wen: yep, confirmed
kofi: If the flapping racks get drained, I need to know before I size checkpoint shards. Fewer nodes changes the per-rank write pattern to storage.
mateo: Data side is looking fine so far. Tokenized shards are landing on the new filesystem, just waiting on the last dedup pass to finish.
hana: Whichever variant wins, I want straggler detection on from step zero. Flapping links would show up as a few slow ranks dragging MFU down.
hana: Stability rule for the run: roll back if loss rises more than 15%. I'll wire that into the monitor alongside the straggler alerts.
kofi: Also want async checkpoint staging on local NVMe before flush, otherwise a slow writer rank will stall the whole step. Testing that on the new filesystem.",,,
2,Tue Sep 22,"olavo: Draft FAQ answer for the memory question: ""Agents read channel and DM history to build team memory, so they pick up context without anyone re-explaining it. You can mute an agent per channel anytime."" Thoughts?","- public launch (date): Sep 24 (changed Mon Sep 14; previously Sep 17)
- Series A raise (amount): $20M
- launch waitlist email (owner): Olavo
- pricing (billing model): $12 per human seat, agents free (changed Wed Sep 16; previously $12 per seat, agent actions metered)
- agent access to DMs (policy): agents never read a DM unless a participant forwards it
- AND-341 (agent double-posts in threads) (owner): Oli (changed Fri Sep 18; previously AJ)
- open item: Frida to send design partners the Slack-to-Ando migration guide (check point: Fri Sep 11)
- open item: Sara to decide whether agents may DM a human first, without being asked (check point: Mon Sep 21 design review)","--- Tue Sep 22 · #design-partners ---
frida: Unrelated, heads up: I need to leave early Thursday for a family thing. Can someone cover partner questions in the afternoon? Happy to leave notes on who's waiting on what.
oli: I can take partner questions Thursday afternoon, but only the technical ones. Frida, put billing stuff in your notes separately.
alex: Thanks Oli. Frida, could you also jot down which partners asked about per-thread muting? I'd like to quote them in the FAQ review.
frida: Yep, will do. Two of them mentioned it so far, I'll add names and what they said to my notes doc.
olavo: For the waitlist email, should I mention agents can be muted? Feels like a good trust line, but don't want to overpromise on per-thread.
alex: Quick question on muting: does a muted agent still read the channel for memory, or fully stop? Partners will ask.
aj: Mute as built only silences posting and notifications. Memory indexing still runs on the channel. A true stop-reading option would be a separate flag.
alex: Random q while we're on the waitlist email: who's actually sending it Thursday? Olavo, is that you, or does Sara hit send?
frida: Another partner question: if they remove an agent from the workspace, does its shared memory get wiped or stay searchable?
aj: Frida, on removal: I'd need to check how memory is keyed. If it's tied to the agent identity, deleting the agent could orphan entries.
frida: Thanks AJ. The partner asking is swapping agents mid-project, so they'd want the old one's memory to carry over to the new one.
alex: For the swap case, would partners expect memory to carry over automatically, or a manual ""transfer memory"" step when they replace an agent?
aj: Automatic carry-over gets tricky. Old memory includes entries from channels the new agent was never in, so permissions would have to be re-checked.
frida: I think that partner would be fine with a manual transfer step, as long as it shows which channels' memory comes across and what gets skipped.
olavo: Draft FAQ answer for the memory question: ""Agents read channel and DM history to build team memory, so they pick up context without anyone re-explaining it. You can mute an agent per channel anytime."" Thoughts?",,,
3,Mon Oct 19,"theo: Dataset section in the draft says 1,200 items, so I'm building the tables to match that. Will grep the plateau task id once Marcus's file is up.","- harbor workshop paper (submission deadline): Oct 23
- harbor eval suite release (version): v1.3 (changed Mon Oct 12; previously v1.2)
- eval compute reservation (owner): Elena
- harbor release gate (threshold): 70% pass@1 on the held-out set
- harbor held-out set (item count): 1,140 items (changed Mon Oct 19; previously 1,200 items)
- open item: Theo to rerun all baselines on harbor v1.3 (check point: Fri Oct 16)
- open item: Nadia to decide whether the 3-shot results go in the paper (check point: Tue Oct 20 paper sync)","--- Mon Oct 19 · #harbor-evals ---
yuki: Do the removed items skew toward any category? If the long-horizon tasks lost a chunk, the plateau might look different.
marcus: Quick look says most removals were web-app tasks with near-duplicate repos upstream. Long-horizon barely touched, but I'll confirm the per-category split.
felix: If the removals are mostly web-app forks, I can list the upstream repos that triggered them in the release notes. Might be useful for an appendix footnote too.
theo: Can you drop the removed item ids somewhere I can load them? The notebook filters by id, so the tables will just regenerate.
nadia: Side note while we're regenerating tables: we'll decide whether the 3-shot results go in the paper at the Tue Oct 20 paper sync. Theo, export them too so we have both options ready.
marcus: Putting the removed ids in the shared data folder as a flat file, one per line, with the upstream repo that flagged each.
yuki: Recorded runs works for me. We could replay a few agent traces on a projector and talk through them, honestly more useful than live.
yuki: Once the ids are in, can you also log which categories each removal came from? I'd like that next to the plateau figure.
theo: Got it, I'll add a category column to the export so the removal counts sit beside the per-category pass rates. Plateau figure should line up then.
felix: Good, I'll find traces where the agent loops on a flaky test. Those make better discussion than clean passes. Lake house is looking good.
elena: If the tables regenerate, do the plateau curves need a rerun too, or are those computed from cached trajectories?
theo: Curves come from cached trajectories, so no rerun. Just refilter by id and regenerate. Only the plateau figure needs a fresh pass with the smaller denominator.
yuki: Before the refilter, can someone check the build-loop task I picked for the transcript isn't among the removed ids? Awkward to show a task we dropped.
marcus: Good catch. That build-loop task is a CLI tooling repo, not a web-app fork, so it's likely fine. I'll grep the id file against it to be sure.
theo: Dataset section in the draft says 1,200 items, so I'm building the tables to match that. Will grep the plateau task id once Marcus's file is up.",,,
4,Mon Oct 5,"kofi: Good idea on grouping by leaf. For the sweep, I'd also keep a checkpoint write/read pass on those hosts to see if storage paths show stragglers too.","- kestrel pretraining run (start date): Oct 12 (changed Mon Oct 5; previously Oct 5)
- kestrel node allocation (node count): 2,048 nodes
- loss-spike rollback rule (threshold): roll back if loss rises more than 15% over 200 steps
- kestrel checkpoint cadence (interval): every 500 steps
- fabric incident on-call (owner): Lucia
- open item: Mateo to finish moving the tokenized datasets to the new storage tier (check point: Fri Oct 2)
- open item: Dmitri to decide between tokenizer v3 and v4 for kestrel (check point: Thu Oct 8 run sync)","--- Mon Oct 5 · #kestrel-run ---
lucia: Port-to-node map for that row is dumped to the sheet. CRC errors all sit on optics from the same vendor lot.
wen: Overlaying the map on the ECC-flagged nodes. Some of them sit behind those same leaves, so maybe not coincidence.
lucia: Same row could mean a shared cooling issue. I'll pull transceiver temps on those ports and compare against the ECC-flagged nodes' inlet temps.
hana: If temps line up, check DCGM for clock throttling on those nodes too. Throttled GPUs would show up as stragglers in step time.
lucia: Transceiver temps on those ports run hot compared to the rest of the row. Could be a missing blanking panel at the rack.
dmitri: We'll decide between tokenizer v3 and v4 for kestrel at the Thu Oct 8 run sync. Mateo, have the shard diff ready by then. Kofi, get the TP padding answer to the group before.
wen: Cordoning the nodes behind those leaves in the scheduler now so nothing gets placed there while we sort out cooling and optics.
kofi: Mateo, the start slipped for the firmware rollout, so no need to kick off data loading tonight. The shard diff matters more right now.
mateo: Right, I was working off the old start. Skipping the loader launch tonight, running the tab/space diff on those shards first.
lucia: Confirmed, blanking panels are missing in that row. Filing a facilities ticket. I'll re-check CRC counters on those ports once temps settle.
wen: What if we start on half the nodes Oct 7 and add the rest after the firmware lands? Cordoned ones stay out either way. Is that worth considering?
dmitri: No, not worth it. Partial start means two bring-ups and a messy loss curve to explain later. We hold the plan as is and start once the firmware is in.
hana: Once firmware lands I want an NCCL all-reduce sweep on the uncordoned nodes to baseline MFU and flag stragglers before the real launch.
wen: I'll export the uncordoned list as a hostfile for the sweep, grouped by leaf so stragglers map back to a switch easily.
kofi: Good idea on grouping by leaf. For the sweep, I'd also keep a checkpoint write/read pass on those hosts to see if storage paths show stragglers too.",,,
5,Tue Sep 8,"frida: Separate from the FAQ: I'll send design partners the Slack-to-Ando migration guide by Fri Sep 11, so they have time to try it before launch 🙂","- public launch (date): Sep 17
- Series A raise (amount): $20M
- launch waitlist email (owner): Olavo
- pricing (billing model): $12 per seat, agent actions metered","--- Tue Sep 8 · #launch ---
(sara reacted 👍 to olavo's message)
oli: fyi the member list currently sorts agents below humans alphabetically. might want to pin the agent higher for new workspaces, ticket coming
alex: good catch Oli. pinning the agent up top in the member list would fit with the welcome card too, I'll sketch both together 🙂
sara: Next up: who's taking the launch waitlist email? Need one owner for it.
olavo: I'll grab it 🙌
frida: For the waitlist email, can we mention the agent shows up in the member list? That's what tripped up my design partners 😅
alex: Good idea Frida. I could make a small screenshot of the member list with the agent pinned for the email, if Olavo wants it 📸
sara: Pricing: $12 per seat. That's what goes in the launch post and the waitlist email.
aj: Does the waitlist email need to say anything about what the agent can see? A few people will ask about channel access vs private conversations.
sara: Also, agent actions get metered on top of the per-seat number. Olavo, make sure that's in both the post and the email.
aj: Still need an answer on my question about what the agent can see. People will ask, and I'd rather the email wording be exact.
olavo: Sara, can you take AJ's access question? I'd like the exact wording before I draft the email copy 🙏
alex: meanwhile I'm sketching the pricing page. $15 per seat up top, with a small note under it about agent actions being metered 💸 will drop the mock here soon
frida: One design partner asked if they can mute the agent in a single channel without removing it. Worth a line in the FAQ?
frida: Separate from the FAQ: I'll send design partners the Slack-to-Ando migration guide by Fri Sep 11, so they have time to try it before launch 🙂",,,
6,Thu Oct 15,keiko: Will do. Their admin said she'd ask around the team and get back to me. I'll flag it as soon as I hear.,"- Northwind contract renewal (signature deadline): Oct 30
- Northwind discount (rate): 15% off list (changed Mon Oct 12; previously 18% off list)
- Northwind executive sponsor (person): Jon Reyes (new CTO) (changed Thu Oct 15; previously Amara Okafor (CIO))
- Northwind rate limit (tokens per minute): 40M tokens per minute
- Northwind data retention (terms): zero data retention on all endpoints
- open item: Ines to send the signed data processing addendum to Northwind legal (check point: Fri Oct 9)","--- Mon Oct 12 · #acct-northwind ---
gabe: Nice, that'd help me too. If I can hear the department leads' use cases, I can sketch the integration shape for each.
rachel: Good. Tomas, once you've sorted the pricing block, ping me before anything goes into the order form draft.
--- Thu Oct 15 · #acct-northwind ---
rachel: Kicking off QBR prep for Northwind. Gabe's check-in cleared the technical side, so now we need a position on term length for the renewal. Tomas, can you model one-year vs multi-year?
keiko: Darnell, for the Northwind QBR dinner, their team mentioned they'd love somewhere quiet enough to actually talk. Any spots you like?
tomas: Yes, I'll model both. For the multi-year case, do we want the discount held flat or stepped across the years?
keiko: Their procurement lead keeps asking about price protection in the later years, so flat might land better. Stepped could feel like a hidden increase to them.
darnell: Quiet is the right call. There's a place with a back room I've used before, good for small groups. I'll check if it's open for us.
ines: If we go flat across years, I'd want the order form to say price holds only while volume stays in the committed band. Otherwise we're exposed.
rachel: Good point, Ines. Let's draft both versions with the volume-band language in. I'll plan to walk the term options through with Amara Okafor, their CIO and our exec sponsor, before the QBR so nothing surprises her.
keiko: Perfect, thank you! One of their folks mentioned a dietary restriction, so I'll find out specifics and pass them along.
darnell: Frame multi-year as a partnership story in the QBR, not just a price lock. Their clinical teams are expanding use anyway.
darnell: Sounds good. Once you know the restriction, tell me and I'll check the kitchen can handle it before we book.
keiko: Correction: Amara left Northwind. Jon Reyes, the new CTO, owns the AI budget now.
rachel: Wow, okay. Keiko, how recent is this? Do we know if the new CTO is on board with the expansion plans?
keiko: Will do. Their admin said she'd ask around the team and get back to me. I'll flag it as soon as I hear.",,,
7,Mon Oct 5,"yuki: When you do the dry run, log per-task wall time too. I'd like to see whether the slow Rust tasks cluster on the multi-file ones.","- harbor workshop paper (submission deadline): Oct 23
- harbor eval suite release (version): v1.2
- eval compute reservation (owner): Elena","--- Mon Oct 5 · #harbor ---
elena: Rust builds will be slow in the sandbox. I'll check the image has the toolchain cached so timeouts don't masquerade as model failures.
felix: I'll add a language field and a files-touched field to the task metadata, so Theo's breakdowns come straight from the release without a separate script.
yuki: Felix, can the language field hold more than one value? The Rust parser fix also touches TOML config, and I'd rather not force a single label.
felix: Yes, I'll make language a list instead of a single label. Then the Rust parser fix can carry both Rust and TOML, and Theo can group on either.
yuki: With language as a list, I'll report breakdowns by primary language only, so multi-label tasks don't get double counted in the paper tables.
theo: Primary-language only works for me. I'll flag in the table caption which tasks are multi-label so reviewers don't wonder why TOML never shows up.
elena: Fair warning, the eval jobs have more retries than I do at the gym. Rust timeouts are gonna be the worst offenders.
marcus: I'll also check whether the Rust build tool's test suite pulls anything from the network. If it does, the sandbox will fail those no matter what the model writes.
yuki: If it does pull from the network, vendoring the dependencies into the image would fix that. Otherwise we'd have to drop those tasks and look for others.
elena: Vendoring works for me. I can bake the crates into the sandbox image so builds run offline. Marcus, send me the lockfile once you pick the tasks.
marcus: Will do. Checking now whether the lockfile is pinned for that Rust tool. If it isn't, I'll resolve versions first so the crates don't drift.
yuki: If the lockfile isn't pinned, note which crate versions you resolve to. I'd like the paper's appendix to list the toolchain so the Rust tasks are reproducible.
marcus: Lockfile's checked in but a couple of entries use loose version ranges. I'll resolve them and write down what each crate lands on.
elena: Once the crates are resolved I'll bake them into a test image and do a dry run on the Rust tasks, just to see where the slow ones land.
yuki: When you do the dry run, log per-task wall time too. I'd like to see whether the slow Rust tasks cluster on the multi-file ones.",,,
8,Mon Oct 19,"felix: Good, I'll find traces where the agent loops on a flaky test. Those make better discussion than clean passes. Lake house is looking good.","- harbor workshop paper (submission deadline): Oct 23
- harbor eval suite release (version): v1.3 (changed Mon Oct 12; previously v1.2)
- eval compute reservation (owner): Elena
- harbor release gate (threshold): 70% pass@1 on the held-out set
- harbor held-out set (item count): 1,140 items (changed Mon Oct 19; previously 1,200 items)
- open item: Theo to rerun all baselines on harbor v1.3 (check point: Fri Oct 16)
- open item: Nadia to decide whether the 3-shot results go in the paper (check point: Tue Oct 20 paper sync)","--- Mon Oct 19 · #harbor-evals ---
theo: Ok, one untouched plateau transcript, rest trimmed. I'll export per-category tables against the 1,200 held-out items so the denominators match what we say in the main text.
yuki: For the plateau transcript, the task where the agent keeps rerunning the same failing build after editing the wrong config file is the clearest loop.
yuki: There was one ethernet port in the kitchen nook, I think. Router was in the garage though, so tethering might be more reliable.
marcus: Theo, use 1,140 not 1,200. Second contamination pass removed 60 more.
felix: Tethering a whole room off one phone sounds rough. Maybe we show recorded runs instead of live demos and avoid the problem?
yuki: Do the removed items skew toward any category? If the long-horizon tasks lost a chunk, the plateau might look different.
marcus: Quick look says most removals were web-app tasks with near-duplicate repos upstream. Long-horizon barely touched, but I'll confirm the per-category split.
felix: If the removals are mostly web-app forks, I can list the upstream repos that triggered them in the release notes. Might be useful for an appendix footnote too.
theo: Can you drop the removed item ids somewhere I can load them? The notebook filters by id, so the tables will just regenerate.
nadia: Side note while we're regenerating tables: we'll decide whether the 3-shot results go in the paper at the Tue Oct 20 paper sync. Theo, export them too so we have both options ready.
marcus: Putting the removed ids in the shared data folder as a flat file, one per line, with the upstream repo that flagged each.
yuki: Recorded runs works for me. We could replay a few agent traces on a projector and talk through them, honestly more useful than live.
yuki: Once the ids are in, can you also log which categories each removal came from? I'd like that next to the plateau figure.
theo: Got it, I'll add a category column to the export so the removal counts sit beside the per-category pass rates. Plateau figure should line up then.
felix: Good, I'll find traces where the agent loops on a flaky test. Those make better discussion than clean passes. Lake house is looking good.",,,
9,Fri Sep 18,"aj: Marker makes sense, and it should come from the same permission flag so it can't drift from what the agent can actually read.","- public launch (date): Sep 24 (changed Mon Sep 14; previously Sep 17)
- Series A raise (amount): $20M
- launch waitlist email (owner): Olavo
- pricing (billing model): $12 per human seat, agents free (changed Wed Sep 16; previously $12 per seat, agent actions metered)
- agent access to DMs (policy): agents never read a DM unless a participant forwards it
- AND-341 (agent double-posts in threads) (owner): Oli (changed Fri Sep 18; previously AJ)
- open item: Frida to send design partners the Slack-to-Ando migration guide (check point: Fri Sep 11)
- open item: Olavo to send the press kit to the embargoed reporters (check point: Fri Sep 18)
- open item: Sara to decide whether agents may DM a human first, without being asked (check point: Mon Sep 21 design review)","--- Fri Sep 18 · #eng ---
aj: Push is a separate path from the in-app join event, so it probably doesn't inherit any gating we add. I'll check how it builds the payload.
alex: Should the agent ask before posting in a thread it wasn't invited to? Like a small 'want me to weigh in?' prompt instead of a summary.
oli: Prompt makes sense for memory-sourced joins at least. Keyword ones are closer to a direct mention, so maybe those can stay as is. Needs a gate in the join path either way.
sara: On the prompt question, there's a bigger one behind it. We'll decide whether agents may DM a human first, without being asked, at the Mon Sep 21 design review. Hold the gating design until then.
frida: Will do! They're pretty chatty on Slack-style stuff, so I'll ask about naming and whether they'd prefer a call or video.
oli: ok, so I'll keep digging on the root cause in the join path but not touch the gate itself. Will log the trigger breakdown on the board.
frida: Heard back from the design partner: the summary was visible to everyone in the hiring thread, not just the poster. They want to know if agents can be kept out of certain channels entirely.
olavo: Perfect, video's better if they're okay with it, reporters can grab a screenshot of the workspace. Also ask if they have a fav agent moment to share 😄
frida: Separate thing: a design partner hit the double-posting bug again this morning. I'll ping AJ with the details since AND-341 is his.
aj: Keeping agents out of a channel is mostly a read-permission question for us. Does the partner want admins to set it, or any channel member?
frida: Good question, I'll ask. My guess is admins, since it was an HR-type channel, but I'll confirm with them.
frida: Ha yes, they told me last week the agent summarized a messy client thread before anyone asked. I'll get them to retell it 😄
oli: frida AND-341 is mine now, send the details to me. Ask if they saw both posts land at the same moment.
alex: For the 'keep agents out' ask, should the channel show some marker so members know agents can't see it? Otherwise people might assume the agent is reading.
aj: Marker makes sense, and it should come from the same permission flag so it can't drift from what the agent can actually read.",,,
10,Tue Sep 22,"alex: morning all. design review yesterday left me with a few FAQ wording questions for the design partners, mostly around how agents show up in channels. can we go through them here?","- public launch (date): Sep 24 (changed Mon Sep 14; previously Sep 17)
- Series A raise (amount): $20M
- launch waitlist email (owner): Olavo
- pricing (billing model): $12 per human seat, agents free (changed Wed Sep 16; previously $12 per seat, agent actions metered)
- agent access to DMs (policy): agents never read a DM unless a participant forwards it
- AND-341 (agent double-posts in threads) (owner): Oli (changed Fri Sep 18; previously AJ)
- open item: Frida to send design partners the Slack-to-Ando migration guide (check point: Fri Sep 11)
- open item: Sara to decide whether agents may DM a human first, without being asked (check point: Mon Sep 21 design review)","--- Tue Sep 22 · #design-partners ---
alex: morning all. design review yesterday left me with a few FAQ wording questions for the design partners, mostly around how agents show up in channels. can we go through them here?",,,
11,Mon Sep 14,"olavo: catching up, can the waitlist email still go out the day before Sep 17 like we planned? want to lock the send slot 📬","- public launch (date): Sep 24 (changed Mon Sep 14; previously Sep 17)
- Series A raise (amount): $20M
- launch waitlist email (owner): Olavo
- pricing (billing model): $12 per seat, agent actions metered
- agent access to DMs (policy): agents never read a DM unless a participant forwards it
- AND-341 (agent double-posts in threads) (owner): AJ
- open item: Frida to send design partners the Slack-to-Ando migration guide (check point: Fri Sep 11)
- open item: AJ to merge the forwarded-DM permission check (check point: Tue Sep 15)","--- Mon Sep 14 · #launch ---
frida: Thanks all! I'll tell them admins add agents for now. Also two partners asked if existing beta workspaces need to redo onboarding to get that step 🤔
olavo: good q for oli/aj. on my side, plan is waitlist email Wed night so it lands early, launch post goes live Sep 17 with the press kit, partner heads-up Tuesday. screenshots depend on the onboarding flow tho 👀
alex: For screenshots, should I grab them from a fresh workspace so the add-agents step shows? Or use a beta one that already has agents in the list?
sara: Make it Sep 24, not the 17th. Thursday lands with the Series A announcement.
olavo: oh nice, pairing it with the funding news is way better press-wise 🙌 I'll need to rejig the email and partner heads-up timing around that
alex: so with the shift, can I hold screenshots until the onboarding flow is settled? Otherwise I'd just redo them 😅
oli: Holding screenshots makes sense. Onboarding flow still has a couple open tickets on my side, so no point shooting until they settle.
frida: Updating the partner calendar now: public launch is Sep 24, so I'll move the beta partner notes off the 17th. Will hold the heads-up wording until Olavo has the new timing 👍
aj: Looked at the older beta workspaces. A few have the agent role seeded but no agent members attached, so their member list will look empty even if agents exist.
frida: @aj for those older beta workspaces, can admins just attach agents themselves, or does someone need to fix it on our end? Partners will ask 🤔
aj: Admins should be able to attach them from member settings, I think. Need to confirm the seeded role doesn't block it on those older ones.
olavo: ok so with the new timing I'm redoing the email schedule tonight. will post a fresh send plan here once it's drafted 📝
oli: fyi the two open onboarding tickets are both around the add-agents step, one's a flaky state on the skip button. will ping when it's stable.
alex: if the skip button is flaky, should the add-agents step stay skippable at all? Might be cleaner to make it required for admins, just thinking out loud
olavo: catching up, can the waitlist email still go out the day before Sep 17 like we planned? want to lock the send slot 📬",,,
12,Mon Oct 19,"keiko: Heads up, I have a personal matter to handle tomorrow and can't make the call. Can someone cover for me? Happy to send a quick brief tonight.","- Northwind contract renewal (signature deadline): Oct 30
- Northwind discount (rate): 15% off list (changed Mon Oct 12; previously 18% off list)
- Northwind executive sponsor (person): Jon Reyes (new CTO) (changed Thu Oct 15; previously Amara Okafor (CIO))
- Northwind rate limit (tokens per minute): 40M tokens per minute
- Northwind data retention (terms): zero data retention on all endpoints
- open item: Ines to send the signed data processing addendum to Northwind legal (check point: Fri Oct 9)
- open item: Rachel to decide whether to offer Northwind a two-year term (check point: Fri Oct 16 finance review)","--- Mon Oct 19 · #acct-northwind ---
keiko: Security lead also asked if the changelog can come as a spreadsheet instead of a PDF. Their reviewers like to filter by vendor.
ines: Spreadsheet is fine by me. I'd want a confidentiality note on the first tab, and the entries should match the addendum wording exactly.
darnell: On our side, I'm happy to ping their exec sponsor before signature if it helps close out the security packet questions.
rachel: That would help, Darnell. Keep it to the security packet and the process, nothing on terms. I'll loop you in on the thread.
keiko: Their ops lead offered to join the burst call and bring someone from the check-in app team, since that's what fires the requests.
gabe: Perfect, having the check-in app team on the call helps. I want to ask how their client retries when a request gets throttled.
keiko: I'll ask their app team whether the check-in client backs off on throttling or just retries right away. Will pass along what they say.
rachel: Let's keep the burst call about how throttling behaves, not a limits renegotiation. They're already getting 18% off list, so I don't want new asks sneaking in late.
rachel: *correction: it's 15% off list, not 18%. Tomas, please confirm against the order form so nobody quotes the wrong number to Northwind.
tomas: Understood, Rachel. I'm pulling the order form now and will post the discount exactly as it is written there.
keiko: App team replied: the check-in client retries right away with a little jitter, no real backoff. Ops lead seemed a bit sheepish about it.
gabe: Thanks, that's the key detail. Immediate retries pile onto a spike, so I'll suggest exponential backoff on their client. A small fix on their side.
keiko: Their ops lead asked if we can send a short doc on recommended backoff settings, something the app team can hand to their devs.
gabe: Happy to write it. I'll keep it to a one-pager with example backoff and jitter settings plus a short code snippet their devs can paste in.
keiko: Heads up, I have a personal matter to handle tomorrow and can't make the call. Can someone cover for me? Happy to send a quick brief tonight.",,,
13,Mon Sep 14,"frida: Thanks AJ, that helps a lot. I'll hold off on replying to the partners until your writeup is ready 🙏","- public launch (date): Sep 24 (changed Mon Sep 14; previously Sep 17)
- Series A raise (amount): $20M
- launch waitlist email (owner): Olavo
- pricing (billing model): $12 per seat, agent actions metered
- agent access to DMs (policy): agents never read a DM unless a participant forwards it
- AND-341 (agent double-posts in threads) (owner): AJ
- open item: Frida to send design partners the Slack-to-Ando migration guide (check point: Fri Sep 11)","--- Mon Sep 14 · #launch ---
alex: quick q, who actually sends the waitlist email? I need to know who to give the header image to 📬
olavo: me! send the header image my way, I'm sending the waitlist email 📬
alex: Sending the header image over now. I made a dark and a light version, so pick whichever fits the email template 🎨
frida: Another partner asked if there's a visible indicator when an agent joins a thread untagged. Would calm the nerves a bit 🙂
alex: Could be a small badge or avatar ring on the message when an agent joins untagged. I can mock a couple options 🎨
aj: Update: the forwarded-DM permission check is merged. Forwarding a DM into a channel now checks the original DM's access first. That one's done.
oli: @alex yes, going back after adding an agent also resets the list view. Same root cause, so the fix should cover both. Testing it now.
frida: One more partner question: can admins see what an agent has stored in shared memory? They want to check it's not holding anything odd 🤔
aj: Memory entries are stored per workspace, but I'm not sure there's an admin-facing view yet. Checking what the store exposes before I say anything to partners.
olavo: for the press kit, can someone send me a clean screenshot of an agent replying in a thread? Current one has test data in it 😅
alex: Random pricing thought while mocking the badge: what if it's $12 per human seat and agents are free? Just an idea, nothing decided. Sara, that's your call 🤔
frida: I can grab a screenshot from our demo workspace for the press kit. Just need to make sure no partner names show 📸
oli: skip button fix is in review. once it's merged I'll rerun the onboarding flow end to end on a fresh workspace 🔧
aj: Looked at the memory store. It can list entries per workspace, so an admin view is mostly UI work. Writing it up for Frida's partners.
frida: Thanks AJ, that helps a lot. I'll hold off on replying to the partners until your writeup is ready 🙏",,,
14,Thu Sep 10,"aj: DM permissions: the core check is in, but I'm still tracing an edge case where an agent gets added to a group DM after it's already started.","- public launch (date): Sep 17
- Series A raise (amount): $20M
- launch waitlist email (owner): Olavo
- pricing (billing model): $12 per seat, agent actions metered
- open item: Frida to send design partners the Slack-to-Ando migration guide (check point: Fri Sep 11)","--- Thu Sep 10 · #eng ---
oli: Starting the launch-readiness checklist for the agent runtime. Three open items: DM permissions, the double-posting bug, memory store under load. Want status on each before standup.
aj: DM permissions: the core check is in, but I'm still tracing an edge case where an agent gets added to a group DM after it's already started.",,,
15,Fri Oct 9,"wen: Baseline for loss and grad-norm on restored ranks is still orphaned. Kofi, can your restore logging also dump those per rank?","- kestrel pretraining run (start date): Oct 12 (changed Mon Oct 5; previously Oct 5)
- kestrel node allocation (node count): 2,048 nodes
- loss-spike rollback rule (threshold): roll back if loss rises more than 15% over 200 steps
- kestrel checkpoint cadence (interval): every 250 steps (changed Fri Oct 9; previously every 500 steps)
- fabric incident on-call (owner): Lucia
- open item: Mateo to finish moving the tokenized datasets to the new storage tier (check point: Fri Oct 2)
- open item: Dmitri to decide between tokenizer v3 and v4 for kestrel (check point: Thu Oct 8 run sync)
- open item: Kofi to run the checkpoint-restart drill on the full allocation (check point: Sat Oct 10)","--- Fri Oct 9 · #infra ---
mateo: Restore reads will hit the new storage tier hard on those shards. Should be fine, but I'll watch read latency during the drill.
mateo: I sized the storage write budget around a checkpoint every 500 steps, so the new tier should absorb the async flushes with headroom. Restore reads are the bigger unknown.
wen: Drill is a good chance to check straggler behavior after restore too. Last time a couple of ranks came back with lower MFU than the rest.
kofi: Good point on stragglers. I'll log per-rank restore time and first-step time so slow ones stand out right away.
dmitri: Fine, but the drill can't slip because of the reseat. If it's going to eat time, tell me now.
kofi: Won't slip. I'll run the checkpoint-restart drill on the full allocation by Sat Oct 10, and the leaf 14 reseat goes in the restore idle window.
hana: Also want a baseline of loss and grad-norm on the restored ranks, so we can tell a clean resume from a silent divergence.
kofi: tighter save interval means more flush volume than I budgeted for. Rerunning the write numbers against the new tier now, will post what I find.
mateo: I can pull sustained write throughput per stripe from the earlier soak test, so you're not plugging in a spec-sheet number.
dmitri: Assume they need an escort until the hall desk says otherwise. Also ask them to bring an optical power meter, a few links look marginal on rx levels.
hana: Heads up, family emergency came up and I have to log off for the day. Alert mute and the baseline setup aren't done yet, so someone please cover monitoring for the drill.
lucia: I can handle the leaf 14 stall alert mute since I'm the one reseating. Someone point me at the rule in Hana's alerting config.
kofi: It's the step_time_stall rule in the stability alerts yaml. Scope the mute by host label for leaf 14, not a global silence.
lucia: Found the rule. Scoping the silence by host label on leaf 14 only, and I'll drop it once symbol error counters stay flat after the reseat.
wen: Baseline for loss and grad-norm on restored ranks is still orphaned. Kofi, can your restore logging also dump those per rank?",,,
16,Thu Oct 15,"rachel: Good. Keiko, when you talk to their platform lead, ask if the new CTO would take a short intro call before the QBR.","- Northwind contract renewal (signature deadline): Oct 30
- Northwind discount (rate): 15% off list (changed Mon Oct 12; previously 18% off list)
- Northwind executive sponsor (person): Jon Reyes (new CTO) (changed Thu Oct 15; previously Amara Okafor (CIO))
- Northwind rate limit (tokens per minute): 40M tokens per minute
- Northwind data retention (terms): zero data retention on all endpoints
- open item: Ines to send the signed data processing addendum to Northwind legal (check point: Fri Oct 9)
- open item: Rachel to decide whether to offer Northwind a two-year term (check point: Fri Oct 16 finance review)","--- Thu Oct 15 · #acct-northwind ---
darnell: I'll send the QBR deck to Amara Okafor once the term section is locked. Better she sees it from me than cold.
keiko: Their procurement lead also wants a usage breakdown by clinical department in the QBR. Gabe, can we pull that from the dashboards?
gabe: Dashboards split usage by project and API key, not department. If their clinical teams use separate keys, I can map it. Otherwise we'd need to check how they tag requests.
darnell: Sounds good. Whichever we land on, I'll hold off confirming until we hear on the dietary side.
keiko: I'll ask their platform lead whether the clinical teams run separate keys or share one. Will report back once I hear.
rachel: Darnell, the deck plan was for the previous sponsor. Who should receive it now, given we haven't met the new owner?
darnell: Fair point, that note was stale. I'll hold off on sending anything until we figure out an intro to the new owner.
keiko: Just thinking out loud: what if we went back to 18% to close faster? Not a proposal, only wondering if it'd help with a new CTO.
tomas: I'd keep the current plan, Keiko. Going back on the discount now would hurt our position, and we don't yet know what the new CTO wants. Let's learn his priorities first.
gabe: Agree with holding the line. If it helps, I can offer their platform lead a quick architecture walkthrough for the new CTO. Technical intros land easier than sales ones.
keiko: Walkthrough would help. Their platform lead mentioned the new CTO is big on clinical safety, so I'd frame it around that.
keiko: Perfect. I'll nudge their admin again tomorrow morning so we're not waiting on her too long.
ines: If he's focused on clinical safety, expect him to ask about logging and how model outputs get reviewed. I'd want our answers consistent across the deck and contract.
gabe: I can pull together a one-pager on how we handle output logging and what controls their team can set. Keeps the answers consistent with the deck.
rachel: Good. Keiko, when you talk to their platform lead, ask if the new CTO would take a short intro call before the QBR.",,,
17,Wed Sep 30,"wen: If the flap test stalls loaders on C, I can drain those nodes into the spare pool during the run. Which leaf ports are affected?","- kestrel pretraining run (start date): Oct 5
- kestrel node allocation (node count): 2,048 nodes
- loss-spike rollback rule (threshold): roll back if loss rises more than 15% over 200 steps
- kestrel checkpoint cadence (interval): every 500 steps
- fabric incident on-call (owner): Lucia
- open item: Mateo to finish moving the tokenized datasets to the new storage tier (check point: Fri Oct 2)","--- Wed Sep 30 · #infra ---
kofi: Yes, checksum on load makes sense. I'll write per-shard hashes at flush time and verify on resume, so a bad shard fails loudly instead of loading.
mateo: the noodle place is a 15 min walk though, and the line there moves slow when the lunch crowd from the other building shows up
hana: Hash verify adds load-time cost on resume. Worth timing it on a big shard set so restart latency doesn't balloon.
wen: @dmitri what's the kestrel start date? Need it to lock the allocation table and size the reservation window.
dmitri: Oct 5. That's the start date, so lock the table against it. I don't want it sliding because of the C uplinks.
wen: Got it, locking the table against that. Holding a small spare pool outside the main reservation in case C nodes need to be drained.
kofi: Patch is small: only flip the shard to complete after the write returns full length, otherwise retry. Testing against an injected short write on a writer rank.
lucia: fair, but I have a fabric call coming up so I can't be gone long. could we grab takeout from the noodle place and eat at our desks?
lucia: Second C uplink just retrained again, so I'm swapping the cable on that one. Firmware stays parked until counters hold clean.
hana: Once the patch lands, can we run a resume test from a save taken while a C link is deliberately flapping? Want to see the hash check actually trip.
mateo: takeout works, but then it's cold by the time I walk back. what if I just order ahead from the noodle place and pick it up on the way?
kofi: Yes, can do. I'll inject the flap via a fault script on the C leaf port so the short write actually hits a writer rank.
lucia: ordering ahead works. does their app let you set a pickup time? I want it ready right when I'm free between calls
mateo: Heads up, if we run that flap test, dataloader reads from the storage tier on C nodes might stall too. I'll watch for stragglers on the loader side.
wen: If the flap test stalls loaders on C, I can drain those nodes into the spare pool during the run. Which leaf ports are affected?",,,
18,Wed Oct 21,elena: Cluster queue looks fine on my side. Only thing open is making sure the last batch of eval jobs doesn't get preempted overnight.,"- harbor workshop paper (submission deadline): Oct 23
- harbor eval suite release (version): v1.3 (changed Mon Oct 12; previously v1.2)
- eval compute reservation (owner): Elena
- harbor release gate (threshold): 70% pass@1 on the held-out set
- harbor held-out set (item count): 1,140 items (changed Mon Oct 19; previously 1,200 items)
- open item: Theo to rerun all baselines on harbor v1.3 (check point: Fri Oct 16)","--- Mon Oct 12 · #harbor ---
theo: Quick one, who actually holds the compute reservation for the fresh runs? Want to make sure the refactor jobs land on it.
elena: That's me, I hold the reservation. Refactor jobs are already at the front of the queue, so they'll land on it.
marcus: Histogram's rough but promising: reformatted gist copies bunch up at the top, and generic argparse-style boilerplate lookalikes sit well below with a clear dip between.
yuki: That dip is exactly what we want. Can you overlay the borderline cases on the histogram? I'd like to see where the ambiguous ones fall.
marcus: Sure, I'll mark the borderline ones in a different color. A few are fixtures copied from a popular tutorial repo, so they might land near the dip.
yuki: Tutorial-repo fixtures are a good edge case. If they sit near the dip, I'd say describe them separately in the paper rather than force them into either bucket.
marcus: I'll check commit dates on those tutorial fixtures. If the tutorial repo predates the task repos, that changes how we frame them.
nadia: For the contamination section, let's say ""near-duplicate"" and keep the tone factual. No ""leaked"" or ""cheated"" wording, since reviewers will read that as an accusation.
yuki: For the patched-versus-untouched plot, I'd add bootstrap intervals per scaffold. Otherwise a small gap on a few tasks will look bigger than it is.
theo: Resample over tasks, not seeds, right? Otherwise the intervals on the refactor scaffold will look tighter than they should.
yuki: Yes, resample over tasks. Seeds within a task are correlated, so seed-level resampling would understate the spread. Task-level bootstrap, then average seeds inside each draw.
theo: Got it, task-level bootstrap. I'll add the interval bands to the patched-versus-untouched plot per scaffold and flag the refactor one if it looks wide.
marcus: Tutorial-repo commit dates are mostly earlier than the task repos, so I'll describe those fixtures in their own paragraph with the overlay.
--- Wed Oct 21 · #harbor ---
nadia: Two days out. Can everyone post what's still open on your side in here? I'll sort the final list from that.
elena: Cluster queue looks fine on my side. Only thing open is making sure the last batch of eval jobs doesn't get preempted overnight.",,,
19,Thu Oct 15,"rachel: Kicking off QBR prep for Northwind. Gabe's check-in cleared the technical side, so now we need a position on term length for the renewal. Tomas, can you model one-year vs multi-year?","- Northwind contract renewal (signature deadline): Oct 30
- Northwind discount (rate): 15% off list (changed Mon Oct 12; previously 18% off list)
- Northwind executive sponsor (person): Amara Okafor (CIO)
- Northwind rate limit (tokens per minute): 40M tokens per minute
- Northwind data retention (terms): zero data retention on all endpoints
- open item: Ines to send the signed data processing addendum to Northwind legal (check point: Fri Oct 9)","--- Mon Oct 12 · #acct-northwind ---
gabe: Quick question for the sponsor call: would portal messaging run under the same API project, or a separate one? Changes how we split capacity.
ines: Separate projects would make it cleaner for me too. Data terms could map to each use case instead of one blanket scope.
keiko: Separate projects might land well. Their sponsor mentioned compliance likes to review each use case on its own, so that fits how they already work.
gabe: Load test is done. Ran Northwind's workload at their full rate limit and it passed, p95 latency looked fine the whole run.
tomas: Rachel, understood. I'm re-checking which approval record I built the pricing block from and will report back once I've compared it against your framing.
rachel: Whatever Tomas finds, finance will want any discount tied to something we get back. Expanded departments could be that trade.
keiko: Their finance lead keeps asking for a peer example of a multi-department rollout. Anything shareable I can bring to the sponsor call?
darnell: There's a regional health system we rolled out across departments. I'll ask if they'd do a reference call; otherwise an anonymized story works.
rachel: Keiko, when you talk to the sponsor, ask who in finance signs off on the discount. I want them in the loop early.
keiko: Will do. I'll also ask if finance wants to see the rollout plan before the discount conversation or alongside it.
darnell: Good. Also worth asking the sponsor whether other departments have already been asking about this. Internal pull makes the expansion story much easier.
keiko: Will do. I'll also see if the sponsor can intro me to the department leads who've been asking, so we can hear their use cases directly.
gabe: Nice, that'd help me too. If I can hear the department leads' use cases, I can sketch the integration shape for each.
rachel: Good. Tomas, once you've sorted the pricing block, ping me before anything goes into the order form draft.
--- Thu Oct 15 · #acct-northwind ---
rachel: Kicking off QBR prep for Northwind. Gabe's check-in cleared the technical side, so now we need a position on term length for the renewal. Tomas, can you model one-year vs multi-year?",,,
20,Wed Sep 16,"olavo: on it 🙌 quick check while I edit: should agent seats get their own line on the page, or fold into one?","- public launch (date): Sep 24 (changed Mon Sep 14; previously Sep 17)
- Series A raise (amount): $20M
- launch waitlist email (owner): Olavo
- pricing (billing model): $12 per human seat, agents free (changed Wed Sep 16; previously $12 per seat, agent actions metered)
- agent access to DMs (policy): agents never read a DM unless a participant forwards it
- AND-341 (agent double-posts in threads) (owner): AJ
- open item: Frida to send design partners the Slack-to-Ando migration guide (check point: Fri Sep 11)","--- Wed Sep 16 · #gtm ---
olavo: morning all! launch post draft v2 is up in the doc, would love eyes on the intro paragraph. also pricing page copy still needs a pass, I'll start on that after lunch 🚀
alex: read the intro, I like it. quick q: are we explaining what an agent as a workspace member means before the pricing section, or assuming people get it?
olavo: good q alex. I was thinking a short explainer box right above pricing, maybe with a screenshot of an agent joining a thread unprompted?
alex: yes to the screenshot. can we use a real design-partner thread though, or mock one? mocks always look too clean
frida: real thread is doable! I'd need to ask the partner first though. one of them has a good one where the agent chimed in on a deploy question 👀
sara: Going with Alex's pricing suggestion from Monday. Acting on it now, Olavo update the page copy to match.
olavo: on it 🙌 quick check while I edit: should agent seats get their own line on the page, or fold into one?",,,
21,Wed Oct 7,"theo: If the issue-thread grep flags items, I can rerun those separately and see whether baseline scores on them look inflated compared to the clean ones.","- harbor workshop paper (submission deadline): Oct 23
- harbor eval suite release (version): v1.2
- eval compute reservation (owner): Elena
- harbor release gate (threshold): 70% pass@1 on the held-out set
- harbor held-out set (item count): 1,200 items
- open item: Marcus to finish the license review for the scraped repositories (check point: Fri Oct 9)","--- Wed Oct 7 · #harbor-evals ---
felix: Longer install window should go in the harness config and the release notes, since it changes what a timeout failure means for those items.
elena: yeah, most of them had it. checking if the affinity label is even getting parsed, might be silently falling back to a placement that never resolves
theo: Plots so far: the multi-file items fail mostly on import errors, not logic. Might be the same install issue Elena hit, so I'll separate those out.
felix: Side note for the release notes: harbor-lite, the internal smoke set, has 200 items. Separate from the held-out set, so I'll keep the two clearly distinguished in the manifest.
yuki: If the import-error failures are really install issues, I'd exclude them from the bug-fix slice analysis or at least report them as a separate failure category. Otherwise we're measuring the environment, not the model.
theo: if it's falling back silently, try a dry-run submit with the flag and compare the resolved placement spec against a job that schedules fine
theo: Agreed. I'll split import errors into their own bucket in the plots and rerun once Elena's longer install window is in.
elena: Also thinking of prebuilding a cached dependency image per repo, so installs don't eat the timeout budget. I'll try it on the messiest multi-file ones first.
elena: good call, running the dry-run now. the resolved spec for the stuck ones has an empty topology field, the working job has it populated
nadia: Cached images are a good idea. Worth a sentence in the paper's methods section so reviewers know installs aren't counted against the model.
marcus: Cached images also help the contamination check. I can diff the pinned dependency versions against the repos' original commit dates and catch anything that predates the snapshots.
theo: empty topology would explain it. Does the parser drop the label when the node pool name has a hyphen? I hit that once on my branch.
yuki: Good, but dependency pinning only catches so much. Might also be worth checking whether any fix commits are quoted verbatim in public issue threads, since that leaks the answer too.
marcus: Good point on issue threads. I can grep the public trackers for long verbatim diff snippets and flag any items where the fix text shows up before the snapshot.
theo: If the issue-thread grep flags items, I can rerun those separately and see whether baseline scores on them look inflated compared to the clean ones.",,,
22,Fri Sep 18,"alex: Ok that's useful. Side note, since we're talking join behavior: the iOS app is targeting Oct 8, so mobile push for agent joins needs the same fix before then. Does a join notify people differently there?","- public launch (date): Sep 24 (changed Mon Sep 14; previously Sep 17)
- Series A raise (amount): $20M
- launch waitlist email (owner): Olavo
- pricing (billing model): $12 per human seat, agents free (changed Wed Sep 16; previously $12 per seat, agent actions metered)
- agent access to DMs (policy): agents never read a DM unless a participant forwards it
- AND-341 (agent double-posts in threads) (owner): Oli (changed Fri Sep 18; previously AJ)
- open item: Frida to send design partners the Slack-to-Ando migration guide (check point: Fri Sep 11)
- open item: Olavo to send the press kit to the embargoed reporters (check point: Fri Sep 18)","--- Thu Sep 10 · #eng ---
alex: On it! I'll keep the banter light and ping you the draft in a bit. Might add a pun in the agent's tally 😄
aj: Yep, I'll take it. Rechecking the permission code first so Alex gets exact wording for the copy, not my memory of it.
--- Fri Sep 18 · #eng ---
oli: bug bash board is up. 3 p1s so far, all in agent thread-join logic. agents jumping into threads where nobody asked them to
olavo: hey Frida, reporters keep asking for slots to talk to a design partner. Any of your customers up for a quick interview?
aj: Is it the join heuristic firing on keyword match, or is it the memory store surfacing old threads as relevant? Those look the same from outside.
frida: Yes, I think two of them would be up for it! One is a small design agency that loves the agent memory stuff. Let me ask them today.
aj: fwiw I'm still on AND-341, the double-posting thing, so I'll get to the join logic soon. Might be related though, double posts could be two triggers firing at once.
oli: Good question aj. Logs show join events with a trigger field, checking now which ones are keyword vs memory-sourced. Double posts might share a trigger id too.
olavo: Awesome! The agency one sounds perfect, reporters love a creative-team angle. Can you ask if they're okay being named in the piece?
oli: nah hand it to me, you're on launch-week permissions now
frida: Related, one design partner said an agent chimed in on a sensitive hiring thread. They weren't thrilled. Want me to grab the workspace name?
alex: Yeah grab it frida. Also did the agent say anything in that thread or just join silently? Wondering what the UI showed people when it appeared.
frida: On it. From what they said it posted a short summary, so not silent. I'll ask whether it was visible to everyone in the thread.
oli: Pulled the logs for that one. Join trigger on the hiring thread was memory-sourced, not keyword. Old thread about a candidate got scored as relevant.
alex: Ok that's useful. Side note, since we're talking join behavior: the iOS app is targeting Oct 8, so mobile push for agent joins needs the same fix before then. Does a join notify people differently there?",,,
23,Thu Oct 8,"keiko: Their ops lead hand-tuned that prompt for months, so she'll want reassurance that trimming won't change how the assistant behaves.","- Northwind contract renewal (signature deadline): Oct 30
- Northwind discount (rate): 18% off list
- Northwind executive sponsor (person): Amara Okafor (CIO)
- Northwind rate limit (tokens per minute): 40M tokens per minute
- Northwind data retention (terms): zero data retention on all endpoints
- open item: Ines to send the signed data processing addendum to Northwind legal (check point: Fri Oct 9)
- open item: Gabe to load-test Northwind's workload at their full rate limit (check point: Wed Oct 14)","--- Thu Oct 8 · #acct-northwind-eng ---
keiko: Their ops lead will love the cap. Last week she said a frozen intake session meant staff fell back to paper forms.
gabe: Also worth adding a client-side timeout so a hung call fails fast instead of sitting there. I'll put that in the snippet too.
gabe: Good call. Last time I looked at their integration, they had a fixed 1s retry with no jitter. Could be worth a gentle nudge.
keiko: Perfect. Their ops lead also mentioned the assistant gives no feedback while waiting, so staff just stare at a blank screen. Any UX tip there?
gabe: Streaming responses plus a ""working on it"" spinner fixes most of that. Separately, I'll load-test Northwind's workload at their full rate limit and have results by Wed Oct 14.
keiko: Streaming plus a spinner is an easy sell. Their ops lead said staff just want to know it's alive, not faster.
rachel: Yeah, a fixed interval with no jitter is exactly how those pile up. Could you put together a short backoff snippet I can send Keiko?
rachel: Good. I'll frame this in the renewal conversation as proactive tuning, not a capacity problem. Keeps the upsell door open.
keiko: Their ops lead also asked whether the assistant can flag when a form comes back with missing fields instead of silently moving on.
keiko: Gabe, can the assistant flag missing fields? If it misfires they'll want to debug, and logs will be available since Northwind is on standard 30-day retention. I'll tell their ops lead.
gabe: Sure, I'll write one up in Python with exponential backoff, full jitter, and a cap. Should honor the retry-after header too.
darnell: Their exec sponsor liked the intake demo last quarter. Once the tuning story is solid, that's a good thing to bring back up.
gabe: Also noticed their system prompt is huge and resent on every call. Trimming it or using prompt caching should cut latency on intake.
rachel: Perfect. Add a line or two on why jitter matters, so Keiko can frame it as a tip, not criticism.
keiko: Their ops lead hand-tuned that prompt for months, so she'll want reassurance that trimming won't change how the assistant behaves.",,,
24,Thu Oct 8,"gabe: Streaming responses plus a ""working on it"" spinner fixes most of that. Separately, I'll load-test Northwind's workload at their full rate limit and have results by Wed Oct 14.","- Northwind contract renewal (signature deadline): Oct 30
- Northwind discount (rate): 18% off list
- Northwind executive sponsor (person): Amara Okafor (CIO)
- Northwind rate limit (tokens per minute): 40M tokens per minute
- Northwind data retention (terms): zero data retention on all endpoints
- open item: Ines to send the signed data processing addendum to Northwind legal (check point: Fri Oct 9)","--- Thu Oct 8 · #acct-northwind-eng ---
keiko: Thanks. So it's burst shape, not capacity. Gabe, can you share a backoff-with-jitter example I can send their ops lead?
gabe: Yep, I'll pull a Python snippet with exponential backoff and full jitter. Also worth suggesting they stagger the opening burst with a small queue.
keiko: Their ops lead also asked if the intake assistant can use a lighter model for the simple form-filling steps. Worth a look?
gabe: Yes, likely. Form-filling is mostly structured extraction, so a smaller model should handle it. I'd want to test accuracy on their real intake forms first.
ines: Since they're sending patient intake data through this, flagging the retention side: zero data retention is approved for Northwind. Worth keeping that in mind when we test on their real forms.
rachel: Yes, saw it. Ouch. Makes me wonder if Northwind's team has backoff with jitter on their side. Worth a quick check with them?
gabe: Good point. I'll ask their ops lead for de-identified sample forms so we can compare the smaller model without touching real patient records.
ines: Also, that applies to all endpoints, batch included, so the same coverage holds if they move the form-filling there.
keiko: Great, I'll ask their ops lead for the de-identified forms and mention the stagger idea when I send the snippet.
gabe: Also spotted their retry loop has no max attempts, so one stuck request can hang an entire intake session. I'll add a cap to the snippet.
keiko: Their ops lead will love the cap. Last week she said a frozen intake session meant staff fell back to paper forms.
gabe: Also worth adding a client-side timeout so a hung call fails fast instead of sitting there. I'll put that in the snippet too.
gabe: Good call. Last time I looked at their integration, they had a fixed 1s retry with no jitter. Could be worth a gentle nudge.
keiko: Perfect. Their ops lead also mentioned the assistant gives no feedback while waiting, so staff just stare at a blank screen. Any UX tip there?
gabe: Streaming responses plus a ""working on it"" spinner fixes most of that. Separately, I'll load-test Northwind's workload at their full rate limit and have results by Wed Oct 14.",,,
25,Mon Sep 14,"olavo: me! send the header image my way, I'm sending the waitlist email 📬","- public launch (date): Sep 24 (changed Mon Sep 14; previously Sep 17)
- Series A raise (amount): $20M
- launch waitlist email (owner): Olavo
- pricing (billing model): $12 per seat, agent actions metered
- agent access to DMs (policy): agents never read a DM unless a participant forwards it
- AND-341 (agent double-posts in threads) (owner): AJ
- open item: Frida to send design partners the Slack-to-Ando migration guide (check point: Fri Sep 11)
- open item: AJ to merge the forwarded-DM permission check (check point: Tue Sep 15)","--- Mon Sep 14 · #launch ---
oli: Holding screenshots makes sense. Onboarding flow still has a couple open tickets on my side, so no point shooting until they settle.
frida: Updating the partner calendar now: public launch is Sep 24, so I'll move the beta partner notes off the 17th. Will hold the heads-up wording until Olavo has the new timing 👍
aj: Looked at the older beta workspaces. A few have the agent role seeded but no agent members attached, so their member list will look empty even if agents exist.
frida: @aj for those older beta workspaces, can admins just attach agents themselves, or does someone need to fix it on our end? Partners will ask 🤔
aj: Admins should be able to attach them from member settings, I think. Need to confirm the seeded role doesn't block it on those older ones.
olavo: ok so with the new timing I'm redoing the email schedule tonight. will post a fresh send plan here once it's drafted 📝
oli: fyi the two open onboarding tickets are both around the add-agents step, one's a flaky state on the skip button. will ping when it's stable.
alex: if the skip button is flaky, should the add-agents step stay skippable at all? Might be cleaner to make it required for admins, just thinking out loud
olavo: catching up, can the waitlist email still go out the day before Sep 17 like we planned? want to lock the send slot 📬
frida: another partner question: can admins mute agents per channel? They're nervous about agents jumping into threads untagged 🤔
aj: Per-channel mute isn't something I can confirm yet. Need to check whether agent permissions are scoped per channel or only per workspace.
oli: repro for the skip button: go back from the next step and the state resets, so skip shows enabled when it shouldn't. Tracing it.
alex: does the reset also hit people who go back after already adding an agent? Might show an empty list again 🤔
alex: quick q, who actually sends the waitlist email? I need to know who to give the header image to 📬
olavo: me! send the header image my way, I'm sending the waitlist email 📬",,,
26,Tue Sep 22,"frida: Also, one of the partners hit the double-post thing again today, agent replying twice in a thread. Who has AND-341 right now?","- public launch (date): Sep 24 (changed Mon Sep 14; previously Sep 17)
- Series A raise (amount): $20M
- launch waitlist email (owner): Olavo
- pricing (billing model): $12 per human seat, agents free (changed Wed Sep 16; previously $12 per seat, agent actions metered)
- agent access to DMs (policy): agents never read a DM unless a participant forwards it
- AND-341 (agent double-posts in threads) (owner): Oli (changed Fri Sep 18; previously AJ)
- open item: Frida to send design partners the Slack-to-Ando migration guide (check point: Fri Sep 11)
- open item: Sara to decide whether agents may DM a human first, without being asked (check point: Mon Sep 21 design review)","--- Tue Sep 22 · #design-partners ---
olavo: For the waitlist email, should I mention agents can be muted? Feels like a good trust line, but don't want to overpromise on per-thread.
alex: Quick question on muting: does a muted agent still read the channel for memory, or fully stop? Partners will ask.
aj: Mute as built only silences posting and notifications. Memory indexing still runs on the channel. A true stop-reading option would be a separate flag.
alex: Random q while we're on the waitlist email: who's actually sending it Thursday? Olavo, is that you, or does Sara hit send?
frida: Another partner question: if they remove an agent from the workspace, does its shared memory get wiped or stay searchable?
aj: Frida, on removal: I'd need to check how memory is keyed. If it's tied to the agent identity, deleting the agent could orphan entries.
frida: Thanks AJ. The partner asking is swapping agents mid-project, so they'd want the old one's memory to carry over to the new one.
alex: For the swap case, would partners expect memory to carry over automatically, or a manual ""transfer memory"" step when they replace an agent?
aj: Automatic carry-over gets tricky. Old memory includes entries from channels the new agent was never in, so permissions would have to be re-checked.
frida: I think that partner would be fine with a manual transfer step, as long as it shows which channels' memory comes across and what gets skipped.
olavo: Draft FAQ answer for the memory question: ""Agents read channel and DM history to build team memory, so they pick up context without anyone re-explaining it. You can mute an agent per channel anytime."" Thoughts?
oli: Found a bug in staging: a muted agent still shows the typing indicator in the channel. Filing a ticket, ENG-412.
alex: For the muted state, I'm thinking a small bell-slash icon next to the agent's name in the sidebar. Does the member list already expose that flag?
aj: Yes, the muted flag is on the membership object, so the member list endpoint already returns it. Sidebar just needs to read it.
frida: Also, one of the partners hit the double-post thing again today, agent replying twice in a thread. Who has AND-341 right now?",,,
27,Thu Oct 15,darnell: I'll send the QBR deck to Amara Okafor once the term section is locked. Better she sees it from me than cold.,"- Northwind contract renewal (signature deadline): Oct 30
- Northwind discount (rate): 15% off list (changed Mon Oct 12; previously 18% off list)
- Northwind executive sponsor (person): Jon Reyes (new CTO) (changed Thu Oct 15; previously Amara Okafor (CIO))
- Northwind rate limit (tokens per minute): 40M tokens per minute
- Northwind data retention (terms): zero data retention on all endpoints
- open item: Ines to send the signed data processing addendum to Northwind legal (check point: Fri Oct 9)
- open item: Rachel to decide whether to offer Northwind a two-year term (check point: Fri Oct 16 finance review)","--- Thu Oct 15 · #acct-northwind ---
keiko: Will do. Their admin said she'd ask around the team and get back to me. I'll flag it as soon as I hear.
keiko: Learned it on a call this morning, in passing. No read yet on whether the new CTO backs the expansion plans.
darnell: Good catch, Keiko. Does anyone on our side have a relationship with the new person yet? Might need an intro before the QBR.
gabe: Haven't met him. Their platform lead might know him though. I can ask when we sync on the integration work.
rachel: Good idea, Gabe. Also, the term pitch may need rework if the new exec hasn't bought in. Keiko, any sense of his priorities?
keiko: Not yet. Only heard he came from a different health system. I can ask their procurement lead what he cares about most.
tomas: Should I hold the multi-year model until we know whether the new exec wants that structure, or build both anyway?
darnell: Fine either way. If the back room is taken, I know a second place with a quiet corner. Less private but good food.
rachel: I'd lean toward building both, since the model is cheap. Just keep the multi-year one internal until we know where the new exec lands.
rachel: Timeline: we decide whether to offer Northwind a two-year term after the Fri Oct 16 finance review. Tomas, have both models ready for that so we're not scrambling.
keiko: Either works for me. The quiet corner might actually feel more relaxed for them. I'll pass both options along once I hear back on the dietary thing.
tomas: Understood. I'll build both models so they're ready for the review, with the volume-band language Ines asked for in each order form draft.
ines: Worth checking whether the new exec's arrival reopens any security or compliance review on their side. That could shift how they read the contract terms.
gabe: Good call, Ines. Their security team did a pretty thorough architecture review last time, so I'd expect questions on data flow again.
darnell: I'll send the QBR deck to Amara Okafor once the term section is locked. Better she sees it from me than cold.",,,
28,Tue Oct 6,"keiko: Also, on the procurement side: I hinted at 20% off list to their procurement lead on our last call, just to set expectations. She didn't push back. Tomas, that should fit your pricing scenarios.","- Northwind contract renewal (signature deadline): Oct 30
- Northwind discount (rate): 18% off list
- Northwind executive sponsor (person): Amara Okafor (CIO)
- open item: Ines to send the signed data processing addendum to Northwind legal (check point: Fri Oct 9)","--- Tue Oct 6 · #acct-northwind ---
ines: Separate from the redlines: I'll send the signed data processing addendum to Northwind legal by Fri Oct 9, so they have it before procurement digs in.
rachel: Found the old redline folder. Their legal team marked up the data sections heavily, so I'll tag the clauses they fought hardest on.
ines: Thanks, Rachel. Once tagged, I'll compare their old language against our current standard terms and see where we can realistically give ground.
gabe: Peak-hour breakdown is coming together. Two of the pilot teams look like the main bursters, so I'll flag those for Tomas separately.
keiko: Heads up, their informatics lead said the pilot clinicians love the summarization features. Could be a good angle for the expansion conversation.
rachel: Good angle. Keiko, can you get a customer quote on the summarization wins in their own words? Would help anchor the expansion pitch.
keiko: On it. One of the pilot nurse managers gave a great line on the summarization wins last week, so I'll ask if we can use it.
gabe: Fair warning, the QBR deck is already at like 40 slides. Pretty sure the nurse manager's quote is getting its own slide at this point.
rachel: Gabe, cut it to a handful of slides. Execs skim. Keep the nurse manager quote and the usage trend, drop the rest to appendix.
gabe: Will do. I'll keep the usage trend to one clean chart and move the per-team breakdown to the appendix.
tomas: Once Gabe's peak-hour view is in, I'll model a couple of pricing scenarios. Keiko, any sense yet whether they're comparing us against another vendor?
keiko: Not sure yet. Their informatics lead mentioned procurement asked about other vendors' demos, but nothing concrete. I'll try to learn more on the next call.
darnell: If another vendor is in the mix, I'd like to know before I reach out. Keiko, anything on who's demoing would help.
keiko: Will push on it. I'll ask casually which vendors came through, maybe through their informatics lead since she's friendly with us.
keiko: Also, on the procurement side: I hinted at 20% off list to their procurement lead on our last call, just to set expectations. She didn't push back. Tomas, that should fit your pricing scenarios.",,,
29,Thu Sep 10,"oli: Side note: closed AND-314, the search indexing bug. That one was mine. AND-341 is still open.","- public launch (date): Sep 17
- Series A raise (amount): $20M
- launch waitlist email (owner): Olavo
- pricing (billing model): $12 per seat, agent actions metered
- agent access to DMs (policy): agents never read a DM unless a participant forwards it
- AND-341 (agent double-posts in threads) (owner): AJ
- open item: Frida to send design partners the Slack-to-Ando migration guide (check point: Fri Sep 11)","--- Thu Sep 10 · #eng ---
aj: Right now it starts blank. History backfill is the part I'm tracing, since it touches the same permission check as the other DM cases.
aj: Policy for the permission check, so we're all building against the same rule: agents never read a DM unless a participant forwards it. That covers late-added agents too, so blank start is correct, no backfill.
alex: Got it, I'll write the late-add copy around a blank start. Should the agent post a short note saying it can't see earlier messages?
aj: A note works, but keep it generic. It shouldn't hint at what was said earlier, only that the agent joined late.
oli: Double-posting: repro'd it again locally. Looks like two agents both answering the same unaddressed message in a channel. Ticket's up, digging into the runtime dedupe.
frida: Fwiw one design partner hit that double reply last week, two bots answered the same question in their ops channel. They found it funny, but still.
oli: Who can take AND-341 (agent double-posts in threads)? Needs an owner before standup.
frida: hey Alex, for the design-partner lunch, any thoughts on format? Thinking casual, maybe demo corner so folks can poke at the agents 🙂
aj: I'll take it
alex: Demo corner sounds good. Should people use their own workspaces or a sandbox one? Real data might make folks nervous with agents reading everything.
oli: Thanks. Heads up, AND-341 and the dedupe I'm digging into probably overlap. Sync with me before you start so we don't both patch the same spot.
frida: Can I get a one-line description of the double reply for the partner who hit it? They asked if it's a known issue.
frida: Good point. A couple of partners asked about exactly that. Sandbox with fake channels feels safer, maybe seeded with some funny agent chatter 😄
oli: Frida: ""Known issue. Two agents can answer the same unaddressed channel message. We've reproduced it and are fixing it in the runtime."" Fine to send that.
oli: Side note: closed AND-314, the search indexing bug. That one was mine. AND-341 is still open.",,,
30,Fri Sep 18,"olavo: sorry, typo in my last msg: public launch is Sep 24, not Sep 17. Draft is still locked for review ahead of that.","- public launch (date): Sep 24 (changed Mon Sep 14; previously Sep 17)
- Series A raise (amount): $20M
- launch waitlist email (owner): Olavo
- pricing (billing model): $12 per human seat, agents free (changed Wed Sep 16; previously $12 per seat, agent actions metered)
- agent access to DMs (policy): agents never read a DM unless a participant forwards it
- AND-341 (agent double-posts in threads) (owner): Oli (changed Fri Sep 18; previously AJ)
- open item: Frida to send design partners the Slack-to-Ando migration guide (check point: Fri Sep 11)
- open item: Olavo to send the press kit to the embargoed reporters (check point: Fri Sep 18)
- open item: Sara to decide whether agents may DM a human first, without being asked (check point: Mon Sep 21 design review)","--- Fri Sep 18 · #eng ---
frida: Separate thing: a design partner hit the double-posting bug again this morning. I'll ping AJ with the details since AND-341 is his.
aj: Keeping agents out of a channel is mostly a read-permission question for us. Does the partner want admins to set it, or any channel member?
frida: Good question, I'll ask. My guess is admins, since it was an HR-type channel, but I'll confirm with them.
frida: Ha yes, they told me last week the agent summarized a messy client thread before anyone asked. I'll get them to retell it 😄
oli: frida AND-341 is mine now, send the details to me. Ask if they saw both posts land at the same moment.
alex: For the 'keep agents out' ask, should the channel show some marker so members know agents can't see it? Otherwise people might assume the agent is reading.
aj: Marker makes sense, and it should come from the same permission flag so it can't drift from what the agent can actually read.
olavo: random q from the launch post side: can I say agents only join threads when relevant, or is that overselling given the hiring thread thing? 😅
oli: I'd skip 'only when relevant' for now. Memory-sourced joins misfire on stale threads. Something softer like 'can chime in' is safer.
olavo: Fair, 'can chime in' works for the post. Should I add a line about admins being able to keep agents out of channels, or too early?
olavo: Love that story, that's the quote I want. Ping me once they answer and I'll slot reporters in around their calendar 🙌
aj: I'd leave it out for now. We don't know yet who gets to set it, and the marker isn't designed. Don't want the post promising a feature that's still a question.
frida: Another partner asked whether the agent's summaries can be turned off per workspace. Adding it to my list of questions for them.
olavo: Got it, I'll keep the summaries toggle out of the post too. Draft is locked for review ahead of the Sep 17 launch, so anything uncertain stays out of the copy 👍
olavo: sorry, typo in my last msg: public launch is Sep 24, not Sep 17. Draft is still locked for review ahead of that.",,,
31,Thu Oct 8,"keiko: Gabe, can the assistant flag missing fields? If it misfires they'll want to debug, and logs will be available since Northwind is on standard 30-day retention. I'll tell their ops lead.","- Northwind contract renewal (signature deadline): Oct 30
- Northwind discount (rate): 18% off list
- Northwind executive sponsor (person): Amara Okafor (CIO)
- Northwind rate limit (tokens per minute): 40M tokens per minute
- Northwind data retention (terms): zero data retention on all endpoints
- open item: Ines to send the signed data processing addendum to Northwind legal (check point: Fri Oct 9)
- open item: Gabe to load-test Northwind's workload at their full rate limit (check point: Wed Oct 14)","--- Thu Oct 8 · #acct-northwind-eng ---
rachel: Yes, saw it. Ouch. Makes me wonder if Northwind's team has backoff with jitter on their side. Worth a quick check with them?
gabe: Good point. I'll ask their ops lead for de-identified sample forms so we can compare the smaller model without touching real patient records.
ines: Also, that applies to all endpoints, batch included, so the same coverage holds if they move the form-filling there.
keiko: Great, I'll ask their ops lead for the de-identified forms and mention the stagger idea when I send the snippet.
gabe: Also spotted their retry loop has no max attempts, so one stuck request can hang an entire intake session. I'll add a cap to the snippet.
keiko: Their ops lead will love the cap. Last week she said a frozen intake session meant staff fell back to paper forms.
gabe: Also worth adding a client-side timeout so a hung call fails fast instead of sitting there. I'll put that in the snippet too.
gabe: Good call. Last time I looked at their integration, they had a fixed 1s retry with no jitter. Could be worth a gentle nudge.
keiko: Perfect. Their ops lead also mentioned the assistant gives no feedback while waiting, so staff just stare at a blank screen. Any UX tip there?
gabe: Streaming responses plus a ""working on it"" spinner fixes most of that. Separately, I'll load-test Northwind's workload at their full rate limit and have results by Wed Oct 14.
keiko: Streaming plus a spinner is an easy sell. Their ops lead said staff just want to know it's alive, not faster.
rachel: Yeah, a fixed interval with no jitter is exactly how those pile up. Could you put together a short backoff snippet I can send Keiko?
rachel: Good. I'll frame this in the renewal conversation as proactive tuning, not a capacity problem. Keeps the upsell door open.
keiko: Their ops lead also asked whether the assistant can flag when a form comes back with missing fields instead of silently moving on.
keiko: Gabe, can the assistant flag missing fields? If it misfires they'll want to debug, and logs will be available since Northwind is on standard 30-day retention. I'll tell their ops lead.",,,
32,Mon Oct 5,"marcus: Good point on difficulty. The replacement candidates I've pulled so far are mostly single-file fixes, so they'd probably skew easy. I'll look for some multi-file ones.","- harbor workshop paper (submission deadline): Oct 23
- harbor eval suite release (version): v1.2","--- Mon Oct 5 · #harbor ---
nadia: Morning all. Want to line up the release and the paper this week. Who has the latest on contamination fixes and where compute stands?
marcus: I've got the contamination scan mostly done. A handful of tasks overlap with public repos, still checking licenses on the replacements before I post the list.
elena: On compute, the last full sweep ran clean overnight. I can slot the rerun once marcus's replacement list is settled.
yuki: Quick check before I lock the pass criteria section: is the harbor workshop paper submission deadline Oct 23? React 👍 if so.
(nadia reacted 👍 to yuki's message)
theo: Baselines table is still on the old task set. I'll regenerate once the replacements land, otherwise the numbers won't line up with the new items.
marcus: Two of the overlapping tasks are near-verbatim from a popular CLI repo. Leaning toward dropping those outright rather than rewriting them, since the solutions are easy to find.
felix: Release note for planning: the harbor release version is v1.2. It'll carry the contamination replacements once marcus's list is final, so the changelog stays in one place.
yuki: If marcus drops those two CLI tasks, I'll check the difficulty spread afterward. Don't want the replacements skewing easy and inflating pass rates.
marcus: Good point on difficulty. The replacement candidates I've pulled so far are mostly single-file fixes, so they'd probably skew easy. I'll look for some multi-file ones.",,,
33,Wed Sep 16,"olavo: random thought while I'm in the press plan doc: what if we pushed to Oct 1 to give press more time? just a what-if, not pitching it yet","- public launch (date): Sep 24 (changed Mon Sep 14; previously Sep 17)
- Series A raise (amount): $20M
- launch waitlist email (owner): Olavo
- pricing (billing model): $12 per human seat, agents free (changed Wed Sep 16; previously $12 per seat, agent actions metered)
- agent access to DMs (policy): agents never read a DM unless a participant forwards it
- AND-341 (agent double-posts in threads) (owner): AJ
- open item: Frida to send design partners the Slack-to-Ando migration guide (check point: Fri Sep 11)","--- Wed Sep 16 · #gtm ---
olavo: morning all! launch post draft v2 is up in the doc, would love eyes on the intro paragraph. also pricing page copy still needs a pass, I'll start on that after lunch 🚀
alex: read the intro, I like it. quick q: are we explaining what an agent as a workspace member means before the pricing section, or assuming people get it?
olavo: good q alex. I was thinking a short explainer box right above pricing, maybe with a screenshot of an agent joining a thread unprompted?
alex: yes to the screenshot. can we use a real design-partner thread though, or mock one? mocks always look too clean
frida: real thread is doable! I'd need to ask the partner first though. one of them has a good one where the agent chimed in on a deploy question 👀
sara: Going with Alex's pricing suggestion from Monday. Acting on it now, Olavo update the page copy to match.
olavo: on it 🙌 quick check while I edit: should agent seats get their own line on the page, or fold into one?
frida: fwiw two design partners asked if agents count toward their seat total, so a separate line might save us support questions 🙏
alex: if agents get their own line, could we add a small tooltip there explaining what an agent seat actually covers? Or is that too much on the page?
olavo: tooltip is easy, I can draft a one-liner. alex can you check it doesn't clash with the hover state on the plan cards?
alex: yep, I'll check the tooltip against the plan card hover. might need to nudge the tooltip anchor so it doesn't overlap the border 🤔
olavo: random thought while I'm in the press plan doc: what if we pushed to Oct 1 to give press more time? just a what-if, not pitching it yet",,,
34,Fri Oct 9,"lucia: *sorry, typo. The run starts Oct 12, not Oct 5. Still need the drain window for the leaf 14 reseat before then.","- kestrel pretraining run (start date): Oct 12 (changed Mon Oct 5; previously Oct 5)
- kestrel node allocation (node count): 2,048 nodes
- loss-spike rollback rule (threshold): roll back if loss rises more than 15% over 200 steps
- kestrel checkpoint cadence (interval): every 250 steps (changed Fri Oct 9; previously every 500 steps)
- fabric incident on-call (owner): Lucia
- open item: Mateo to finish moving the tokenized datasets to the new storage tier (check point: Fri Oct 2)
- open item: Dmitri to decide between tokenizer v3 and v4 for kestrel (check point: Thu Oct 8 run sync)","--- Fri Oct 9 · #infra ---
wen: Vendor folks want to come onsite and look at the cluster. Dmitri, you want to be in the room for that or should I just handle it?
wen: Which leaf is that? Want to see if any kestrel nodes hang off it before I touch the spare pool.
dmitri: I'd like to be there. Want them to see the IB fabric flaps firsthand, not just hear about them secondhand.
lucia: Leaf 14, uplink on the second spine side. Checking now which node ranks map to it, will paste the list.
wen: Makes sense. Lucia's flap logs would help here. I'd also like them to check the transceivers on the leaf switches while they're in the hall.
kofi: Going with my Oct 5 suggestion on the kestrel checkpoint cadence. Applying it now, so the restart drill will exercise it. Hana, I'll check your timeline after.
hana: Kofi, which suggestion is that? Don't see it in the doc. Need to know what the drill is actually exercising before I set up the monitoring side.
dmitri: Yes, transceivers too. Flaps cluster on a few leaf ports, so I want vendor eyes on those optics and the cable runs.
lucia: Leaf 14 maps to a contiguous block of kestrel ranks in one rack. No NCCL timeouts on them so far. List is in the doc.
wen: Single rack block is easy to drain if it comes to that. Checking which spares sit off leaf 14 so we're not swapping onto the same uplink.
kofi: My bad, it lives in the ckpt-writer thread, not the doc. It touches the save interval and the async flush path. Pasting it here.
hana: Thanks. Once it's pasted I'll check whether the async flush overlaps with the step-time stalls I'm alerting on, otherwise the drill will look noisy.
kofi: Pasted in the ckpt-writer thread. Save interval is tighter, and the flush now runs off the training thread, so the step shouldn't block on storage writes.
lucia: If we want the leaf 14 uplink reseated before the run starts Oct 5, I need a drain window. Symbol errors still creeping.
lucia: *sorry, typo. The run starts Oct 12, not Oct 5. Still need the drain window for the leaf 14 reseat before then.",,,
35,Tue Oct 6,"gabe: Fair warning, the QBR deck is already at like 40 slides. Pretty sure the nurse manager's quote is getting its own slide at this point.","- Northwind contract renewal (signature deadline): Oct 30
- Northwind discount (rate): 18% off list
- Northwind executive sponsor (person): Amara Okafor (CIO)
- open item: Ines to send the signed data processing addendum to Northwind legal (check point: Fri Oct 9)","--- Tue Oct 6 · #acct-northwind ---
darnell: On the sponsor question: Northwind's exec sponsor is Amara Okafor, their CIO. I'll own that relationship and reach out to her this week.
rachel: Good. Darnell, loop me in before you reach out so I can brief you on where the deal stands. Ines, I'll dig up the last redlines.
gabe: Early look at usage: a couple of pilot teams do spike hard during morning clinic hours. I'll put together a peak-hour breakdown for Tomas.
keiko: Those morning clinic spikes might be worth raising with them directly. Their informatics lead has complained before about slowdowns during rounds, so I can ask what they've seen.
gabe: Yes, please ask. If they've seen slowdowns during rounds, I'd like timestamps so I can match them against the peak-hour breakdown.
keiko: Will do. I'll ask their informatics lead to jot down times next time it happens, so we get real timestamps instead of memory.
ines: Rachel, when you pull the old redlines, can you flag which data clauses they pushed on most? That'll tell me where to prep.
ines: Separate from the redlines: I'll send the signed data processing addendum to Northwind legal by Fri Oct 9, so they have it before procurement digs in.
rachel: Found the old redline folder. Their legal team marked up the data sections heavily, so I'll tag the clauses they fought hardest on.
ines: Thanks, Rachel. Once tagged, I'll compare their old language against our current standard terms and see where we can realistically give ground.
gabe: Peak-hour breakdown is coming together. Two of the pilot teams look like the main bursters, so I'll flag those for Tomas separately.
keiko: Heads up, their informatics lead said the pilot clinicians love the summarization features. Could be a good angle for the expansion conversation.
rachel: Good angle. Keiko, can you get a customer quote on the summarization wins in their own words? Would help anchor the expansion pitch.
keiko: On it. One of the pilot nurse managers gave a great line on the summarization wins last week, so I'll ask if we can use it.
gabe: Fair warning, the QBR deck is already at like 40 slides. Pretty sure the nurse manager's quote is getting its own slide at this point.",,,
36,Fri Sep 18,"sara: On the prompt question, there's a bigger one behind it. We'll decide whether agents may DM a human first, without being asked, at the Mon Sep 21 design review. Hold the gating design until then.","- public launch (date): Sep 24 (changed Mon Sep 14; previously Sep 17)
- Series A raise (amount): $20M
- launch waitlist email (owner): Olavo
- pricing (billing model): $12 per human seat, agents free (changed Wed Sep 16; previously $12 per seat, agent actions metered)
- agent access to DMs (policy): agents never read a DM unless a participant forwards it
- AND-341 (agent double-posts in threads) (owner): Oli (changed Fri Sep 18; previously AJ)
- open item: Frida to send design partners the Slack-to-Ando migration guide (check point: Fri Sep 11)
- open item: Olavo to send the press kit to the embargoed reporters (check point: Fri Sep 18)","--- Fri Sep 18 · #eng ---
aj: Is it the join heuristic firing on keyword match, or is it the memory store surfacing old threads as relevant? Those look the same from outside.
frida: Yes, I think two of them would be up for it! One is a small design agency that loves the agent memory stuff. Let me ask them today.
aj: fwiw I'm still on AND-341, the double-posting thing, so I'll get to the join logic soon. Might be related though, double posts could be two triggers firing at once.
oli: Good question aj. Logs show join events with a trigger field, checking now which ones are keyword vs memory-sourced. Double posts might share a trigger id too.
olavo: Awesome! The agency one sounds perfect, reporters love a creative-team angle. Can you ask if they're okay being named in the piece?
oli: nah hand it to me, you're on launch-week permissions now
frida: Related, one design partner said an agent chimed in on a sensitive hiring thread. They weren't thrilled. Want me to grab the workspace name?
alex: Yeah grab it frida. Also did the agent say anything in that thread or just join silently? Wondering what the UI showed people when it appeared.
frida: On it. From what they said it posted a short summary, so not silent. I'll ask whether it was visible to everyone in the thread.
oli: Pulled the logs for that one. Join trigger on the hiring thread was memory-sourced, not keyword. Old thread about a candidate got scored as relevant.
alex: Ok that's useful. Side note, since we're talking join behavior: the iOS app is targeting Oct 8, so mobile push for agent joins needs the same fix before then. Does a join notify people differently there?
aj: Push is a separate path from the in-app join event, so it probably doesn't inherit any gating we add. I'll check how it builds the payload.
alex: Should the agent ask before posting in a thread it wasn't invited to? Like a small 'want me to weigh in?' prompt instead of a summary.
oli: Prompt makes sense for memory-sourced joins at least. Keyword ones are closer to a direct mention, so maybe those can stay as is. Needs a gate in the join path either way.
sara: On the prompt question, there's a bigger one behind it. We'll decide whether agents may DM a human first, without being asked, at the Mon Sep 21 design review. Hold the gating design until then.",,,
37,Mon Oct 12,"kofi: Jitter patch is staged. Once the tech's done at the rack, I'll roll it on the writers and Hana can diff the next save.","- kestrel pretraining run (start date): Oct 12 (changed Mon Oct 5; previously Oct 5)
- kestrel node allocation (node count): 2,048 nodes
- loss-spike rollback rule (threshold): roll back if loss rises more than 15% over 200 steps
- kestrel checkpoint cadence (interval): every 250 steps (changed Fri Oct 9; previously every 500 steps)
- fabric incident on-call (owner): Lucia
- open item: Mateo to finish moving the tokenized datasets to the new storage tier (check point: Fri Oct 2)
- open item: Dmitri to decide between tokenizer v3 and v4 for kestrel (check point: Thu Oct 8 run sync)","--- Mon Oct 12 · #kestrel-run ---
lucia: Fabric is mine today. Paste the dataloader node names and flap timestamps, I'll cross-check against the leaf counters.
mateo: Pasting now. Flaps hit two of the loader nodes in the same rack, timestamps line up with the first few prefetch bursts. No retransmit errors in the dataloader logs though.
lucia: Thanks. Checking those two against the leaf port counters now. If they share a ToR, could be a bad optic or a dirty connector.
hana: Step time on the two ranks fed by those loader nodes looks flat so far. If the flaps stall prefetch, I'd expect a blip there first.
lucia: Both loader nodes sit under the same ToR. Port counters show CRC errors climbing on one of the optics. Looks like a marginal transceiver.
mateo: Makes sense. Can we swap that optic or drain those two loader nodes? Prefetch queues have headroom, so I can rebalance workers onto the others.
lucia: Swapping the optic needs a tech at the rack. I'd drain those two loader nodes first, then pull the transceiver and reseat the connector.
hana: If a crash lands mid-drain, we lose at most 500 steps of work, since checkpoints go every 500 steps. Worst case that's a few minutes of recompute at current step time. Fine to proceed with the drain.
mateo: Starting the drain on those two loader nodes now. Rebalancing dataloader workers onto the remaining hosts, will watch prefetch queue depth as it shifts.
lucia: Once the drain completes I'll send a tech to the rack for the transceiver. Keeping CRC counters on that ToR under watch in the meantime.
wen: ECC and thermal counters look clean across the allocation so far. No throttling ranks, MFU is holding steady while the loaders drain.
mateo: Drain's progressing. Prefetch queue depth on the remaining loaders is climbing a bit but still has headroom, no stalls on the consumer side.
lucia: Drain looks complete on my side. Tech is heading to the rack now; CRC counters on that ToR are still ticking up on the suspect optic.
mateo: Both loaders are out of rotation. Prefetch depth on the rest is stable, so I'll keep watching it until the tech finishes the swap.
kofi: Jitter patch is staged. Once the tech's done at the rack, I'll roll it on the writers and Hana can diff the next save.",,,
38,Mon Sep 14,"olavo: morning all! weekend recap: launch post draft is at v3, waitlist email copy is mostly done, press kit needs final screenshots. waitlist is up a bunch since Friday too 🚀 want to lock send timing for the week today","- public launch (date): Sep 17
- Series A raise (amount): $20M
- launch waitlist email (owner): Olavo
- pricing (billing model): $12 per seat, agent actions metered
- agent access to DMs (policy): agents never read a DM unless a participant forwards it
- AND-341 (agent double-posts in threads) (owner): AJ
- open item: Frida to send design partners the Slack-to-Ando migration guide (check point: Fri Sep 11)
- open item: AJ to merge the forwarded-DM permission check (check point: Tue Sep 15)","--- Tue Sep 8 · #launch ---
aj: Edge case on per-channel mute: should memory still keep what was said in a muted channel, or skip it entirely? Worth deciding before the FAQ line.
oli: Either works on the runtime side, memory ingestion would just check the mute flag. Product call though, Sara?
olavo: random but for launch day, how many pizzas do we order for 7 people? asking for a friend (the friend is me) 🍕😂
frida: Another design partner asked if the agent's replies trigger the same mobile notifications as human messages. Might need a FAQ line on that too 📱
oli: Agent replies go through the same push path as human messages today. A separate setting would be its own ticket, I can scope it.
olavo: For the launch post I'd love a screenshot of the agent jumping into a thread unprompted. Alex, could you mock one up? 📸
alex: Sure, I can mock the unprompted thread jump. Should the agent's message look different from a human reply, like a small badge, or keep it identical?
frida: My design partners liked having an ""agent"" label in the member list, so a small badge on messages might feel consistent 🙂
alex: Badge makes sense. I'll try a tiny ""agent"" tag next to the name, nothing loud, so long threads don't get noisy 🏷️
alex: Planning design freeze around the Sep 18 launch, so mocks for the pricing page, badge and thread-jump screenshot all land before then 🎨
olavo: Also for the launch post, we should probably have a short demo gif of the shared memory bit. People love seeing that 🎬
oli: For the memory gif, I can set up a clean demo workspace with seeded convos so it records without weird leftovers 🎬
frida: Nice, a clean demo workspace would help. A couple of design partners offered to share a quote or two for the launch post if useful 🙌
olavo: Love that, quotes from real teams will make the post. Can someone ask which partners are okay being named? Logos would be great too 🙌
--- Mon Sep 14 · #launch ---
olavo: morning all! weekend recap: launch post draft is at v3, waitlist email copy is mostly done, press kit needs final screenshots. waitlist is up a bunch since Friday too 🚀 want to lock send timing for the week today",,,
39,Thu Oct 8,"gabe: Will do. I'll add a tiny test harness too, so their devs can simulate a 429 and watch the retries spread out.","- Northwind contract renewal (signature deadline): Oct 30
- Northwind discount (rate): 18% off list
- Northwind executive sponsor (person): Amara Okafor (CIO)
- Northwind rate limit (tokens per minute): 40M tokens per minute
- Northwind data retention (terms): zero data retention on all endpoints
- open item: Ines to send the signed data processing addendum to Northwind legal (check point: Fri Oct 9)
- open item: Gabe to load-test Northwind's workload at their full rate limit (check point: Wed Oct 14)","--- Thu Oct 8 · #acct-northwind-eng ---
keiko: Their ops lead hand-tuned that prompt for months, so she'll want reassurance that trimming won't change how the assistant behaves.
gabe: Fair. Caching keeps the prompt text identical, so behavior shouldn't shift. I can diff outputs on the de-identified forms before and after to show her.
gabe: Will do. I'll frame jitter as spreading retries out so clients don't all hit at once. Keiko can drop it in as a friendly tip.
rachel: Before/after diff on the forms would make a solid slide for the renewal deck. Customers like seeing proof, not promises.
rachel: Quick flag so nobody mixes them up: Northwind Logistics is a separate customer and renews Nov 15. Keep their numbers out of the Northwind Health deck.
gabe: On missing fields: yes. Have the model return a list of empty required fields in structured output, and the UI can highlight them for staff.
keiko: That's a clean answer, thanks. I'll pass it to their ops lead. She'll probably ask if staff can override a flagged field.
gabe: Yes, override is easy. I'd log which fields staff overrode though, so we can see where the model keeps misfiring.
keiko: Good call on logging overrides. Their ops lead will want a weekly view of the misfires, so staff feel heard rather than monitored.
gabe: A weekly misfire view is easy once overrides are logged. I can sketch a simple dashboard grouped by field type for her.
rachel: Great. Send it over when it's ready and I'll pass it to Keiko with a short intro. Keep the tone light.
keiko: A dashboard sketch would land well. She's also asking whether the misfire view can be shared with her floor supervisors, not just her.
gabe: Sharing with supervisors is fine technically. I'd just scope it by role so they only see their own floor's fields, nothing patient-level.
tomas: Looping in pricing for a moment: for the renewal, I'd float 15% off list as a possible discount. Purely a suggestion at this stage; nothing is decided, and it needs Darnell's sign-off.
gabe: Will do. I'll add a tiny test harness too, so their devs can simulate a 429 and watch the retries spread out.",,,
40,Mon Sep 28,"lucia: Yes, same pod. Both flapping leafs feed racks in that pod. Seeing CRC errors on the uplinks, so I'm leaning optics, but not confirmed.",- (nothing decided yet),"--- Mon Sep 28 · #kestrel-run ---
dmitri: Kickoff thread for kestrel. Need start date, allocation, stability rules and data readiness all pinned down in here today. Who has blockers?
lucia: Fabric blocker from my side: two leaf switches in the new pod still flap under heavy all-reduce. Haven't isolated whether it's optics or firmware.
wen: Do those flapping leaf switches sit in the pod I was planning to hand kestrel? If so I need to rework the allocation table.
lucia: Yes, same pod. Both flapping leafs feed racks in that pod. Seeing CRC errors on the uplinks, so I'm leaning optics, but not confirmed.",,,
41,Mon Sep 14,"frida: Updating the partner calendar now: public launch is Sep 24, so I'll move the beta partner notes off the 17th. Will hold the heads-up wording until Olavo has the new timing 👍","- public launch (date): Sep 24 (changed Mon Sep 14; previously Sep 17)
- Series A raise (amount): $20M
- launch waitlist email (owner): Olavo
- pricing (billing model): $12 per seat, agent actions metered
- agent access to DMs (policy): agents never read a DM unless a participant forwards it
- AND-341 (agent double-posts in threads) (owner): AJ
- open item: Frida to send design partners the Slack-to-Ando migration guide (check point: Fri Sep 11)
- open item: AJ to merge the forwarded-DM permission check (check point: Tue Sep 15)","--- Tue Sep 8 · #launch ---
frida: Nice, a clean demo workspace would help. A couple of design partners offered to share a quote or two for the launch post if useful 🙌
olavo: Love that, quotes from real teams will make the post. Can someone ask which partners are okay being named? Logos would be great too 🙌
--- Mon Sep 14 · #launch ---
olavo: morning all! weekend recap: launch post draft is at v3, waitlist email copy is mostly done, press kit needs final screenshots. waitlist is up a bunch since Friday too 🚀 want to lock send timing for the week today
frida: quick q from a design partner: do agents show up in their workspace member list by default, or do admins need to add them first?
alex: wait, are we sure about the default there? I think onboarding currently has an ""add agents"" step, but I'd have to check the latest flow. @oli @aj?
oli: default is agents are not auto-added, admin has to add them in onboarding. checking whether that changed in the latest build, will confirm in a bit
aj: If it's admin-add, worth noting the member list for existing beta workspaces might look different than fresh ones. I'll check how permissions get seeded on those.
frida: Thanks all! I'll tell them admins add agents for now. Also two partners asked if existing beta workspaces need to redo onboarding to get that step 🤔
olavo: good q for oli/aj. on my side, plan is waitlist email Wed night so it lands early, launch post goes live Sep 17 with the press kit, partner heads-up Tuesday. screenshots depend on the onboarding flow tho 👀
alex: For screenshots, should I grab them from a fresh workspace so the add-agents step shows? Or use a beta one that already has agents in the list?
sara: Make it Sep 24, not the 17th. Thursday lands with the Series A announcement.
olavo: oh nice, pairing it with the funding news is way better press-wise 🙌 I'll need to rejig the email and partner heads-up timing around that
alex: so with the shift, can I hold screenshots until the onboarding flow is settled? Otherwise I'd just redo them 😅
oli: Holding screenshots makes sense. Onboarding flow still has a couple open tickets on my side, so no point shooting until they settle.
frida: Updating the partner calendar now: public launch is Sep 24, so I'll move the beta partner notes off the 17th. Will hold the heads-up wording until Olavo has the new timing 👍",,,
42,Mon Oct 12,"mateo: Unrelated to the flush, but I'm seeing IB link flaps on a couple of the dataloader nodes in my logs. Who's on call for fabric incidents today?","- kestrel pretraining run (start date): Oct 12 (changed Mon Oct 5; previously Oct 5)
- kestrel node allocation (node count): 2,048 nodes
- loss-spike rollback rule (threshold): roll back if loss rises more than 15% over 200 steps
- kestrel checkpoint cadence (interval): every 250 steps (changed Fri Oct 9; previously every 500 steps)
- fabric incident on-call (owner): Lucia
- open item: Mateo to finish moving the tokenized datasets to the new storage tier (check point: Fri Oct 2)
- open item: Dmitri to decide between tokenizer v3 and v4 for kestrel (check point: Thu Oct 8 run sync)","--- Mon Oct 12 · #kestrel-run ---
wen: Allocation is sitting idle and healthy in the scheduler, no drained nodes flagged. Watching for any that flip to unhealthy during job startup.
kofi: Checkpoint writer is up on my side. I'll watch async flush times on the first saves, since stalls there tend to show up as stragglers.
hana: Loss and grad-norm dashboards are live. I'm also tracking per-rank step time so a slow rank shows up before MFU dips.
mateo: Dataloader workers are warm and prefetch queues look full. Should be smooth on the first few batches, no stalls expected from the data side.
dmitri: Good. Kicking off now. Shout the second you see a rank lagging, don't wait for it to show up in MFU.
hana: First steps are in. Per-rank step time looks tight so far, no rank trailing the pack. Still early though.
wen: Heads up, separate from kestrel: the kestrel-mini ablation run starts Oct 14. Different run, I'll keep its nodes carved out so it doesn't touch this allocation.
kofi: First async flush is kicking off now. Writer queue depth looks normal, nothing backing up behind the flush yet.
lucia: Seeing a brief NCCL all-reduce latency bump on one leaf switch during the flush. Still within normal spread, keeping an eye on it.
kofi: Flush finished clean on my side. Lucia, does that latency bump line up with the writer burst hitting the fabric, or is it unrelated?
lucia: Likely correlated. The bump landed on the leaf where the writer nodes uplink. Pulling port counters to see if it was incast on that leaf.
kofi: If it's incast on that leaf, I can stagger the writer nodes' flush start so they don't all burst at once. Want to see the counters first.
lucia: Port counters show egress buffer spikes on the writer uplinks right at flush start. Looks like incast. Staggering would probably flatten it.
kofi: Okay, I'll add a per-node jitter on the flush start so the writers spread out. Hana, watch step time on the next save for any residual dip.
mateo: Unrelated to the flush, but I'm seeing IB link flaps on a couple of the dataloader nodes in my logs. Who's on call for fabric incidents today?",,,
43,Mon Oct 5,wen: What if we start on half the nodes Oct 7 and add the rest after the firmware lands? Cordoned ones stay out either way. Is that worth considering?,"- kestrel pretraining run (start date): Oct 12 (changed Mon Oct 5; previously Oct 5)
- kestrel node allocation (node count): 2,048 nodes
- loss-spike rollback rule (threshold): roll back if loss rises more than 15% over 200 steps
- kestrel checkpoint cadence (interval): every 500 steps
- fabric incident on-call (owner): Lucia
- open item: Mateo to finish moving the tokenized datasets to the new storage tier (check point: Fri Oct 2)
- open item: Dmitri to decide between tokenizer v3 and v4 for kestrel (check point: Thu Oct 8 run sync)","--- Mon Oct 5 · #kestrel-run ---
lucia: Flaps cluster on a few leaf uplinks in one row. CRC errors climbing on those ports, so I'm suspecting optics rather than the old image alone.
wen: If it's optics, which nodes sit behind those leaf uplinks? I can cross-check them against the reserved block and the ECC-flagged ones.
lucia: I can dump the port-to-node map for that row from the fabric manager. Optics swap would mean draining whatever sits behind those leaves.
mateo: I'll kick off data loading tonight since kestrel starts today, Oct 5. The tokenizer diff on those shards can run alongside it.
lucia: Port-to-node map for that row is dumped to the sheet. CRC errors all sit on optics from the same vendor lot.
wen: Overlaying the map on the ECC-flagged nodes. Some of them sit behind those same leaves, so maybe not coincidence.
lucia: Same row could mean a shared cooling issue. I'll pull transceiver temps on those ports and compare against the ECC-flagged nodes' inlet temps.
hana: If temps line up, check DCGM for clock throttling on those nodes too. Throttled GPUs would show up as stragglers in step time.
lucia: Transceiver temps on those ports run hot compared to the rest of the row. Could be a missing blanking panel at the rack.
dmitri: We'll decide between tokenizer v3 and v4 for kestrel at the Thu Oct 8 run sync. Mateo, have the shard diff ready by then. Kofi, get the TP padding answer to the group before.
wen: Cordoning the nodes behind those leaves in the scheduler now so nothing gets placed there while we sort out cooling and optics.
kofi: Mateo, the start slipped for the firmware rollout, so no need to kick off data loading tonight. The shard diff matters more right now.
mateo: Right, I was working off the old start. Skipping the loader launch tonight, running the tab/space diff on those shards first.
lucia: Confirmed, blanking panels are missing in that row. Filing a facilities ticket. I'll re-check CRC counters on those ports once temps settle.
wen: What if we start on half the nodes Oct 7 and add the rest after the firmware lands? Cordoned ones stay out either way. Is that worth considering?",,,
44,Mon Sep 14,"alex: Random pricing thought while mocking the badge: what if it's $12 per human seat and agents are free? Just an idea, nothing decided. Sara, that's your call 🤔","- public launch (date): Sep 24 (changed Mon Sep 14; previously Sep 17)
- Series A raise (amount): $20M
- launch waitlist email (owner): Olavo
- pricing (billing model): $12 per seat, agent actions metered
- agent access to DMs (policy): agents never read a DM unless a participant forwards it
- AND-341 (agent double-posts in threads) (owner): AJ
- open item: Frida to send design partners the Slack-to-Ando migration guide (check point: Fri Sep 11)","--- Mon Sep 14 · #launch ---
frida: another partner question: can admins mute agents per channel? They're nervous about agents jumping into threads untagged 🤔
aj: Per-channel mute isn't something I can confirm yet. Need to check whether agent permissions are scoped per channel or only per workspace.
oli: repro for the skip button: go back from the next step and the state resets, so skip shows enabled when it shouldn't. Tracing it.
alex: does the reset also hit people who go back after already adding an agent? Might show an empty list again 🤔
alex: quick q, who actually sends the waitlist email? I need to know who to give the header image to 📬
olavo: me! send the header image my way, I'm sending the waitlist email 📬
alex: Sending the header image over now. I made a dark and a light version, so pick whichever fits the email template 🎨
frida: Another partner asked if there's a visible indicator when an agent joins a thread untagged. Would calm the nerves a bit 🙂
alex: Could be a small badge or avatar ring on the message when an agent joins untagged. I can mock a couple options 🎨
aj: Update: the forwarded-DM permission check is merged. Forwarding a DM into a channel now checks the original DM's access first. That one's done.
oli: @alex yes, going back after adding an agent also resets the list view. Same root cause, so the fix should cover both. Testing it now.
frida: One more partner question: can admins see what an agent has stored in shared memory? They want to check it's not holding anything odd 🤔
aj: Memory entries are stored per workspace, but I'm not sure there's an admin-facing view yet. Checking what the store exposes before I say anything to partners.
olavo: for the press kit, can someone send me a clean screenshot of an agent replying in a thread? Current one has test data in it 😅
alex: Random pricing thought while mocking the badge: what if it's $12 per human seat and agents are free? Just an idea, nothing decided. Sara, that's your call 🤔",,,
45,Wed Sep 30,lucia: I'll take it.,"- kestrel pretraining run (start date): Oct 5
- kestrel node allocation (node count): 2,048 nodes
- loss-spike rollback rule (threshold): roll back if loss rises more than 15% over 200 steps
- kestrel checkpoint cadence (interval): every 500 steps
- open item: Mateo to finish moving the tokenized datasets to the new storage tier (check point: Fri Oct 2)","--- Wed Sep 30 · #infra ---
lucia: Firmware rollout on the IB leaf switches is staged but not pushed. Seeing a few flapping links on rack group C that I want to look at first.
kofi: Are the flapping links on C causing NCCL timeouts yet? Want to know if checkpoint writes from those nodes are getting stalled mid-save.
hana: Quick check while we're on checkpoints: kestrel checkpoint cadence is every 500 steps, right? React ✅ if that's what you have.
(kofi reacted ✅ to hana's message)
lucia: Not seeing NCCL timeouts yet, just symbol errors and retrains on a couple of C uplinks. Checking cable seating before touching firmware.
kofi: Good. If those C uplinks retrain mid-save, I'd expect partial shards on the writer ranks. I'll check how the async flush handles a stalled write.
wen: Who's owning fabric incident on-call for kestrel right now? I need a name on the rota before I lock the allocation table.
mateo: lunch? thinking the taco truck by the loading dock, it's been parked there all week
lucia: I'll take it.",,,
46,Wed Oct 21,"marcus: Agreed, Felix. I'll align the filtering wording with the package notes. The checklist I'm working from lists the release gate as 65% pass@1, so let's quote it that way in both places.","- harbor workshop paper (submission deadline): Oct 23
- harbor eval suite release (version): v1.3 (changed Mon Oct 12; previously v1.2)
- eval compute reservation (owner): Elena
- harbor release gate (threshold): 70% pass@1 on the held-out set
- harbor held-out set (item count): 1,140 items (changed Mon Oct 19; previously 1,200 items)
- open item: Theo to rerun all baselines on harbor v1.3 (check point: Fri Oct 16)","--- Wed Oct 21 · #harbor ---
elena: Cluster queue looks fine on my side. Only thing open is making sure the last batch of eval jobs doesn't get preempted overnight.
theo: Mine's the results table. Two of the baseline rows still have old numbers in them, so I need to refresh those before anyone quotes the table.
yuki: Open on my side: the pass criteria paragraph in the methods section still reads ambiguously. Want to tighten the wording before anyone cites it.
marcus: Mine's the contamination writeup. Need to reword how we describe the overlap check so reviewers don't read it as stronger than it is.
felix: Mine's the release checklist. Changelog is drafted but I still need to go through the tagging steps and double-check the package notes match the paper.
nadia: Thanks all. Theo, can you flag which two baseline rows are stale so Yuki and Marcus know what not to quote yet?
felix: My release jobs are queued behind the eval batch. Who actually owns the compute reservation for the eval runs? Want to know who to ping if they stall.
yuki: Also noticed the pass@1 plot in the draft has a y-axis that makes the gap between models look bigger than it is. Worth rescaling.
theo: Rescaling the plot is easy, I'll regenerate it with a zero-based axis and add error bars so the gap reads honestly.
marcus: I'll say explicitly the overlap check is n-gram matching on function bodies, so paraphrased solutions could slip through. Better than reviewers inferring it.
theo: Sorry, behind on that. Highlighting the stale baseline rows in yellow in the shared sheet now so nobody quotes them.
yuki: Caption should also say what the error bars are, bootstrap over tasks or across seeds. Otherwise reviewers will guess.
elena: That's me, Felix. If your release jobs sit behind the eval batch, ping me directly and I'll look at the queue.
felix: Thanks Elena, will do. Also, the package notes should mention the contamination filtering so they line up with Marcus's writeup wording.
marcus: Agreed, Felix. I'll align the filtering wording with the package notes. The checklist I'm working from lists the release gate as 65% pass@1, so let's quote it that way in both places.",,,
47,Thu Oct 8,"gabe: Yep, I'll pull a Python snippet with exponential backoff and full jitter. Also worth suggesting they stagger the opening burst with a small queue.","- Northwind contract renewal (signature deadline): Oct 30
- Northwind discount (rate): 18% off list
- Northwind executive sponsor (person): Amara Okafor (CIO)
- Northwind rate limit (tokens per minute): 40M tokens per minute
- open item: Ines to send the signed data processing addendum to Northwind legal (check point: Fri Oct 9)","--- Thu Oct 8 · #acct-northwind-eng ---
gabe: Pulled Northwind's usage logs from the last few weeks. Traffic is spiky around their morning clinic intake, lots of 429s in that window.
keiko: That tracks with what their ops lead told me on the call. Intake staff complained the assistant stalls right when the clinics open.
gabe: Looks like they fire a burst of parallel requests at open with no backoff. Retries just pile on and make the 429s worse.
keiko: Quick check before I reply to their ops lead: is Northwind's rate limit 40M tokens per minute? React 👍 if so.
gabe: Did you see the postmortem another enterprise customer posted? Their retry storm took down their own gateway for hours.
(gabe reacted 👍 to keiko's message)
keiko: Thanks. So it's burst shape, not capacity. Gabe, can you share a backoff-with-jitter example I can send their ops lead?
gabe: Yep, I'll pull a Python snippet with exponential backoff and full jitter. Also worth suggesting they stagger the opening burst with a small queue.",,,
48,Wed Oct 7,theo: empty topology would explain it. Does the parser drop the label when the node pool name has a hyphen? I hit that once on my branch.,"- harbor workshop paper (submission deadline): Oct 23
- harbor eval suite release (version): v1.2
- eval compute reservation (owner): Elena
- harbor release gate (threshold): 70% pass@1 on the held-out set
- harbor held-out set (item count): 1,200 items
- open item: Marcus to finish the license review for the scraped repositories (check point: Fri Oct 9)","--- Wed Oct 7 · #harbor-evals ---
theo: were the pending jobs the ones with the multi-node affinity flag? I saw that hang last week, scheduler seemed to wait on a placement it couldn't satisfy
yuki: For the paper, I'd report the bug-fix slice separately with confidence intervals. Single-file and multi-file items probably deserve their own breakdown too.
elena: Checked timeouts. The multi-file repos need a longer setup window for dependency installs, otherwise some items will fail before the tests even start.
felix: Longer install window should go in the harness config and the release notes, since it changes what a timeout failure means for those items.
elena: yeah, most of them had it. checking if the affinity label is even getting parsed, might be silently falling back to a placement that never resolves
theo: Plots so far: the multi-file items fail mostly on import errors, not logic. Might be the same install issue Elena hit, so I'll separate those out.
felix: Side note for the release notes: harbor-lite, the internal smoke set, has 200 items. Separate from the held-out set, so I'll keep the two clearly distinguished in the manifest.
yuki: If the import-error failures are really install issues, I'd exclude them from the bug-fix slice analysis or at least report them as a separate failure category. Otherwise we're measuring the environment, not the model.
theo: if it's falling back silently, try a dry-run submit with the flag and compare the resolved placement spec against a job that schedules fine
theo: Agreed. I'll split import errors into their own bucket in the plots and rerun once Elena's longer install window is in.
elena: Also thinking of prebuilding a cached dependency image per repo, so installs don't eat the timeout budget. I'll try it on the messiest multi-file ones first.
elena: good call, running the dry-run now. the resolved spec for the stuck ones has an empty topology field, the working job has it populated
nadia: Cached images are a good idea. Worth a sentence in the paper's methods section so reviewers know installs aren't counted against the model.
marcus: Cached images also help the contamination check. I can diff the pinned dependency versions against the repos' original commit dates and catch anything that predates the snapshots.
theo: empty topology would explain it. Does the parser drop the label when the node pool name has a hyphen? I hit that once on my branch.",,,
49,Thu Sep 10,"alex: Different thing, for the onboarding copy: if someone @-mentions an agent inside a DM, can that agent read the DM? Or is it blocked unless the agent is a member of it?","- public launch (date): Sep 17
- Series A raise (amount): $20M
- launch waitlist email (owner): Olavo
- pricing (billing model): $12 per seat, agent actions metered
- agent access to DMs (policy): agents never read a DM unless a participant forwards it
- AND-341 (agent double-posts in threads) (owner): AJ
- open item: Frida to send design partners the Slack-to-Ando migration guide (check point: Fri Sep 11)
- open item: AJ to merge the forwarded-DM permission check (check point: Tue Sep 15)","--- Thu Sep 10 · #eng ---
frida: Good question, not sure. I'll ask them which channels the agents were hitting during the rush and get back to you.
frida: Yes, something relatable like two people arguing over which snack order to get for the lunch 😂 agent jumps in with a tally
alex: Slightly random, but does the agent typing indicator also fire for the double replies? Would be good to know for the onboarding demo.
oli: Alex: yes, typing indicator fires per agent, so you'd see two bubbles for a double reply. Not great for a demo, I'd avoid that scenario.
alex: Haha perfect. Should I mock up the snack thread in the sandbox so the agent's reply looks natural on screen? I can draft it.
olavo: For the launch post, can I show agents joining a thread on their own? Want a clean gif, no double bubbles obviously 😅
oli: Olavo: thread-join gif is fine as long as only one agent is in the channel. Use a single-agent demo workspace.
frida: Yes please! Draft it and I'll run it past a couple of partners to see if the snack banter feels real 😊
alex: Okay so for the single-agent demo workspace, should I mock up the onboarding screens with just one agent in the sidebar? Easier to screenshot.
olavo: Yes please Alex, one agent in the sidebar works for me too. I'll grab screenshots from it for the press kit as well.
aj: Oli, pulled up the sim harness. It fakes channel traffic fine, but I'll need to tweak it so agents hit shared memory entries, not just channels.
oli: Makes sense. Have them hit a small set of hot entries plus a wide spread, so we see both contention and the normal case.
frida: Heard back from the partner: their agents mostly hit the same couple of standup channels during the rush. Sounds like hot entries to me.
aj: That fits the hot-entry case then. I'll weight the sim toward a few shared entries and log p95 read latency per run.
alex: Different thing, for the onboarding copy: if someone @-mentions an agent inside a DM, can that agent read the DM? Or is it blocked unless the agent is a member of it?",,,
50,Wed Oct 7,"yuki: also, that number is measured on the held-out set only, not dev. Dev scores shouldn't count toward it.","- harbor workshop paper (submission deadline): Oct 23
- harbor eval suite release (version): v1.2
- eval compute reservation (owner): Elena
- harbor release gate (threshold): 70% pass@1 on the held-out set","--- Wed Oct 7 · #harbor-evals ---
nadia: Ok, we need to nail down the release gate and what goes in the held-out set today. Marcus, where are we on licensing for the scraped repos?
marcus: Mostly sorted. Most repos are MIT or Apache, but a handful have no license file at all, so I'm leaning toward dropping those until we hear back from maintainers.
yuki: Dropping the unlicensed ones makes sense to me. Do we know if they skew toward any particular task type? Don't want the held-out set lopsided afterward.
marcus: Checking now. Gut feeling is the unlicensed ones cluster in small CLI tools and research code, so refactoring and bug-fix tasks might take the hit.
yuki: Ok, that matters for the gate then. Release gate threshold is 70% pass@1, so if the bug-fix slice shrinks a lot we should check the variance on it.
theo: I can rerun the bug-fix slice with a few seeds on the current baseline to see how noisy it is once those repos are out.
yuki: also, that number is measured on the held-out set only, not dev. Dev scores shouldn't count toward it.",,,
51,Mon Oct 12,gabe: Current limit is 40M tokens per minute. I'll compare that against their hourly peaks so you know how much headroom to quote the sponsor.,"- Northwind contract renewal (signature deadline): Oct 30
- Northwind discount (rate): 15% off list (changed Mon Oct 12; previously 18% off list)
- Northwind executive sponsor (person): Amara Okafor (CIO)
- Northwind rate limit (tokens per minute): 40M tokens per minute
- Northwind data retention (terms): zero data retention on all endpoints
- open item: Ines to send the signed data processing addendum to Northwind legal (check point: Fri Oct 9)
- open item: Gabe to load-test Northwind's workload at their full rate limit (check point: Wed Oct 14)","--- Mon Oct 12 · #acct-northwind ---
rachel: Working from the new 15% off list. I'll frame it for Northwind alongside the department rollout and a bigger commit, rather than leading with the number. Keiko, can you sound out their sponsor first?
keiko: Happy to. Their sponsor responds better to a quick call than email, so I'll pitch it as rollout planning, not pricing.
gabe: If more departments join, I'd like to know their use cases. Clinical notes versus patient messaging changes the integration and traffic picture.
keiko: From what I've heard, one group wants clinical note summaries and another wants patient portal messaging. I'll confirm on the sponsor call.
ines: Patient portal messaging is a different risk profile than note summaries. If those departments join, the data terms should cover both use cases explicitly.
gabe: Patient messaging traffic tends to spike during clinic hours, so I'd want to sanity-check their headroom before we pitch a wider rollout.
darnell: Good point, Gabe. If headroom is tight, that's a fair upsell angle too. Want the rollout story to include capacity, not just price.
gabe: I can pull their traffic by hour from the last few weeks and see how close they run to the ceiling.
tomas: Order form draft pasted below. Pricing block reads 18% off list, with the rationale itemized line by line underneath so finance can trace each step.

Pricing: Northwind Health API usage, 18% off list. Rationale schedule attached as Exhibit B.
keiko: Clinical informatics also asked if they can pilot the patient messaging use case in a sandbox before committing other departments. Worth planning for.
ines: On the sandbox pilot: will they use real patient messages or synthetic ones? That changes which terms apply during the trial.
keiko: Not sure yet. I'll ask the sponsor on our call. My guess is they start synthetic, but I'll confirm.
rachel: Tomas, the number in that pricing block doesn't match what I've been framing for Northwind. Can you confirm which one it's built on?
keiko: Gabe, while you're pulling traffic, what's Northwind's current rate limit? Sponsor will probably ask when I pitch the rollout.
gabe: Current limit is 40M tokens per minute. I'll compare that against their hourly peaks so you know how much headroom to quote the sponsor.",,,
52,Mon Oct 5,"marcus: Two of the overlapping tasks are near-verbatim from a popular CLI repo. Leaning toward dropping those outright rather than rewriting them, since the solutions are easy to find.",- harbor workshop paper (submission deadline): Oct 23,"--- Mon Oct 5 · #harbor ---
nadia: Morning all. Want to line up the release and the paper this week. Who has the latest on contamination fixes and where compute stands?
marcus: I've got the contamination scan mostly done. A handful of tasks overlap with public repos, still checking licenses on the replacements before I post the list.
elena: On compute, the last full sweep ran clean overnight. I can slot the rerun once marcus's replacement list is settled.
yuki: Quick check before I lock the pass criteria section: is the harbor workshop paper submission deadline Oct 23? React 👍 if so.
(nadia reacted 👍 to yuki's message)
theo: Baselines table is still on the old task set. I'll regenerate once the replacements land, otherwise the numbers won't line up with the new items.
marcus: Two of the overlapping tasks are near-verbatim from a popular CLI repo. Leaning toward dropping those outright rather than rewriting them, since the solutions are easy to find.",,,
53,Wed Oct 7,"felix: Side note for the release notes: harbor-lite, the internal smoke set, has 200 items. Separate from the held-out set, so I'll keep the two clearly distinguished in the manifest.","- harbor workshop paper (submission deadline): Oct 23
- harbor eval suite release (version): v1.2
- eval compute reservation (owner): Elena
- harbor release gate (threshold): 70% pass@1 on the held-out set
- harbor held-out set (item count): 1,200 items
- open item: Marcus to finish the license review for the scraped repositories (check point: Fri Oct 9)","--- Wed Oct 7 · #harbor-evals ---
marcus: Decision for the held-out set: it's 1,200 items, locked in after the unlicensed repos come out. If bug-fix ends up too thin, I'll backfill from licensed repos rather than shrink the total.
elena: scheduler dropped another batch overnight, jobs just sat in pending with free GPUs available. no errors in the controller log either
elena: If we backfill bug-fix from licensed repos, the test harness will need to handle bigger multi-file repos. Those runs take noticeably longer per item, so I'll check the timeout settings.
theo: Seed reruns on the bug-fix slice should tell us whether multi-file backfill makes scores jumpier. My guess is it widens the spread a bit.
felix: If the backfill changes the slice mix, I'd rather tag the item manifest with the source repo and license so the release notes can say exactly what shifted.
nadia: Good call on the manifest tags. Marcus, can you also flag which backfilled items come from repos with unusual test setups? Paper reviewers will ask about that.
marcus: Will do on flagging the odd test setups. And I'll finish the license review for the scraped repositories by Fri Oct 9, so the manifest tags and the backfill list can build off it.
theo: Kicked off the seed reruns on the current baseline. Early plots look tight on the single-file bug-fix items, so we'll see how much the multi-file ones spread it.
theo: were the pending jobs the ones with the multi-node affinity flag? I saw that hang last week, scheduler seemed to wait on a placement it couldn't satisfy
yuki: For the paper, I'd report the bug-fix slice separately with confidence intervals. Single-file and multi-file items probably deserve their own breakdown too.
elena: Checked timeouts. The multi-file repos need a longer setup window for dependency installs, otherwise some items will fail before the tests even start.
felix: Longer install window should go in the harness config and the release notes, since it changes what a timeout failure means for those items.
elena: yeah, most of them had it. checking if the affinity label is even getting parsed, might be silently falling back to a placement that never resolves
theo: Plots so far: the multi-file items fail mostly on import errors, not logic. Might be the same install issue Elena hit, so I'll separate those out.
felix: Side note for the release notes: harbor-lite, the internal smoke set, has 200 items. Separate from the held-out set, so I'll keep the two clearly distinguished in the manifest.",,,
54,Thu Sep 10,"alex: Slightly random, but does the agent typing indicator also fire for the double replies? Would be good to know for the onboarding demo.","- public launch (date): Sep 17
- Series A raise (amount): $20M
- launch waitlist email (owner): Olavo
- pricing (billing model): $12 per seat, agent actions metered
- agent access to DMs (policy): agents never read a DM unless a participant forwards it
- AND-341 (agent double-posts in threads) (owner): AJ
- open item: Frida to send design partners the Slack-to-Ando migration guide (check point: Fri Sep 11)
- open item: AJ to merge the forwarded-DM permission check (check point: Tue Sep 15)","--- Thu Sep 10 · #eng ---
oli: Frida: ""Known issue. Two agents can answer the same unaddressed channel message. We've reproduced it and are fixing it in the runtime."" Fine to send that.
oli: Side note: closed AND-314, the search indexing bug. That one was mine. AND-341 is still open.
alex: Quick question on the double reply: should the onboarding copy say anything about multiple agents answering in a channel, or wait until the fix lands?
oli: Memory store still unchecked. aj, do you have a baseline yet for concurrent reads on shared memory with lots of agents active?
alex: Love the fake chatter idea. Should the sandbox agents have names and personalities so people can tell them apart at a glance? Maybe a little name card at the demo table?
aj: No baseline yet. I have a read-heavy test script but it only simulates a handful of agents. Need to scale it up first.
oli: There's an agent-sim harness in the runtime tests that spawns fake agents with canned channel traffic. Might save you rebuilding. Check if it fits your script.
frida: Yes! Name cards are great. One partner mentioned she'd love to see an agent jump into a thread unprompted, so maybe a script for that moment 😄
aj: Thanks, I'll try the sim harness for the load test. Also, on DM permissions: I'll merge the forwarded-DM permission check by Tue Sep 15, late-add edge case included.
alex: Ooh, unprompted jump-in is the best demo. Should we seed a thread where two humans are stuck on something, so the agent has a natural reason to chime in?
frida: Related to the load test: one partner runs a ton of agents in a single workspace and said memory lookups felt laggy during their Monday standup rush.
oli: That lag report is useful. Frida, do you know if their agents were all reading the same memory entries or spread out? Changes how I'd shape the load test.
frida: Good question, not sure. I'll ask them which channels the agents were hitting during the rush and get back to you.
frida: Yes, something relatable like two people arguing over which snack order to get for the lunch 😂 agent jumps in with a tally
alex: Slightly random, but does the agent typing indicator also fire for the double replies? Would be good to know for the onboarding demo.",,,
55,Mon Oct 12,"marcus: Tutorial-repo commit dates are mostly earlier than the task repos, so I'll describe those fixtures in their own paragraph with the overlay.","- harbor workshop paper (submission deadline): Oct 23
- harbor eval suite release (version): v1.3 (changed Mon Oct 12; previously v1.2)
- eval compute reservation (owner): Elena
- harbor release gate (threshold): 70% pass@1 on the held-out set
- harbor held-out set (item count): 1,200 items
- open item: Theo to rerun all baselines on harbor v1.3 (check point: Fri Oct 16)","--- Mon Oct 12 · #harbor ---
yuki: Agreed. A histogram of similarity scores would help, if there's a visible gap between reformatted copies and legit lookalikes, the cutoff justifies itself.
theo: Rescored runs on the untouched tasks look nearly identical so far. Curious if the patched ones drop more on the refactor scaffolds.
theo: Quick one, who actually holds the compute reservation for the fresh runs? Want to make sure the refactor jobs land on it.
elena: That's me, I hold the reservation. Refactor jobs are already at the front of the queue, so they'll land on it.
marcus: Histogram's rough but promising: reformatted gist copies bunch up at the top, and generic argparse-style boilerplate lookalikes sit well below with a clear dip between.
yuki: That dip is exactly what we want. Can you overlay the borderline cases on the histogram? I'd like to see where the ambiguous ones fall.
marcus: Sure, I'll mark the borderline ones in a different color. A few are fixtures copied from a popular tutorial repo, so they might land near the dip.
yuki: Tutorial-repo fixtures are a good edge case. If they sit near the dip, I'd say describe them separately in the paper rather than force them into either bucket.
marcus: I'll check commit dates on those tutorial fixtures. If the tutorial repo predates the task repos, that changes how we frame them.
nadia: For the contamination section, let's say ""near-duplicate"" and keep the tone factual. No ""leaked"" or ""cheated"" wording, since reviewers will read that as an accusation.
yuki: For the patched-versus-untouched plot, I'd add bootstrap intervals per scaffold. Otherwise a small gap on a few tasks will look bigger than it is.
theo: Resample over tasks, not seeds, right? Otherwise the intervals on the refactor scaffold will look tighter than they should.
yuki: Yes, resample over tasks. Seeds within a task are correlated, so seed-level resampling would understate the spread. Task-level bootstrap, then average seeds inside each draw.
theo: Got it, task-level bootstrap. I'll add the interval bands to the patched-versus-untouched plot per scaffold and flag the refactor one if it looks wide.
marcus: Tutorial-repo commit dates are mostly earlier than the task repos, so I'll describe those fixtures in their own paragraph with the overlay.",,,
56,Tue Sep 8,"alex: meanwhile I'm sketching the pricing page. $15 per seat up top, with a small note under it about agent actions being metered 💸 will drop the mock here soon","- public launch (date): Sep 17
- Series A raise (amount): $20M
- launch waitlist email (owner): Olavo
- pricing (billing model): $12 per seat, agent actions metered","--- Tue Sep 8 · #launch ---
frida: Happy to test the intro variants with a couple of design partners too, they'll give honest reactions 😄
olavo: quick check for the launch post draft: Series A raise is $20M, right? react 👍 if so and I'll lock it in
(sara reacted 👍 to olavo's message)
oli: fyi the member list currently sorts agents below humans alphabetically. might want to pin the agent higher for new workspaces, ticket coming
alex: good catch Oli. pinning the agent up top in the member list would fit with the welcome card too, I'll sketch both together 🙂
sara: Next up: who's taking the launch waitlist email? Need one owner for it.
olavo: I'll grab it 🙌
frida: For the waitlist email, can we mention the agent shows up in the member list? That's what tripped up my design partners 😅
alex: Good idea Frida. I could make a small screenshot of the member list with the agent pinned for the email, if Olavo wants it 📸
sara: Pricing: $12 per seat. That's what goes in the launch post and the waitlist email.
aj: Does the waitlist email need to say anything about what the agent can see? A few people will ask about channel access vs private conversations.
sara: Also, agent actions get metered on top of the per-seat number. Olavo, make sure that's in both the post and the email.
aj: Still need an answer on my question about what the agent can see. People will ask, and I'd rather the email wording be exact.
olavo: Sara, can you take AJ's access question? I'd like the exact wording before I draft the email copy 🙏
alex: meanwhile I'm sketching the pricing page. $15 per seat up top, with a small note under it about agent actions being metered 💸 will drop the mock here soon",,,
57,Thu Sep 10,"aj: Thanks, I'll try the sim harness for the load test. Also, on DM permissions: I'll merge the forwarded-DM permission check by Tue Sep 15, late-add edge case included.","- public launch (date): Sep 17
- Series A raise (amount): $20M
- launch waitlist email (owner): Olavo
- pricing (billing model): $12 per seat, agent actions metered
- agent access to DMs (policy): agents never read a DM unless a participant forwards it
- AND-341 (agent double-posts in threads) (owner): AJ
- open item: Frida to send design partners the Slack-to-Ando migration guide (check point: Fri Sep 11)","--- Thu Sep 10 · #eng ---
frida: hey Alex, for the design-partner lunch, any thoughts on format? Thinking casual, maybe demo corner so folks can poke at the agents 🙂
aj: I'll take it
alex: Demo corner sounds good. Should people use their own workspaces or a sandbox one? Real data might make folks nervous with agents reading everything.
oli: Thanks. Heads up, AND-341 and the dedupe I'm digging into probably overlap. Sync with me before you start so we don't both patch the same spot.
frida: Can I get a one-line description of the double reply for the partner who hit it? They asked if it's a known issue.
frida: Good point. A couple of partners asked about exactly that. Sandbox with fake channels feels safer, maybe seeded with some funny agent chatter 😄
oli: Frida: ""Known issue. Two agents can answer the same unaddressed channel message. We've reproduced it and are fixing it in the runtime."" Fine to send that.
oli: Side note: closed AND-314, the search indexing bug. That one was mine. AND-341 is still open.
alex: Quick question on the double reply: should the onboarding copy say anything about multiple agents answering in a channel, or wait until the fix lands?
oli: Memory store still unchecked. aj, do you have a baseline yet for concurrent reads on shared memory with lots of agents active?
alex: Love the fake chatter idea. Should the sandbox agents have names and personalities so people can tell them apart at a glance? Maybe a little name card at the demo table?
aj: No baseline yet. I have a read-heavy test script but it only simulates a handful of agents. Need to scale it up first.
oli: There's an agent-sim harness in the runtime tests that spawns fake agents with canned channel traffic. Might save you rebuilding. Check if it fits your script.
frida: Yes! Name cards are great. One partner mentioned she'd love to see an agent jump into a thread unprompted, so maybe a script for that moment 😄
aj: Thanks, I'll try the sim harness for the load test. Also, on DM permissions: I'll merge the forwarded-DM permission check by Tue Sep 15, late-add edge case included.",,,
58,Wed Sep 16,olavo: Quick commitment on my side: I'll send the press kit to the embargoed reporters by Fri Sep 18. Cropped screenshots go in once Frida clears the thread.,"- public launch (date): Sep 24 (changed Mon Sep 14; previously Sep 17)
- Series A raise (amount): $20M
- launch waitlist email (owner): Olavo
- pricing (billing model): $12 per human seat, agents free (changed Wed Sep 16; previously $12 per seat, agent actions metered)
- agent access to DMs (policy): agents never read a DM unless a participant forwards it
- AND-341 (agent double-posts in threads) (owner): AJ
- open item: Frida to send design partners the Slack-to-Ando migration guide (check point: Fri Sep 11)","--- Wed Sep 16 · #gtm ---
sara: Not moving the date. Press has what they need, we stay on the current plan.
frida: Pinging the design partner about using their deploy thread screenshot. Should I ask them to blur names, or will Alex redact on our side?
alex: I can redact on our side, but better if they blur it themselves so nothing sensitive leaves their workspace. Frida, maybe offer both?
frida: Will offer both! Also they asked if the screenshot can show the agent's profile card, so people see it has its own name and inbox 😊
alex: Profile card in the screenshot works for me, that's the whole point. I'll crop it so the name and inbox icon are both visible.
olavo: nice. for the press kit I'll want a couple of cropped versions of that screenshot too, one square for socials, one wide for the post header.
olavo: pasting the line for the post intro: ""Ando is launching publicly, backed by a $25M Series A."" feels punchy, going to keep it up top unless anyone objects 🚀
aj: For the screenshot thread, can someone confirm the agent's reply doesn't quote anything from a private channel? Memory recall can surface odd stuff.
frida: Good catch AJ. I'll read the deploy thread end to end for anything that looks pulled from a private channel before it goes anywhere.
alex: Olavo, want me to sketch the explainer box layout so you can write the copy to fit it? Short caption under the screenshot maybe?
olavo: yes please Alex, a sketch first helps. I'll keep the caption to one line so it doesn't crowd the pricing cards.
oli: for the screenshot, shoot it on the prod build. Staging still shows the placeholder avatar on agent profile cards.
frida: Good to know Oli, I'll ask the partner if they can grab it on prod, or if I should screen-share and capture it myself 👍
aj: Also worth checking the screenshot doesn't show the memory panel sidebar, it lists recent recalls with channel names in it.
olavo: Quick commitment on my side: I'll send the press kit to the embargoed reporters by Fri Sep 18. Cropped screenshots go in once Frida clears the thread.",,,
59,Tue Oct 6,"rachel: Tomas, quick check before we plan the negotiation: is the Northwind discount currently 18% off list? Want to confirm before I anchor anything with them.",- Northwind contract renewal (signature deadline): Oct 30,"--- Tue Oct 6 · #acct-northwind ---
rachel: Kicking off the Northwind renewal thread. Want one place for timeline, pricing, sponsor, and paperwork. Keiko, any early signals from their side?
keiko: Yes, a couple. Their clinical informatics lead mentioned on our last call that usage has grown a lot since the pilot teams went live. Sounds happy overall.
gabe: Good sign. Growth like that usually means we should check their rate limit headroom before we talk renewal. Want me to pull usage trends?
rachel: Yes please, Gabe. Timeline note for everyone: the Northwind renewal signature deadline is Oct 30. Working back from that for pricing, legal review, and sponsor sign-off.
gabe: On it. I'll also check whether any of their pilot teams are bursting at peak hours, since that's usually where throttling shows up first.
tomas: Once Gabe's usage numbers are in, I'll draft the pricing options for the order form. Rachel, any sense of how aggressive they'll be on discount?
rachel: Honestly not sure yet. Their procurement team pushed hard last cycle, so I'd expect them to open with a big ask.
rachel: Tomas, quick check before we plan the negotiation: is the Northwind discount currently 18% off list? Want to confirm before I anchor anything with them.",,,
60,Mon Oct 12,"rachel: Working from the new 15% off list. I'll frame it for Northwind alongside the department rollout and a bigger commit, rather than leading with the number. Keiko, can you sound out their sponsor first?","- Northwind contract renewal (signature deadline): Oct 30
- Northwind discount (rate): 15% off list (changed Mon Oct 12; previously 18% off list)
- Northwind executive sponsor (person): Amara Okafor (CIO)
- Northwind rate limit (tokens per minute): 40M tokens per minute
- Northwind data retention (terms): zero data retention on all endpoints
- open item: Ines to send the signed data processing addendum to Northwind legal (check point: Fri Oct 9)
- open item: Gabe to load-test Northwind's workload at their full rate limit (check point: Wed Oct 14)","--- Tue Oct 6 · #acct-northwind ---
tomas: Keiko, please hold off on floating any discount figures with procurement until my scenarios are done. Nothing is approved on my side yet.
keiko: Understood, Tomas. I'll stay off numbers with procurement until your scenarios are ready. Sorry, that was getting ahead of the process.
rachel: Thanks for owning that, Keiko. Tomas, ping me when the scenarios are drafted so I can sanity-check against where procurement's head is.
tomas: Will do, Rachel. I'll draft a conservative and a stretch scenario, and note which assumptions depend on Gabe's burst data.
--- Mon Oct 12 · #acct-northwind ---
darnell: Weekly pipeline note: Northwind is still our biggest renewal this quarter. Their finance team is pushing back on the discount, so let's get aligned before anything goes back to them. Rachel, where are we on the order form draft?
keiko: Their clinical informatics team asked again whether the newer models will be available on their current setup. Worth having an answer ready.
gabe: On the newer models question: depends which endpoints they're calling today. I can check their usage pattern and see what migration would look like.
rachel: Draft is mostly there, still waiting on Tomas for the pricing block. Finance wants to see the discount reasoning, not just a number.
tomas: Pricing block is in progress. I'll lay out the discount rationale line by line so finance can trace how we got there.
ines: Before the order form goes out, I'd like to see how finance's discount ask interacts with the data terms. Those clauses sometimes get traded away quietly.
tomas: Going with my suggestion from Thursday, Oct 8, on the Northwind discount. I'm building the pricing block on that basis now.
rachel: Tomas, which suggestion do you mean? Finance will ask which number we're defending, so I want it spelled out in the pricing block.
darnell: Whatever number we defend, I want to know what Northwind gives in return. Longer term, bigger commit, or a reference?
keiko: On the last call they hinted at rolling this out to more departments. That might be our opening for a bigger commit.
rachel: Working from the new 15% off list. I'll frame it for Northwind alongside the department rollout and a bigger commit, rather than leading with the number. Keiko, can you sound out their sponsor first?",,,
61,Fri Sep 18,"oli: nah hand it to me, you're on launch-week permissions now","- public launch (date): Sep 24 (changed Mon Sep 14; previously Sep 17)
- Series A raise (amount): $20M
- launch waitlist email (owner): Olavo
- pricing (billing model): $12 per human seat, agents free (changed Wed Sep 16; previously $12 per seat, agent actions metered)
- agent access to DMs (policy): agents never read a DM unless a participant forwards it
- AND-341 (agent double-posts in threads) (owner): AJ
- open item: Frida to send design partners the Slack-to-Ando migration guide (check point: Fri Sep 11)
- open item: Olavo to send the press kit to the embargoed reporters (check point: Fri Sep 18)","--- Thu Sep 10 · #eng ---
oli: aj, log write latency too, not just reads. Standup rush probably has agents saving summaries to memory at the same moment.
aj: Will do, write latency goes in the same log. I'll also tag each run with how many agents were active.
frida: I'll also ask that partner whether their standup agents all save summaries at the same moment. Useful for the write-latency runs.
alex: Still need an answer on my DM @-mention question, whoever knows it best. The onboarding copy depends on it 🙏
oli: aj, that's your area. Can you take Alex's DM @-mention question? He needs it for the onboarding copy.
alex: On it! I'll keep the banter light and ping you the draft in a bit. Might add a pun in the agent's tally 😄
aj: Yep, I'll take it. Rechecking the permission code first so Alex gets exact wording for the copy, not my memory of it.
--- Fri Sep 18 · #eng ---
oli: bug bash board is up. 3 p1s so far, all in agent thread-join logic. agents jumping into threads where nobody asked them to
olavo: hey Frida, reporters keep asking for slots to talk to a design partner. Any of your customers up for a quick interview?
aj: Is it the join heuristic firing on keyword match, or is it the memory store surfacing old threads as relevant? Those look the same from outside.
frida: Yes, I think two of them would be up for it! One is a small design agency that loves the agent memory stuff. Let me ask them today.
aj: fwiw I'm still on AND-341, the double-posting thing, so I'll get to the join logic soon. Might be related though, double posts could be two triggers firing at once.
oli: Good question aj. Logs show join events with a trigger field, checking now which ones are keyword vs memory-sourced. Double posts might share a trigger id too.
olavo: Awesome! The agency one sounds perfect, reporters love a creative-team angle. Can you ask if they're okay being named in the piece?
oli: nah hand it to me, you're on launch-week permissions now",,,
62,Mon Oct 12,"hana: If a crash lands mid-drain, we lose at most 500 steps of work, since checkpoints go every 500 steps. Worst case that's a few minutes of recompute at current step time. Fine to proceed with the drain.","- kestrel pretraining run (start date): Oct 12 (changed Mon Oct 5; previously Oct 5)
- kestrel node allocation (node count): 2,048 nodes
- loss-spike rollback rule (threshold): roll back if loss rises more than 15% over 200 steps
- kestrel checkpoint cadence (interval): every 250 steps (changed Fri Oct 9; previously every 500 steps)
- fabric incident on-call (owner): Lucia
- open item: Mateo to finish moving the tokenized datasets to the new storage tier (check point: Fri Oct 2)
- open item: Dmitri to decide between tokenizer v3 and v4 for kestrel (check point: Thu Oct 8 run sync)","--- Mon Oct 12 · #kestrel-run ---
lucia: Likely correlated. The bump landed on the leaf where the writer nodes uplink. Pulling port counters to see if it was incast on that leaf.
kofi: If it's incast on that leaf, I can stagger the writer nodes' flush start so they don't all burst at once. Want to see the counters first.
lucia: Port counters show egress buffer spikes on the writer uplinks right at flush start. Looks like incast. Staggering would probably flatten it.
kofi: Okay, I'll add a per-node jitter on the flush start so the writers spread out. Hana, watch step time on the next save for any residual dip.
mateo: Unrelated to the flush, but I'm seeing IB link flaps on a couple of the dataloader nodes in my logs. Who's on call for fabric incidents today?
hana: Will do, Kofi. I've tagged the first flush window in the step-time panel so I can diff it against the next save once jitter's in.
wen: Pulling per-node ECC and thermal counters across the allocation. A throttling GPU would show up as a slow rank before anything else.
lucia: Fabric is mine today. Paste the dataloader node names and flap timestamps, I'll cross-check against the leaf counters.
mateo: Pasting now. Flaps hit two of the loader nodes in the same rack, timestamps line up with the first few prefetch bursts. No retransmit errors in the dataloader logs though.
lucia: Thanks. Checking those two against the leaf port counters now. If they share a ToR, could be a bad optic or a dirty connector.
hana: Step time on the two ranks fed by those loader nodes looks flat so far. If the flaps stall prefetch, I'd expect a blip there first.
lucia: Both loader nodes sit under the same ToR. Port counters show CRC errors climbing on one of the optics. Looks like a marginal transceiver.
mateo: Makes sense. Can we swap that optic or drain those two loader nodes? Prefetch queues have headroom, so I can rebalance workers onto the others.
lucia: Swapping the optic needs a tech at the rack. I'd drain those two loader nodes first, then pull the transceiver and reseat the connector.
hana: If a crash lands mid-drain, we lose at most 500 steps of work, since checkpoints go every 500 steps. Worst case that's a few minutes of recompute at current step time. Fine to proceed with the drain.",,,
63,Mon Oct 12,"darnell: Weekly pipeline note: Northwind is still our biggest renewal this quarter. Their finance team is pushing back on the discount, so let's get aligned before anything goes back to them. Rachel, where are we on the order form draft?","- Northwind contract renewal (signature deadline): Oct 30
- Northwind discount (rate): 18% off list
- Northwind executive sponsor (person): Amara Okafor (CIO)
- Northwind rate limit (tokens per minute): 40M tokens per minute
- Northwind data retention (terms): zero data retention on all endpoints
- open item: Ines to send the signed data processing addendum to Northwind legal (check point: Fri Oct 9)
- open item: Gabe to load-test Northwind's workload at their full rate limit (check point: Wed Oct 14)","--- Tue Oct 6 · #acct-northwind ---
gabe: Fair warning, the QBR deck is already at like 40 slides. Pretty sure the nurse manager's quote is getting its own slide at this point.
rachel: Gabe, cut it to a handful of slides. Execs skim. Keep the nurse manager quote and the usage trend, drop the rest to appendix.
gabe: Will do. I'll keep the usage trend to one clean chart and move the per-team breakdown to the appendix.
tomas: Once Gabe's peak-hour view is in, I'll model a couple of pricing scenarios. Keiko, any sense yet whether they're comparing us against another vendor?
keiko: Not sure yet. Their informatics lead mentioned procurement asked about other vendors' demos, but nothing concrete. I'll try to learn more on the next call.
darnell: If another vendor is in the mix, I'd like to know before I reach out. Keiko, anything on who's demoing would help.
keiko: Will push on it. I'll ask casually which vendors came through, maybe through their informatics lead since she's friendly with us.
keiko: Also, on the procurement side: I hinted at 20% off list to their procurement lead on our last call, just to set expectations. She didn't push back. Tomas, that should fit your pricing scenarios.
darnell: Gabe, once the QBR deck is trimmed, send me the exec summary version. I want to preview it before the sponsor meeting.
gabe: Sure, Darnell. I'll write the exec summary around adoption and the burst patterns, keep the technical detail light.
tomas: Keiko, please hold off on floating any discount figures with procurement until my scenarios are done. Nothing is approved on my side yet.
keiko: Understood, Tomas. I'll stay off numbers with procurement until your scenarios are ready. Sorry, that was getting ahead of the process.
rachel: Thanks for owning that, Keiko. Tomas, ping me when the scenarios are drafted so I can sanity-check against where procurement's head is.
tomas: Will do, Rachel. I'll draft a conservative and a stretch scenario, and note which assumptions depend on Gabe's burst data.
--- Mon Oct 12 · #acct-northwind ---
darnell: Weekly pipeline note: Northwind is still our biggest renewal this quarter. Their finance team is pushing back on the discount, so let's get aligned before anything goes back to them. Rachel, where are we on the order form draft?",,,
64,Wed Sep 16,"olavo: Square one centered on the profile card, I think. The reply text gets tiny at that size anyway 🙂","- public launch (date): Sep 24 (changed Mon Sep 14; previously Sep 17)
- Series A raise (amount): $20M
- launch waitlist email (owner): Olavo
- pricing (billing model): $12 per human seat, agents free (changed Wed Sep 16; previously $12 per seat, agent actions metered)
- agent access to DMs (policy): agents never read a DM unless a participant forwards it
- AND-341 (agent double-posts in threads) (owner): AJ
- open item: Frida to send design partners the Slack-to-Ando migration guide (check point: Fri Sep 11)
- open item: Olavo to send the press kit to the embargoed reporters (check point: Fri Sep 18)","--- Wed Sep 16 · #gtm ---
olavo: nice. for the press kit I'll want a couple of cropped versions of that screenshot too, one square for socials, one wide for the post header.
olavo: pasting the line for the post intro: ""Ando is launching publicly, backed by a $25M Series A."" feels punchy, going to keep it up top unless anyone objects 🚀
aj: For the screenshot thread, can someone confirm the agent's reply doesn't quote anything from a private channel? Memory recall can surface odd stuff.
frida: Good catch AJ. I'll read the deploy thread end to end for anything that looks pulled from a private channel before it goes anywhere.
alex: Olavo, want me to sketch the explainer box layout so you can write the copy to fit it? Short caption under the screenshot maybe?
olavo: yes please Alex, a sketch first helps. I'll keep the caption to one line so it doesn't crowd the pricing cards.
oli: for the screenshot, shoot it on the prod build. Staging still shows the placeholder avatar on agent profile cards.
frida: Good to know Oli, I'll ask the partner if they can grab it on prod, or if I should screen-share and capture it myself 👍
aj: Also worth checking the screenshot doesn't show the memory panel sidebar, it lists recent recalls with channel names in it.
olavo: Quick commitment on my side: I'll send the press kit to the embargoed reporters by Fri Sep 18. Cropped screenshots go in once Frida clears the thread.
oli: fyi profile cards on prod render fine in dark mode too, if you want a dark variant for the wide header crop.
alex: Dark variant for the wide header could look great next to the pricing hero. Olavo, want both light and dark in the kit?
olavo: Both, yes! Light for socials, dark for the wide header. Alex, can you export them with a bit of padding so the crop doesn't feel tight?
alex: Sure Olavo, I'll export both with extra padding. Want the square one centered on the profile card or on the reply?
olavo: Square one centered on the profile card, I think. The reply text gets tiny at that size anyway 🙂",,,
65,Mon Oct 19,"yuki: For the plateau transcript, the task where the agent keeps rerunning the same failing build after editing the wrong config file is the clearest loop.","- harbor workshop paper (submission deadline): Oct 23
- harbor eval suite release (version): v1.3 (changed Mon Oct 12; previously v1.2)
- eval compute reservation (owner): Elena
- harbor release gate (threshold): 70% pass@1 on the held-out set
- harbor held-out set (item count): 1,200 items
- open item: Theo to rerun all baselines on harbor v1.3 (check point: Fri Oct 16)","--- Wed Oct 7 · #harbor-evals ---
felix: Cached image digests should go in the manifest too, so anyone rerunning gets the exact same environment. I'll add a field for it.
elena: patch works, stuck jobs scheduled right away. adding the hyphenated pool test now, then I'll requeue the dropped batch.
felix: With the cached images, the license exclusions and the new manifest fields, this might warrant v1.3 for the release. Just a thought, nothing decided. Nadia, Yuki, does that numbering seem right to you?
yuki: Theo, the gate number in your draft doesn't match my criteria doc, and it's missing the held-out qualifier. Please recheck before the table gets built around it.
theo: nice. worth grepping the other label parsers for the same split-on-hyphen pattern, wouldn't be surprised if the GPU type one does it too.
theo: Ugh, I pulled that number from an older draft. Rechecking against your criteria doc and adding the held-out qualifier before I build the table.
--- Mon Oct 19 · #harbor-evals ---
yuki: Went through the weekend results. Pass rate curves look clean across the board, but the long-horizon tasks have a weird plateau. Might be worth a sentence in the paper on that.
felix: Anyone have strong feelings on the offsite venue? I'm leaning toward the lake house over the downtown coworking space. Yuki, you looked at both, right?
nadia: Thinking the appendix should carry the per-category breakdowns and a couple of full agent transcripts. Too heavy for a workshop paper?
theo: Per-category tables are easy, I can export them straight from the results notebook. Full transcripts are the heavy part, some run absurdly long. Maybe trim to the interesting steps?
yuki: Yeah, I toured both. Lake house has way better space for whiteboarding, but the drive is long and wifi there was spotty.
yuki: Trimming is fine, but I'd keep one full transcript from the plateau tasks untouched. Readers will want to see the agent looping, not a cleaned-up version.
felix: Spotty wifi could hurt if we want to demo anything live. Did the lake house have a wired port anywhere, or would we tether?
theo: Ok, one untouched plateau transcript, rest trimmed. I'll export per-category tables against the 1,200 held-out items so the denominators match what we say in the main text.
yuki: For the plateau transcript, the task where the agent keeps rerunning the same failing build after editing the wrong config file is the clearest loop.",,,
66,Fri Sep 18,"oli: bug bash board is up. 3 p1s so far, all in agent thread-join logic. agents jumping into threads where nobody asked them to","- public launch (date): Sep 24 (changed Mon Sep 14; previously Sep 17)
- Series A raise (amount): $20M
- launch waitlist email (owner): Olavo
- pricing (billing model): $12 per human seat, agents free (changed Wed Sep 16; previously $12 per seat, agent actions metered)
- agent access to DMs (policy): agents never read a DM unless a participant forwards it
- AND-341 (agent double-posts in threads) (owner): AJ
- open item: Frida to send design partners the Slack-to-Ando migration guide (check point: Fri Sep 11)
- open item: Olavo to send the press kit to the embargoed reporters (check point: Fri Sep 18)","--- Thu Sep 10 · #eng ---
alex: Okay so for the single-agent demo workspace, should I mock up the onboarding screens with just one agent in the sidebar? Easier to screenshot.
olavo: Yes please Alex, one agent in the sidebar works for me too. I'll grab screenshots from it for the press kit as well.
aj: Oli, pulled up the sim harness. It fakes channel traffic fine, but I'll need to tweak it so agents hit shared memory entries, not just channels.
oli: Makes sense. Have them hit a small set of hot entries plus a wide spread, so we see both contention and the normal case.
frida: Heard back from the partner: their agents mostly hit the same couple of standup channels during the rush. Sounds like hot entries to me.
aj: That fits the hot-entry case then. I'll weight the sim toward a few shared entries and log p95 read latency per run.
alex: Different thing, for the onboarding copy: if someone @-mentions an agent inside a DM, can that agent read the DM? Or is it blocked unless the agent is a member of it?
oli: aj, log write latency too, not just reads. Standup rush probably has agents saving summaries to memory at the same moment.
aj: Will do, write latency goes in the same log. I'll also tag each run with how many agents were active.
frida: I'll also ask that partner whether their standup agents all save summaries at the same moment. Useful for the write-latency runs.
alex: Still need an answer on my DM @-mention question, whoever knows it best. The onboarding copy depends on it 🙏
oli: aj, that's your area. Can you take Alex's DM @-mention question? He needs it for the onboarding copy.
alex: On it! I'll keep the banter light and ping you the draft in a bit. Might add a pun in the agent's tally 😄
aj: Yep, I'll take it. Rechecking the permission code first so Alex gets exact wording for the copy, not my memory of it.
--- Fri Sep 18 · #eng ---
oli: bug bash board is up. 3 p1s so far, all in agent thread-join logic. agents jumping into threads where nobody asked them to",,,
67,Wed Oct 7,"theo: Yes, per-slice rate works. I'll add it to the results table. Also, I put in the draft that the release gate is 75% pass@1, so the environment-failure rate sits right next to it.","- harbor workshop paper (submission deadline): Oct 23
- harbor eval suite release (version): v1.2
- eval compute reservation (owner): Elena
- harbor release gate (threshold): 70% pass@1 on the held-out set
- harbor held-out set (item count): 1,200 items","--- Wed Oct 7 · #harbor-evals ---
elena: good call, running the dry-run now. the resolved spec for the stuck ones has an empty topology field, the working job has it populated
nadia: Cached images are a good idea. Worth a sentence in the paper's methods section so reviewers know installs aren't counted against the model.
marcus: Cached images also help the contamination check. I can diff the pinned dependency versions against the repos' original commit dates and catch anything that predates the snapshots.
theo: empty topology would explain it. Does the parser drop the label when the node pool name has a hyphen? I hit that once on my branch.
yuki: Good, but dependency pinning only catches so much. Might also be worth checking whether any fix commits are quoted verbatim in public issue threads, since that leaks the answer too.
marcus: Good point on issue threads. I can grep the public trackers for long verbatim diff snippets and flag any items where the fix text shows up before the snapshot.
theo: If the issue-thread grep flags items, I can rerun those separately and see whether baseline scores on them look inflated compared to the clean ones.
yuki: If flagged items do inflate baseline scores, that's a nice contamination figure for the paper. Inflated-vs-clean gap, plotted per slice, with intervals.
marcus: License review for the scraped repos is done. Three repos got excluded over license terms, so I'll update the backfill list and send Felix the cleaned source/license tags for the manifest.
elena: First cached image is built for the messiest monorepo item. Installs barely register now. Trying the Python repos with native extensions next.
theo: Split the import-error bucket out of the multi-file plots. Spread tightens a lot without it. Will rerun properly once more cached images land.
elena: that's it, the stuck jobs all target pools with hyphens in the name. parser truncates at the first one. patching the regex locally to confirm.
nadia: For the paper, let's call that bucket ""environment failures"" rather than model errors. Reviewers will read it more kindly, and it's more accurate.
yuki: Fine by me. Should we report environment failures as a separate rate per slice, so readers see how much each slice is affected?
theo: Yes, per-slice rate works. I'll add it to the results table. Also, I put in the draft that the release gate is 75% pass@1, so the environment-failure rate sits right next to it.",,,
68,Wed Oct 21,felix: My release jobs are queued behind the eval batch. Who actually owns the compute reservation for the eval runs? Want to know who to ping if they stall.,"- harbor workshop paper (submission deadline): Oct 23
- harbor eval suite release (version): v1.3 (changed Mon Oct 12; previously v1.2)
- eval compute reservation (owner): Elena
- harbor release gate (threshold): 70% pass@1 on the held-out set
- harbor held-out set (item count): 1,140 items (changed Mon Oct 19; previously 1,200 items)
- open item: Theo to rerun all baselines on harbor v1.3 (check point: Fri Oct 16)","--- Mon Oct 12 · #harbor ---
marcus: I'll check commit dates on those tutorial fixtures. If the tutorial repo predates the task repos, that changes how we frame them.
nadia: For the contamination section, let's say ""near-duplicate"" and keep the tone factual. No ""leaked"" or ""cheated"" wording, since reviewers will read that as an accusation.
yuki: For the patched-versus-untouched plot, I'd add bootstrap intervals per scaffold. Otherwise a small gap on a few tasks will look bigger than it is.
theo: Resample over tasks, not seeds, right? Otherwise the intervals on the refactor scaffold will look tighter than they should.
yuki: Yes, resample over tasks. Seeds within a task are correlated, so seed-level resampling would understate the spread. Task-level bootstrap, then average seeds inside each draw.
theo: Got it, task-level bootstrap. I'll add the interval bands to the patched-versus-untouched plot per scaffold and flag the refactor one if it looks wide.
marcus: Tutorial-repo commit dates are mostly earlier than the task repos, so I'll describe those fixtures in their own paragraph with the overlay.
--- Wed Oct 21 · #harbor ---
nadia: Two days out. Can everyone post what's still open on your side in here? I'll sort the final list from that.
elena: Cluster queue looks fine on my side. Only thing open is making sure the last batch of eval jobs doesn't get preempted overnight.
theo: Mine's the results table. Two of the baseline rows still have old numbers in them, so I need to refresh those before anyone quotes the table.
yuki: Open on my side: the pass criteria paragraph in the methods section still reads ambiguously. Want to tighten the wording before anyone cites it.
marcus: Mine's the contamination writeup. Need to reword how we describe the overlap check so reviewers don't read it as stronger than it is.
felix: Mine's the release checklist. Changelog is drafted but I still need to go through the tagging steps and double-check the package notes match the paper.
nadia: Thanks all. Theo, can you flag which two baseline rows are stale so Yuki and Marcus know what not to quote yet?
felix: My release jobs are queued behind the eval batch. Who actually owns the compute reservation for the eval runs? Want to know who to ping if they stall.",,,
69,Fri Sep 18,"aj: fwiw I'm still on AND-341, the double-posting thing, so I'll get to the join logic soon. Might be related though, double posts could be two triggers firing at once.","- public launch (date): Sep 24 (changed Mon Sep 14; previously Sep 17)
- Series A raise (amount): $20M
- launch waitlist email (owner): Olavo
- pricing (billing model): $12 per human seat, agents free (changed Wed Sep 16; previously $12 per seat, agent actions metered)
- agent access to DMs (policy): agents never read a DM unless a participant forwards it
- AND-341 (agent double-posts in threads) (owner): AJ
- open item: Frida to send design partners the Slack-to-Ando migration guide (check point: Fri Sep 11)
- open item: Olavo to send the press kit to the embargoed reporters (check point: Fri Sep 18)","--- Thu Sep 10 · #eng ---
frida: Heard back from the partner: their agents mostly hit the same couple of standup channels during the rush. Sounds like hot entries to me.
aj: That fits the hot-entry case then. I'll weight the sim toward a few shared entries and log p95 read latency per run.
alex: Different thing, for the onboarding copy: if someone @-mentions an agent inside a DM, can that agent read the DM? Or is it blocked unless the agent is a member of it?
oli: aj, log write latency too, not just reads. Standup rush probably has agents saving summaries to memory at the same moment.
aj: Will do, write latency goes in the same log. I'll also tag each run with how many agents were active.
frida: I'll also ask that partner whether their standup agents all save summaries at the same moment. Useful for the write-latency runs.
alex: Still need an answer on my DM @-mention question, whoever knows it best. The onboarding copy depends on it 🙏
oli: aj, that's your area. Can you take Alex's DM @-mention question? He needs it for the onboarding copy.
alex: On it! I'll keep the banter light and ping you the draft in a bit. Might add a pun in the agent's tally 😄
aj: Yep, I'll take it. Rechecking the permission code first so Alex gets exact wording for the copy, not my memory of it.
--- Fri Sep 18 · #eng ---
oli: bug bash board is up. 3 p1s so far, all in agent thread-join logic. agents jumping into threads where nobody asked them to
olavo: hey Frida, reporters keep asking for slots to talk to a design partner. Any of your customers up for a quick interview?
aj: Is it the join heuristic firing on keyword match, or is it the memory store surfacing old threads as relevant? Those look the same from outside.
frida: Yes, I think two of them would be up for it! One is a small design agency that loves the agent memory stuff. Let me ask them today.
aj: fwiw I'm still on AND-341, the double-posting thing, so I'll get to the join logic soon. Might be related though, double posts could be two triggers firing at once.",,,
70,Fri Oct 9,"wen: When you go through the slow ranks, cross-check against the leaf 14 rank map. If the stragglers cluster there, it's probably the reseat, not the restore path.","- kestrel pretraining run (start date): Oct 12 (changed Mon Oct 5; previously Oct 5)
- kestrel node allocation (node count): 2,048 nodes
- loss-spike rollback rule (threshold): roll back if loss rises more than 15% over 200 steps
- kestrel checkpoint cadence (interval): every 250 steps (changed Fri Oct 9; previously every 500 steps)
- fabric incident on-call (owner): Lucia
- open item: Mateo to finish moving the tokenized datasets to the new storage tier (check point: Fri Oct 2)
- open item: Dmitri to decide between tokenizer v3 and v4 for kestrel (check point: Thu Oct 8 run sync)","--- Fri Oct 9 · #infra ---
dmitri: Fine, but the drill can't slip because of the reseat. If it's going to eat time, tell me now.
kofi: Won't slip. I'll run the checkpoint-restart drill on the full allocation by Sat Oct 10, and the leaf 14 reseat goes in the restore idle window.
hana: Also want a baseline of loss and grad-norm on the restored ranks, so we can tell a clean resume from a silent divergence.
kofi: tighter save interval means more flush volume than I budgeted for. Rerunning the write numbers against the new tier now, will post what I find.
mateo: I can pull sustained write throughput per stripe from the earlier soak test, so you're not plugging in a spec-sheet number.
dmitri: Assume they need an escort until the hall desk says otherwise. Also ask them to bring an optical power meter, a few links look marginal on rx levels.
hana: Heads up, family emergency came up and I have to log off for the day. Alert mute and the baseline setup aren't done yet, so someone please cover monitoring for the drill.
lucia: I can handle the leaf 14 stall alert mute since I'm the one reseating. Someone point me at the rule in Hana's alerting config.
kofi: It's the step_time_stall rule in the stability alerts yaml. Scope the mute by host label for leaf 14, not a global silence.
lucia: Found the rule. Scoping the silence by host label on leaf 14 only, and I'll drop it once symbol error counters stay flat after the reseat.
wen: Baseline for loss and grad-norm on restored ranks is still orphaned. Kofi, can your restore logging also dump those per rank?
wen: Added the power meter to the vendor's bring list. I'll send them the full checklist with the escort note once badge names are in.
kofi: Checkpoint-restart drill is done on the full allocation, and it passed. Restore took 11 minutes. Per-rank restore and first-step times are logged, so I'll go through the slow ranks next.
lucia: Leaf 14 uplink reseat went in during the restore idle window. Symbol error counters flat so far, so the scoped silence stays on while I watch.
wen: When you go through the slow ranks, cross-check against the leaf 14 rank map. If the stragglers cluster there, it's probably the reseat, not the restore path.",,,
71,Mon Oct 19,"gabe: Helpful context. Is the check-in surge a sharp spike when doors open, or more of a ramp? Changes how I'd explain our burst handling.","- Northwind contract renewal (signature deadline): Oct 30
- Northwind discount (rate): 15% off list (changed Mon Oct 12; previously 18% off list)
- Northwind executive sponsor (person): Jon Reyes (new CTO) (changed Thu Oct 15; previously Amara Okafor (CIO))
- Northwind rate limit (tokens per minute): 40M tokens per minute
- Northwind data retention (terms): zero data retention on all endpoints
- open item: Ines to send the signed data processing addendum to Northwind legal (check point: Fri Oct 9)
- open item: Rachel to decide whether to offer Northwind a two-year term (check point: Fri Oct 16 finance review)","--- Thu Oct 15 · #acct-northwind ---
keiko: Perfect. I'll nudge their admin again tomorrow morning so we're not waiting on her too long.
ines: If he's focused on clinical safety, expect him to ask about logging and how model outputs get reviewed. I'd want our answers consistent across the deck and contract.
gabe: I can pull together a one-pager on how we handle output logging and what controls their team can set. Keeps the answers consistent with the deck.
rachel: Good. Keiko, when you talk to their platform lead, ask if the new CTO would take a short intro call before the QBR.
keiko: Will do. I'll also ask whether he'd like clinical safety examples from other health systems, so the call isn't just us talking at him.
darnell: Good. Once Keiko hears back, I'll look for someone on our side with a clinical safety background to join that intro.
rachel: Sounds like a plan. Keiko, flag anything the platform lead says about the new CTO's priorities so we can adjust the QBR story.
--- Mon Oct 19 · #acct-northwind ---
tomas: Morning all. Friday's finance review is done and I've updated the order form draft with their comments. Redline v4 is in the deal folder. Rachel, can you confirm you've seen it before I send to Ines?
keiko: Heads up, Northwind's security lead asked me again for the sub-processor list. They want it for their internal review packet.
ines: Which one do they mean: the public sub-processor page, or the list referenced in the addendum? They're maintained separately.
keiko: Good question. I'll ask them which one. Their wording was ""the full list for our vendor packet,"" so I'm guessing the addendum one.
rachel: Yes, seen v4 and it looks fine to me. Tomas, go ahead and send to Ines. Let's keep redlines moving.
gabe: Their security lead also pinged me about how we handle burst traffic during their clinic morning rush. Happy to join a call if that helps the packet.
keiko: Their ops team mentioned the morning rush is when the clinics all check patients in at once, so that's what worries them.
gabe: Helpful context. Is the check-in surge a sharp spike when doors open, or more of a ramp? Changes how I'd explain our burst handling.",,,
72,Wed Oct 7,"marcus: Will do on flagging the odd test setups. And I'll finish the license review for the scraped repositories by Fri Oct 9, so the manifest tags and the backfill list can build off it.","- harbor workshop paper (submission deadline): Oct 23
- harbor eval suite release (version): v1.2
- eval compute reservation (owner): Elena
- harbor release gate (threshold): 70% pass@1 on the held-out set
- harbor held-out set (item count): 1,200 items","--- Wed Oct 7 · #harbor-evals ---
nadia: Ok, we need to nail down the release gate and what goes in the held-out set today. Marcus, where are we on licensing for the scraped repos?
marcus: Mostly sorted. Most repos are MIT or Apache, but a handful have no license file at all, so I'm leaning toward dropping those until we hear back from maintainers.
yuki: Dropping the unlicensed ones makes sense to me. Do we know if they skew toward any particular task type? Don't want the held-out set lopsided afterward.
marcus: Checking now. Gut feeling is the unlicensed ones cluster in small CLI tools and research code, so refactoring and bug-fix tasks might take the hit.
yuki: Ok, that matters for the gate then. Release gate threshold is 70% pass@1, so if the bug-fix slice shrinks a lot we should check the variance on it.
theo: I can rerun the bug-fix slice with a few seeds on the current baseline to see how noisy it is once those repos are out.
yuki: also, that number is measured on the held-out set only, not dev. Dev scores shouldn't count toward it.
marcus: Bug-fix looks like the worst hit. A lot of the unlicensed ones are single-file scripts with small, self-contained failing tests, which are the cleanest bug-fix items.
marcus: Decision for the held-out set: it's 1,200 items, locked in after the unlicensed repos come out. If bug-fix ends up too thin, I'll backfill from licensed repos rather than shrink the total.
elena: scheduler dropped another batch overnight, jobs just sat in pending with free GPUs available. no errors in the controller log either
elena: If we backfill bug-fix from licensed repos, the test harness will need to handle bigger multi-file repos. Those runs take noticeably longer per item, so I'll check the timeout settings.
theo: Seed reruns on the bug-fix slice should tell us whether multi-file backfill makes scores jumpier. My guess is it widens the spread a bit.
felix: If the backfill changes the slice mix, I'd rather tag the item manifest with the source repo and license so the release notes can say exactly what shifted.
nadia: Good call on the manifest tags. Marcus, can you also flag which backfilled items come from repos with unusual test setups? Paper reviewers will ask about that.
marcus: Will do on flagging the odd test setups. And I'll finish the license review for the scraped repositories by Fri Oct 9, so the manifest tags and the backfill list can build off it.",,,
73,Mon Oct 12,"keiko: Separate projects might land well. Their sponsor mentioned compliance likes to review each use case on its own, so that fits how they already work.","- Northwind contract renewal (signature deadline): Oct 30
- Northwind discount (rate): 15% off list (changed Mon Oct 12; previously 18% off list)
- Northwind executive sponsor (person): Amara Okafor (CIO)
- Northwind rate limit (tokens per minute): 40M tokens per minute
- Northwind data retention (terms): zero data retention on all endpoints
- open item: Ines to send the signed data processing addendum to Northwind legal (check point: Fri Oct 9)
- open item: Gabe to load-test Northwind's workload at their full rate limit (check point: Wed Oct 14)","--- Mon Oct 12 · #acct-northwind ---
ines: Patient portal messaging is a different risk profile than note summaries. If those departments join, the data terms should cover both use cases explicitly.
gabe: Patient messaging traffic tends to spike during clinic hours, so I'd want to sanity-check their headroom before we pitch a wider rollout.
darnell: Good point, Gabe. If headroom is tight, that's a fair upsell angle too. Want the rollout story to include capacity, not just price.
gabe: I can pull their traffic by hour from the last few weeks and see how close they run to the ceiling.
tomas: Order form draft pasted below. Pricing block reads 18% off list, with the rationale itemized line by line underneath so finance can trace each step.

Pricing: Northwind Health API usage, 18% off list. Rationale schedule attached as Exhibit B.
keiko: Clinical informatics also asked if they can pilot the patient messaging use case in a sandbox before committing other departments. Worth planning for.
ines: On the sandbox pilot: will they use real patient messages or synthetic ones? That changes which terms apply during the trial.
keiko: Not sure yet. I'll ask the sponsor on our call. My guess is they start synthetic, but I'll confirm.
rachel: Tomas, the number in that pricing block doesn't match what I've been framing for Northwind. Can you confirm which one it's built on?
keiko: Gabe, while you're pulling traffic, what's Northwind's current rate limit? Sponsor will probably ask when I pitch the rollout.
gabe: Current limit is 40M tokens per minute. I'll compare that against their hourly peaks so you know how much headroom to quote the sponsor.
darnell: Once Gabe has the traffic picture, let's fold it into the rollout story. Capacity plus a bigger footprint is a stronger pitch than discount talk.
gabe: Quick question for the sponsor call: would portal messaging run under the same API project, or a separate one? Changes how we split capacity.
ines: Separate projects would make it cleaner for me too. Data terms could map to each use case instead of one blanket scope.
keiko: Separate projects might land well. Their sponsor mentioned compliance likes to review each use case on its own, so that fits how they already work.",,,
74,Wed Oct 7,"elena: Also thinking of prebuilding a cached dependency image per repo, so installs don't eat the timeout budget. I'll try it on the messiest multi-file ones first.","- harbor workshop paper (submission deadline): Oct 23
- harbor eval suite release (version): v1.2
- eval compute reservation (owner): Elena
- harbor release gate (threshold): 70% pass@1 on the held-out set
- harbor held-out set (item count): 1,200 items
- open item: Marcus to finish the license review for the scraped repositories (check point: Fri Oct 9)","--- Wed Oct 7 · #harbor-evals ---
felix: If the backfill changes the slice mix, I'd rather tag the item manifest with the source repo and license so the release notes can say exactly what shifted.
nadia: Good call on the manifest tags. Marcus, can you also flag which backfilled items come from repos with unusual test setups? Paper reviewers will ask about that.
marcus: Will do on flagging the odd test setups. And I'll finish the license review for the scraped repositories by Fri Oct 9, so the manifest tags and the backfill list can build off it.
theo: Kicked off the seed reruns on the current baseline. Early plots look tight on the single-file bug-fix items, so we'll see how much the multi-file ones spread it.
theo: were the pending jobs the ones with the multi-node affinity flag? I saw that hang last week, scheduler seemed to wait on a placement it couldn't satisfy
yuki: For the paper, I'd report the bug-fix slice separately with confidence intervals. Single-file and multi-file items probably deserve their own breakdown too.
elena: Checked timeouts. The multi-file repos need a longer setup window for dependency installs, otherwise some items will fail before the tests even start.
felix: Longer install window should go in the harness config and the release notes, since it changes what a timeout failure means for those items.
elena: yeah, most of them had it. checking if the affinity label is even getting parsed, might be silently falling back to a placement that never resolves
theo: Plots so far: the multi-file items fail mostly on import errors, not logic. Might be the same install issue Elena hit, so I'll separate those out.
felix: Side note for the release notes: harbor-lite, the internal smoke set, has 200 items. Separate from the held-out set, so I'll keep the two clearly distinguished in the manifest.
yuki: If the import-error failures are really install issues, I'd exclude them from the bug-fix slice analysis or at least report them as a separate failure category. Otherwise we're measuring the environment, not the model.
theo: if it's falling back silently, try a dry-run submit with the flag and compare the resolved placement spec against a job that schedules fine
theo: Agreed. I'll split import errors into their own bucket in the plots and rerun once Elena's longer install window is in.
elena: Also thinking of prebuilding a cached dependency image per repo, so installs don't eat the timeout budget. I'll try it on the messiest multi-file ones first.",,,
75,Thu Sep 10,"olavo: Yes please Alex, one agent in the sidebar works for me too. I'll grab screenshots from it for the press kit as well.","- public launch (date): Sep 17
- Series A raise (amount): $20M
- launch waitlist email (owner): Olavo
- pricing (billing model): $12 per seat, agent actions metered
- agent access to DMs (policy): agents never read a DM unless a participant forwards it
- AND-341 (agent double-posts in threads) (owner): AJ
- open item: Frida to send design partners the Slack-to-Ando migration guide (check point: Fri Sep 11)
- open item: AJ to merge the forwarded-DM permission check (check point: Tue Sep 15)","--- Thu Sep 10 · #eng ---
frida: Yes! Name cards are great. One partner mentioned she'd love to see an agent jump into a thread unprompted, so maybe a script for that moment 😄
aj: Thanks, I'll try the sim harness for the load test. Also, on DM permissions: I'll merge the forwarded-DM permission check by Tue Sep 15, late-add edge case included.
alex: Ooh, unprompted jump-in is the best demo. Should we seed a thread where two humans are stuck on something, so the agent has a natural reason to chime in?
frida: Related to the load test: one partner runs a ton of agents in a single workspace and said memory lookups felt laggy during their Monday standup rush.
oli: That lag report is useful. Frida, do you know if their agents were all reading the same memory entries or spread out? Changes how I'd shape the load test.
frida: Good question, not sure. I'll ask them which channels the agents were hitting during the rush and get back to you.
frida: Yes, something relatable like two people arguing over which snack order to get for the lunch 😂 agent jumps in with a tally
alex: Slightly random, but does the agent typing indicator also fire for the double replies? Would be good to know for the onboarding demo.
oli: Alex: yes, typing indicator fires per agent, so you'd see two bubbles for a double reply. Not great for a demo, I'd avoid that scenario.
alex: Haha perfect. Should I mock up the snack thread in the sandbox so the agent's reply looks natural on screen? I can draft it.
olavo: For the launch post, can I show agents joining a thread on their own? Want a clean gif, no double bubbles obviously 😅
oli: Olavo: thread-join gif is fine as long as only one agent is in the channel. Use a single-agent demo workspace.
frida: Yes please! Draft it and I'll run it past a couple of partners to see if the snack banter feels real 😊
alex: Okay so for the single-agent demo workspace, should I mock up the onboarding screens with just one agent in the sidebar? Easier to screenshot.
olavo: Yes please Alex, one agent in the sidebar works for me too. I'll grab screenshots from it for the press kit as well.",,,
76,Mon Oct 19,"nadia: Side note while we're regenerating tables: we'll decide whether the 3-shot results go in the paper at the Tue Oct 20 paper sync. Theo, export them too so we have both options ready.","- harbor workshop paper (submission deadline): Oct 23
- harbor eval suite release (version): v1.3 (changed Mon Oct 12; previously v1.2)
- eval compute reservation (owner): Elena
- harbor release gate (threshold): 70% pass@1 on the held-out set
- harbor held-out set (item count): 1,140 items (changed Mon Oct 19; previously 1,200 items)
- open item: Theo to rerun all baselines on harbor v1.3 (check point: Fri Oct 16)","--- Mon Oct 19 · #harbor-evals ---
nadia: Thinking the appendix should carry the per-category breakdowns and a couple of full agent transcripts. Too heavy for a workshop paper?
theo: Per-category tables are easy, I can export them straight from the results notebook. Full transcripts are the heavy part, some run absurdly long. Maybe trim to the interesting steps?
yuki: Yeah, I toured both. Lake house has way better space for whiteboarding, but the drive is long and wifi there was spotty.
yuki: Trimming is fine, but I'd keep one full transcript from the plateau tasks untouched. Readers will want to see the agent looping, not a cleaned-up version.
felix: Spotty wifi could hurt if we want to demo anything live. Did the lake house have a wired port anywhere, or would we tether?
theo: Ok, one untouched plateau transcript, rest trimmed. I'll export per-category tables against the 1,200 held-out items so the denominators match what we say in the main text.
yuki: For the plateau transcript, the task where the agent keeps rerunning the same failing build after editing the wrong config file is the clearest loop.
yuki: There was one ethernet port in the kitchen nook, I think. Router was in the garage though, so tethering might be more reliable.
marcus: Theo, use 1,140 not 1,200. Second contamination pass removed 60 more.
felix: Tethering a whole room off one phone sounds rough. Maybe we show recorded runs instead of live demos and avoid the problem?
yuki: Do the removed items skew toward any category? If the long-horizon tasks lost a chunk, the plateau might look different.
marcus: Quick look says most removals were web-app tasks with near-duplicate repos upstream. Long-horizon barely touched, but I'll confirm the per-category split.
felix: If the removals are mostly web-app forks, I can list the upstream repos that triggered them in the release notes. Might be useful for an appendix footnote too.
theo: Can you drop the removed item ids somewhere I can load them? The notebook filters by id, so the tables will just regenerate.
nadia: Side note while we're regenerating tables: we'll decide whether the 3-shot results go in the paper at the Tue Oct 20 paper sync. Theo, export them too so we have both options ready.",,,
77,Mon Sep 28,"mateo: Sized the data loader for 2,560 nodes. Filesystem read throughput has headroom, and prefetch workers per node should keep the GPUs fed. Dedup finishing is the only gate on my side.","- kestrel pretraining run (start date): Oct 5
- kestrel node allocation (node count): 2,048 nodes
- loss-spike rollback rule (threshold): roll back if loss rises more than 15% over 200 steps","--- Mon Sep 28 · #kestrel-run ---
lucia: Yes, same pod. Both flapping leafs feed racks in that pod. Seeing CRC errors on the uplinks, so I'm leaning optics, but not confirmed.
dmitri: Decision: kestrel starts Oct 5. Lucia, get the optics vs firmware call made and fixed well before then. Wen, redo the allocation table around whatever the pod looks like once that's resolved.
lucia: Pulling optic transceiver serials on the flapping uplinks now. If they share a batch, that settles it. Will swap one and rerun all-reduce soak.
wen: Whichever way the optics call goes, I'll draft two allocation variants: one with the flapping racks drained, one assuming they come back clean.
dmitri: Quick check Wen: is the kestrel node allocation 2,048 nodes? Want that confirmed before the variants go out.
wen: yep, confirmed
kofi: If the flapping racks get drained, I need to know before I size checkpoint shards. Fewer nodes changes the per-rank write pattern to storage.
mateo: Data side is looking fine so far. Tokenized shards are landing on the new filesystem, just waiting on the last dedup pass to finish.
hana: Whichever variant wins, I want straggler detection on from step zero. Flapping links would show up as a few slow ranks dragging MFU down.
hana: Stability rule for the run: roll back if loss rises more than 15%. I'll wire that into the monitor alongside the straggler alerts.
kofi: Also want async checkpoint staging on local NVMe before flush, otherwise a slow writer rank will stall the whole step. Testing that on the new filesystem.
hana: Also, that's measured over a 200-step window, not single-step spikes, so one noisy batch won't trip it.
lucia: Serials back: both flapping uplinks have transceivers from the same vendor lot. Swapped one, soak is running now, watching CRC counters on that port.
wen: If the swapped port stays clean, I'd want the other flapping uplink swapped too before I count those racks as healthy in the second variant.
mateo: Sized the data loader for 2,560 nodes. Filesystem read throughput has headroom, and prefetch workers per node should keep the GPUs fed. Dedup finishing is the only gate on my side.",,,
78,Wed Sep 30,"lucia: Cable swap on the second uplink done. Retrain count on that port is flat so far, watching optics levels on the C leaf.","- kestrel pretraining run (start date): Oct 5
- kestrel node allocation (node count): 2,048 nodes
- loss-spike rollback rule (threshold): roll back if loss rises more than 15% over 200 steps
- kestrel checkpoint cadence (interval): every 500 steps
- fabric incident on-call (owner): Lucia
- open item: Mateo to finish moving the tokenized datasets to the new storage tier (check point: Fri Oct 2)","--- Wed Sep 30 · #infra ---
lucia: fair, but I have a fabric call coming up so I can't be gone long. could we grab takeout from the noodle place and eat at our desks?
lucia: Second C uplink just retrained again, so I'm swapping the cable on that one. Firmware stays parked until counters hold clean.
hana: Once the patch lands, can we run a resume test from a save taken while a C link is deliberately flapping? Want to see the hash check actually trip.
mateo: takeout works, but then it's cold by the time I walk back. what if I just order ahead from the noodle place and pick it up on the way?
kofi: Yes, can do. I'll inject the flap via a fault script on the C leaf port so the short write actually hits a writer rank.
lucia: ordering ahead works. does their app let you set a pickup time? I want it ready right when I'm free between calls
mateo: Heads up, if we run that flap test, dataloader reads from the storage tier on C nodes might stall too. I'll watch for stragglers on the loader side.
wen: If the flap test stalls loaders on C, I can drain those nodes into the spare pool during the run. Which leaf ports are affected?
lucia: Affected ports are on the C leaf, the two uplinks I reseated and recabled. I'll post exact port IDs once counters settle.
mateo: yeah the app has a pickup time picker, I'll set it for when your call wraps. want the usual or something different?
hana: I'll add a monitor on resume that logs hash mismatch counts per rank, so a tripped check shows up on the dashboard and not just in logs.
kofi: Per-rank mismatch counts on the dashboard works for me. I'll emit the hash result as a structured log line so your monitor can scrape it.
lucia: the usual works. the spicy one with extra greens. my call wraps around the half hour, probably runs over though, IB flap again
mateo: Loader side I'll tag reads from C nodes in the metrics so stalls show up per node, not just aggregate throughput.
lucia: Cable swap on the second uplink done. Retrain count on that port is flat so far, watching optics levels on the C leaf.",,,
79,Wed Sep 16,"olavo: morning all! launch post draft v2 is up in the doc, would love eyes on the intro paragraph. also pricing page copy still needs a pass, I'll start on that after lunch 🚀","- public launch (date): Sep 24 (changed Mon Sep 14; previously Sep 17)
- Series A raise (amount): $20M
- launch waitlist email (owner): Olavo
- pricing (billing model): $12 per seat, agent actions metered
- agent access to DMs (policy): agents never read a DM unless a participant forwards it
- AND-341 (agent double-posts in threads) (owner): AJ
- open item: Frida to send design partners the Slack-to-Ando migration guide (check point: Fri Sep 11)","--- Wed Sep 16 · #gtm ---
olavo: morning all! launch post draft v2 is up in the doc, would love eyes on the intro paragraph. also pricing page copy still needs a pass, I'll start on that after lunch 🚀",,,
80,Mon Oct 12,"mateo: Both loaders are out of rotation. Prefetch depth on the rest is stable, so I'll keep watching it until the tech finishes the swap.","- kestrel pretraining run (start date): Oct 12 (changed Mon Oct 5; previously Oct 5)
- kestrel node allocation (node count): 2,048 nodes
- loss-spike rollback rule (threshold): roll back if loss rises more than 15% over 200 steps
- kestrel checkpoint cadence (interval): every 250 steps (changed Fri Oct 9; previously every 500 steps)
- fabric incident on-call (owner): Lucia
- open item: Mateo to finish moving the tokenized datasets to the new storage tier (check point: Fri Oct 2)
- open item: Dmitri to decide between tokenizer v3 and v4 for kestrel (check point: Thu Oct 8 run sync)","--- Mon Oct 12 · #kestrel-run ---
wen: Pulling per-node ECC and thermal counters across the allocation. A throttling GPU would show up as a slow rank before anything else.
lucia: Fabric is mine today. Paste the dataloader node names and flap timestamps, I'll cross-check against the leaf counters.
mateo: Pasting now. Flaps hit two of the loader nodes in the same rack, timestamps line up with the first few prefetch bursts. No retransmit errors in the dataloader logs though.
lucia: Thanks. Checking those two against the leaf port counters now. If they share a ToR, could be a bad optic or a dirty connector.
hana: Step time on the two ranks fed by those loader nodes looks flat so far. If the flaps stall prefetch, I'd expect a blip there first.
lucia: Both loader nodes sit under the same ToR. Port counters show CRC errors climbing on one of the optics. Looks like a marginal transceiver.
mateo: Makes sense. Can we swap that optic or drain those two loader nodes? Prefetch queues have headroom, so I can rebalance workers onto the others.
lucia: Swapping the optic needs a tech at the rack. I'd drain those two loader nodes first, then pull the transceiver and reseat the connector.
hana: If a crash lands mid-drain, we lose at most 500 steps of work, since checkpoints go every 500 steps. Worst case that's a few minutes of recompute at current step time. Fine to proceed with the drain.
mateo: Starting the drain on those two loader nodes now. Rebalancing dataloader workers onto the remaining hosts, will watch prefetch queue depth as it shifts.
lucia: Once the drain completes I'll send a tech to the rack for the transceiver. Keeping CRC counters on that ToR under watch in the meantime.
wen: ECC and thermal counters look clean across the allocation so far. No throttling ranks, MFU is holding steady while the loaders drain.
mateo: Drain's progressing. Prefetch queue depth on the remaining loaders is climbing a bit but still has headroom, no stalls on the consumer side.
lucia: Drain looks complete on my side. Tech is heading to the rack now; CRC counters on that ToR are still ticking up on the suspect optic.
mateo: Both loaders are out of rotation. Prefetch depth on the rest is stable, so I'll keep watching it until the tech finishes the swap.",,,
81,Wed Oct 7,"elena: scheduler dropped another batch overnight, jobs just sat in pending with free GPUs available. no errors in the controller log either","- harbor workshop paper (submission deadline): Oct 23
- harbor eval suite release (version): v1.2
- eval compute reservation (owner): Elena
- harbor release gate (threshold): 70% pass@1 on the held-out set
- harbor held-out set (item count): 1,200 items","--- Wed Oct 7 · #harbor-evals ---
nadia: Ok, we need to nail down the release gate and what goes in the held-out set today. Marcus, where are we on licensing for the scraped repos?
marcus: Mostly sorted. Most repos are MIT or Apache, but a handful have no license file at all, so I'm leaning toward dropping those until we hear back from maintainers.
yuki: Dropping the unlicensed ones makes sense to me. Do we know if they skew toward any particular task type? Don't want the held-out set lopsided afterward.
marcus: Checking now. Gut feeling is the unlicensed ones cluster in small CLI tools and research code, so refactoring and bug-fix tasks might take the hit.
yuki: Ok, that matters for the gate then. Release gate threshold is 70% pass@1, so if the bug-fix slice shrinks a lot we should check the variance on it.
theo: I can rerun the bug-fix slice with a few seeds on the current baseline to see how noisy it is once those repos are out.
yuki: also, that number is measured on the held-out set only, not dev. Dev scores shouldn't count toward it.
marcus: Bug-fix looks like the worst hit. A lot of the unlicensed ones are single-file scripts with small, self-contained failing tests, which are the cleanest bug-fix items.
marcus: Decision for the held-out set: it's 1,200 items, locked in after the unlicensed repos come out. If bug-fix ends up too thin, I'll backfill from licensed repos rather than shrink the total.
elena: scheduler dropped another batch overnight, jobs just sat in pending with free GPUs available. no errors in the controller log either",,,
82,Wed Sep 30,"hana: For storage sizing I'm assuming a checkpoint every 1,000 steps. Mateo, can you confirm the tier has headroom for that plus the per-shard hash sidecars?","- kestrel pretraining run (start date): Oct 5
- kestrel node allocation (node count): 2,048 nodes
- loss-spike rollback rule (threshold): roll back if loss rises more than 15% over 200 steps
- kestrel checkpoint cadence (interval): every 500 steps
- fabric incident on-call (owner): Lucia
- open item: Mateo to finish moving the tokenized datasets to the new storage tier (check point: Fri Oct 2)","--- Wed Sep 30 · #infra ---
mateo: Heads up, if we run that flap test, dataloader reads from the storage tier on C nodes might stall too. I'll watch for stragglers on the loader side.
wen: If the flap test stalls loaders on C, I can drain those nodes into the spare pool during the run. Which leaf ports are affected?
lucia: Affected ports are on the C leaf, the two uplinks I reseated and recabled. I'll post exact port IDs once counters settle.
mateo: yeah the app has a pickup time picker, I'll set it for when your call wraps. want the usual or something different?
hana: I'll add a monitor on resume that logs hash mismatch counts per rank, so a tripped check shows up on the dashboard and not just in logs.
kofi: Per-rank mismatch counts on the dashboard works for me. I'll emit the hash result as a structured log line so your monitor can scrape it.
lucia: the usual works. the spicy one with extra greens. my call wraps around the half hour, probably runs over though, IB flap again
mateo: Loader side I'll tag reads from C nodes in the metrics so stalls show up per node, not just aggregate throughput.
lucia: Cable swap on the second uplink done. Retrain count on that port is flat so far, watching optics levels on the C leaf.
mateo: ha, IB flap again. I'll pad the pickup a bit so it doesn't sit. I'll grab it and drop it at your desk.
kofi: Patch is up for review. Injected short write on a writer rank now retries instead of flipping the shard to complete. Hash lines look right in the structured log.
hana: I'll review the patch. Want to confirm the retry path doesn't stall the writer rank and skew step time during saves.
kofi: Retry runs on the flush thread, so the training step shouldn't block. I'll capture step time during the injected short write and attach it to the review.
lucia: Optics levels on the C leaf look stable so far. Still no clean window to say firmware's safe, so it stays parked.
hana: For storage sizing I'm assuming a checkpoint every 1,000 steps. Mateo, can you confirm the tier has headroom for that plus the per-shard hash sidecars?",,,
83,Thu Oct 8,gabe: Did you see the postmortem another enterprise customer posted? Their retry storm took down their own gateway for hours.,"- Northwind contract renewal (signature deadline): Oct 30
- Northwind discount (rate): 18% off list
- Northwind executive sponsor (person): Amara Okafor (CIO)
- open item: Ines to send the signed data processing addendum to Northwind legal (check point: Fri Oct 9)","--- Thu Oct 8 · #acct-northwind-eng ---
gabe: Pulled Northwind's usage logs from the last few weeks. Traffic is spiky around their morning clinic intake, lots of 429s in that window.
keiko: That tracks with what their ops lead told me on the call. Intake staff complained the assistant stalls right when the clinics open.
gabe: Looks like they fire a burst of parallel requests at open with no backoff. Retries just pile on and make the 429s worse.
keiko: Quick check before I reply to their ops lead: is Northwind's rate limit 40M tokens per minute? React 👍 if so.
gabe: Did you see the postmortem another enterprise customer posted? Their retry storm took down their own gateway for hours.",,,
84,Mon Oct 19,"tomas: Morning all. Friday's finance review is done and I've updated the order form draft with their comments. Redline v4 is in the deal folder. Rachel, can you confirm you've seen it before I send to Ines?","- Northwind contract renewal (signature deadline): Oct 30
- Northwind discount (rate): 15% off list (changed Mon Oct 12; previously 18% off list)
- Northwind executive sponsor (person): Jon Reyes (new CTO) (changed Thu Oct 15; previously Amara Okafor (CIO))
- Northwind rate limit (tokens per minute): 40M tokens per minute
- Northwind data retention (terms): zero data retention on all endpoints
- open item: Ines to send the signed data processing addendum to Northwind legal (check point: Fri Oct 9)
- open item: Rachel to decide whether to offer Northwind a two-year term (check point: Fri Oct 16 finance review)","--- Thu Oct 15 · #acct-northwind ---
keiko: I'll ask their platform lead whether the clinical teams run separate keys or share one. Will report back once I hear.
rachel: Darnell, the deck plan was for the previous sponsor. Who should receive it now, given we haven't met the new owner?
darnell: Fair point, that note was stale. I'll hold off on sending anything until we figure out an intro to the new owner.
keiko: Just thinking out loud: what if we went back to 18% to close faster? Not a proposal, only wondering if it'd help with a new CTO.
tomas: I'd keep the current plan, Keiko. Going back on the discount now would hurt our position, and we don't yet know what the new CTO wants. Let's learn his priorities first.
gabe: Agree with holding the line. If it helps, I can offer their platform lead a quick architecture walkthrough for the new CTO. Technical intros land easier than sales ones.
keiko: Walkthrough would help. Their platform lead mentioned the new CTO is big on clinical safety, so I'd frame it around that.
keiko: Perfect. I'll nudge their admin again tomorrow morning so we're not waiting on her too long.
ines: If he's focused on clinical safety, expect him to ask about logging and how model outputs get reviewed. I'd want our answers consistent across the deck and contract.
gabe: I can pull together a one-pager on how we handle output logging and what controls their team can set. Keeps the answers consistent with the deck.
rachel: Good. Keiko, when you talk to their platform lead, ask if the new CTO would take a short intro call before the QBR.
keiko: Will do. I'll also ask whether he'd like clinical safety examples from other health systems, so the call isn't just us talking at him.
darnell: Good. Once Keiko hears back, I'll look for someone on our side with a clinical safety background to join that intro.
rachel: Sounds like a plan. Keiko, flag anything the platform lead says about the new CTO's priorities so we can adjust the QBR story.
--- Mon Oct 19 · #acct-northwind ---
tomas: Morning all. Friday's finance review is done and I've updated the order form draft with their comments. Redline v4 is in the deal folder. Rachel, can you confirm you've seen it before I send to Ines?",,,
85,Mon Oct 12,"tomas: Order form draft pasted below. Pricing block reads 18% off list, with the rationale itemized line by line underneath so finance can trace each step.

Pricing: Northwind Health API usage, 18% off list. Rationale schedule attached as Exhibit B.","- Northwind contract renewal (signature deadline): Oct 30
- Northwind discount (rate): 15% off list (changed Mon Oct 12; previously 18% off list)
- Northwind executive sponsor (person): Amara Okafor (CIO)
- Northwind rate limit (tokens per minute): 40M tokens per minute
- Northwind data retention (terms): zero data retention on all endpoints
- open item: Ines to send the signed data processing addendum to Northwind legal (check point: Fri Oct 9)
- open item: Gabe to load-test Northwind's workload at their full rate limit (check point: Wed Oct 14)","--- Mon Oct 12 · #acct-northwind ---
tomas: Pricing block is in progress. I'll lay out the discount rationale line by line so finance can trace how we got there.
ines: Before the order form goes out, I'd like to see how finance's discount ask interacts with the data terms. Those clauses sometimes get traded away quietly.
tomas: Going with my suggestion from Thursday, Oct 8, on the Northwind discount. I'm building the pricing block on that basis now.
rachel: Tomas, which suggestion do you mean? Finance will ask which number we're defending, so I want it spelled out in the pricing block.
darnell: Whatever number we defend, I want to know what Northwind gives in return. Longer term, bigger commit, or a reference?
keiko: On the last call they hinted at rolling this out to more departments. That might be our opening for a bigger commit.
rachel: Working from the new 15% off list. I'll frame it for Northwind alongside the department rollout and a bigger commit, rather than leading with the number. Keiko, can you sound out their sponsor first?
keiko: Happy to. Their sponsor responds better to a quick call than email, so I'll pitch it as rollout planning, not pricing.
gabe: If more departments join, I'd like to know their use cases. Clinical notes versus patient messaging changes the integration and traffic picture.
keiko: From what I've heard, one group wants clinical note summaries and another wants patient portal messaging. I'll confirm on the sponsor call.
ines: Patient portal messaging is a different risk profile than note summaries. If those departments join, the data terms should cover both use cases explicitly.
gabe: Patient messaging traffic tends to spike during clinic hours, so I'd want to sanity-check their headroom before we pitch a wider rollout.
darnell: Good point, Gabe. If headroom is tight, that's a fair upsell angle too. Want the rollout story to include capacity, not just price.
gabe: I can pull their traffic by hour from the last few weeks and see how close they run to the ceiling.
tomas: Order form draft pasted below. Pricing block reads 18% off list, with the rationale itemized line by line underneath so finance can trace each step.

Pricing: Northwind Health API usage, 18% off list. Rationale schedule attached as Exhibit B.",,,
86,Thu Sep 10,"frida: hey Alex, for the design-partner lunch, any thoughts on format? Thinking casual, maybe demo corner so folks can poke at the agents 🙂","- public launch (date): Sep 17
- Series A raise (amount): $20M
- launch waitlist email (owner): Olavo
- pricing (billing model): $12 per seat, agent actions metered
- agent access to DMs (policy): agents never read a DM unless a participant forwards it
- open item: Frida to send design partners the Slack-to-Ando migration guide (check point: Fri Sep 11)","--- Thu Sep 10 · #eng ---
oli: Starting the launch-readiness checklist for the agent runtime. Three open items: DM permissions, the double-posting bug, memory store under load. Want status on each before standup.
aj: DM permissions: the core check is in, but I'm still tracing an edge case where an agent gets added to a group DM after it's already started.
alex: For that group DM edge case, what does the user see if the agent is added late? Does it get history or start blank? Asking for the onboarding copy.
aj: Right now it starts blank. History backfill is the part I'm tracing, since it touches the same permission check as the other DM cases.
aj: Policy for the permission check, so we're all building against the same rule: agents never read a DM unless a participant forwards it. That covers late-added agents too, so blank start is correct, no backfill.
alex: Got it, I'll write the late-add copy around a blank start. Should the agent post a short note saying it can't see earlier messages?
aj: A note works, but keep it generic. It shouldn't hint at what was said earlier, only that the agent joined late.
oli: Double-posting: repro'd it again locally. Looks like two agents both answering the same unaddressed message in a channel. Ticket's up, digging into the runtime dedupe.
frida: Fwiw one design partner hit that double reply last week, two bots answered the same question in their ops channel. They found it funny, but still.
oli: Who can take AND-341 (agent double-posts in threads)? Needs an owner before standup.
frida: hey Alex, for the design-partner lunch, any thoughts on format? Thinking casual, maybe demo corner so folks can poke at the agents 🙂",,,
87,Mon Sep 28,"lucia: Heads up, the cluster room is louder than a jet engine today. Swapping optics in there with earplugs in, so slow to reply if I miss pings.","- kestrel pretraining run (start date): Oct 5
- kestrel node allocation (node count): 2,048 nodes
- loss-spike rollback rule (threshold): roll back if loss rises more than 15% over 200 steps
- open item: Mateo to finish moving the tokenized datasets to the new storage tier (check point: Fri Oct 2)","--- Mon Sep 28 · #kestrel-run ---
lucia: Serials back: both flapping uplinks have transceivers from the same vendor lot. Swapped one, soak is running now, watching CRC counters on that port.
wen: If the swapped port stays clean, I'd want the other flapping uplink swapped too before I count those racks as healthy in the second variant.
mateo: Sized the data loader for 2,560 nodes. Filesystem read throughput has headroom, and prefetch workers per node should keep the GPUs fed. Dedup finishing is the only gate on my side.
kofi: NVMe staging test looks good so far: flush overlaps the next forward pass, no stalls on the slow writer. Restore path from the new filesystem still untested.
lucia: CRC counters on the swapped port are flat so far. Other flapping uplink still on the old optic, I'll swap it next and rerun the soak.
dmitri: Mateo, your loader sizing doesn't match the allocation Wen confirmed. Redo it against the confirmed number.
mateo: Fair, my bad. Redoing the loader sizing against Wen's number. Prefetch worker count per node will probably shift too, rechecking read throughput after.
kofi: Restore path is my next test. Will kill a rank mid-flush and confirm we resume cleanly from the staged NVMe copy.
mateo: Once dedup lands, I'll finish moving the tokenized datasets to the new storage tier by Fri Oct 2. That leaves a few days of buffer before the start.
hana: Lucia, can you send me the port-to-rank mapping for the flapping uplinks? I want straggler alerts to tag those ranks directly.
lucia: Yep, mapping coming. Both ports sit on the same leaf switch, so it's a handful of ranks per node. Exporting from the switch config now.
hana: Thanks. Once I have it I'll also add per-rank NCCL timing to the dashboard, so a slow allreduce on those ranks is visible right away.
kofi: Lucia, when the other uplink gets swapped, give me a heads-up. If those racks drop mid-soak I want to see how the staging path handles a rank vanishing.
lucia: Will do. Swapping the second optic after the current soak window closes, so CRC counters on the first port stay a clean baseline.
lucia: Heads up, the cluster room is louder than a jet engine today. Swapping optics in there with earplugs in, so slow to reply if I miss pings.",,,
88,Mon Oct 12,"nadia: Results table caption reads ""harbor v1.2, pass@1 across all scaffolds"". Theo, just drop the rerun numbers into that table when they're done, so the wording doesn't change.","- harbor workshop paper (submission deadline): Oct 23
- harbor eval suite release (version): v1.3 (changed Mon Oct 12; previously v1.2)
- eval compute reservation (owner): Elena
- harbor release gate (threshold): 70% pass@1 on the held-out set
- harbor held-out set (item count): 1,200 items
- open item: Theo to rerun all baselines on harbor v1.3 (check point: Fri Oct 16)","--- Mon Oct 12 · #harbor ---
yuki: Rescoring is fine for tasks whose test harness didn't change. Any task we patch to drop near-duplicate overlap needs a fresh run, though.
marcus: Near-duplicate check is doable. I'll run fuzzy matching on the solution diffs against the fork and gist dumps, then flag anything above a similarity cutoff.
yuki: Updating the eval config now to point at v1.3. Patched tasks get fresh runs, the rest can reuse saved traces. I'll flag which is which in the config.
elena: For the fresh runs, which scaffolds are slowest? I'd like to queue those first so they don't get stuck behind the quick ones.
theo: The multi-file refactor scaffolds are slowest by far, especially the one with the long tool-use loops. Those should go first in the queue.
elena: Got it, I'll put the refactor ones at the front. The long tool-use loops tend to hit timeouts, so I'll bump the per-run limit for those.
theo: Heads up, the long tool-use scaffold also eats a lot of tokens per run, so the logs get huge. Might want to check disk before queueing.
elena: Good call on disk. I'll check free space on the shared volume and point the big logs at scratch before queueing anything.
marcus: Fuzzy match on the fork dumps is running. A few gist hits look like reformatted copies, so whitespace and renamed variables won't fool it.
theo: Ok, committing: I'll rerun all baselines on harbor v1.3 and have them done by Fri Oct 16. Rescoring the unpatched tasks from saved traces, fresh runs only for the patched ones.
marcus: Also noticing some flagged tasks share a helper file across repos, so dropping one may orphan others. I'll list those dependencies for Felix.
felix: Helpful, Marcus. Send the helper-file dependencies as a list per task and I'll check which ones break when I cut the manifest.
yuki: Once Marcus's helper-file list is in, I'd like to check whether any orphaned tasks lose their only test fixture. Those would need a re-spec, not just removal.
marcus: Yuki, good point. I'll tag any task whose only fixture lives in a shared helper, so you can see which ones need a re-spec before Felix cuts.
nadia: Results table caption reads ""harbor v1.2, pass@1 across all scaffolds"". Theo, just drop the rerun numbers into that table when they're done, so the wording doesn't change.",,,
89,Thu Oct 8,"gabe: Yes, easy. I'll have the model return a one-line reason per flagged field, like 'date of birth blank', and the UI can show it.","- Northwind contract renewal (signature deadline): Oct 30
- Northwind discount (rate): 18% off list
- Northwind executive sponsor (person): Amara Okafor (CIO)
- Northwind rate limit (tokens per minute): 40M tokens per minute
- Northwind data retention (terms): zero data retention on all endpoints
- open item: Ines to send the signed data processing addendum to Northwind legal (check point: Fri Oct 9)
- open item: Gabe to load-test Northwind's workload at their full rate limit (check point: Wed Oct 14)","--- Thu Oct 8 · #acct-northwind-eng ---
rachel: Quick flag so nobody mixes them up: Northwind Logistics is a separate customer and renews Nov 15. Keep their numbers out of the Northwind Health deck.
gabe: On missing fields: yes. Have the model return a list of empty required fields in structured output, and the UI can highlight them for staff.
keiko: That's a clean answer, thanks. I'll pass it to their ops lead. She'll probably ask if staff can override a flagged field.
gabe: Yes, override is easy. I'd log which fields staff overrode though, so we can see where the model keeps misfiring.
keiko: Good call on logging overrides. Their ops lead will want a weekly view of the misfires, so staff feel heard rather than monitored.
gabe: A weekly misfire view is easy once overrides are logged. I can sketch a simple dashboard grouped by field type for her.
rachel: Great. Send it over when it's ready and I'll pass it to Keiko with a short intro. Keep the tone light.
keiko: A dashboard sketch would land well. She's also asking whether the misfire view can be shared with her floor supervisors, not just her.
gabe: Sharing with supervisors is fine technically. I'd just scope it by role so they only see their own floor's fields, nothing patient-level.
tomas: Looping in pricing for a moment: for the renewal, I'd float 15% off list as a possible discount. Purely a suggestion at this stage; nothing is decided, and it needs Darnell's sign-off.
gabe: Will do. I'll add a tiny test harness too, so their devs can simulate a 429 and watch the retries spread out.
rachel: Noted, Tomas. Darnell, let me know when you've had a look so I can build the renewal deck around it.
keiko: Their ops lead is also curious whether the missing-field flags could show a short reason, so staff know why something got flagged.
rachel: Nice, the test harness makes it much easier for Keiko to pitch. Devs love something they can just run.
gabe: Yes, easy. I'll have the model return a one-line reason per flagged field, like 'date of birth blank', and the UI can show it.",,,
90,Mon Oct 5,"mateo: I'll kick off data loading tonight since kestrel starts today, Oct 5. The tokenizer diff on those shards can run alongside it.","- kestrel pretraining run (start date): Oct 12 (changed Mon Oct 5; previously Oct 5)
- kestrel node allocation (node count): 2,048 nodes
- loss-spike rollback rule (threshold): roll back if loss rises more than 15% over 200 steps
- kestrel checkpoint cadence (interval): every 500 steps
- fabric incident on-call (owner): Lucia
- open item: Mateo to finish moving the tokenized datasets to the new storage tier (check point: Fri Oct 2)","--- Mon Oct 5 · #kestrel-run ---
mateo: Mostly specific shards, I think. Same few Python-heavy ones from the scrape dedup pass. I'll cross-check shard IDs against the spike steps.
wen: Table's reposted in the sheet. It assumes kestrel pretraining starts Oct 5, so the reserved block stays held from today. Tokenizer choice doesn't change the allocation, only the embedding shard layout.
kofi: Bigger vocab means the embedding shard layout changes, so I want to retest resharding on restore. Does it pad to a multiple of the TP degree?
dmitri: Actually make that Oct 12, not Oct 5. Fabric firmware rollout needs another week.
wen: Then the reserved block sits idle until the new start. Release it to the pool for backfill meanwhile, or keep holding?
lucia: Rollout is staged spine first, leaves after. Still seeing occasional link flaps on the old leaf image, so NCCL busbw will wobble until then.
kofi: Slip gives me time to run the resharding restore test on the bigger vocab layout. Still need an answer on padding to the TP degree.
kofi: With start now Oct 12, I'll move the restart drill to the week before, so the resharding restore test on the new vocab layout runs on the upgraded fabric.
mateo: Cross-checked shard IDs against the spike steps. They line up with the same handful of Python-heavy shards from the dedup pass, so it's shard-specific, not code in general.
hana: Shard-specific is good news then. Might be mixed tabs and spaces from the dedup pass, not the vocab. Can you diff tokenization on those shards?
mateo: Will do. I'll diff both tokenizers on those shards and count tab vs space runs in the indented blocks.
lucia: Flaps cluster on a few leaf uplinks in one row. CRC errors climbing on those ports, so I'm suspecting optics rather than the old image alone.
wen: If it's optics, which nodes sit behind those leaf uplinks? I can cross-check them against the reserved block and the ECC-flagged ones.
lucia: I can dump the port-to-node map for that row from the fabric manager. Optics swap would mean draining whatever sits behind those leaves.
mateo: I'll kick off data loading tonight since kestrel starts today, Oct 5. The tokenizer diff on those shards can run alongside it.",,,
91,Tue Sep 22,"alex: Random q while we're on the waitlist email: who's actually sending it Thursday? Olavo, is that you, or does Sara hit send?","- public launch (date): Sep 24 (changed Mon Sep 14; previously Sep 17)
- Series A raise (amount): $20M
- launch waitlist email (owner): Olavo
- pricing (billing model): $12 per human seat, agents free (changed Wed Sep 16; previously $12 per seat, agent actions metered)
- agent access to DMs (policy): agents never read a DM unless a participant forwards it
- AND-341 (agent double-posts in threads) (owner): Oli (changed Fri Sep 18; previously AJ)
- open item: Frida to send design partners the Slack-to-Ando migration guide (check point: Fri Sep 11)
- open item: Sara to decide whether agents may DM a human first, without being asked (check point: Mon Sep 21 design review)","--- Tue Sep 22 · #design-partners ---
oli: Stripe customer object has a name field separate from the email, so company name should work. Need to confirm what our invoice template pulls.
frida: Thanks Oli. Separate thing: I told the agency heads-up that after launch it's agent actions metered, so their invoice will vary month to month. They were fine with it, just wanted finance to know.
alex: Back to FAQ wording. When an agent jumps into a thread untagged, do we say ""joins"" or ""chimes in""? Partners might read that as intrusive.
olavo: ""Joins"" reads calmer to me, ""chimes in"" sounds like butting in. Maybe a line in the FAQ about muting an agent per channel?
alex: Good idea on muting. Should it be per channel only, or can someone mute an agent in just one thread too? Partners will ask.
aj: Per channel is easy since mute is a membership-level flag. Per thread means a new subscription state to track, and search needs to respect it too.
frida: One partner mentioned wanting an agent quiet in one noisy thread but still active in the channel. So per-thread might come up.
frida: Unrelated, heads up: I need to leave early Thursday for a family thing. Can someone cover partner questions in the afternoon? Happy to leave notes on who's waiting on what.
oli: I can take partner questions Thursday afternoon, but only the technical ones. Frida, put billing stuff in your notes separately.
alex: Thanks Oli. Frida, could you also jot down which partners asked about per-thread muting? I'd like to quote them in the FAQ review.
frida: Yep, will do. Two of them mentioned it so far, I'll add names and what they said to my notes doc.
olavo: For the waitlist email, should I mention agents can be muted? Feels like a good trust line, but don't want to overpromise on per-thread.
alex: Quick question on muting: does a muted agent still read the channel for memory, or fully stop? Partners will ask.
aj: Mute as built only silences posting and notifications. Memory indexing still runs on the channel. A true stop-reading option would be a separate flag.
alex: Random q while we're on the waitlist email: who's actually sending it Thursday? Olavo, is that you, or does Sara hit send?",,,
92,Thu Sep 10,frida: Yes please! Draft it and I'll run it past a couple of partners to see if the snack banter feels real 😊,"- public launch (date): Sep 17
- Series A raise (amount): $20M
- launch waitlist email (owner): Olavo
- pricing (billing model): $12 per seat, agent actions metered
- agent access to DMs (policy): agents never read a DM unless a participant forwards it
- AND-341 (agent double-posts in threads) (owner): AJ
- open item: Frida to send design partners the Slack-to-Ando migration guide (check point: Fri Sep 11)
- open item: AJ to merge the forwarded-DM permission check (check point: Tue Sep 15)","--- Thu Sep 10 · #eng ---
aj: No baseline yet. I have a read-heavy test script but it only simulates a handful of agents. Need to scale it up first.
oli: There's an agent-sim harness in the runtime tests that spawns fake agents with canned channel traffic. Might save you rebuilding. Check if it fits your script.
frida: Yes! Name cards are great. One partner mentioned she'd love to see an agent jump into a thread unprompted, so maybe a script for that moment 😄
aj: Thanks, I'll try the sim harness for the load test. Also, on DM permissions: I'll merge the forwarded-DM permission check by Tue Sep 15, late-add edge case included.
alex: Ooh, unprompted jump-in is the best demo. Should we seed a thread where two humans are stuck on something, so the agent has a natural reason to chime in?
frida: Related to the load test: one partner runs a ton of agents in a single workspace and said memory lookups felt laggy during their Monday standup rush.
oli: That lag report is useful. Frida, do you know if their agents were all reading the same memory entries or spread out? Changes how I'd shape the load test.
frida: Good question, not sure. I'll ask them which channels the agents were hitting during the rush and get back to you.
frida: Yes, something relatable like two people arguing over which snack order to get for the lunch 😂 agent jumps in with a tally
alex: Slightly random, but does the agent typing indicator also fire for the double replies? Would be good to know for the onboarding demo.
oli: Alex: yes, typing indicator fires per agent, so you'd see two bubbles for a double reply. Not great for a demo, I'd avoid that scenario.
alex: Haha perfect. Should I mock up the snack thread in the sandbox so the agent's reply looks natural on screen? I can draft it.
olavo: For the launch post, can I show agents joining a thread on their own? Want a clean gif, no double bubbles obviously 😅
oli: Olavo: thread-join gif is fine as long as only one agent is in the channel. Use a single-agent demo workspace.
frida: Yes please! Draft it and I'll run it past a couple of partners to see if the snack banter feels real 😊",,,
93,Thu Oct 8,gabe: A weekly misfire view is easy once overrides are logged. I can sketch a simple dashboard grouped by field type for her.,"- Northwind contract renewal (signature deadline): Oct 30
- Northwind discount (rate): 18% off list
- Northwind executive sponsor (person): Amara Okafor (CIO)
- Northwind rate limit (tokens per minute): 40M tokens per minute
- Northwind data retention (terms): zero data retention on all endpoints
- open item: Ines to send the signed data processing addendum to Northwind legal (check point: Fri Oct 9)
- open item: Gabe to load-test Northwind's workload at their full rate limit (check point: Wed Oct 14)","--- Thu Oct 8 · #acct-northwind-eng ---
keiko: Gabe, can the assistant flag missing fields? If it misfires they'll want to debug, and logs will be available since Northwind is on standard 30-day retention. I'll tell their ops lead.
gabe: Sure, I'll write one up in Python with exponential backoff, full jitter, and a cap. Should honor the retry-after header too.
darnell: Their exec sponsor liked the intake demo last quarter. Once the tuning story is solid, that's a good thing to bring back up.
gabe: Also noticed their system prompt is huge and resent on every call. Trimming it or using prompt caching should cut latency on intake.
rachel: Perfect. Add a line or two on why jitter matters, so Keiko can frame it as a tip, not criticism.
keiko: Their ops lead hand-tuned that prompt for months, so she'll want reassurance that trimming won't change how the assistant behaves.
gabe: Fair. Caching keeps the prompt text identical, so behavior shouldn't shift. I can diff outputs on the de-identified forms before and after to show her.
gabe: Will do. I'll frame jitter as spreading retries out so clients don't all hit at once. Keiko can drop it in as a friendly tip.
rachel: Before/after diff on the forms would make a solid slide for the renewal deck. Customers like seeing proof, not promises.
rachel: Quick flag so nobody mixes them up: Northwind Logistics is a separate customer and renews Nov 15. Keep their numbers out of the Northwind Health deck.
gabe: On missing fields: yes. Have the model return a list of empty required fields in structured output, and the UI can highlight them for staff.
keiko: That's a clean answer, thanks. I'll pass it to their ops lead. She'll probably ask if staff can override a flagged field.
gabe: Yes, override is easy. I'd log which fields staff overrode though, so we can see where the model keeps misfiring.
keiko: Good call on logging overrides. Their ops lead will want a weekly view of the misfires, so staff feel heard rather than monitored.
gabe: A weekly misfire view is easy once overrides are logged. I can sketch a simple dashboard grouped by field type for her.",,,
94,Mon Oct 5,"felix: Release note for planning: the harbor release version is v1.2. It'll carry the contamination replacements once marcus's list is final, so the changelog stays in one place.",- harbor workshop paper (submission deadline): Oct 23,"--- Mon Oct 5 · #harbor ---
nadia: Morning all. Want to line up the release and the paper this week. Who has the latest on contamination fixes and where compute stands?
marcus: I've got the contamination scan mostly done. A handful of tasks overlap with public repos, still checking licenses on the replacements before I post the list.
elena: On compute, the last full sweep ran clean overnight. I can slot the rerun once marcus's replacement list is settled.
yuki: Quick check before I lock the pass criteria section: is the harbor workshop paper submission deadline Oct 23? React 👍 if so.
(nadia reacted 👍 to yuki's message)
theo: Baselines table is still on the old task set. I'll regenerate once the replacements land, otherwise the numbers won't line up with the new items.
marcus: Two of the overlapping tasks are near-verbatim from a popular CLI repo. Leaning toward dropping those outright rather than rewriting them, since the solutions are easy to find.
felix: Release note for planning: the harbor release version is v1.2. It'll carry the contamination replacements once marcus's list is final, so the changelog stays in one place.",,,
95,Thu Oct 15,"keiko: Perfect, thank you! One of their folks mentioned a dietary restriction, so I'll find out specifics and pass them along.","- Northwind contract renewal (signature deadline): Oct 30
- Northwind discount (rate): 15% off list (changed Mon Oct 12; previously 18% off list)
- Northwind executive sponsor (person): Amara Okafor (CIO)
- Northwind rate limit (tokens per minute): 40M tokens per minute
- Northwind data retention (terms): zero data retention on all endpoints
- open item: Ines to send the signed data processing addendum to Northwind legal (check point: Fri Oct 9)","--- Mon Oct 12 · #acct-northwind ---
darnell: There's a regional health system we rolled out across departments. I'll ask if they'd do a reference call; otherwise an anonymized story works.
rachel: Keiko, when you talk to the sponsor, ask who in finance signs off on the discount. I want them in the loop early.
keiko: Will do. I'll also ask if finance wants to see the rollout plan before the discount conversation or alongside it.
darnell: Good. Also worth asking the sponsor whether other departments have already been asking about this. Internal pull makes the expansion story much easier.
keiko: Will do. I'll also see if the sponsor can intro me to the department leads who've been asking, so we can hear their use cases directly.
gabe: Nice, that'd help me too. If I can hear the department leads' use cases, I can sketch the integration shape for each.
rachel: Good. Tomas, once you've sorted the pricing block, ping me before anything goes into the order form draft.
--- Thu Oct 15 · #acct-northwind ---
rachel: Kicking off QBR prep for Northwind. Gabe's check-in cleared the technical side, so now we need a position on term length for the renewal. Tomas, can you model one-year vs multi-year?
keiko: Darnell, for the Northwind QBR dinner, their team mentioned they'd love somewhere quiet enough to actually talk. Any spots you like?
tomas: Yes, I'll model both. For the multi-year case, do we want the discount held flat or stepped across the years?
keiko: Their procurement lead keeps asking about price protection in the later years, so flat might land better. Stepped could feel like a hidden increase to them.
darnell: Quiet is the right call. There's a place with a back room I've used before, good for small groups. I'll check if it's open for us.
ines: If we go flat across years, I'd want the order form to say price holds only while volume stays in the committed band. Otherwise we're exposed.
rachel: Good point, Ines. Let's draft both versions with the volume-band language in. I'll plan to walk the term options through with Amara Okafor, their CIO and our exec sponsor, before the QBR so nothing surprises her.
keiko: Perfect, thank you! One of their folks mentioned a dietary restriction, so I'll find out specifics and pass them along.",,,
96,Fri Oct 9,"hana: Heads up, family emergency came up and I have to log off for the day. Alert mute and the baseline setup aren't done yet, so someone please cover monitoring for the drill.","- kestrel pretraining run (start date): Oct 12 (changed Mon Oct 5; previously Oct 5)
- kestrel node allocation (node count): 2,048 nodes
- loss-spike rollback rule (threshold): roll back if loss rises more than 15% over 200 steps
- kestrel checkpoint cadence (interval): every 250 steps (changed Fri Oct 9; previously every 500 steps)
- fabric incident on-call (owner): Lucia
- open item: Mateo to finish moving the tokenized datasets to the new storage tier (check point: Fri Oct 2)
- open item: Dmitri to decide between tokenizer v3 and v4 for kestrel (check point: Thu Oct 8 run sync)
- open item: Kofi to run the checkpoint-restart drill on the full allocation (check point: Sat Oct 10)","--- Fri Oct 9 · #infra ---
dmitri: I'll have Lucia export the flap logs with a leaf port map so they can match optics to the worst offenders. Badge request needs legal names for the hall desk.
kofi: A gap in the drill works for the reseat. Restore path reads shards from storage anyway, so that's a natural idle window on those ranks.
wen: I'll get legal names from their account rep and file the badge request. Also asking whether their techs need a hall escort.
hana: Then I'll mute the step-time stall alert on the leaf 14 ranks during restore, so the reseat doesn't page anyone.
mateo: Restore reads will hit the new storage tier hard on those shards. Should be fine, but I'll watch read latency during the drill.
mateo: I sized the storage write budget around a checkpoint every 500 steps, so the new tier should absorb the async flushes with headroom. Restore reads are the bigger unknown.
wen: Drill is a good chance to check straggler behavior after restore too. Last time a couple of ranks came back with lower MFU than the rest.
kofi: Good point on stragglers. I'll log per-rank restore time and first-step time so slow ones stand out right away.
dmitri: Fine, but the drill can't slip because of the reseat. If it's going to eat time, tell me now.
kofi: Won't slip. I'll run the checkpoint-restart drill on the full allocation by Sat Oct 10, and the leaf 14 reseat goes in the restore idle window.
hana: Also want a baseline of loss and grad-norm on the restored ranks, so we can tell a clean resume from a silent divergence.
kofi: tighter save interval means more flush volume than I budgeted for. Rerunning the write numbers against the new tier now, will post what I find.
mateo: I can pull sustained write throughput per stripe from the earlier soak test, so you're not plugging in a spec-sheet number.
dmitri: Assume they need an escort until the hall desk says otherwise. Also ask them to bring an optical power meter, a few links look marginal on rx levels.
hana: Heads up, family emergency came up and I have to log off for the day. Alert mute and the baseline setup aren't done yet, so someone please cover monitoring for the drill.",,,
97,Wed Sep 30,kofi: Per-rank mismatch counts on the dashboard works for me. I'll emit the hash result as a structured log line so your monitor can scrape it.,"- kestrel pretraining run (start date): Oct 5
- kestrel node allocation (node count): 2,048 nodes
- loss-spike rollback rule (threshold): roll back if loss rises more than 15% over 200 steps
- kestrel checkpoint cadence (interval): every 500 steps
- fabric incident on-call (owner): Lucia
- open item: Mateo to finish moving the tokenized datasets to the new storage tier (check point: Fri Oct 2)","--- Wed Sep 30 · #infra ---
dmitri: Oct 5. That's the start date, so lock the table against it. I don't want it sliding because of the C uplinks.
wen: Got it, locking the table against that. Holding a small spare pool outside the main reservation in case C nodes need to be drained.
kofi: Patch is small: only flip the shard to complete after the write returns full length, otherwise retry. Testing against an injected short write on a writer rank.
lucia: fair, but I have a fabric call coming up so I can't be gone long. could we grab takeout from the noodle place and eat at our desks?
lucia: Second C uplink just retrained again, so I'm swapping the cable on that one. Firmware stays parked until counters hold clean.
hana: Once the patch lands, can we run a resume test from a save taken while a C link is deliberately flapping? Want to see the hash check actually trip.
mateo: takeout works, but then it's cold by the time I walk back. what if I just order ahead from the noodle place and pick it up on the way?
kofi: Yes, can do. I'll inject the flap via a fault script on the C leaf port so the short write actually hits a writer rank.
lucia: ordering ahead works. does their app let you set a pickup time? I want it ready right when I'm free between calls
mateo: Heads up, if we run that flap test, dataloader reads from the storage tier on C nodes might stall too. I'll watch for stragglers on the loader side.
wen: If the flap test stalls loaders on C, I can drain those nodes into the spare pool during the run. Which leaf ports are affected?
lucia: Affected ports are on the C leaf, the two uplinks I reseated and recabled. I'll post exact port IDs once counters settle.
mateo: yeah the app has a pickup time picker, I'll set it for when your call wraps. want the usual or something different?
hana: I'll add a monitor on resume that logs hash mismatch counts per rank, so a tripped check shows up on the dashboard and not just in logs.
kofi: Per-rank mismatch counts on the dashboard works for me. I'll emit the hash result as a structured log line so your monitor can scrape it.",,,
98,Mon Sep 28,"dmitri: Quick check Wen: is the kestrel node allocation 2,048 nodes? Want that confirmed before the variants go out.",- kestrel pretraining run (start date): Oct 5,"--- Mon Sep 28 · #kestrel-run ---
dmitri: Kickoff thread for kestrel. Need start date, allocation, stability rules and data readiness all pinned down in here today. Who has blockers?
lucia: Fabric blocker from my side: two leaf switches in the new pod still flap under heavy all-reduce. Haven't isolated whether it's optics or firmware.
wen: Do those flapping leaf switches sit in the pod I was planning to hand kestrel? If so I need to rework the allocation table.
lucia: Yes, same pod. Both flapping leafs feed racks in that pod. Seeing CRC errors on the uplinks, so I'm leaning optics, but not confirmed.
dmitri: Decision: kestrel starts Oct 5. Lucia, get the optics vs firmware call made and fixed well before then. Wen, redo the allocation table around whatever the pod looks like once that's resolved.
lucia: Pulling optic transceiver serials on the flapping uplinks now. If they share a batch, that settles it. Will swap one and rerun all-reduce soak.
wen: Whichever way the optics call goes, I'll draft two allocation variants: one with the flapping racks drained, one assuming they come back clean.
dmitri: Quick check Wen: is the kestrel node allocation 2,048 nodes? Want that confirmed before the variants go out.",,,
99,Mon Oct 12,"theo: Ok, committing: I'll rerun all baselines on harbor v1.3 and have them done by Fri Oct 16. Rescoring the unpatched tasks from saved traces, fresh runs only for the patched ones.","- harbor workshop paper (submission deadline): Oct 23
- harbor eval suite release (version): v1.3 (changed Mon Oct 12; previously v1.2)
- eval compute reservation (owner): Elena
- harbor release gate (threshold): 70% pass@1 on the held-out set
- harbor held-out set (item count): 1,200 items","--- Mon Oct 12 · #harbor ---
felix: Thanks Marcus. Once I have the flagged list I can cut the affected tasks from the manifest and rebuild the release candidate. Are the mirrors the only source, or do the repos show up elsewhere too?
marcus: Not only mirrors. Some of the same repos also show up as forks and in a few public gist dumps, so I'm checking those too.
yuki: If forks and gists are in play, we should check whether near-duplicate solutions count too, not just exact repo matches. Otherwise partial leakage slips through.
felix: Going with what I proposed last Wednesday (Oct 7) for the new harbor release. Starting on it now, will rebuild the candidate as soon as Marcus's flagged list lands.
theo: Do I rerun every baseline from scratch, or just rescore the surviving tasks from the saved traces? Rescoring would be way faster for the slow scaffolds.
yuki: Rescoring is fine for tasks whose test harness didn't change. Any task we patch to drop near-duplicate overlap needs a fresh run, though.
marcus: Near-duplicate check is doable. I'll run fuzzy matching on the solution diffs against the fork and gist dumps, then flag anything above a similarity cutoff.
yuki: Updating the eval config now to point at v1.3. Patched tasks get fresh runs, the rest can reuse saved traces. I'll flag which is which in the config.
elena: For the fresh runs, which scaffolds are slowest? I'd like to queue those first so they don't get stuck behind the quick ones.
theo: The multi-file refactor scaffolds are slowest by far, especially the one with the long tool-use loops. Those should go first in the queue.
elena: Got it, I'll put the refactor ones at the front. The long tool-use loops tend to hit timeouts, so I'll bump the per-run limit for those.
theo: Heads up, the long tool-use scaffold also eats a lot of tokens per run, so the logs get huge. Might want to check disk before queueing.
elena: Good call on disk. I'll check free space on the shared volume and point the big logs at scratch before queueing anything.
marcus: Fuzzy match on the fork dumps is running. A few gist hits look like reformatted copies, so whitespace and renamed variables won't fool it.
theo: Ok, committing: I'll rerun all baselines on harbor v1.3 and have them done by Fri Oct 16. Rescoring the unpatched tasks from saved traces, fresh runs only for the patched ones.",,,
100,Fri Oct 9,"kofi: Won't slip. I'll run the checkpoint-restart drill on the full allocation by Sat Oct 10, and the leaf 14 reseat goes in the restore idle window.","- kestrel pretraining run (start date): Oct 12 (changed Mon Oct 5; previously Oct 5)
- kestrel node allocation (node count): 2,048 nodes
- loss-spike rollback rule (threshold): roll back if loss rises more than 15% over 200 steps
- kestrel checkpoint cadence (interval): every 250 steps (changed Fri Oct 9; previously every 500 steps)
- fabric incident on-call (owner): Lucia
- open item: Mateo to finish moving the tokenized datasets to the new storage tier (check point: Fri Oct 2)
- open item: Dmitri to decide between tokenizer v3 and v4 for kestrel (check point: Thu Oct 8 run sync)","--- Fri Oct 9 · #infra ---
kofi: Pasted in the ckpt-writer thread. Save interval is tighter, and the flush now runs off the training thread, so the step shouldn't block on storage writes.
lucia: If we want the leaf 14 uplink reseated before the run starts Oct 5, I need a drain window. Symbol errors still creeping.
lucia: *sorry, typo. The run starts Oct 12, not Oct 5. Still need the drain window for the leaf 14 reseat before then.
wen: I'll ask them to bring spare optics and a fiber scope for those leaf ports. Also need hall badge access sorted for their people.
wen: Spares off leaf 14 exist, but they're in the pool I'd rather not drain. Can the reseat wait for a natural gap in the drill?
dmitri: I'll have Lucia export the flap logs with a leaf port map so they can match optics to the worst offenders. Badge request needs legal names for the hall desk.
kofi: A gap in the drill works for the reseat. Restore path reads shards from storage anyway, so that's a natural idle window on those ranks.
wen: I'll get legal names from their account rep and file the badge request. Also asking whether their techs need a hall escort.
hana: Then I'll mute the step-time stall alert on the leaf 14 ranks during restore, so the reseat doesn't page anyone.
mateo: Restore reads will hit the new storage tier hard on those shards. Should be fine, but I'll watch read latency during the drill.
mateo: I sized the storage write budget around a checkpoint every 500 steps, so the new tier should absorb the async flushes with headroom. Restore reads are the bigger unknown.
wen: Drill is a good chance to check straggler behavior after restore too. Last time a couple of ranks came back with lower MFU than the rest.
kofi: Good point on stragglers. I'll log per-rank restore time and first-step time so slow ones stand out right away.
dmitri: Fine, but the drill can't slip because of the reseat. If it's going to eat time, tell me now.
kofi: Won't slip. I'll run the checkpoint-restart drill on the full allocation by Sat Oct 10, and the leaf 14 reseat goes in the restore idle window.",,,
