ws,plant_id,type,chunker,retriever,delivery,outcome,answer,evidence_form,restated,bucket,structure
ando,ando-p01,contradiction,window,-,full,correct,"The current billing model is $12 per seat, with agent actions metered on top of that (per Sara), though Alex's pricing page sketch shows $15 per seat, which conflicts with Sara's number.",distributed,False,near,flat
ando,ando-p01,contradiction,oracle,-,full,correct,"The current billing model is $12 per seat, with agent actions metered on top of that per-seat price (Alex's $15 mock on the pricing page conflicts with Sara's $12, which is what goes in the launch post and email).",distributed,False,near,flat
ando,ando-p01,contradiction,A,bm25,full,correct,"The billing model is $12 per seat, with agent actions metered on top of the per-seat price (Alex's $15 mock conflicts with Sara's stated $12).",distributed,False,near,flat
ando,ando-p01,contradiction,A,emb,full,correct,"The pricing is $12 per seat (per Sara, who owns the decision), with agent actions metered on top of that; Alex's $15 mock on the pricing page conflicts with this and looks like an error.",distributed,False,near,flat
ando,ando-p01,contradiction,A,rrf,full,correct,"The billing model is $12 per seat, with agent actions metered on top of the per-seat price (Alex's $15 mock conflicts with Sara's stated $12).",distributed,False,near,flat
ando,ando-p01,contradiction,B,bm25,full,correct,"The billing model is $12 per seat, with agent actions metered on top of that (Sara's decision; Alex's $15 mock on the pricing page conflicts with it).",distributed,False,near,flat
ando,ando-p01,contradiction,B,emb,full,correct,"The billing model is $12 per seat, with agent actions metered on top of the per-seat price (Sara's decision; Alex's $15 mock for the pricing page conflicts with it and wasn't confirmed).",distributed,False,near,flat
ando,ando-p01,contradiction,B,rrf,full,correct,"The pricing is $12 per seat, with agent actions metered on top of the per-seat price (Alex's $15 mock conflicts with Sara's locked $12).",distributed,False,near,flat
ando,ando-p01,contradiction,C,bm25,full,correct,"The pricing is $12 per seat (per Sara, who set the official figure), with agent actions metered on top of that. Alex's $15 per seat in the pricing page mock conflicts with it, so the mock appears to be wrong.",distributed,False,near,flat
ando,ando-p01,contradiction,C,emb,full,correct,"Pricing is $12 per seat, with agent actions metered on top of the per-seat price (Alex's $15 mock conflicts with Sara's locked $12).",distributed,False,near,flat
ando,ando-p01,contradiction,C,rrf,full,correct,"Pricing is $12 per seat, with agent actions metered on top of the per-seat price (Alex's mock showing $15 is a mismatch with Sara's locked number).",distributed,False,near,flat
ando,ando-p01,contradiction,Cstar,bm25,full,correct,"Pricing is $12 per seat, with agent actions metered on top of the per-seat price (Alex's $15 mock conflicts with Sara's locked $12).",distributed,False,near,flat
ando,ando-p01,contradiction,Cstar,emb,full,correct,"Pricing is $12 per seat, with agent actions metered on top of the per-seat price (Alex's mock showing $15 conflicts with Sara's locked $12).",distributed,False,near,flat
ando,ando-p01,contradiction,Cstar,rrf,full,correct,"The pricing is $12 per seat, with agent actions metered on top of the per-seat price (Alex's $15 mock is inconsistent with Sara's locked figure).",distributed,False,near,flat
ando,ando-p01,contradiction,D,bm25,full,correct,"Pricing is $12 per seat, with agent actions metered on top of the per-seat price (Alex's $15 mock conflicts with Sara's locked $12).",distributed,False,near,flat
ando,ando-p01,contradiction,D,emb,full,correct,"The billing model is $12 per seat, with agent actions metered on top of that per-seat price (Alex's $15 mock conflicts with Sara's locked $12).",distributed,False,near,flat
ando,ando-p01,contradiction,D,rrf,full,correct,"Pricing is $12 per seat, with agent actions metered on top of the per-seat price (Alex's $15 mock conflicts with Sara's locked $12).",distributed,False,near,flat
ando,ando-p01,contradiction,E,bm25,full,correct,"Pricing is $12 per seat, with agent actions metered on top of the per-seat price (Alex's $15 mock conflicts with Sara's stated $12).",distributed,False,near,flat
ando,ando-p01,contradiction,E,emb,full,correct,"The pricing is $12 per seat (per Sara, for the launch post and waitlist email), with agent actions metered on top of that. Alex's pricing page mock showing $15 per seat conflicts with it, and Sara's number is the one she said to use.",distributed,False,near,flat
ando,ando-p01,contradiction,E,rrf,full,correct,"Pricing is $12 per seat, with agent actions metered on top of the per-seat price (Alex's $15 mock conflicts with Sara's stated $12).",distributed,False,near,flat
ando,ando-p03,contradiction,window,-,none,wrong,"The launch is on Sep 18, going by Alex's note about ""design freeze around the Sep 18 launch.""",explicit,False,far,flat
ando,ando-p03,contradiction,oracle,-,full,correct,"The public launch is on Sep 17, as Sara confirmed when she locked the date. Alex's later mention of ""Sep 18"" conflicts with this, but Sara's message is the authoritative one.",explicit,False,far,flat
ando,ando-p03,contradiction,A,bm25,full,correct,"Public launch is Sep 17, as Sara locked in the #launch kickoff. Alex's later ""Sep 18"" reference looks like a mistake, since Sara never changed the date.",explicit,False,far,flat
ando,ando-p03,contradiction,A,emb,full,correct,"Public launch is Sep 17, as Sara locked it; Alex's ""Sep 18"" reference appears to be a mistake.",explicit,False,far,flat
ando,ando-p03,contradiction,A,rrf,full,correct,"The public launch is Sep 17, per Sara, who locked the date. Alex's later mention of ""Sep 18"" is not an authoritative change.",explicit,False,far,flat
ando,ando-p03,contradiction,B,bm25,full,correct,"Public launch is Sep 17, as Sara locked it in. Alex's later mention of ""Sep 18"" conflicts with that, but Sara set the date.",explicit,False,far,flat
ando,ando-p03,contradiction,B,emb,full,correct,"The memory gives conflicting dates. Sara, who is locking the date, said public launch is Sep 17, while Alex's later message mentions ""the Sep 18 launch"" in passing. Sara's explicit statement is the authoritative one.

Public launch is Sep 17.",explicit,False,far,flat
ando,ando-p03,contradiction,B,rrf,full,correct,"The public launch is Sep 17, as Sara locked it in. Alex's later mention of a ""Sep 18 launch"" conflicts with that, but Sara set the date.",explicit,False,far,flat
ando,ando-p03,contradiction,C,bm25,full,correct,"There are conflicting dates in the notes: Sara, who owns the decision, locked the public launch for Sep 17, while Alex later mentioned planning design freeze ""around the Sep 18 launch,"" which looks like a casual slip rather than a change to the date.

The public launch is on Sep 17.",explicit,False,far,flat
ando,ando-p03,contradiction,C,emb,full,correct,"The memory has conflicting information: Sara locked the public launch date as Sep 17, while Alex later mentioned planning the design freeze ""around the Sep 18 launch."" Sara, who owns the decision, set it explicitly, so Alex's mention is likely a slip.

Public launch is Sep 17, per Sara's locked date.",explicit,False,far,flat
ando,ando-p03,contradiction,C,rrf,full,correct,"The memory conflicts on the date: Sara locked public launch for Sep 17, while Alex mentioned planning design freeze ""around the Sep 18 launch,"" which looks like a loose reference rather than a date decision. The current date is Sep 17.

**Public launch is Sep 17.**",explicit,False,far,flat
ando,ando-p03,contradiction,Cstar,bm25,full,correct,"The public launch is on Sep 17, as Sara locked it in during the kickoff; Alex's later mention of ""Sep 18"" looks like a slip.",explicit,False,far,flat
ando,ando-p03,contradiction,Cstar,emb,full,correct,"The public launch is Sep 17, as Sara locked it in the kickoff. Alex later mentioned ""the Sep 18 launch"" in passing, but that looks like a slip rather than a date change.",explicit,False,far,flat
ando,ando-p03,contradiction,Cstar,rrf,full,correct,"The memory conflicts: Sara locked the public launch date as Sep 17, but Alex later mentioned planning design freeze ""around the Sep 18 launch,"" which is a casual aside and not a date decision. Sara's lock is the authoritative statement.

Public launch is Sep 17.",explicit,False,far,flat
ando,ando-p03,contradiction,D,bm25,full,correct,"The public launch is on Sep 17, as Sara locked it in at the kickoff. Alex's ""Sep 18"" mention was a casual reference to the date, not a change from the locked Sep 17.",explicit,False,far,flat
ando,ando-p03,contradiction,D,emb,full,correct,"The memory has conflicting dates: Sara locked public launch for Sep 17, while Alex later mentioned ""the Sep 18 launch"" in passing. Sara is the one who set the date, so Sep 17 is the current launch date.

**Public launch is Sep 17.**",explicit,False,far,flat
ando,ando-p03,contradiction,D,rrf,full,correct,"Public launch is Sep 17, as Sara locked it at the kickoff; Alex's mention of ""Sep 18"" in the design freeze note appears to be a slip, since Sara's lock is the authoritative statement.",explicit,False,far,flat
ando,ando-p03,contradiction,E,bm25,full,correct,"The memory conflicts: the notes say the public launch date is September 17 (Sara locking it), while Alex's message mentions ""around the Sep 18 launch."" Sara's locked date is the authoritative one.

The public launch is on September 17.",explicit,False,far,flat
ando,ando-p03,contradiction,E,emb,full,correct,"The public launch date is September 17. (Alex's message mentions Sep 18, but the memory notes state September 17.)",explicit,False,far,flat
ando,ando-p03,contradiction,E,rrf,full,correct,"The memory gives conflicting dates: the notes say the public launch is September 17, while Alex's recent message mentions ""the Sep 18 launch"" while planning the design freeze. Since the notes repeatedly confirm Sep 17 (including Sara's locked launch date), the current public launch date is September 17.

**The public launch date is September 17.**",explicit,False,far,flat
ando,ando-p05,repeat_question,window,-,none,missing,UNKNOWN,explicit,False,far,interleaved
ando,ando-p05,repeat_question,oracle,-,full,correct,"Agents never read a DM unless a participant forwards it, including late-added agents, which start blank with no backfill.",explicit,False,far,interleaved
ando,ando-p05,repeat_question,A,bm25,full,correct,"Agents never read a DM unless a participant forwards it, and that includes agents added late, which start with a blank history and no backfill.",explicit,False,far,interleaved
ando,ando-p05,repeat_question,A,emb,full,correct,"Agents never read a DM unless a participant forwards it, and that includes agents added late to a group DM, which start blank with no backfill.",explicit,False,far,interleaved
ando,ando-p05,repeat_question,A,rrf,full,correct,"Agents never read a DM unless a participant forwards it, and that includes agents added late to a group DM, which start blank with no history backfill.",explicit,False,far,interleaved
ando,ando-p05,repeat_question,B,bm25,full,correct,"Agents never read a DM unless a participant forwards it, and that includes agents added late to a group DM, which start with a blank history and no backfill.",explicit,False,far,interleaved
ando,ando-p05,repeat_question,B,emb,full,correct,"Agents never read a DM unless a participant forwards it, and that includes agents added late to a group DM, which start blank with no history backfill.",explicit,False,far,interleaved
ando,ando-p05,repeat_question,B,rrf,full,correct,"Agents never read a DM unless a participant forwards it, and that includes agents added late to a group DM, which start blank with no history backfill.",explicit,False,far,interleaved
ando,ando-p05,repeat_question,C,bm25,full,correct,"Agents never read a DM unless a participant forwards it to them (this also covers agents added late to a group DM, which start blank with no history backfill).",explicit,False,far,interleaved
ando,ando-p05,repeat_question,C,emb,full,correct,"Agents never read a DM unless a participant forwards it, and that includes agents added late to a group DM, which start blank with no history backfill.",explicit,False,far,interleaved
ando,ando-p05,repeat_question,C,rrf,full,correct,"Agents never read a DM unless a participant forwards it, and that includes agents added late to a group DM, which start blank with no history backfill.",explicit,False,far,interleaved
ando,ando-p05,repeat_question,Cstar,bm25,full,correct,"Agents never read a DM unless a participant forwards it, and that includes agents added late to a group DM, which start blank with no history backfill.",explicit,False,far,interleaved
ando,ando-p05,repeat_question,Cstar,emb,full,correct,"Agents never read a DM unless a participant forwards it, which also applies to agents added late to a group DM (they start blank, with no history backfill).",explicit,False,far,interleaved
ando,ando-p05,repeat_question,Cstar,rrf,full,correct,"Agents never read a DM unless a participant forwards it, and this also applies to agents added late to a group DM, which start blank with no history backfill.",explicit,False,far,interleaved
ando,ando-p05,repeat_question,D,bm25,full,correct,"Agents never read a DM unless a participant forwards it, and this applies to late-added agents too, so they start blank with no history backfill.",explicit,False,far,interleaved
ando,ando-p05,repeat_question,D,emb,full,correct,"Agents never read a DM unless a participant forwards it, and that includes agents added late to a group DM, which start blank with no history backfill.",explicit,False,far,interleaved
ando,ando-p05,repeat_question,D,rrf,full,correct,"Agents never read a DM unless a participant forwards it, and that includes agents added late to a group DM, who start blank with no history backfill.",explicit,False,far,interleaved
ando,ando-p05,repeat_question,E,bm25,full,missing,"The memory doesn't state the full DM access policy, only partial details: DM permission checks are implemented for the agent runtime (core check complete), and an agent added late to a group DM starts with no message history and no backfill. It doesn't say whether an @-mention lets an agent read a DM.

UNKNOWN",explicit,False,far,interleaved
ando,ando-p05,repeat_question,E,emb,full,correct,"Agents never read a DM unless a participant forwards it to them, and an agent added late to a group DM starts with no message history and no backfill.",explicit,False,far,interleaved
ando,ando-p05,repeat_question,E,rrf,full,correct,"Agents never read a DM unless a participant forwards it to them, and an agent added late to a group DM starts with no message history and no backfill.",explicit,False,far,interleaved
ando,ando-p06,deadline_passed,window,-,none,missing,UNKNOWN,explicit,False,cross,flat
ando,ando-p06,deadline_passed,oracle,-,full,correct,"Not done: Frida committed on Sep 8 to send design partners the Slack-to-Ando migration guide by Fri Sep 11, but nothing in memory shows it was sent.",explicit,False,cross,flat
ando,ando-p06,deadline_passed,A,bm25,full,correct,"Not done: Frida committed on Tue Sep 8 to send design partners the Slack-to-Ando migration guide by Fri Sep 11, and nothing in memory shows it was sent.",explicit,False,cross,flat
ando,ando-p06,deadline_passed,A,emb,full,correct,"Not done: Frida committed on Tue Sep 8 to send design partners the Slack-to-Ando migration guide by Fri Sep 11, and nothing in memory shows it was sent.",explicit,False,cross,flat
ando,ando-p06,deadline_passed,A,rrf,full,correct,"Not done: Frida committed on Tue Sep 8 to send design partners the Slack-to-Ando migration guide by Fri Sep 11, and nothing in memory shows it was sent.",explicit,False,cross,flat
ando,ando-p06,deadline_passed,B,bm25,full,correct,"Not done: Frida committed on Tue Sep 8 to send design partners the Slack-to-Ando migration guide by Fri Sep 11, and nothing in memory shows it was sent.",explicit,False,cross,flat
ando,ando-p06,deadline_passed,B,emb,full,correct,"Not done: Frida committed on Tue Sep 8 to send design partners the Slack-to-Ando migration guide by Fri Sep 11, and nothing in memory shows it was sent.",explicit,False,cross,flat
ando,ando-p06,deadline_passed,B,rrf,full,correct,"Not done: Frida committed on Tue Sep 8 to send design partners the Slack-to-Ando migration guide by Fri Sep 11, and nothing in memory shows it was sent.",explicit,False,cross,flat
ando,ando-p06,deadline_passed,C,bm25,full,correct,"Not done: Frida committed on Tue Sep 8 to send design partners the Slack-to-Ando migration guide by Fri Sep 11, and nothing in memory shows it was sent.",explicit,False,cross,flat
ando,ando-p06,deadline_passed,C,emb,full,correct,"Not done: Frida committed on Tue Sep 8 to send design partners the Slack-to-Ando migration guide by Fri Sep 11, and nothing in memory shows it was sent.",explicit,False,cross,flat
ando,ando-p06,deadline_passed,C,rrf,full,correct,"Not done: Frida committed on Sep 8 to send design partners the Slack-to-Ando migration guide by Fri Sep 11, and nothing in memory shows it was sent.",explicit,False,cross,flat
ando,ando-p06,deadline_passed,Cstar,bm25,full,correct,"Not done: Frida committed on Sep 8 to send design partners the Slack-to-Ando migration guide by Fri Sep 11, and nothing in memory shows it was sent.",explicit,False,cross,flat
ando,ando-p06,deadline_passed,Cstar,emb,full,correct,"Not done: Frida committed on Tue Sep 8 to send design partners the Slack-to-Ando migration guide by Fri Sep 11, and nothing in memory shows it was sent.",explicit,False,cross,flat
ando,ando-p06,deadline_passed,Cstar,rrf,full,correct,"Not done: Frida committed on Tue Sep 8 to send design partners the Slack-to-Ando migration guide by Fri Sep 11, and nothing in memory shows it was sent.",explicit,False,cross,flat
ando,ando-p06,deadline_passed,D,bm25,full,correct,"Not done: Frida committed on Tue Sep 8 to send design partners the Slack-to-Ando migration guide by Fri Sep 11, and nothing in memory shows it was sent.",explicit,False,cross,flat
ando,ando-p06,deadline_passed,D,emb,full,correct,"Not done: Frida committed on Tue Sep 8 to send design partners the Slack-to-Ando migration guide by Fri Sep 11, and nothing in memory shows it was sent.",explicit,False,cross,flat
ando,ando-p06,deadline_passed,D,rrf,full,correct,"Not done: Frida committed on Tue Sep 8 to send design partners the Slack-to-Ando migration guide by Fri Sep 11, and nothing in memory shows it was sent.",explicit,False,cross,flat
ando,ando-p06,deadline_passed,E,bm25,full,correct,"Not done: Frida committed to sending the Slack-to-Ando migration guide to design partners by Friday September 11, but nothing in memory shows it was sent.",explicit,False,cross,flat
ando,ando-p06,deadline_passed,E,emb,full,correct,"Not done: Frida committed to send the Slack-to-Ando migration guide to design partners by Friday September 11, and nothing in memory shows it was sent.",explicit,False,cross,flat
ando,ando-p06,deadline_passed,E,rrf,full,correct,"Not done: Frida committed to sending design partners the Slack-to-Ando migration guide by Friday September 11, and nothing in memory shows it was sent.",explicit,False,cross,flat
ando,ando-p07,stale_quote,window,-,full,correct,"Public launch is now Sep 24, moved from Sep 17 to line up with the Series A announcement.",correction,True,near,threaded
ando,ando-p07,stale_quote,oracle,-,full,correct,"Public launch is now Sep 24, moved from Sep 17 to coincide with the Series A announcement.",correction,True,near,threaded
ando,ando-p07,stale_quote,A,bm25,full,correct,"Public launch is now Sep 24, moved from Sep 17 per Sara on Mon Sep 14.",correction,True,near,threaded
ando,ando-p07,stale_quote,A,emb,full,correct,"Public launch is now Sep 24, moved from Sep 17 so it lands with the Series A announcement.",correction,True,near,threaded
ando,ando-p07,stale_quote,A,rrf,full,correct,"Public launch is now Sep 24, after Sara moved it from Sep 17 on Mon Sep 14 to coincide with the Series A announcement.",correction,True,near,threaded
ando,ando-p07,stale_quote,B,bm25,full,correct,"Public launch is now Sep 24 (moved from Sep 17 by Sara on Sep 14, to coincide with the Series A announcement).",correction,True,near,threaded
ando,ando-p07,stale_quote,B,emb,full,correct,"Public launch is now Sep 24, moved from Sep 17 so it lands with the Series A announcement.",correction,True,near,threaded
ando,ando-p07,stale_quote,B,rrf,full,correct,"Public launch is now Sep 24, moved from Sep 17 per Sara on Sep 14.",correction,True,near,threaded
ando,ando-p07,stale_quote,C,bm25,full,correct,"Public launch is now Sep 24, moved from Sep 17 so it lands with the Series A announcement.",correction,True,near,threaded
ando,ando-p07,stale_quote,C,emb,full,correct,"Public launch is now Sep 24, since Sara moved it from Sep 17 on Mon Sep 14 so it lands with the Series A announcement.",correction,True,near,threaded
ando,ando-p07,stale_quote,C,rrf,full,correct,"Public launch is now Sep 24, per Sara's update on Mon Sep 14, which replaced the earlier Sep 17 date.",correction,True,near,threaded
ando,ando-p07,stale_quote,Cstar,bm25,full,correct,"Public launch is now Sep 24, since Sara moved it from Sep 17 to line up with the Series A announcement.",correction,True,near,threaded
ando,ando-p07,stale_quote,Cstar,emb,full,correct,"The public launch is now Sep 24, which Sara changed from Sep 17 on Mon Sep 14.",correction,True,near,threaded
ando,ando-p07,stale_quote,Cstar,rrf,full,correct,"Public launch is now Sep 24, which Sara changed from Sep 17 on Mon Sep 14 so it lands with the Series A announcement.",correction,True,near,threaded
ando,ando-p07,stale_quote,D,bm25,full,correct,"Public launch is now Sep 24, moved from Sep 17 per Sara on Mon Sep 14.",correction,True,near,threaded
ando,ando-p07,stale_quote,D,emb,full,correct,"Public launch is now Sep 24, since Sara moved it from Sep 17 on Mon Sep 14 to coincide with the Series A announcement.",correction,True,near,threaded
ando,ando-p07,stale_quote,D,rrf,full,correct,"Public launch is now Sep 24, moved from Sep 17 by Sara on Mon Sep 14 to coincide with the Series A announcement.",correction,True,near,threaded
ando,ando-p07,stale_quote,E,bm25,full,correct,The public launch is now September 24 (Sara moved it from Sep 17 to line up with the Series A announcement).,correction,True,near,threaded
ando,ando-p07,stale_quote,E,emb,full,correct,"The public launch is now September 24, since Sara moved it from the 17th on Mon Sep 14 to coincide with the Series A announcement.",correction,True,near,threaded
ando,ando-p07,stale_quote,E,rrf,full,correct,"The public launch is now September 24, since Sara changed it from the 17th so it lands with the Series A announcement.",correction,True,near,threaded
ando,ando-p08,contradiction,window,-,none,wrong,"The memory only gives the draft post line saying ""Ando is launching publicly, backed by a $25M Series A,"" and nobody has confirmed that figure, so it is the only amount mentioned: $25M.",reaction,False,cross,flat
ando,ando-p08,contradiction,oracle,-,full,correct,"The most recent message says $25M, but it's only Olavo's draft line and nobody has confirmed it. The earlier $20M was confirmed by Sara's 👍 on Sep 8, and nothing in the memory shows an actual change, so the confirmed amount is $20M.

The Sep 16 line may be a typo or an unannounced update, and the memory doesn't settle which.

**The confirmed Series A raise is $20M (Sara's 👍 on Sep 8), though Olavo's Sep 16 draft line says $25M and that discrepancy is unresolved.**",reaction,False,cross,flat
ando,ando-p08,contradiction,A,bm25,partial,missing,"The latest note in the memory says $25M (Olavo's Sep 16 post intro line: ""backed by a $25M Series A""), but no one has confirmed it, and Olavo's earlier Sep 8 question about $20M was never confirmed either.

Looking at what is actually established: on Sep 8 Olavo asked whether it's $20M, with no confirmation shown. On Sep 16 Olavo wrote the $25M line in the intro, and no one objected within the retrieved messages. Sara never stated the amount.

The memory has no authoritative statement of the raise amount, so I can't confirm it.

UNKNOWN",reaction,False,cross,flat
ando,ando-p08,contradiction,A,emb,full,missing,"The memory doesn't settle it. Olavo asked on Sep 8 whether the raise is $20M, and Sara only reacted 👍 to that question. On Sep 16 Olavo's draft intro says ""$25M Series A"", and nobody confirmed or objected to it. Because the two figures conflict, I can't say which one is correct.

UNKNOWN",reaction,False,cross,flat
ando,ando-p08,contradiction,A,rrf,partial,missing,"The memory doesn't settle it: Olavo asked on Sep 8 whether the raise is $20M and nobody confirmed it, and on Sep 16 his post-intro line says ""$25M Series A"" but no one confirmed that figure either.

UNKNOWN",reaction,False,cross,flat
ando,ando-p08,contradiction,B,bm25,full,correct,"The memory has conflicting figures: on Sep 8 Olavo asked to confirm $20M (Sara reacted 👍), but on Sep 16 his post intro says ""$25M Series A"" and nobody objected, and no one explicitly corrected or confirmed the change.

Is the 👍 on $20M authoritative? Sara reacted 👍 to $20M. Olavo's later line of $25M was ""going to keep it up top unless anyone objects"", which is just a draft, not a confirmation, and it conflicts with the earlier confirmation. The most reliable confirmed figure is $20M.

The Series A raise is $20M, as confirmed by Sara's 👍 on Sep 8, though Olavo's latest draft line says $25M without any confirmation.",reaction,False,cross,flat
ando,ando-p08,contradiction,B,emb,full,correct,"The memory gives conflicting figures with no confirmation of the amount: Olavo asked on Sep 8 whether the raise is $20M and Sara reacted 👍, but his Sep 16 post line says $25M and nobody confirmed or objected to it in the notes.

Sara's 👍 was on the $20M question, which is the only confirmation, so the current confirmed amount is $20M.

**The Series A raise is $20M (confirmed by Sara's 👍), though Olavo's latest draft line says $25M, which hasn't been confirmed.**",reaction,False,cross,flat
ando,ando-p08,contradiction,B,rrf,full,correct,"The most recent figure is $25M, from Olavo's Wed Sep 16 post intro line ""backed by a $25M Series A."" However, that is Olavo's draft line and nobody confirmed it. The earlier $20M was only a check-in that Sara reacted 👍 to, so the two conflict.

Weighing them, the latest statement in memory says $25M, but it is unconfirmed, and the $20M was acknowledged by a 👍 from Sara, which is a form of confirmation. Since the question asks for the current amount, and the newer figure appears without any objection yet, I'll go with $25M.

The Series A raise is currently $25M, per Olavo's latest launch post intro line (though that wording hasn't been explicitly confirmed, and it differs from the earlier $20M Sara 👍'd).",reaction,False,cross,flat
ando,ando-p08,contradiction,C,bm25,full,correct,"The memory gives conflicting figures: on Sep 8 Olavo asked whether the raise is $20M and Sara reacted 👍, while on Sep 16 his post intro line says ""$25M Series A"" and no one objected in the notes shown. Sara's 👍 on Sep 8 confirmed $20M, but the later intro line is Olavo's own draft text, not a confirmed change. Since nobody explicitly corrected the amount, the confirmed figure is $20M.

The current confirmed Series A raise is $20M, though Olavo's latest draft line says $25M, which has not been confirmed.",reaction,False,cross,flat
ando,ando-p08,contradiction,C,emb,full,correct,"The notes conflict: on Sep 8, Olavo asked whether the raise is $20M and Sara reacted 👍, but on Sep 16 his draft line says ""$25M Series A"" and nobody objected, and no one confirmed that figure. Sara's 👍 confirmed $20M, the only confirmed amount, and Olavo's later $25M line is an unconfirmed draft that could be a mistake.

The current confirmed Series A raise is $20M.",reaction,False,cross,flat
ando,ando-p08,contradiction,C,rrf,full,correct,"The memory conflicts: on Sep 8 Olavo asked whether the raise was $20M and Sara reacted 👍, but on Sep 16 Olavo's draft intro says ""$25M Series A"" and nobody has objected yet. Sara only confirmed $20M, and Olavo's later line is a draft that hasn't been confirmed.

The current confirmed amount is $20M, though Olavo's latest draft intro says $25M and needs to be checked.",reaction,False,cross,flat
ando,ando-p08,contradiction,Cstar,bm25,full,correct,"The memory has two conflicting figures: Olavo asked on Sep 8 whether the raise is $20M (Sara reacted 👍), but on Sep 16 his post intro says ""$25M Series A"" and nobody objected in the notes shown. Sara's 👍 was only a reaction to Olavo's question and is the earlier statement, while the $25M line is the more recent one, but it's Olavo's draft, not a confirmed correction from Sara.

Checking for an explicit correction: none appears. The latest mention is Olavo's draft saying $25M, with no confirmation either way. Sara's 👍 confirmed $20M, which she owns as the decision maker (""I'm going to lock... the raise announcement""). Olavo's later line isn't an authoritative change, and it conflicts with the confirmed figure.

The most recent authoritative confirmation is $20M, so the current amount is $20M.

**The Series A raise is $20M (confirmed by Sara's 👍), though Olavo's later draft line says $25M, which looks like an unconfirmed discrepancy.**",reaction,False,cross,flat
ando,ando-p08,contradiction,Cstar,emb,full,correct,"Olavo asked whether the raise was $20M and Sara reacted 👍, but the latest mention is Olavo's draft intro line on Sep 16 saying ""$25M Series A,"" which nobody confirmed or objected to. That is a draft, not a confirmed update, and it conflicts with the earlier confirmation, so the confirmed figure is still $20M.

The Series A raise is $20M, as confirmed by Sara's 👍, though Olavo's latest draft line says $25M, which hasn't been confirmed.",reaction,False,cross,flat
ando,ando-p08,contradiction,Cstar,rrf,full,missing,"The memory doesn't settle it. Olavo asked on Sep 8 whether the raise is $20M, and Sara reacted 👍. But on Sep 16 his post intro says ""$25M Series A"", and nobody confirms or corrects that figure. Sara's Sep 8 message also said she would lock the raise announcement, but the amount never appears in her own words.

UNKNOWN",reaction,False,cross,flat
ando,ando-p08,contradiction,D,bm25,full,correct,"The memory conflicts: on Sep 8 Olavo asked if it was $20M (Sara reacted 👍), but his Sep 16 post draft says $25M and nobody objected. Sara's 👍 only confirmed the $20M question, and Olavo's later line saying ""$25M"" was not confirmed or corrected by anyone, so the evidence doesn't settle it cleanly.

The latest stated figure is $25M, but it's an unconfirmed draft line, while the $20M was confirmed by Sara's 👍 reaction. Sara's reaction is the only authoritative confirmation, and it covers $20M.

The current Series A raise is $20M (confirmed by Sara's 👍), though Olavo's latest draft post says $25M, which no one has verified.",reaction,False,cross,flat
ando,ando-p08,contradiction,D,emb,full,correct,"The latest message says ""backed by a $25M Series A,"" but it is Olavo's draft line, not a confirmed correction. Earlier, Olavo asked whether the raise was $20M and only Sara reacted 👍, which counts as confirmation of $20M. Nobody objected to the $25M line, but no one confirmed it either, so the confirmed figure remains $20M.

The Series A raise is $20M, as confirmed by Sara's 👍 on Sep 8; Olavo's later $25M draft line was never confirmed.",reaction,False,cross,flat
ando,ando-p08,contradiction,D,rrf,full,correct,"The memory gives conflicting figures: Olavo's Sep 8 check said $20M (confirmed only by Sara's 👍 reaction), and his Sep 16 draft line says $25M. Nobody states the amount authoritatively.

The Sep 16 line is a draft Olavo wrote and nobody has confirmed. Sara's 👍 on the $20M question was a reaction to Olavo's own phrasing, which counts as a confirmation. The $25M figure has no stated source and no confirmation, and Olavo only says he'll keep it ""unless anyone objects.""

The most recent explicit figure is the $25M draft, but it is unconfirmed, while $20M was confirmed by Sara's reaction.

The Series A raise is $20M, as confirmed by Sara's 👍, though Olavo's latest draft post says $25M without any confirmation.",reaction,False,cross,flat
ando,ando-p08,contradiction,E,bm25,full,correct,"The memory conflicts: Sara confirmed the Series A raise is $20M for the launch post draft, but Olavo's latest message in the post intro says $25M, and nobody has confirmed that change. Sara's confirmation is the authoritative source, so the current amount is $20M.

**The Series A raise is $20M.**",reaction,False,cross,flat
ando,ando-p08,contradiction,E,emb,full,correct,"The memory conflicts: several notes, including Sara's confirmation for the launch post draft, say the Series A raise is $20M. Olavo's latest message, which says $25M, is only a line he plans to use in the post intro, and nobody confirmed it.

The current Series A raise amount is $20M, as confirmed by Sara. Olavo's $25M intro line appears to be a discrepancy that needs correcting.",reaction,False,cross,flat
ando,ando-p08,contradiction,E,rrf,full,correct,"The memory conflicts: Sara confirmed the Series A raise is $20M for the launch post draft, while Olavo's latest message (Sep 16) uses ""$25M"" in a draft intro line, but he is only pasting a line and no one confirmed it. The confirmed amount is $20M.

The current Series A raise amount is $20M.",reaction,False,cross,flat
ando,ando-p10,stale_quote,window,-,partial,correct,"The memory says AND-341 is AJ's (""I'll ping AJ with the details since AND-341 is his""), though there's a stray message from oli, ""nah hand it to me, you're on launch-week permissions now,"" which has no clear referent and may not be about this ticket.

AND-341 is currently owned by AJ, according to frida's message that it is his ticket.",correction,False,near,interleaved
ando,ando-p10,stale_quote,oracle,-,full,correct,"The memory doesn't clearly settle this. aj says he's on AND-341 and will get to the join logic, then oli says ""nah hand it to me, you're on launch-week permissions now"". That handoff most likely refers to the join logic or AND-341, so oli appears to be the new owner. However, frida later says ""AND-341 is his"" (AJ's) and plans to ping AJ, which suggests AJ is still the owner.

The later message conflicts with the handoff, but frida may simply not have seen it, and oli's later message says he'll keep digging on the root cause in the join path. The handoff is ambiguous about what exactly was handed over, though the context (AND-341, join logic) makes it most likely AND-341.

**AND-341 is currently owned by oli, who took it over from aj, although frida still seems to think it's aj's.**",correction,False,near,interleaved
ando,ando-p10,stale_quote,A,bm25,full,correct,"The current owner of AND-341 is Oli, who took it over from AJ on Fri Sep 18 (""nah hand it to me, you're on launch-week permissions now"").

Frida's later message still calls the ticket AJ's, but that looks like she hadn't caught up on the handoff.",correction,False,near,interleaved
ando,ando-p10,stale_quote,A,emb,full,correct,"The current owner of AND-341 is oli. On Sep 18, aj said he was still on it, but oli then said ""nah hand it to me, you're on launch-week permissions now,"" which moves it from aj to oli. Frida's later remark that ""AND-341 is his"" (aj's) looks like it predates that handoff.",correction,False,near,interleaved
ando,ando-p10,stale_quote,A,rrf,full,correct,"Oli is the current owner of AND-341: aj said on Sep 18 that he was still on it, but later that day, when oli said ""nah hand it to me, you're on launch-week permissions now,"" the ticket moved to oli. (Frida's later ""AND-341 is his"" refers to aj and looks stale.)

The ordering is slightly ambiguous, but oli's handoff message is the most recent statement about ownership, and oli's later messages about continuing to dig into the root cause in the join path fit with that.

**Oli owns AND-341.**",correction,False,near,interleaved
ando,ando-p10,stale_quote,B,bm25,full,correct,"There's a wrinkle: on Sep 18 oli said ""nah hand it to me, you're on launch-week permissions now,"" which seems to be a reassignment away from aj. But the message has no explicit reference to AND-341, so it's ambiguous. Still, later in the same day frida said ""AND-341 is his [AJ's],"" and that message comes after oli's.

The ""hand it to me"" message appears in the log before frida's later statement, though the ordering is loose. The ""hand it to me, you're on launch-week permissions"" line sits right after olavo's reporter/interview chatter, which suggests it could be about something else, like permissions work. Frida's statement that AND-341 is AJ's is the most direct evidence about ownership.

**AJ owns AND-341.**",correction,False,near,interleaved
ando,ando-p10,stale_quote,B,emb,full,stale,"AJ is the current owner of AND-341: he volunteered on Sep 10, confirmed on Sep 18 that he's still on it, and Frida's latest message also calls it his.",correction,False,near,interleaved
ando,ando-p10,stale_quote,B,rrf,full,correct,"Within the memory, AJ owns AND-341: he said ""I'll take it"" on Sep 10 and confirmed on Sep 18 that he is still on it, and Frida also said ""AND-341 is his.""

One message from Oli, ""nah hand it to me, you're on launch-week permissions now,"" could be read as a handoff, but it sits next to the olavo/frida thread about interviews and permissions, so it doesn't clearly refer to AND-341. The most recent message, from Frida, still says AND-341 is AJ's.

**AJ is the current owner of AND-341.**",correction,False,near,interleaved
ando,ando-p10,stale_quote,C,bm25,full,correct,"The memory suggests the owner changed: AJ took AND-341 earlier, but on Fri Sep 18 oli said ""nah hand it to me, you're on launch-week permissions now,"" which points to oli taking it over. However, the same day frida said she'd ping AJ ""since AND-341 is his,"" and the message oli was replying to isn't shown, so the handoff isn't fully confirmed.

Still, oli's ""hand it to me"" is the latest explicit statement about ownership, and it most plausibly refers to AND-341, since AJ had said he was still on it.

**Oli is the current owner of AND-341, having taken it over from AJ on Sep 18, though the handoff message's context isn't fully shown.**",correction,False,near,interleaved
ando,ando-p10,stale_quote,C,emb,full,correct,"There's a possible reassignment: ""nah hand it to me, you're on launch-week permissions now"" from oli on Sep 18 is ambiguous, since it doesn't name the ticket. Later, though, frida says ""AND-341 is his"" (AJ's), written after that message in the recent messages, and aj said on Sep 18 ""I'm still on AND-341.""

The ""hand it to me"" message could refer to something else, such as the permissions work (the ""you're on launch-week permissions now"" part suggests frida is being reassigned, so the handoff is probably from frida to oli). The recent messages are in an unclear order, but frida's statement that AND-341 is AJ's is the most direct evidence.

**AJ currently owns AND-341.**",correction,False,near,interleaved
ando,ando-p10,stale_quote,C,rrf,full,correct,"The latest message is ""nah hand it to me, you're on launch-week permissions now"" from oli, which suggests AND-341 was handed from aj to oli. But the message it replies to isn't shown, so this is an inference. Frida's later message says ""AND-341 is his"" (AJ's), which conflicts with that.

The ordering of the ""recent messages"" is unclear. The oli handoff line is listed first, and frida's ""AND-341 is his"" comes last. Frida may simply be stale, since the handoff could have happened earlier in the same recent block and frida didn't know. The recent messages list isn't strictly chronological either.

The handoff line says ""you're on launch-week permissions now,"" which fits aj, who was working on DM permissions. So the reassignment is most plausibly AND-341 going from aj to oli.

**Oli is the current owner of AND-341, having taken it over from aj, though Frida's later message still calls it AJ's.**",correction,False,near,interleaved
ando,ando-p10,stale_quote,Cstar,bm25,full,correct,"Oli is the current owner of AND-341, since on Fri Sep 18 he told AJ to hand it over because AJ is now on launch-week permissions. Frida's later message that ""AND-341 is his"" (AJ's) looks stale.",correction,False,near,interleaved
ando,ando-p10,stale_quote,Cstar,emb,full,correct,"Oli is the current owner of AND-341: on Fri Sep 18 aj said he was still on it, and oli replied ""nah hand it to me, you're on launch-week permissions now."" Frida's later message that AND-341 is ""his"" (AJ's) looks stale, since it comes after the handoff but names AJ as owner.

Order matters here. The handoff (""nah hand it to me"") is listed before frida's message, but the listing isn't strictly chronological. Frida's ""I'll ping AJ with the details since AND-341 is his"" appears in the recent messages, which come after the handoff. She may simply not have seen the handoff, and no one corrected her. Oli's own statement that he'll ""keep digging on the root cause in the join path"" also fits him owning it.

**Oli is the current owner of AND-341, having taken it over from aj on Sep 18.**",correction,False,near,interleaved
ando,ando-p10,stale_quote,Cstar,rrf,full,correct,"Oli is the current owner of AND-341: on Fri Sep 18 he told aj ""hand it to me, you're on launch-week permissions now,"" taking it over from aj. Frida's later message that ""AND-341 is his"" (aj's) is stale.",correction,False,near,interleaved
ando,ando-p10,stale_quote,D,bm25,full,correct,"Ownership of AND-341 is unclear from the notes, so let me trace it: on Sep 10 oli asked who could take it, and aj said ""I'll take it"". On Sep 18 aj said he's still on AND-341, and frida said it's AJ's. The Sep 18 ""nah hand it to me, you're on launch-week permissions now"" was oli replying to olavo's reporter request, which was about the design-partner interview slots, so it doesn't concern AND-341.

**AJ currently owns AND-341.**",correction,False,near,interleaved
ando,ando-p10,stale_quote,D,emb,full,stale,"AJ is the current owner of AND-341: he said on Sep 18 that he's still on it, and Frida said it's his.",correction,False,near,interleaved
ando,ando-p10,stale_quote,D,rrf,full,correct,"The current owner of AND-341 is AJ: he said ""I'll take it"" after Oli asked for an owner, confirmed on Sep 18 that he is still on AND-341, and Frida says the ticket is his.",correction,False,near,interleaved
ando,ando-p10,stale_quote,E,bm25,full,correct,"Memory shows aj took ownership of AND-341, but on Fri Sep 18 oli said ""nah hand it to me, you're on launch-week permissions now,"" which suggests it was handed to oli. However, that message's referent is not explicit, while frida later says ""AND-341 is his"" (AJ's) that same day, after oli's message.

The latest statement, from frida, says AND-341 is AJ's, so the best-supported answer is aj.

**aj is the current owner of AND-341.**",correction,False,near,interleaved
ando,ando-p10,stale_quote,E,emb,full,correct,"Based on the notes, AND-341 was assigned to aj and aj took ownership of it. In the Sep 18 chat, though, oli says ""nah hand it to me, you're on launch-week permissions now"". The memory says oli is taking over the thread-join logic bug investigation from aj, which is a separate bug. Frida's last message says ""AND-341 is his"" (AJ's), which is consistent with aj still owning it.

The ""hand it to me"" message is ambiguous, but the earlier note says oli is taking over the agent thread-join logic bug, not AND-341. So AND-341 stays with aj.

**aj currently owns AND-341; oli only took over the separate agent thread-join logic investigation.**",correction,False,near,interleaved
ando,ando-p10,stale_quote,E,rrf,full,stale,"The current owner of AND-341 is aj. The Sep 18 message ""I'll ping AJ with the details since AND-341 is his"" confirms this. The ""hand it to me"" exchange concerned the agent thread-join logic bug, not AND-341.",correction,False,near,interleaved
ando,ando-p12,deadline_passed,window,-,none,missing,UNKNOWN,explicit,False,cross,interleaved
ando,ando-p12,deadline_passed,oracle,-,full,correct,"Not done: the decision was scheduled for the Mon Sep 21 design review (per sara on Sep 18), and nothing in memory records that it was actually made.",explicit,False,cross,interleaved
ando,ando-p12,deadline_passed,A,bm25,full,correct,"Not done: the decision on whether agents may DM a human first was scheduled for the Mon Sep 21 design review (per Sara on Sep 18), but nothing in memory records that it was made.",explicit,False,cross,interleaved
ando,ando-p12,deadline_passed,A,emb,full,correct,"Not done: sara said the decision on whether agents may DM a human first would be made at the Mon Sep 21 design review, and nothing in memory records that it was actually decided.",explicit,False,cross,interleaved
ando,ando-p12,deadline_passed,A,rrf,full,correct,"Not done: Sara said it would be decided at the Mon Sep 21 design review, and nothing in memory records the outcome of that decision.",explicit,False,cross,interleaved
ando,ando-p12,deadline_passed,B,bm25,full,correct,"Not done: the decision on whether agents may DM a human first was slated for the Mon Sep 21 design review (per sara on Sep 18), and nothing in memory records that it was made.",explicit,False,cross,interleaved
ando,ando-p12,deadline_passed,B,emb,full,correct,"Not done: sara said on Fri Sep 18 that the decision on whether agents may DM a human first would be made at the Mon Sep 21 design review, but nothing in memory shows it was actually decided.",explicit,False,cross,interleaved
ando,ando-p12,deadline_passed,B,rrf,full,correct,"Not done: Sara said on Fri Sep 18 that the decision on whether agents may DM a human first would be made at the Mon Sep 21 design review, and nothing in memory shows it was actually decided.",explicit,False,cross,interleaved
ando,ando-p12,deadline_passed,C,bm25,full,correct,"Not done: Sara said the decision on whether agents may DM a human first would be made at the Mon Sep 21 design review, and nothing in memory shows it was actually decided.",explicit,False,cross,interleaved
ando,ando-p12,deadline_passed,C,emb,full,correct,"Not done: the memory only records that Sara scheduled this decision for the Mon Sep 21 design review. Nothing shows the decision was actually made, and Alex's Sep 22 message only mentions leftover FAQ wording questions.",explicit,False,cross,interleaved
ando,ando-p12,deadline_passed,C,rrf,full,correct,"Not done: the decision on whether agents may DM a human first was scheduled for the Mon Sep 21 design review (per sara), and nothing in memory records that it was actually made.",explicit,False,cross,interleaved
ando,ando-p12,deadline_passed,Cstar,bm25,full,correct,"Not done: the decision on whether agents may DM a human first was scheduled for the Mon Sep 21 design review (per sara on Sep 18), and nothing in memory records an outcome.",explicit,False,cross,interleaved
ando,ando-p12,deadline_passed,Cstar,emb,full,correct,"Not done: Sara said the decision on whether agents may DM a human first would be made at the Mon Sep 21 design review, and nothing in memory records that it was actually decided.",explicit,False,cross,interleaved
ando,ando-p12,deadline_passed,Cstar,rrf,full,correct,"Not done: the decision on whether agents may DM a human first was scheduled for the Mon Sep 21 design review (per sara), and nothing in memory shows it was made.",explicit,False,cross,interleaved
ando,ando-p12,deadline_passed,D,bm25,full,correct,"Not done: Sara said on Fri Sep 18 that the decision on whether agents may DM a human first would be made at the Mon Sep 21 design review, and nothing in memory shows it was actually decided.",explicit,False,cross,interleaved
ando,ando-p12,deadline_passed,D,emb,full,correct,"Not done: Sara said it would be decided at the Mon Sep 21 design review, but nothing in memory records that a decision was made.",explicit,False,cross,interleaved
ando,ando-p12,deadline_passed,D,rrf,full,correct,"Not done: the decision was scheduled for the Mon Sep 21 design review (per sara), but nothing in memory records that it was actually made.",explicit,False,cross,interleaved
ando,ando-p12,deadline_passed,E,bm25,full,correct,"Not done: the memory only records that the Monday Sep 21 design review was scheduled to decide whether agents may DM humans without being asked, and nothing shows a decision was made (Alex's Sep 22 message only says the review left FAQ wording questions).",explicit,False,cross,interleaved
ando,ando-p12,deadline_passed,E,emb,full,correct,"Not done: the memory only shows that the Monday September 21 design review was scheduled to decide whether agents may DM humans first, and nothing records that decision being made (gating design is still described as blocked pending it).",explicit,False,cross,interleaved
ando,ando-p12,deadline_passed,E,rrf,full,correct,"Not done: the memory only records that a design review scheduled for Monday September 21 would decide whether agents may DM humans first, and gating design for agent join prompts is blocked pending that decision. Nothing shows the decision was made, even though Alex's Sep 22 message says the review happened yesterday.",explicit,False,cross,interleaved
ando,ando-p13,stale_quote,window,-,none,stale,"Per Frida, after launch billing will be metered by agent actions, so invoices will vary month to month.",cross_ref,False,cross,threaded
ando,ando-p13,stale_quote,oracle,-,full,correct,"The memory is conflicting, so the current model is unclear. Sara said on Sep 16 she was going with Alex's idea of $12 per human seat with free agents. But on Sep 22 Frida told a design partner that after launch, agent actions will be metered, so invoices will vary month to month.

The most recent statement points to metered agent actions, but it's secondhand and doesn't say whether the $12 seat price still applies.

**Answer: Per Frida's latest message (Sep 22), billing is based on metered agent actions, though the earlier $12-per-human-seat plan with free agents was adopted on Sep 16 and no note confirms it was replaced.**",cross_ref,False,cross,threaded
ando,ando-p13,stale_quote,A,bm25,full,correct,"The current model is $12 per human seat with agents free of seat charges (per Alex's suggestion, which Sara adopted on Sep 16), plus metered agent actions on top.",cross_ref,False,cross,threaded
ando,ando-p13,stale_quote,A,emb,full,stale,"Current model: $12 per human seat, agents don't count as seats (no seat charge), and agent actions are metered on top, so invoices vary month to month.",cross_ref,False,cross,threaded
ando,ando-p13,stale_quote,A,rrf,full,correct,"Pricing is $12 per human seat with agents free, though agent actions are still metered on top, per Sara's Sep 16 decision and Frida's Sep 22 note.

Caveat: the memory has a conflict. Sara's Sep 16 decision to go with Alex's suggestion (""$12 per human seat and agents are free"") would seem to remove agent charges, yet Frida's Sep 22 note says agent actions are metered after launch, and no message reverses the metering.",cross_ref,False,cross,threaded
ando,ando-p13,stale_quote,B,bm25,full,stale,"The current billing model is metered by agent actions, so invoices vary month to month. Frida told the agency this on Sep 22, and it appears to supersede the earlier $12-per-human-seat idea, which Sara had adopted on Sep 16.",cross_ref,False,cross,threaded
ando,ando-p13,stale_quote,B,emb,full,correct,"The current model is $12 per human seat with agents free (Sara adopted Alex's suggestion on Sep 16, overriding the earlier $12-per-seat-for-everyone), and agent actions are still metered on top.

Caveat: the Sep 16 message says ""Going with Alex's pricing suggestion"" (the $12 per human seat, agents free), and the metering note from Sep 8 was reaffirmed by Frida on Sep 22.

**Answer: $12 per human seat, agents free of seat charges, plus metered agent actions.**",cross_ref,False,cross,threaded
ando,ando-p13,stale_quote,B,rrf,full,correct,"The current model is $12 per human seat with agents free, plus agent actions metered on top.

Sara set $12 per seat on Tue Sep 8 and said agent actions are metered on top of that. On Sep 16 she adopted Alex's suggestion of $12 per human seat with free agents. Frida's Sep 22 note confirms that agent actions are metered after launch.",cross_ref,False,cross,threaded
ando,ando-p13,stale_quote,C,bm25,partial,correct,"The current billing model is $12 per seat, with agent actions metered on top of the per-seat price (Alex's idea of making agents free was only a suggestion and wasn't adopted).",cross_ref,False,cross,threaded
ando,ando-p13,stale_quote,C,emb,full,correct,"The current model is $12 per human seat with agents free (Sara adopted Alex's suggestion on Sep 16), though Frida's Sep 22 note says agent actions are metered after launch, so invoices will vary month to month.",cross_ref,False,cross,threaded
ando,ando-p13,stale_quote,C,rrf,full,correct,"The current model is $12 per human seat with agents free of seat charges, per Sara's Sep 16 decision to go with Alex's suggestion, though agent actions are still metered on top, per Sara's Sep 8 note and Frida's Sep 22 message.

Alex's Monday idea was ""$12 per human seat and agents are free"", and Sara adopted it, but that doesn't clearly say whether metering was dropped. Frida's Sep 22 message says agent actions are metered after launch, which suggests metering remains.

**Answer:** $12 per human seat, with agents not charged as seats but their actions metered on top.",cross_ref,False,cross,threaded
ando,ando-p13,stale_quote,Cstar,bm25,full,correct,"Pricing is $12 per seat with agent actions metered on top, as Sara set on Sep 8.

Sara's Sep 16 message said she was going with Alex's idea of agents being free, but that idea was for ""$12 per human seat and agents are free."" That conflicts with metering. Frida's Sep 22 message says agent actions are metered after launch and invoices will vary month to month, which confirms metering is still in place.

**Answer: $12 per seat, plus metered agent actions.**",cross_ref,False,cross,threaded
ando,ando-p13,stale_quote,Cstar,emb,full,correct,"The current model is $12 per human seat with agents free, per Sara's Sep 16 decision to go with Alex's suggestion. However, Frida's Sep 22 note says agent actions are metered after launch, so invoices vary monthly, which conflicts with ""agents are free.""

Reading the sequence: Sep 8 had $12 per seat plus metered agent actions. Sep 14 was Alex's idea of free agents. Sep 16 Sara said she was going with it. Sep 22 Frida said it's agent actions metered after launch, and the agency was fine with it.

The Sep 22 message is the most recent and reflects what is being communicated to customers, though it's secondhand. Sara's Sep 16 decision said ""Going with Alex's pricing suggestion,"" which was free agents. Frida's later statement conflicts, and it could be the old model she was told earlier. Given the latest evidence, the answer is metered.

**$12 per seat, with agent actions metered on top (so invoices vary monthly), though a Sep 16 decision to make agents free appears to conflict with this.**",cross_ref,False,cross,threaded
ando,ando-p13,stale_quote,Cstar,rrf,full,correct,"The current model is $12 per human seat with agents not charged per seat, but agent actions are metered on top, so invoices vary monthly.

Sara adopted Alex's ""$12 per human seat, agents free"" idea on Sep 16, and Frida's Sep 22 message confirms that agent actions are metered after launch.",cross_ref,False,cross,threaded
ando,ando-p13,stale_quote,D,bm25,full,correct,"The current model is $12 per human seat with agents free (Sara adopted Alex's Sep 14 suggestion on Sep 16), and Frida told the agency on Sep 22 that agent actions will be metered after launch, so invoices vary month to month.

Note the conflict: the Sep 8 kickoff set $12 per seat with agent actions metered on top, and Alex's later $15 mock was only a sketch. Sara's Sep 16 decision to go with ""agents are free"" is ambiguous about whether metering was dropped, but Frida's Sep 22 message still describes metered agent actions.

**Answer: $12 per human seat, with agent actions metered on top.**",cross_ref,False,cross,threaded
ando,ando-p13,stale_quote,D,emb,full,correct,"The current model is a per-seat price plus metered agent actions, but the exact per-seat amount isn't settled in the memory, because Sara first said $12 and later said she's going with Alex's pricing suggestion, which was $15 per seat.

On Sep 16, Sara said ""Going with Alex's pricing suggestion from Monday,"" but the Monday (Sep 14) suggestion from Alex was $12 per human seat with agents free, ""nothing decided."" Alex's $15 per seat mock was from Sep 8. The ""Monday"" suggestion is the Sep 14 one: $12 per human seat and agents free. Frida's later note on Sep 22 says agent actions are metered after launch, which suggests the metered agent actions are still part of billing.

The best-supported answer is a per-seat price for human seats with agent actions metered on top.

**Per-seat pricing for human seats (about $12) with agent actions metered on top.**",cross_ref,False,cross,threaded
ando,ando-p13,stale_quote,D,rrf,full,correct,"The current model is $12 per human seat with agents free (no seat charge), though agent actions are still metered on top.

Sara adopted Alex's Sep 14 suggestion on Sep 16, and Frida's Sep 22 note confirms that agent actions are metered, so invoices vary month to month.",cross_ref,False,cross,threaded
ando,ando-p13,stale_quote,E,bm25,full,stale,"The current model is $12 per human seat with free agent seats, and agent actions are metered separately on top.",cross_ref,False,cross,threaded
ando,ando-p13,stale_quote,E,emb,full,correct,"The current model is $12 per human seat, with agent seats free and agent actions metered separately on top.",cross_ref,False,cross,threaded
ando,ando-p13,stale_quote,E,rrf,full,stale,"The current pricing is $12 per human seat with free agent seats, and agent actions are metered separately on top.",cross_ref,False,cross,threaded
ando,ando-p14,repeat_question,window,-,full,missing,UNKNOWN,ellipsis,True,cross,flat
ando,ando-p14,repeat_question,oracle,-,full,correct,"The current owner of the launch waitlist email is Olavo, who took it on Sep 8 and confirmed on Sep 14 that he's sending it.",ellipsis,True,cross,flat
ando,ando-p14,repeat_question,A,bm25,full,correct,"Olavo is the owner of the launch waitlist email; he said ""me! ... I'm sending the waitlist email"" on Mon Sep 14. Alex's Sep 22 question about whether Olavo or Sara sends it is still unanswered in the memory, so ownership hasn't changed.",ellipsis,True,cross,flat
ando,ando-p14,repeat_question,A,emb,full,correct,"Olavo owns the launch waitlist email: he said he's sending it, and nothing in the memory shows that changing.",ellipsis,True,cross,flat
ando,ando-p14,repeat_question,A,rrf,full,correct,"Olavo owns the launch waitlist email: he said he's sending it on Sep 14, and nothing in the memory says anyone else has taken it over.",ellipsis,True,cross,flat
ando,ando-p14,repeat_question,B,bm25,full,correct,Olavo is the owner of the launch waitlist email: he volunteered on Sep 8 and was still drafting it on Sep 22. Who actually sends it on Thursday is unconfirmed.,ellipsis,True,cross,flat
ando,ando-p14,repeat_question,B,emb,full,correct,Olavo owns the launch waitlist email; he volunteered on Sep 8 and confirmed on Sep 14 that he's sending it.,ellipsis,True,cross,flat
ando,ando-p14,repeat_question,B,rrf,full,correct,"The current owner of the launch waitlist email is Olavo, who took it on Sep 8 and confirmed on Sep 14 that he's sending it. On Sep 22, Alex asked whether Olavo or Sara sends it Thursday, and no one has answered yet.",ellipsis,True,cross,flat
ando,ando-p14,repeat_question,C,bm25,full,correct,"The current owner of the launch waitlist email is Olavo, who said ""I'll grab it"" on Sep 8 and confirmed on Sep 14 that he's sending it.",ellipsis,True,cross,flat
ando,ando-p14,repeat_question,C,emb,full,correct,"The current owner of the launch waitlist email is Olavo, who volunteered on Sep 8 and confirmed on Sep 14 that he's sending it.",ellipsis,True,cross,flat
ando,ando-p14,repeat_question,C,rrf,full,correct,Olavo is the current owner of the launch waitlist email: he volunteered on Sep 8 and confirmed on Sep 14 that he's sending it.,ellipsis,True,cross,flat
ando,ando-p14,repeat_question,Cstar,bm25,full,correct,"The current owner of the launch waitlist email is Olavo, who volunteered on Sep 8 and confirmed on Sep 14 that he's sending it.",ellipsis,True,cross,flat
ando,ando-p14,repeat_question,Cstar,emb,full,correct,"The current owner of the launch waitlist email is Olavo, who volunteered on Sep 8 and confirmed on Sep 14 that he's sending it. The latest message (Sep 22) asks whether Olavo or Sara sends it Thursday, but nobody has answered, so the owner hasn't changed.",ellipsis,True,cross,flat
ando,ando-p14,repeat_question,Cstar,rrf,full,correct,Olavo is the current owner of the launch waitlist email: he volunteered on Sep 8 and confirmed on Sep 14 that he's sending it. The Sep 22 question from Alex about whether Olavo or Sara sends it Thursday has no answer in the memory.,ellipsis,True,cross,flat
ando,ando-p14,repeat_question,D,bm25,full,correct,"The current owner of the launch waitlist email is Olavo, who volunteered on Sep 8 and confirmed on Sep 14 that he's sending it.",ellipsis,True,cross,flat
ando,ando-p14,repeat_question,D,emb,full,correct,"The current owner of the launch waitlist email is Olavo, who took it on Sep 8 and confirmed on Sep 14 that he's sending it.",ellipsis,True,cross,flat
ando,ando-p14,repeat_question,D,rrf,full,correct,Olavo is the current owner of the launch waitlist email: he volunteered on Sep 8 and confirmed on Sep 14 that he's sending it.,ellipsis,True,cross,flat
ando,ando-p14,repeat_question,E,bm25,full,correct,Olavo is the current owner of the launch waitlist email.,ellipsis,True,cross,flat
ando,ando-p14,repeat_question,E,emb,full,correct,Olavo is the current owner of the launch waitlist email.,ellipsis,True,cross,flat
ando,ando-p14,repeat_question,E,rrf,full,correct,"Olavo is the current owner of the launch waitlist email, which Sara assigned to him.",ellipsis,True,cross,flat
ando,ando-p15,contradiction,window,-,none,missing,UNKNOWN,explicit,False,cross,interleaved
ando,ando-p15,contradiction,oracle,-,full,correct,"Agents never read a DM unless a participant forwards it, and that applies to late-added agents too, with no backfill.",explicit,False,cross,interleaved
ando,ando-p15,contradiction,A,bm25,full,correct,"Agents never read a DM unless a participant forwards it, and forwarding checks the original DM's access first.",explicit,False,cross,interleaved
ando,ando-p15,contradiction,A,emb,full,correct,"Agents never read a DM unless a participant forwards it, including agents added late to a group DM (they start blank, with no backfill).",explicit,False,cross,interleaved
ando,ando-p15,contradiction,A,rrf,full,correct,"Agents never read a DM unless a participant forwards it, and this also applies to agents added late to a group DM, which start with a blank history and no backfill.",explicit,False,cross,interleaved
ando,ando-p15,contradiction,B,bm25,full,correct,Agents never read a DM unless a participant forwards it (and forwarding a DM into a channel now checks the original DM's access first).,explicit,False,cross,interleaved
ando,ando-p15,contradiction,B,emb,full,correct,"Agents never read a DM unless a participant forwards it, and this also applies to agents added late to a group DM, which start blank with no history backfill.",explicit,False,cross,interleaved
ando,ando-p15,contradiction,B,rrf,full,correct,"Agents never read a DM unless a participant forwards it (and forwarding checks the original DM's access first), so late-added agents start blank with no history backfill.",explicit,False,cross,interleaved
ando,ando-p15,contradiction,C,bm25,full,correct,"Agents never read a DM unless a participant forwards it (including late-added agents, which start blank with no backfill).",explicit,False,cross,interleaved
ando,ando-p15,contradiction,C,emb,full,correct,"Agents never read a DM unless a participant forwards it, and that includes agents added late to a group DM, which start blank with no history backfill.",explicit,False,cross,interleaved
ando,ando-p15,contradiction,C,rrf,full,correct,"Agents never read a DM unless a participant forwards it, and that includes agents added late to a group DM, which start blank with no history backfill.",explicit,False,cross,interleaved
ando,ando-p15,contradiction,Cstar,bm25,full,correct,"Agents never read a DM unless a participant forwards it (and forwarding checks the original DM's access first), so late-added agents start blank with no history backfill.",explicit,False,cross,interleaved
ando,ando-p15,contradiction,Cstar,emb,full,correct,"Agents never read a DM unless a participant forwards it, and that includes agents added late to a group DM, which start blank with no history backfill.",explicit,False,cross,interleaved
ando,ando-p15,contradiction,Cstar,rrf,full,correct,"Agents never read a DM unless a participant forwards it (so a late-added agent starts blank, with no history backfill).",explicit,False,cross,interleaved
ando,ando-p15,contradiction,D,bm25,full,correct,"Agents never read a DM unless a participant forwards it, and that includes agents added late to a group DM, which start blank with no history backfill.",explicit,False,cross,interleaved
ando,ando-p15,contradiction,D,emb,full,correct,"Agents never read a DM unless a participant forwards it, and this applies to late-added agents too, so they start blank with no history backfill.",explicit,False,cross,interleaved
ando,ando-p15,contradiction,D,rrf,full,correct,"Agents never read a DM unless a participant forwards it, and this also applies to agents added late to a group DM, which start blank with no history backfill.",explicit,False,cross,interleaved
ando,ando-p15,contradiction,E,bm25,full,wrong,"Per the DM permission policy, an agent added late to a group DM starts with no message history and gets no backfill; whether agents can read DMs when @-mentioned is still an open question.",explicit,False,cross,interleaved
ando,ando-p15,contradiction,E,emb,full,correct,"Agents never read a DM unless a participant forwards it to them, and when added late to a group DM they start with no message history (no backfill).",explicit,False,cross,interleaved
ando,ando-p15,contradiction,E,rrf,full,correct,"Agents never read a DM unless a participant forwards it to them, and an agent added late to a group DM starts with no message history (no backfill).",explicit,False,cross,interleaved
ando,ando-p16,repeat_question,window,-,none,missing,UNKNOWN,correction,True,cross,interleaved
ando,ando-p16,repeat_question,oracle,-,full,correct,"Oli is the current owner of AND-341, having taken it over from AJ on Fri Sep 18.",correction,True,cross,interleaved
ando,ando-p16,repeat_question,A,bm25,full,correct,"Oli currently owns AND-341. He took it over from AJ on Fri Sep 18 (""AND-341 is mine now""), and nothing later in the memory changes that.",correction,True,cross,interleaved
ando,ando-p16,repeat_question,A,emb,full,missing,"The current owner of AND-341 is unclear from the notes, and the most recent statements conflict.

On Fri Sep 18, oli said ""AND-341 is mine now."" In the same channel and on the same day, aj said ""I'm still on AND-341,"" and frida said ""AND-341 is his [AJ's]."" The two claims were never reconciled, and on Tue Sep 22 frida asked who has it right now, which went unanswered.

Since oli reassigned it to himself on Sep 18 and frida was told to send details to oli, but aj and frida both still treat it as aj's, I can't tell which one holds it.

UNKNOWN",correction,True,cross,interleaved
ando,ando-p16,repeat_question,A,rrf,full,correct,"Oli is the current owner of AND-341. On Fri Sep 18, Oli said ""AND-341 is mine now,"" which supersedes AJ's earlier claim, and Frida's message that day still assumed it was AJ's.",correction,True,cross,interleaved
ando,ando-p16,repeat_question,B,bm25,full,correct,"Oli is the current owner of AND-341: on Fri Sep 18 he said ""AND-341 is mine now"" and told Frida to send the details to him, taking it over from aj.",correction,True,cross,interleaved
ando,ando-p16,repeat_question,B,emb,full,correct,"Oli is the current owner of AND-341: on Fri Sep 18 he said ""AND-341 is mine now,"" after aj had taken it on Sep 10.",correction,True,cross,interleaved
ando,ando-p16,repeat_question,B,rrf,full,correct,"Oli currently owns AND-341. On Fri Sep 18 he said ""AND-341 is mine now"" and took it over from aj, who had claimed it on Sep 10. Nothing later reassigns it.",correction,True,cross,interleaved
ando,ando-p16,repeat_question,C,bm25,full,correct,"Oli is the current owner of AND-341. Although aj took it on Sep 10 and still said he was on it on Sep 18, Oli stated on Sep 18 that ""AND-341 is mine now.""",correction,True,cross,interleaved
ando,ando-p16,repeat_question,C,emb,full,correct,"Oli is the current owner of AND-341. On Fri Sep 18 he told Frida ""AND-341 is mine now, send the details to me,"" which came after AJ took it on Sep 10. AJ later said he was ""still on AND-341"" in a message that appears earlier in the log than Oli's reassignment, so Oli's message is the latest word on ownership.

Strictly by timestamps, though, the order of the Sep 18 messages is ambiguous. Oli's takeover was a direct response to Frida's message about pinging AJ, and the log lists it right after that message. AJ's ""still on AND-341"" came before Frida's ping, so Oli's message is the later one.

**Oli owns AND-341 now, having taken it over from AJ on Sep 18.**",correction,True,cross,interleaved
ando,ando-p16,repeat_question,C,rrf,full,correct,"Oli is the current owner of AND-341. AJ took it on Sep 10, but on Sep 18 Oli told Frida ""AND-341 is mine now."" AJ said later that same day he was ""still on AND-341"", so the ownership is somewhat contested. Oli's message is the explicit reassignment, so I'm going with Oli.

**Oli currently owns AND-341.**",correction,True,cross,interleaved
ando,ando-p16,repeat_question,Cstar,bm25,full,correct,"Oli is the current owner of AND-341. On Fri Sep 18, Oli said ""AND-341 is mine now"" and told Frida to send the details to him. Oli also told AJ to hand it over because AJ was moving to launch-week permissions.",correction,True,cross,interleaved
ando,ando-p16,repeat_question,Cstar,emb,full,correct,"Oli is the current owner of AND-341. On Fri Sep 18 he said ""AND-341 is mine now"" and told AJ to hand it over because AJ was moving to launch-week permissions. AJ replied afterward that he was still on it, but that message looks like a repeat of an earlier post, and nothing shows Oli's reassignment being reversed.",correction,True,cross,interleaved
ando,ando-p16,repeat_question,Cstar,rrf,full,correct,"Oli is the current owner of AND-341. On Fri Sep 18, Oli said ""AND-341 is mine now"" and told AJ to hand it over because AJ is on launch-week permissions. Frida's later message that it is AJ's, and AJ's own ""still on AND-341"" message, came after or alongside that but don't show a handoff back.

Reading the order, AJ's ""still on it"" message sits between Oli's two messages. Oli's ""hand it to me"" came after it, so the reassignment to Oli is the latest word.

**Oli owns AND-341.**",correction,True,cross,interleaved
ando,ando-p16,repeat_question,D,bm25,full,correct,"Oli is the current owner of AND-341: on Fri Sep 18 he said ""AND-341 is mine now,"" taking it over from AJ.",correction,True,cross,interleaved
ando,ando-p16,repeat_question,D,emb,full,correct,"Oli is the current owner of AND-341: on Fri Sep 18, Oli told Frida ""AND-341 is mine now"" and said ""nah hand it to me"" in response to AJ, who had been working on it.",correction,True,cross,interleaved
ando,ando-p16,repeat_question,D,rrf,full,correct,"Oli is the current owner of AND-341.

On Fri Sep 18, Oli told Frida ""AND-341 is mine now, send the details to me."" Oli also said ""nah hand it to me, you're on launch-week permissions now,"" which fits the same handoff from AJ. Nothing later in the memory changes this.",correction,True,cross,interleaved
ando,ando-p16,repeat_question,E,bm25,full,correct,"Based on the memory, oli is the current owner of AND-341: oli took ownership from aj, and that is the latest ownership change, though some older notes still list aj.",correction,True,cross,interleaved
ando,ando-p16,repeat_question,E,emb,full,correct,"Per the latest ownership change in memory, oli is the current owner of AND-341, having taken it over from aj.",correction,True,cross,interleaved
ando,ando-p16,repeat_question,E,rrf,full,correct,"The current owner of AND-341 is oli, who took it over from aj.",correction,True,cross,interleaved
anthropic,anthropic-p01,contradiction,window,-,full,correct,"The memory conflicts: yuki asked whether the deadline is Oct 23 and nadia reacted 👍, but theo later said the paper is due Oct 30. The later message gives the most recent statement, so the current deadline appears to be Oct 30.

The harbor workshop paper submission deadline is currently Oct 30, per theo's later message, which supersedes the Oct 23 that yuki asked about.",reaction,False,near,flat
anthropic,anthropic-p01,contradiction,oracle,-,full,correct,"The memory contains conflicting dates. Yuki asked whether the deadline is Oct 23 and Nadia reacted 👍, but Theo later said the paper is due Oct 30. Nadia's 👍 only confirms a question, while Theo's statement is the later, direct claim, so the current deadline appears to be Oct 30.

**The harbor workshop paper is currently due Oct 30.**",reaction,False,near,flat
anthropic,anthropic-p01,contradiction,A,bm25,full,missing,"The memory gives conflicting dates, so the deadline isn't settled. Yuki asked whether it was Oct 23 and nadia reacted 👍, but theo later said the paper is due Oct 30, and nothing explains the difference.

Nadia's 👍 only confirms the Oct 23 date as a question, while theo's Oct 30 comes as a later offhand remark. The memory has no explicit statement of a change or correction, so I can't say which date is current.

UNKNOWN",reaction,False,near,flat
anthropic,anthropic-p01,contradiction,A,emb,full,missing,"The memory gives conflicting dates, so I can't say for sure: yuki asked whether the deadline is Oct 23 and nadia reacted 👍, while theo later said the paper is due Oct 30. Neither message states a confirmed deadline outright, and nobody explains the discrepancy.

UNKNOWN",reaction,False,near,flat
anthropic,anthropic-p01,contradiction,A,rrf,full,missing,"The memory gives conflicting dates, so I can't say which one is the current deadline. Yuki asked whether it was Oct 23 and nadia reacted 👍, but later Theo said the paper is due Oct 30, and nothing in the notes settles which is right.

UNKNOWN",reaction,False,near,flat
anthropic,anthropic-p01,contradiction,B,bm25,full,correct,"The memory conflicts on this: yuki asked whether the deadline is Oct 23 and nadia reacted 👍, but later theo said the paper is due Oct 30. A reaction only confirms a question, while theo's later statement gives a specific date, so the latest stated deadline is Oct 30.

**The current submission deadline appears to be Oct 30, per theo's later message, though earlier a 👍 was given to Oct 23.**",reaction,False,near,flat
anthropic,anthropic-p01,contradiction,B,emb,full,correct,"The memory conflicts on this: yuki asked whether the deadline is Oct 23 and nadia reacted 👍, but later theo said the paper is due Oct 30. A reaction only confirms a question, while theo's later statement gives a specific date, so the latest stated deadline is Oct 30.

**The current submission deadline appears to be Oct 30, per theo's later message, though earlier a 👍 was given to Oct 23.**",reaction,False,near,flat
anthropic,anthropic-p01,contradiction,B,rrf,full,correct,"The memory conflicts on this: yuki asked whether the deadline is Oct 23 and nadia reacted 👍, but later theo said the paper is due Oct 30. A reaction only confirms a question, while theo's later statement gives a specific date, so the latest stated deadline is Oct 30.

**The current submission deadline appears to be Oct 30, per theo's later message, though earlier a 👍 was given to Oct 23.**",reaction,False,near,flat
anthropic,anthropic-p01,contradiction,C,bm25,full,missing,"The memory gives conflicting dates, so I can't say for sure. Yuki asked whether the deadline is Oct 23 and nadia reacted 👍, but later theo said the paper is due Oct 30. Nothing in the memory says which date is current.

UNKNOWN",reaction,False,near,flat
anthropic,anthropic-p01,contradiction,C,emb,full,missing,"The memory gives conflicting dates, so I can't say for sure. Yuki asked whether the deadline is Oct 23 and Nadia reacted 👍, while Theo later said the paper is due Oct 30. Neither message is an authoritative statement, and nothing resolves the conflict.

UNKNOWN",reaction,False,near,flat
anthropic,anthropic-p01,contradiction,C,rrf,full,correct,"The memory gives conflicting dates, so I can't be sure of the deadline: Yuki asked whether it's Oct 23 and Nadia reacted 👍, while Theo later said the paper is due Oct 30.

Nadia's 👍 only confirms Yuki's question, and Theo's remark comes later and is stated as fact, but neither is a clear authoritative announcement. The most recent statement is Oct 30, so that is my best answer.

**The current deadline appears to be Oct 30, per Theo's latest message, though it conflicts with the Oct 23 date that Yuki asked about and Nadia 👍'd.**",reaction,False,near,flat
anthropic,anthropic-p01,contradiction,Cstar,bm25,full,missing,"The memory gives conflicting dates, so the deadline isn't settled. Yuki asked whether it was Oct 23 and nadia reacted 👍, but theo later said the paper is due Oct 30, and nothing explains the difference.

Nadia's 👍 only confirms the Oct 23 date as a question, while theo's Oct 30 comes as a later offhand remark. The memory has no explicit statement of a change or correction, so I can't say which date is current.

UNKNOWN",reaction,False,near,flat
anthropic,anthropic-p01,contradiction,Cstar,emb,full,missing,"The memory gives conflicting dates, so I can't say for sure: yuki asked whether the deadline is Oct 23 and nadia reacted 👍, while theo later said the paper is due Oct 30. Neither message states a confirmed deadline outright, and nobody explains the discrepancy.

UNKNOWN",reaction,False,near,flat
anthropic,anthropic-p01,contradiction,Cstar,rrf,full,missing,"The memory gives conflicting dates, so I can't say which one is the current deadline. Yuki asked whether it was Oct 23 and nadia reacted 👍, but later Theo said the paper is due Oct 30, and nothing in the notes settles which is right.

UNKNOWN",reaction,False,near,flat
anthropic,anthropic-p01,contradiction,D,bm25,full,missing,"The memory gives conflicting dates, so I can't say for sure: yuki asked whether the deadline is Oct 23 and nadia reacted 👍, while theo later said the paper is due Oct 30. Neither message states a confirmed deadline outright, and nobody explains the discrepancy.

UNKNOWN",reaction,False,near,flat
anthropic,anthropic-p01,contradiction,D,emb,full,missing,"The memory gives conflicting dates, so I can't say for sure: yuki asked whether the deadline is Oct 23 and nadia reacted 👍, while theo later said the paper is due Oct 30. Neither message states a confirmed deadline outright, and nobody explains the discrepancy.

UNKNOWN",reaction,False,near,flat
anthropic,anthropic-p01,contradiction,D,rrf,full,missing,"The memory gives conflicting dates, so I can't say for sure: yuki asked whether the deadline is Oct 23 and nadia reacted 👍, while theo later said the paper is due Oct 30. Neither message states a confirmed deadline outright, and nobody explains the discrepancy.

UNKNOWN",reaction,False,near,flat
anthropic,anthropic-p01,contradiction,E,bm25,full,correct,"The memory gives conflicting dates: Yuki asked whether the deadline is Oct 23 (Nadia reacted 👍), but Theo later said the paper is due Oct 30. Since Theo's message is the more recent one, the current deadline appears to be Oct 30.

**The harbor workshop paper is due Oct 30, per Theo's latest message, which conflicts with the Oct 23 date Yuki asked about earlier.**",reaction,False,near,flat
anthropic,anthropic-p01,contradiction,E,emb,full,correct,"The memory gives conflicting dates, so I can't say for certain. Yuki asked whether the deadline is Oct 23 and Nadia reacted 👍, but Theo later said the paper is due Oct 30.

Yuki's message was a question, and Nadia's 👍 confirms Oct 23 for the workshop paper submission deadline. Theo's ""paper's due Oct 30"" is a later, passing remark that doesn't clearly refer to the same deadline.

The current submission deadline is Oct 23, as confirmed by Nadia's 👍, though Theo later mentioned Oct 30.",reaction,False,near,flat
anthropic,anthropic-p01,contradiction,E,rrf,full,correct,"The memory gives conflicting dates for the harbor workshop paper deadline. Yuki asked whether it is Oct 23 and Nadia reacted 👍, but Theo later said the paper is due Oct 30. Nadia's 👍 confirms Oct 23 only as a reaction to a question, and Theo's statement does not say it is a correction.

Going by the most recent message, the current deadline is Oct 30.

**The harbor workshop paper is due Oct 30, per Theo's latest message, though an earlier exchange (Yuki's question, confirmed with Nadia's 👍) said Oct 23.**",reaction,False,near,flat
anthropic,anthropic-p03,contradiction,window,-,none,wrong,"The only mention is Theo's note that he put in the draft that the release gate is 75% pass@1, so the current threshold is 75% pass@1 (per the draft).",distributed,False,far,interleaved
anthropic,anthropic-p03,contradiction,oracle,-,full,correct,"There's a conflict: yuki said the release gate threshold is 70% pass@1, while theo later said his draft says 75%. Yuki's statement is the authoritative one about the gate, and theo only mentions what he put in the draft, which may be an error rather than a change.

The release gate threshold is 70% pass@1, measured on the held-out set only. Theo's draft says 75%, but that is not shown to be an official change.",distributed,False,far,interleaved
anthropic,anthropic-p03,contradiction,A,bm25,full,correct,"The release gate threshold is 70% pass@1, as Yuki stated on Oct 7. Theo's draft says 75%, but that looks like an error, since nobody changed the figure.",distributed,False,far,interleaved
anthropic,anthropic-p03,contradiction,A,emb,partial,correct,"The memory conflicts: yuki said the release gate threshold is 70% pass@1, while theo later said his draft has 75%. Theo's message only says what he ""put in the draft"", not that the threshold changed. Yuki's statement is an explicit statement of the threshold, and theo's could be a draft error. Nothing indicates a change in the gate.

The release gate threshold is 70% pass@1 (per yuki), though theo's draft mentions 75%, which appears to be a discrepancy rather than a documented change.",distributed,False,far,interleaved
anthropic,anthropic-p03,contradiction,A,rrf,partial,correct,"The release gate threshold is 70% pass@1, per Yuki's earlier message. Theo's later draft says 75%, but that was only a draft mention, and nobody confirmed a change to the gate itself.",distributed,False,far,interleaved
anthropic,anthropic-p03,contradiction,B,bm25,full,correct,"The release gate threshold is 70% pass@1, measured on the held-out set only. Yuki stated this on Oct 7, while Theo's later draft mention of 75% conflicts with it, but it isn't an announced change to the gate.",distributed,False,far,interleaved
anthropic,anthropic-p03,contradiction,B,emb,full,correct,"The harbor release gate threshold is 70% pass@1, measured on the held-out set only. Yuki stated this in #harbor-evals. Theo's later mention of 75% was a draft note, not a stated change to the gate.",distributed,False,far,interleaved
anthropic,anthropic-p03,contradiction,B,rrf,full,correct,"The memory gives conflicting figures, so I'm going with the one stated as the gate decision. Yuki said the release gate threshold is 70% pass@1, measured on the held-out set only. Theo later said he put 75% in the draft, but that is a draft statement, not a decision to change the threshold, and it may simply be an error.

The harbor release gate is 70% pass@1, measured on the held-out set only.",distributed,False,far,interleaved
anthropic,anthropic-p03,contradiction,C,bm25,full,correct,"The memory conflicts: yuki said the release gate threshold is 70% pass@1, while theo later said his draft has it at 75%. Yuki's statement is the explicit one from the gate discussion, and theo's was an offhand mention of what he put in a draft, so it may be a mistake and doesn't clearly signal a change. I'll go with 70%.

The current harbor release gate threshold is 70% pass@1, measured on the held-out set only (theo's draft says 75%, which conflicts with this).",distributed,False,far,interleaved
anthropic,anthropic-p03,contradiction,C,emb,full,correct,"The memory gives conflicting values: yuki said the release gate is 70% pass@1, while theo's later draft message says 75%. Theo's message only says he ""put in the draft"" that it's 75%, which reads as his own draft wording and not a decision to change the threshold. Yuki's statement is the explicit statement of the gate.

The release gate threshold is 70% pass@1, measured on the held-out set only.",distributed,False,far,interleaved
anthropic,anthropic-p03,contradiction,C,rrf,full,correct,"The memory contains conflicting numbers: yuki states the release gate threshold is 70% pass@1 (measured on the held-out set only), while theo's later draft mentions 75%. Yuki's statement is the explicit decision-level one, and theo's later remark is only about what he put in a draft, so I treat 70% as the current threshold.

The current harbor release gate threshold is 70% pass@1, measured on the held-out set only.",distributed,False,far,interleaved
anthropic,anthropic-p03,contradiction,Cstar,bm25,full,correct,"The memory gives conflicting numbers: yuki said the release gate threshold is 70% pass@1, measured on the held-out set only, while theo's later draft says 75% pass@1. Yuki's figure is stated as the established threshold, and theo's was a passing mention in his draft, with no sign the threshold was changed. I'm going with 70%.

The harbor release gate threshold is 70% pass@1, measured on the held-out set only.",distributed,False,far,interleaved
anthropic,anthropic-p03,contradiction,Cstar,emb,full,correct,"The release gate threshold is 70% pass@1, as yuki stated, measured on the held-out set only. Theo's draft says 75%, but that appears to be a mistake, since nothing in the memory shows the threshold being changed.",distributed,False,far,interleaved
anthropic,anthropic-p03,contradiction,Cstar,rrf,full,correct,"The harbor release gate threshold is 70% pass@1, as yuki stated, measured on the held-out set only. Theo's draft says 75%, but that conflicts with the earlier statement and isn't a stated decision to change it.",distributed,False,far,interleaved
anthropic,anthropic-p03,contradiction,D,bm25,full,correct,"The memory gives two figures: Yuki said the release gate threshold is 70% pass@1, measured on the held-out set only, while Theo later wrote in the draft that it is 75% pass@1. No one corrected either figure or said the threshold was changed, so Theo's draft line could be a mistake or an update.

Yuki's statement is the only explicit statement of the threshold in the discussion, so the best-supported answer is 70%.

**The release gate is 70% pass@1 on the held-out set, though Theo's later draft says 75%, which nobody confirmed or corrected.**",distributed,False,far,interleaved
anthropic,anthropic-p03,contradiction,D,emb,full,correct,"The release gate threshold is 70% pass@1, measured on the held-out set only. Yuki stated this in #harbor-evals, while Theo's later ""75%"" was only a draft mention and not a stated change in the gate.",distributed,False,far,interleaved
anthropic,anthropic-p03,contradiction,D,rrf,full,correct,"The release gate threshold is 70% pass@1, measured on the held-out set only. Yuki stated this, while Theo's draft mentions 75%, which conflicts with it.",distributed,False,far,interleaved
anthropic,anthropic-p03,contradiction,E,bm25,full,correct,"The release gate threshold is 70% pass@1, measured on the held-out set only. (Theo's draft says 75%, but that conflicts with the established 70% setting.)",distributed,False,far,interleaved
anthropic,anthropic-p03,contradiction,E,emb,full,correct,"The memory conflicts on this: the notes set the release gate at 70% pass@1, measured on the held-out set only. Theo's draft says 75%, but that is just a draft mention with no indication the threshold was changed.

**The current harbor release gate threshold is 70% pass@1, measured on the held-out set.**",distributed,False,far,interleaved
anthropic,anthropic-p03,contradiction,E,rrf,full,correct,"The memory conflicts. The notes say the release gate threshold is 70% pass@1, measured on the held-out set only. Theo's latest message says his draft has 75%, but that reads as a draft inconsistency rather than a decision to change the gate.

The harbor release gate threshold is currently 70% pass@1, measured on the held-out set only.",distributed,False,far,interleaved
anthropic,anthropic-p05,stale_quote,window,-,full,correct,"The eval config is being updated to harbor v1.3, and baselines are being rerun on v1.3 (the table caption still says v1.2, but that's the old wording).",cross_ref,True,near,interleaved
anthropic,anthropic-p05,stale_quote,oracle,-,full,correct,"The current harbor release is v1.3, which Felix proposed on Oct 7 and confirmed on Oct 12, though the candidate is still being rebuilt. The results table caption still reads v1.2, but that caption is about to be replaced with the rerun numbers.",cross_ref,True,near,interleaved
anthropic,anthropic-p05,stale_quote,A,bm25,full,correct,"The current harbor release version is v1.3: Felix floated v1.3 on Oct 7, and on Oct 12 Yuki said she was updating the eval config to point at v1.3 and Theo committed to rerunning all baselines on v1.3.

Nadia's results-table caption still reads ""v1.2"", and Felix's Oct 5 note also said v1.2, but those predate the v1.3 numbering.

**v1.3**",cross_ref,True,near,interleaved
anthropic,anthropic-p05,stale_quote,A,emb,full,correct,"The current harbor release version is v1.3: Felix proposed it on Oct 7, and on Oct 12 he said he was going with that proposal, and Yuki is pointing the eval config at v1.3. The v1.2 in Nadia's table caption is the older wording.",cross_ref,True,near,interleaved
anthropic,anthropic-p05,stale_quote,A,rrf,full,correct,"The current harbor release version is v1.3, since Yuki is updating the eval config to point at it. The earlier v1.2 mentions were an Oct 5 planning note and a table caption, and Felix's v1.3 suggestion on Oct 7 was what the Oct 12 plan went with.",cross_ref,True,near,interleaved
anthropic,anthropic-p05,stale_quote,B,bm25,full,correct,"The current harbor release version is v1.3, per Yuki's Oct 12 message updating the eval config and Theo's plan to rerun baselines on it. This supersedes the v1.2 mentioned in Felix's Oct 5 note and in the table caption.",cross_ref,True,near,interleaved
anthropic,anthropic-p05,stale_quote,B,emb,full,correct,"The harbor release is now v1.3. Felix floated it on Oct 7 as an idea, then proposed it for the new release, and Yuki updated the eval config to point at v1.3 on Oct 12. The table caption still reads ""v1.2,"" but that is old wording.

**The current version is v1.3.**",cross_ref,True,near,interleaved
anthropic,anthropic-p05,stale_quote,B,rrf,full,correct,"The memory gives conflicting versions: Felix said v1.2 on Oct 5, Yuki said on Oct 12 that she is pointing the eval config at v1.3, and Theo said he would rerun the baselines on v1.3. Nadia's caption still says v1.2, but that is only the old wording. The latest evidence points to v1.3.

The current harbor release version is v1.3.",cross_ref,True,near,interleaved
anthropic,anthropic-p05,stale_quote,C,bm25,full,correct,"The current harbor release version is v1.3. Felix's Oct 5 note said v1.2, but on Oct 12 Nadia said contamination required a new version, and Yuki then updated the eval config to point at v1.3.",cross_ref,True,near,interleaved
anthropic,anthropic-p05,stale_quote,C,emb,full,correct,"The current harbor release version is v1.3: Yuki updated the eval config to point at v1.3 on Oct 12, which supersedes Felix's earlier v1.2 note (Felix had only floated v1.3 on Oct 7 as a suggestion).",cross_ref,True,near,interleaved
anthropic,anthropic-p05,stale_quote,C,rrf,full,correct,"The current harbor release version is v1.3. Felix first floated it on Oct 7, and Yuki's Oct 12 eval config update points to v1.3, with Theo rerunning baselines on it. The v1.2 in Nadia's table caption and Felix's earlier note is outdated.",cross_ref,True,near,interleaved
anthropic,anthropic-p05,stale_quote,Cstar,bm25,full,correct,"The current harbor release version is v1.3, which Felix proposed on Oct 7 and then adopted on Oct 12, and Yuki pointed the eval config at it. The v1.2 in Nadia's table caption and Felix's Oct 5 note is outdated.",cross_ref,True,near,interleaved
anthropic,anthropic-p05,stale_quote,Cstar,emb,full,correct,"The current harbor release version is v1.3, which Felix proposed on Oct 7 and then went ahead with on Oct 12, and Yuki is pointing the eval config at it. The earlier v1.2 note from Oct 5 and Nadia's table caption are outdated.",cross_ref,True,near,interleaved
anthropic,anthropic-p05,stale_quote,Cstar,rrf,full,correct,"The current harbor release version is v1.3: Felix proposed it on Oct 7, then confirmed on Oct 12 that he was going with it, and Yuki is pointing the eval config at v1.3. The v1.2 in Nadia's table caption and Felix's Oct 5 note is outdated.",cross_ref,True,near,interleaved
anthropic,anthropic-p05,stale_quote,D,bm25,full,correct,"The current harbor release is v1.3. Felix first noted v1.2 on Oct 5, but on Oct 12 Yuki updated the eval config to point at v1.3, and Theo is rerunning the baselines on v1.3. Nadia's table caption still says v1.2, but that wording is outdated.",cross_ref,True,near,interleaved
anthropic,anthropic-p05,stale_quote,D,emb,full,correct,"The current version is v1.3: Yuki updated the eval config to point at it, and Theo is rerunning all baselines on it. The ""v1.2"" in Nadia's table caption is just stale wording that she wants kept for the table.",cross_ref,True,near,interleaved
anthropic,anthropic-p05,stale_quote,D,rrf,full,correct,"The current version is v1.3: on Mon Oct 12, yuki updated the eval config to point at v1.3, and theo is rerunning baselines on harbor v1.3. The earlier v1.2 mentions (Felix's Oct 5 release note and the table caption) are older or are wording that hasn't been updated.",cross_ref,True,near,interleaved
anthropic,anthropic-p05,stale_quote,E,bm25,full,correct,"The current harbor release is v1.3, since the eval config is being updated to point at v1.3 and baselines are being rerun on it. The v1.2 label still appears in the table caption, but that is older wording.",cross_ref,True,near,interleaved
anthropic,anthropic-p05,stale_quote,E,emb,full,correct,"The current harbor release version is v1.3, since Yuki is updating the eval config to point at v1.3 and Theo is rerunning baselines on v1.3. The results table caption still reads ""harbor v1.2"", so it will probably need updating.",cross_ref,True,near,interleaved
anthropic,anthropic-p05,stale_quote,E,rrf,full,correct,"The current harbor release version is v1.3, since Yuki is updating the eval config to point at v1.3 and Theo is rerunning baselines on harbor v1.3, although Nadia's results table caption still says ""harbor v1.2"".",cross_ref,True,near,interleaved
anthropic,anthropic-p06,deadline_passed,window,-,none,missing,"UNKNOWN. The memory has no task or commitment to rerun all baselines on harbor v1.3. Felix only floated v1.3 as a possible release number (""nothing decided"").",explicit,False,cross,threaded
anthropic,anthropic-p06,deadline_passed,oracle,-,full,correct,"Not done: Theo committed on Oct 12 to rerun all baselines on harbor v1.3 by Fri Oct 16, and nothing in memory shows it was completed (the Oct 19 message only mentions weekend results and a plateau on long-horizon tasks).",explicit,False,cross,threaded
anthropic,anthropic-p06,deadline_passed,A,bm25,full,correct,"Not done: Theo committed on Oct 12 to rerun all baselines on harbor v1.3 by Fri Oct 16, but nothing in memory shows they were completed (Yuki's Oct 19 note about weekend results doesn't confirm it).",explicit,False,cross,threaded
anthropic,anthropic-p06,deadline_passed,A,emb,full,correct,"Not done: Theo committed on Oct 12 to rerun all baselines on harbor v1.3 by Fri Oct 16, but nothing in memory shows it was completed (the only later note, Yuki's Oct 19 comment on weekend results, doesn't confirm it).",explicit,False,cross,threaded
anthropic,anthropic-p06,deadline_passed,A,rrf,full,correct,"Not done: Theo committed on Oct 12 to rerun all baselines on harbor v1.3 by Fri Oct 16, but nothing in memory shows it was completed (only partial rescoring on untouched tasks ""nearly identical so far"" and Yuki's Oct 19 note on weekend results, which doesn't confirm completion).",explicit,False,cross,threaded
anthropic,anthropic-p06,deadline_passed,B,bm25,full,correct,"Not done: Theo committed on Oct 12 to rerun all baselines on harbor v1.3 by Fri Oct 16, but nothing in memory shows it was completed (Yuki's Oct 19 note only mentions weekend results, not that the rerun finished).",explicit,False,cross,threaded
anthropic,anthropic-p06,deadline_passed,B,emb,full,correct,"Not done: Theo committed on Oct 12 to rerun all baselines on harbor v1.3 by Fri Oct 16, but nothing in memory shows it was completed (the Oct 19 message only mentions weekend results, without confirming the rerun).",explicit,False,cross,threaded
anthropic,anthropic-p06,deadline_passed,B,rrf,full,correct,"Not done: Theo committed on Oct 12 to rerun all baselines on harbor v1.3 by Fri Oct 16, but nothing in memory shows it was completed.",explicit,False,cross,threaded
anthropic,anthropic-p06,deadline_passed,C,bm25,full,correct,"Not done: Theo committed on Oct 12 to rerun all baselines on harbor v1.3 by Fri Oct 16 (rescoring unpatched tasks from saved traces, fresh runs only for patched ones), but nothing in memory shows it was completed.",explicit,False,cross,threaded
anthropic,anthropic-p06,deadline_passed,C,emb,full,correct,"Not done: Theo committed on Mon Oct 12 to rerun all baselines on harbor v1.3 by Fri Oct 16 (rescoring unpatched tasks from saved traces, fresh runs for patched ones), but nothing in memory shows it was completed.",explicit,False,cross,threaded
anthropic,anthropic-p06,deadline_passed,C,rrf,full,correct,"Not done: Theo committed on Oct 12 to rerun all baselines on harbor v1.3 by Fri Oct 16, but nothing in memory shows it was completed.",explicit,False,cross,threaded
anthropic,anthropic-p06,deadline_passed,Cstar,bm25,full,correct,"Not done: Theo committed on Oct 12 to rerun all baselines on harbor v1.3 by Fri Oct 16, rescoring unpatched tasks from saved traces and doing fresh runs only for the patched ones, but nothing in memory shows it was completed.",explicit,False,cross,threaded
anthropic,anthropic-p06,deadline_passed,Cstar,emb,full,correct,"Not done: Theo committed on Oct 12 to rerun all baselines on harbor v1.3 by Fri Oct 16, rescoring unpatched tasks from saved traces and doing fresh runs only for patched ones. Nothing in memory shows it was completed. The only later note, Yuki's Oct 19 comment on weekend results, doesn't confirm the rerun finished.",explicit,False,cross,threaded
anthropic,anthropic-p06,deadline_passed,Cstar,rrf,full,correct,"Not done: Theo committed on Oct 12 to rerun all baselines on harbor v1.3 by Fri Oct 16, rescoring unpatched tasks from saved traces and doing fresh runs only for the patched ones. Nothing in memory shows it was completed, and the Oct 19 note only mentions weekend results, not that the baseline reruns finished.",explicit,False,cross,threaded
anthropic,anthropic-p06,deadline_passed,D,bm25,full,correct,"Not done: Theo committed on Oct 12 to rerun all baselines on harbor v1.3 by Fri Oct 16, but nothing in memory shows it was completed (the Oct 19 note only mentions weekend results, not that the rerun finished).",explicit,False,cross,threaded
anthropic,anthropic-p06,deadline_passed,D,emb,full,correct,"Not done: Theo committed on Oct 12 to rerun all baselines on harbor v1.3 by Fri Oct 16, and nothing in memory shows the reruns were completed (the Oct 19 message only mentions weekend results with no confirmation).",explicit,False,cross,threaded
anthropic,anthropic-p06,deadline_passed,D,rrf,full,correct,"Not done: Theo committed on Oct 12 to rerun all baselines on harbor v1.3 by Fri Oct 16, rescoring unpatched tasks and doing fresh runs only for patched ones, but nothing in memory shows it was completed.",explicit,False,cross,threaded
anthropic,anthropic-p06,deadline_passed,E,bm25,full,correct,"Not done: Theo committed to rerunning all baselines on harbor v1.3 by Friday Oct 16, and nothing in memory shows the rerun was completed (the latest message, from Mon Oct 19, only mentions weekend results and a plateau on long-horizon tasks).",explicit,False,cross,threaded
anthropic,anthropic-p06,deadline_passed,E,emb,full,correct,"Not done: the memory only records Theo's commitment to rerun all baselines on harbor v1.3 by Friday Oct 16, and nothing shows it was completed (Yuki's Oct 19 note on weekend results doesn't confirm it).",explicit,False,cross,threaded
anthropic,anthropic-p06,deadline_passed,E,rrf,full,correct,"Not done: Theo committed to rerun all baselines on harbor v1.3 by Friday Oct 16, and nothing in memory shows it was completed (the Oct 19 message only mentions weekend results, not that this rerun finished).",explicit,False,cross,threaded
anthropic,anthropic-p08,stale_quote,window,-,none,missing,UNKNOWN,correction,False,far,interleaved
anthropic,anthropic-p08,stale_quote,oracle,-,full,correct,"The held-out set currently has 1,140 items, since the second contamination pass removed 60 from the original 1,200.",correction,False,far,interleaved
anthropic,anthropic-p08,stale_quote,A,bm25,partial,stale,"The harbor held-out set has 1,200 items, as decided by Marcus on Oct 7 and confirmed by Theo's Oct 19 note that the dataset section and tables use 1,200.

Removals from the contamination check are still being processed, though, so the count may drop once the removed-ID file is applied. The notes mention a ""smaller denominator"" for the plateau figure but give no new number.

**1,200 items.**",correction,False,far,interleaved
anthropic,anthropic-p08,stale_quote,A,emb,full,correct,"The held-out set currently has 1,140 items, down from 1,200 after a second contamination pass removed 60 more.",correction,False,far,interleaved
anthropic,anthropic-p08,stale_quote,A,rrf,partial,missing,"The memory doesn't say the current count. Marcus set the held-out set at 1,200 items on Oct 7, but by Oct 19 some items were removed for contamination, and the new count isn't given. Theo is building tables against 1,200, but he also says the plateau figure needs ""the smaller denominator.""

UNKNOWN",correction,False,far,interleaved
anthropic,anthropic-p08,stale_quote,B,bm25,none,missing,"The held-out set was locked at 1,200 items on Oct 7, but on Oct 19 some items were removed (mostly web-app tasks with near-duplicate upstream repos), and the memory doesn't say how many, so the current count is UNKNOWN.

UNKNOWN",correction,False,far,interleaved
anthropic,anthropic-p08,stale_quote,B,emb,none,missing,"The memory doesn't settle the current count. On Oct 7, Marcus decided the held-out set would be 1,200 items, backfilling from licensed repos rather than shrinking it. But on Oct 19, items were removed for near-duplicate overlap, mostly web-app tasks, and the plateau figure needs a ""smaller denominator"". Theo is building tables to match the draft's 1,200, but no post-removal count is given.

UNKNOWN",correction,False,far,interleaved
anthropic,anthropic-p08,stale_quote,B,rrf,none,missing,"The memory doesn't give a current count: the held-out set was locked at 1,200 items on Oct 7, but on Oct 19 some items were removed (mostly web-app tasks) and the new count isn't stated.

UNKNOWN",correction,False,far,interleaved
anthropic,anthropic-p08,stale_quote,C,bm25,full,correct,"The harbor held-out set currently has 1,140 items: Marcus said on Oct 19 that a second contamination pass removed 60 more from the original 1,200.",correction,False,far,interleaved
anthropic,anthropic-p08,stale_quote,C,emb,full,correct,"The harbor held-out set currently has 1,140 items: Marcus said to use 1,140 rather than 1,200 because the second contamination pass removed 60 more.",correction,False,far,interleaved
anthropic,anthropic-p08,stale_quote,C,rrf,full,correct,"The harbor held-out set currently has 1,140 items: it was 1,200, and Marcus said on Oct 19 that the second contamination pass removed 60 more.",correction,False,far,interleaved
anthropic,anthropic-p08,stale_quote,Cstar,bm25,full,correct,"The harbor held-out set currently has 1,140 items, down from 1,200 after the second contamination pass removed 60 more.",correction,False,far,interleaved
anthropic,anthropic-p08,stale_quote,Cstar,emb,full,correct,"The held-out set currently has 1,140 items: Marcus said to use 1,140 rather than 1,200 because the second contamination pass removed 60 more.",correction,False,far,interleaved
anthropic,anthropic-p08,stale_quote,Cstar,rrf,full,correct,"The harbor held-out set currently has 1,140 items, down from 1,200 after the second contamination pass removed 60 more.",correction,False,far,interleaved
anthropic,anthropic-p08,stale_quote,D,bm25,partial,missing,"The memory doesn't settle this. On Oct 7 the held-out set was locked at 1,200 items, but on Oct 19 some items were removed as near-duplicates, so the current count is probably smaller. The number removed isn't given, and the draft still says 1,200.

UNKNOWN",correction,False,far,interleaved
anthropic,anthropic-p08,stale_quote,D,emb,partial,correct,"The held-out set is currently 1,140 items: Marcus's Oct 19 correction removed 60 more from the original 1,200 after a second contamination pass.",correction,False,far,interleaved
anthropic,anthropic-p08,stale_quote,D,rrf,partial,correct,"The held-out set currently has 1,140 items, after a second contamination pass removed 60 from the original 1,200.",correction,False,far,interleaved
anthropic,anthropic-p08,stale_quote,E,bm25,full,correct,"The held-out set currently has 1,140 items, after Marcus's correction from 1,200 following the second contamination pass that removed 60 items.",correction,False,far,interleaved
anthropic,anthropic-p08,stale_quote,E,emb,full,correct,"The held-out set currently has 1,140 items, after Marcus corrected it from 1,200 when a second contamination pass removed 60 items.",correction,False,far,interleaved
anthropic,anthropic-p08,stale_quote,E,rrf,full,correct,"The held-out set currently has 1,140 items, after Marcus's correction following the second contamination pass that removed 60 items.",correction,False,far,interleaved
anthropic,anthropic-p09,repeat_question,window,-,none,missing,UNKNOWN,ellipsis,True,cross,flat
anthropic,anthropic-p09,repeat_question,oracle,-,full,correct,Elena owns the eval compute reservation; she took it on Oct 5 and confirmed on Oct 12 that she holds it.,ellipsis,True,cross,flat
anthropic,anthropic-p09,repeat_question,A,bm25,full,correct,"Elena holds the eval compute reservation, as she confirmed on Oct 12.",ellipsis,True,cross,flat
anthropic,anthropic-p09,repeat_question,A,emb,full,correct,"Elena holds the eval compute reservation, as she said on Oct 12 (""That's me, I hold the reservation"").",ellipsis,True,cross,flat
anthropic,anthropic-p09,repeat_question,A,rrf,full,correct,"Elena holds the eval compute reservation, as she confirmed on Oct 12.",ellipsis,True,cross,flat
anthropic,anthropic-p09,repeat_question,B,bm25,full,correct,Elena owns the eval compute reservation; she took it on Oct 5 and confirmed on Oct 12 that she holds it.,ellipsis,True,cross,flat
anthropic,anthropic-p09,repeat_question,B,emb,full,correct,"Elena owns the eval compute reservation; she volunteered for it on Oct 5 (""I'll grab it"") and nothing later in the notes reassigns it.",ellipsis,True,cross,flat
anthropic,anthropic-p09,repeat_question,B,rrf,full,correct,Elena owns the eval compute reservation. She volunteered for it on Oct 5 and confirmed on Oct 12 that she holds it.,ellipsis,True,cross,flat
anthropic,anthropic-p09,repeat_question,C,bm25,full,correct,Elena owns the eval compute reservation. She volunteered on Oct 5 and confirmed on Oct 12 that she holds it.,ellipsis,True,cross,flat
anthropic,anthropic-p09,repeat_question,C,emb,full,correct,Elena owns the eval compute reservation; she took it on Oct 5 and confirmed on Oct 12 that she holds it.,ellipsis,True,cross,flat
anthropic,anthropic-p09,repeat_question,C,rrf,full,correct,Elena owns the eval compute reservation. She volunteered on Oct 5 and confirmed on Oct 12 that she holds it.,ellipsis,True,cross,flat
anthropic,anthropic-p09,repeat_question,Cstar,bm25,full,correct,Elena is the current owner of the eval compute reservation. She took it on Oct 5 and confirmed on Oct 12 that she holds it.,ellipsis,True,cross,flat
anthropic,anthropic-p09,repeat_question,Cstar,emb,full,correct,Elena owns the eval compute reservation: she volunteered for it on Oct 5 and confirmed on Oct 12 that she holds it.,ellipsis,True,cross,flat
anthropic,anthropic-p09,repeat_question,Cstar,rrf,full,correct,Elena owns the eval compute reservation. She volunteered for it on Oct 5 and confirmed on Oct 12 that she holds it.,ellipsis,True,cross,flat
anthropic,anthropic-p09,repeat_question,D,bm25,full,correct,Elena owns the eval compute reservation: she took it on Oct 5 and confirmed on Oct 12 that she holds it.,ellipsis,True,cross,flat
anthropic,anthropic-p09,repeat_question,D,emb,full,correct,Elena owns the eval compute reservation: she took it on Oct 5 and confirmed on Oct 12 that she holds it.,ellipsis,True,cross,flat
anthropic,anthropic-p09,repeat_question,D,rrf,full,correct,Elena owns the eval compute reservation: she took it on Oct 5 and confirmed on Oct 12 that she holds it.,ellipsis,True,cross,flat
anthropic,anthropic-p09,repeat_question,E,bm25,full,correct,Elena owns the eval compute reservation.,ellipsis,True,cross,flat
anthropic,anthropic-p09,repeat_question,E,emb,full,correct,Elena owns the eval compute reservation.,ellipsis,True,cross,flat
anthropic,anthropic-p09,repeat_question,E,rrf,full,correct,"Elena owns the eval compute reservation. She holds the reservation for the fresh runs, and she is also taking it for the contamination scan rerun.",ellipsis,True,cross,flat
anthropic,anthropic-p10,contradiction,window,-,none,wrong,"The only mention is Marcus's, who says the checklist he's working from lists the release gate as 65% pass@1. Nobody else confirms or updates it, and Yuki's open item says the pass criteria wording is still ambiguous, but that doesn't change the number.

The release gate is currently listed as 65% pass@1, according to the checklist Marcus is working from.",distributed,False,cross,interleaved
anthropic,anthropic-p10,contradiction,oracle,-,full,correct,"The memory conflicts: Yuki said the release gate threshold is 70% pass@1, measured on the held-out set only, while Marcus later said his checklist lists it as 65%. Yuki's statement is the direct source on the gate, and Marcus's is a secondhand reading of a checklist that may be out of date, so the current threshold appears to be 70% pass@1 on the held-out set.

**The harbor release gate is 70% pass@1 on the held-out set, though Marcus's checklist says 65%, so that discrepancy should be confirmed.**",distributed,False,cross,interleaved
anthropic,anthropic-p10,contradiction,A,bm25,partial,correct,"The memory gives conflicting values for the release gate, and the sources don't settle which is current. Yuki's criteria doc says 70% pass@1 and includes a held-out qualifier. Theo's draft said 75%, which Yuki said didn't match her criteria doc. Marcus's checklist says 65%.

Yuki owns the criteria doc, and she flagged Theo's number as wrong, so 70% pass@1 on the held-out set is the best-supported figure. Marcus's later 65% comes from a checklist and nothing confirms it was updated.

**The release gate is 70% pass@1 (on the held-out set), per Yuki's criteria doc, though Marcus's checklist later cites 65%.**",distributed,False,cross,interleaved
anthropic,anthropic-p10,contradiction,A,emb,partial,correct,"The current release gate threshold is 70% pass@1 (held-out), per Yuki's criteria doc. Theo's 75% came from an older draft, and Marcus's 65% comes from a checklist that doesn't match the criteria doc.

Yuki said Theo's number didn't match her criteria doc, and Theo confirmed he pulled his from an older draft. Nothing in the memory shows the gate being changed after that, so Marcus's later 65% is unsupported.

**70% pass@1**",distributed,False,cross,interleaved
anthropic,anthropic-p10,contradiction,A,rrf,partial,correct,"The memory gives conflicting numbers for the release gate, and none is clearly the current one. Yuki said 70% pass@1 and said Theo's draft (75%) didn't match her criteria doc, which also had a held-out qualifier. Marcus later said his checklist lists 65%, but that is a checklist figure, not a confirmed correction to Yuki's criteria doc.

Yuki's criteria doc is the authoritative source, since she flagged the draft number as wrong against it, so the best-supported answer is 70% pass@1 (with the held-out qualifier).

**The release gate threshold is 70% pass@1 (on the held-out set), per Yuki's criteria doc.**",distributed,False,cross,interleaved
anthropic,anthropic-p10,contradiction,B,bm25,full,correct,"The release gate is 70% pass@1, measured on the held-out set only. Yuki stated it, and said Theo's draft figure of 75% didn't match her criteria doc. Marcus's later checklist figure of 65% is also unconfirmed, and nobody corrected it to match Yuki's number.

**70% pass@1 on the held-out set (not dev).**",distributed,False,cross,interleaved
anthropic,anthropic-p10,contradiction,B,emb,full,correct,"The release gate is 70% pass@1, measured on the held-out set only (not dev). Marcus's later mention of 65% comes from a checklist he was working from. Yuki stated 70% on Oct 7 and her criteria doc is the source, so it is not a confirmed change.

**The current harbor release gate threshold is 70% pass@1 on the held-out set.**",distributed,False,cross,interleaved
anthropic,anthropic-p10,contradiction,B,rrf,full,correct,"The release gate is 70% pass@1, measured on the held-out set only (not dev). This is per Yuki, whose criteria doc is the authority; Theo's 75% draft figure and Marcus's 65% checklist figure were flagged as not matching it.",distributed,False,cross,interleaved
anthropic,anthropic-p10,contradiction,C,bm25,full,correct,"The release gate is 70% pass@1, measured on the held-out set only. This comes from Yuki's criteria doc. Theo's 75% came from an older draft and he is correcting it, and Marcus's 65% comes from a checklist that isn't backed by the criteria doc.",distributed,False,cross,interleaved
anthropic,anthropic-p10,contradiction,C,emb,full,correct,"The release gate is 70% pass@1, measured on the held-out set only (not dev), per Yuki's criteria doc. Theo's 75% came from an older draft, and Marcus's 65% comes from his checklist, which wasn't confirmed against the criteria doc.",distributed,False,cross,interleaved
anthropic,anthropic-p10,contradiction,C,rrf,full,correct,"The current release gate threshold is 70% pass@1, measured on the held-out set only. Yuki's criteria doc sets that number, and Theo's 75% came from an older draft. Marcus's 65% on Oct 21 comes from a checklist, not the criteria doc, so it doesn't override Yuki's number.",distributed,False,cross,interleaved
anthropic,anthropic-p10,contradiction,Cstar,bm25,full,correct,"The release gate is 70% pass@1, measured on the held-out set only. This comes from Yuki's criteria doc, which she used to correct Theo's 75% figure (taken from an older draft). Marcus's later 65% figure comes from a checklist and is not confirmed.",distributed,False,cross,interleaved
anthropic,anthropic-p10,contradiction,Cstar,emb,full,correct,"The release gate is 70% pass@1, measured on the held-out set only (not dev), per Yuki's criteria doc. Theo's 75% came from an older draft, and Marcus's 65% comes from a checklist that doesn't match the criteria doc.",distributed,False,cross,interleaved
anthropic,anthropic-p10,contradiction,Cstar,rrf,full,correct,"The release gate is 70% pass@1, measured on the held-out set only. This comes from Yuki's criteria doc, which she used to correct Theo's 75% (an older draft number). Marcus's 65% comes from a checklist and doesn't match the criteria doc.",distributed,False,cross,interleaved
anthropic,anthropic-p10,contradiction,D,bm25,full,missing,"The memory gives conflicting figures for the release gate, and none is clearly authoritative. Yuki said 70% pass@1, measured on the held-out set only. Theo's draft says 75%, and Marcus's checklist says 65%.

UNKNOWN",distributed,False,cross,interleaved
anthropic,anthropic-p10,contradiction,D,emb,full,correct,"The release gate threshold is 70% pass@1, measured on the held-out set only (not dev). Marcus's later mention of 65% comes from a checklist he's working from, and Yuki's criteria doc and her earlier statement support 70%.",distributed,False,cross,interleaved
anthropic,anthropic-p10,contradiction,D,rrf,full,correct,"The release gate is 70% pass@1, measured on the held-out set only (not dev). Yuki's criteria doc sets this number, and Theo's draft figure was wrong because it came from an older draft. Marcus's checklist says 65%, but that figure conflicts with the criteria doc and appears to be stale.",distributed,False,cross,interleaved
anthropic,anthropic-p10,contradiction,E,bm25,full,correct,"The memory gives conflicting values, so it doesn't settle one: the notes say 70% pass@1 (measured on the held-out set only), Theo's draft said 75%, and Marcus's checklist says 65%. Yuki's criteria document is the reference that Theo is correcting his draft to match, and the 70% pass@1 held-out figure is the one stated as the set threshold.

**The release gate threshold is 70% pass@1, measured on the held-out set only.**",distributed,False,cross,interleaved
anthropic,anthropic-p10,contradiction,E,emb,full,correct,"The memory conflicts: the release gate is 70% pass@1 (measured on the held-out set only), while Theo's draft said 75%, which was corrected to match Yuki's criteria document, and Marcus's checklist says 65%. The 70% value matches Yuki's criteria and the correction, so it is the current threshold.

**The release gate threshold is 70% pass@1, measured on the held-out set only.**",distributed,False,cross,interleaved
anthropic,anthropic-p10,contradiction,E,rrf,full,correct,"The release gate threshold is 70% pass@1, measured on the held-out set only. This matches Yuki's criteria document, and Theo is correcting his draft's 75% to match it. Marcus's checklist figure of 65% conflicts with that and isn't backed by the criteria doc.",distributed,False,cross,interleaved
anthropic,anthropic-p11,repeat_question,window,-,none,missing,UNKNOWN,correction,False,cross,interleaved
anthropic,anthropic-p11,repeat_question,oracle,-,full,correct,"The held-out set now has 1,140 items, since Marcus said the second contamination pass removed 60 more from the original 1,200.",correction,False,cross,interleaved
anthropic,anthropic-p11,repeat_question,A,bm25,partial,stale,"The held-out set has 1,200 items, per Marcus's Oct 7 decision, and Theo's Oct 19 note still uses 1,200 held-out items as the denominator.

Theo also mentioned removed item ids on Oct 19, but the memory doesn't say the count changed, so 1,200 is the latest stated figure.",correction,False,cross,interleaved
anthropic,anthropic-p11,repeat_question,A,emb,full,correct,"The held-out set currently has 1,140 items: it was 1,200, and Marcus said on Oct 19 that a second contamination pass removed 60 more.",correction,False,cross,interleaved
anthropic,anthropic-p11,repeat_question,A,rrf,partial,stale,"The held-out set has 1,200 items. Marcus set that on Oct 7, and Theo's Oct 19 notes still build the tables against 1,200 held-out items. The 200-item harbor-lite is a separate smoke set.",correction,False,cross,interleaved
anthropic,anthropic-p11,repeat_question,B,bm25,none,stale,"The held-out set has 1,200 items, locked in after the unlicensed repos were removed, with any thin bug-fix slice backfilled from licensed repos rather than shrinking the total.",correction,False,cross,interleaved
anthropic,anthropic-p11,repeat_question,B,emb,none,stale,"The held-out set has 1,200 items, as Marcus decided on Oct 7, and he said he would backfill from licensed repos rather than shrink the total if bug-fix gets too thin.",correction,False,cross,interleaved
anthropic,anthropic-p11,repeat_question,B,rrf,full,correct,"The held-out set now has 1,140 items, down from 1,200 after a second contamination pass removed 60 more (per Marcus on Oct 19).",correction,False,cross,interleaved
anthropic,anthropic-p11,repeat_question,C,bm25,full,correct,"The held-out set currently has 1,140 items, down from the original 1,200 after a second contamination pass removed 60 more.",correction,False,cross,interleaved
anthropic,anthropic-p11,repeat_question,C,emb,full,correct,"The held-out set now has 1,140 items, down from the original 1,200 after the second contamination pass removed 60 more.",correction,False,cross,interleaved
anthropic,anthropic-p11,repeat_question,C,rrf,full,correct,"The held-out set currently has 1,140 items: Marcus said on Oct 19 to use 1,140 instead of 1,200 because the second contamination pass removed 60 more.",correction,False,cross,interleaved
anthropic,anthropic-p11,repeat_question,Cstar,bm25,full,correct,"The held-out set currently has 1,140 items, down from 1,200 after the second contamination pass removed 60 more.",correction,False,cross,interleaved
anthropic,anthropic-p11,repeat_question,Cstar,emb,full,correct,"The held-out set now has 1,140 items, down from 1,200 after the second contamination pass removed 60 more.",correction,False,cross,interleaved
anthropic,anthropic-p11,repeat_question,Cstar,rrf,full,correct,"The held-out set currently has 1,140 items, down from 1,200 after the second contamination pass removed 60 more.",correction,False,cross,interleaved
anthropic,anthropic-p11,repeat_question,D,bm25,partial,stale,"The held-out set has 1,200 items, as decided on Oct 7 and used again for the per-category tables on Oct 19.",correction,False,cross,interleaved
anthropic,anthropic-p11,repeat_question,D,emb,partial,correct,"The held-out set currently has 1,140 items, down from 1,200 after the second contamination pass removed 60 more.",correction,False,cross,interleaved
anthropic,anthropic-p11,repeat_question,D,rrf,partial,correct,"The held-out set currently has 1,140 items, down from the original 1,200 after a second contamination pass removed 60 more.",correction,False,cross,interleaved
anthropic,anthropic-p11,repeat_question,E,bm25,full,correct,"The held-out set currently has 1,140 items, after Marcus's correction removed 60 more items in a second contamination pass.",correction,False,cross,interleaved
anthropic,anthropic-p11,repeat_question,E,emb,full,correct,"The held-out set currently has 1,140 items, after Marcus's correction from 1,200 following the second contamination pass that removed 60 items.",correction,False,cross,interleaved
anthropic,anthropic-p11,repeat_question,E,rrf,full,correct,"The held-out set currently has 1,140 items, after Marcus's correction from 1,200 following a second contamination pass that removed 60 items.",correction,False,cross,interleaved
openai,openai-p02,contradiction,window,-,none,wrong,"The memory doesn't state a finalized discount; Keiko only hinted at 20% off list to Northwind's procurement lead as an informal expectation-setting, and she didn't push back.",ellipsis,False,far,threaded
openai,openai-p02,contradiction,oracle,-,full,correct,"The current Northwind discount is 18% off list, as Tomas confirmed (Keiko's 20% was only a hint to procurement, not the current rate).",ellipsis,False,far,threaded
openai,openai-p02,contradiction,A,bm25,full,correct,"The current Northwind discount is 18% off list, which Tomas confirmed when Rachel asked. Keiko's 20% was only a hint to procurement about expectations, not the current rate.",ellipsis,False,far,threaded
openai,openai-p02,contradiction,A,emb,full,correct,"The current Northwind discount is 18% off list, which Tomas confirmed with ""Yes, that is correct"" when Rachel asked. Keiko's 20% was only a hint to procurement about where the discount might go, not the current rate.",ellipsis,False,far,threaded
openai,openai-p02,contradiction,A,rrf,full,correct,"The current Northwind discount is 18% off list: Rachel asked Tomas to confirm that figure and he replied ""Yes, that is correct.""

Keiko's 20% was only a hint to procurement about expectations, not the current discount.",ellipsis,False,far,threaded
openai,openai-p02,contradiction,B,bm25,full,correct,"The current Northwind discount is 18% off list, as Tomas confirmed (Keiko's 20% was only a hint to procurement, not the current rate).",ellipsis,False,far,threaded
openai,openai-p02,contradiction,B,emb,full,correct,"The current Northwind discount is 18% off list, as Tomas confirmed (Keiko's 20% was only a hint to procurement, not the current rate).",ellipsis,False,far,threaded
openai,openai-p02,contradiction,B,rrf,full,correct,"The Northwind discount is currently 18% off list, as Tomas confirmed. Keiko's 20% was only a hint to procurement, not the current rate.",ellipsis,False,far,threaded
openai,openai-p02,contradiction,C,bm25,full,correct,"The current Northwind discount is 18% off list, which Tomas confirmed when Rachel asked. Keiko separately hinted at 20% to their procurement lead, but that was only an informal signal and not a change to the current rate.",ellipsis,False,far,threaded
openai,openai-p02,contradiction,C,emb,full,correct,"The current Northwind discount is 18% off list, as Tomas confirmed; the 20% figure was only a hint Keiko gave procurement, not the current rate.",ellipsis,False,far,threaded
openai,openai-p02,contradiction,C,rrf,full,correct,"The current Northwind discount is 18% off list, as Tomas confirmed when Rachel asked. Keiko's later hint of 20% to their procurement lead was only an informal expectation-setting comment, not a change to the current rate.",ellipsis,False,far,threaded
openai,openai-p02,contradiction,Cstar,bm25,full,correct,"The current Northwind discount is 18% off list, as Tomas confirmed; the 20% figure was only a hint Keiko gave procurement, not a current rate.",ellipsis,False,far,threaded
openai,openai-p02,contradiction,Cstar,emb,full,correct,"The current Northwind discount is 18% off list, as Tomas confirmed. Keiko's 20% was only a hint to procurement, not the current rate.",ellipsis,False,far,threaded
openai,openai-p02,contradiction,Cstar,rrf,full,correct,"The current Northwind discount is 18% off list, as Tomas confirmed. Keiko's 20% was only a hint to procurement, not the current rate.",ellipsis,False,far,threaded
openai,openai-p02,contradiction,D,bm25,full,correct,"The current Northwind discount is 18% off list, as Tomas confirmed. Keiko's 20% was only a hint to their procurement lead, not the current rate.",ellipsis,False,far,threaded
openai,openai-p02,contradiction,D,emb,full,correct,"The current Northwind discount is 18% off list, as Tomas confirmed (Keiko's 20% was only a hint to procurement, not the current rate).",ellipsis,False,far,threaded
openai,openai-p02,contradiction,D,rrf,full,correct,"The current Northwind discount is 18% off list, as Tomas confirmed (Keiko's 20% was only a hint to procurement, not the current rate).",ellipsis,False,far,threaded
openai,openai-p02,contradiction,E,bm25,full,correct,Northwind's current discount is 18% off list price.,ellipsis,False,far,threaded
openai,openai-p02,contradiction,E,emb,full,correct,Northwind's current discount is 18% off list price.,ellipsis,False,far,threaded
openai,openai-p02,contradiction,E,rrf,full,correct,Northwind's current discount is 18% off list price.,ellipsis,False,far,threaded
openai,openai-p04,contradiction,window,-,partial,wrong,Northwind is on standard 30-day retention.,distributed,False,near,interleaved
openai,openai-p04,contradiction,oracle,-,full,correct,"The memory contains conflicting statements: Ines said zero data retention is approved for Northwind (applying to all endpoints, batch included), while Keiko said Northwind is on standard 30-day retention.

Ines's note is the specific, explicit retention approval, and Keiko's mention is an offhand assumption about log availability. Based on that, the best-supported answer is that Northwind has zero data retention approved across all endpoints, including batch, though Keiko's message conflicts with it.",distributed,False,near,interleaved
openai,openai-p04,contradiction,A,bm25,full,correct,"The memory contains conflicting statements: Ines said zero data retention is approved for Northwind, while Keiko said Northwind is on standard 30-day retention. Ines's note is the more authoritative one on terms, and it applies to all endpoints, batch included, so the current terms are zero data retention. Keiko's 30-day claim looks like an incorrect assumption.

**Northwind has zero data retention approved, covering all endpoints including batch, so Keiko's ""standard 30-day retention"" statement appears to be wrong.**",distributed,False,near,interleaved
openai,openai-p04,contradiction,A,emb,full,correct,"Northwind has zero data retention approved, per Ines on Oct 8. Keiko's later claim of ""standard 30-day retention"" conflicts with that and isn't backed by anything else in the notes.",distributed,False,near,interleaved
openai,openai-p04,contradiction,A,rrf,full,correct,"The memory conflicts: Ines says zero data retention is approved for Northwind, while Keiko assumed standard 30-day retention. Ines's note is the specific statement about Northwind's approved terms, and it also covers all endpoints including batch, so Keiko's claim looks like a mistaken assumption.

Northwind has zero data retention approved, covering all endpoints including batch, so Keiko's assumption of standard 30-day retention appears to be incorrect.",distributed,False,near,interleaved
openai,openai-p04,contradiction,B,bm25,full,correct,"The memory conflicts: Ines said zero data retention is approved for Northwind (and applies to all endpoints, batch included), while Keiko later said Northwind is on standard 30-day retention. Ines's statement is a specific policy flag, and Keiko's is an offhand assumption. But ""approved"" doesn't necessarily mean it's in effect, and Keiko's message is the most recent.

Zero data retention is approved for Northwind and covers all endpoints including batch, though Keiko's later message says they're on standard 30-day retention, so the notes conflict and the current setting should be confirmed.",distributed,False,near,interleaved
openai,openai-p04,contradiction,B,emb,full,correct,"The memory gives conflicting information. Ines said zero data retention is approved for Northwind and that it applies to all endpoints, including batch. Later, Keiko said Northwind is on standard 30-day retention.

Ines's statement is the one about approved terms, and Keiko's is an assumption made in passing. Still, ""approved"" might not mean it is currently in effect. The memory doesn't say which one is current, so I'm going with the more authoritative source.

Northwind has zero data retention approved, covering all endpoints including batch (though one later message mentions standard 30-day retention, which conflicts with this).",distributed,False,near,interleaved
openai,openai-p04,contradiction,B,rrf,full,correct,"The memory contains conflicting statements. Ines said zero data retention is approved for Northwind (and applies to all endpoints, batch included), but Keiko later said Northwind is on standard 30-day retention.

The most recent message is Keiko's claim of standard 30-day retention, but Ines's statement about approved ZDR is the more authoritative source on terms, and Keiko's message may simply reflect an outdated assumption. Because the sources conflict, the safest answer is to say that zero data retention is approved for Northwind across all endpoints (per Ines), and that Keiko's reference to 30-day retention conflicts with it and should be verified.

**Zero data retention is approved for Northwind across all endpoints, batch included (per Ines), though Keiko's later mention of standard 30-day retention conflicts with this and should be verified.**",distributed,False,near,interleaved
openai,openai-p04,contradiction,C,bm25,full,correct,"The memory contains conflicting statements. Ines said zero data retention is approved for Northwind, covering all endpoints including batch. Keiko later said Northwind is on standard 30-day retention. Keiko's message is the most recent, but Ines's statement is the one that sounds authoritative about approved terms, and Keiko's may be a mistaken assumption.

Ines said zero data retention is approved for Northwind (all endpoints, batch included), though Keiko later claimed standard 30-day retention, so the two statements conflict.",distributed,False,near,interleaved
openai,openai-p04,contradiction,C,emb,full,correct,"The memory conflicts: Ines said zero data retention is approved for Northwind, while Keiko said Northwind is on standard 30-day retention. Ines's statement is that ZDR is ""approved,"" which may not mean it's active, and Keiko's is a claim about the current setup. Both are plausible, but the question asks about current terms.

Ines's statement covers all endpoints, including batch, and comes from the person handling the legal and data terms. Keiko's statement is a casual assumption made in passing, and it is the latest message. Ines is the more authoritative source, so I'll go with her.

Zero data retention is approved for Northwind, and it covers all endpoints including batch (Keiko's mention of standard 30-day retention conflicts with this).",distributed,False,near,interleaved
openai,openai-p04,contradiction,C,rrf,full,correct,"The memory contains conflicting statements: Ines said zero data retention is approved for Northwind (covering all endpoints, batch included), while Keiko said Northwind is on standard 30-day retention. Ines's statement is the more authoritative one on terms, since she is handling the data addendum and legal side, so the current terms appear to be zero data retention, though Keiko's later message conflicts and it should be confirmed.

**Zero data retention is approved for Northwind across all endpoints (batch included), though Keiko's note about standard 30-day retention conflicts and should be verified.**",distributed,False,near,interleaved
openai,openai-p04,contradiction,Cstar,bm25,full,correct,"The memory conflicts on this: Ines said zero data retention is approved for Northwind (covering all endpoints, batch included), while Keiko later said Northwind is on standard 30-day retention.

Ines's statement is a specific approval, and Keiko's is a casual remark in the most recent messages. The memory doesn't settle which one is current, but the most recent message says standard 30-day retention.

**Northwind is currently described as being on standard 30-day retention (per Keiko's latest message), though Ines earlier said zero data retention was approved for all endpoints, so this needs confirming.**",distributed,False,near,interleaved
openai,openai-p04,contradiction,Cstar,emb,full,correct,"The memory contains conflicting statements: Ines said zero data retention is approved for Northwind (covering all endpoints, batch included), while Keiko later said Northwind is on standard 30-day retention. Ines's statement is the explicit, authoritative one about approved terms, and Keiko's was an offhand assumption, so the current terms are most likely zero data retention.

**Northwind has zero data retention approved, and it applies to all endpoints including batch.**",distributed,False,near,interleaved
openai,openai-p04,contradiction,Cstar,rrf,full,correct,"The memory contains conflicting statements: Ines said zero data retention is approved for Northwind, covering all endpoints including batch, while Keiko (in the more recent messages) said Northwind is on standard 30-day retention.

Ines is the one handling the data paperwork and gave a specific approval, while Keiko's remark was an assumption made in passing. Ines's statement is the more authoritative one.

**Northwind has zero data retention approved, and it applies to all endpoints, batch included.**",distributed,False,near,interleaved
openai,openai-p04,contradiction,D,bm25,full,correct,"The memory contains conflicting statements: Ines said on Oct 8 that zero data retention is approved for Northwind (covering all endpoints, batch included), while Keiko later said Northwind is on standard 30-day retention.

Ines's statement is the more authoritative one, since it comes from the person who handles the data terms and describes an approval. Keiko's note was an offhand remark that logs would be available. So the best-supported answer is that zero data retention is approved for Northwind across all endpoints, including batch, though Keiko's message conflicts with this and should be confirmed.",distributed,False,near,interleaved
openai,openai-p04,contradiction,D,emb,full,correct,"The memory contains conflicting statements: Ines said zero data retention is approved for Northwind (Oct 8), while Keiko later said Northwind is on standard 30-day retention. Keiko's statement is a passing assumption (""logs will be available since...""), while Ines's is a specific flag about approved terms, so the current terms are most likely zero data retention, which applies to all endpoints including batch.

**Northwind has zero data retention approved, covering all endpoints including batch (Keiko's mention of standard 30-day retention appears to be incorrect).**",distributed,False,near,interleaved
openai,openai-p04,contradiction,D,rrf,full,correct,"The memory contains conflicting statements. Ines said on Oct 8 that zero data retention is approved for Northwind, covering all endpoints including batch. Later, Keiko said Northwind is on standard 30-day retention, which seems to be an assumption made while discussing logs, and she didn't cite a source.

Ines's statement is a specific, explicit approval about retention. Keiko's is an offhand remark that appears to be mistaken, since Ines raised the zero-retention approval earlier in the thread.

Northwind currently has zero data retention approved, and it applies to all endpoints, batch included.",distributed,False,near,interleaved
openai,openai-p04,contradiction,E,bm25,full,correct,"The memory conflicts: it says Northwind has zero data retention approved, which applies to all API endpoints including batch, but one message says logs are available under standard 30-day retention. The more authoritative notes (and Ines's statement) indicate zero data retention.

Northwind's account has zero data retention approved, and it applies to all API endpoints, including batch.",distributed,False,near,interleaved
openai,openai-p04,contradiction,E,emb,full,correct,"The memory conflicts: several notes say Northwind has zero data retention approved, covering all API endpoints including batch, but a recent message from Keiko says logs will be available since Northwind is on standard 30-day retention. The notes and Ines's message back the zero data retention version, so that is the current term, and Keiko's 30-day claim looks mistaken.

**Northwind has zero data retention approved, and it applies to all API endpoints including batch (Keiko's mention of standard 30-day retention conflicts with this).**",distributed,False,near,interleaved
openai,openai-p04,contradiction,E,rrf,full,correct,"The memory contains conflicting information: some notes say Northwind has zero data retention approved (applying to all endpoints, including batch), while a recent message from Keiko says they're on standard 30-day retention.

The more authoritative notes state that Northwind's account has zero data retention approved and that it covers all API endpoints including batch, so the current terms appear to be zero data retention, though Keiko's recent message about standard 30-day retention conflicts and should be verified.",distributed,False,near,interleaved
openai,openai-p05,deadline_passed,window,-,none,missing,UNKNOWN,explicit,False,cross,threaded
openai,openai-p05,deadline_passed,oracle,-,full,correct,"Not done: Ines committed on Tue Oct 6 to send the signed data processing addendum to Northwind legal by Fri Oct 9, and nothing in memory shows it was sent.",explicit,False,cross,threaded
openai,openai-p05,deadline_passed,A,bm25,full,correct,"Not done: Ines committed on Oct 6 to send the signed data processing addendum to Northwind legal by Fri Oct 9, and nothing in memory shows it was sent.",explicit,False,cross,threaded
openai,openai-p05,deadline_passed,A,emb,full,correct,"Not done: Ines committed on Oct 6 to send the signed data processing addendum to Northwind legal by Fri Oct 9, and nothing in memory shows it was sent.",explicit,False,cross,threaded
openai,openai-p05,deadline_passed,A,rrf,full,correct,"Not done: Ines committed on Tue Oct 6 to send the signed data processing addendum to Northwind legal by Fri Oct 9, and nothing in memory shows it was sent.",explicit,False,cross,threaded
openai,openai-p05,deadline_passed,B,bm25,full,correct,"Not done: Ines committed on Oct 6 to send the signed data processing addendum to Northwind legal by Fri Oct 9, and nothing in memory shows it was sent.",explicit,False,cross,threaded
openai,openai-p05,deadline_passed,B,emb,full,correct,"Not done: Ines committed on Oct 6 to send the signed data processing addendum to Northwind legal by Fri Oct 9, and nothing in memory shows it was sent.",explicit,False,cross,threaded
openai,openai-p05,deadline_passed,B,rrf,full,correct,"Not done: Ines committed on Oct 6 to send the signed data processing addendum to Northwind legal by Fri Oct 9, and nothing in memory shows it was sent.",explicit,False,cross,threaded
openai,openai-p05,deadline_passed,C,bm25,full,correct,"Not done: Ines committed on Oct 6 to send the signed data processing addendum to Northwind legal by Fri Oct 9, and nothing in memory shows it was sent.",explicit,False,cross,threaded
openai,openai-p05,deadline_passed,C,emb,full,correct,"Not done: Ines committed on Oct 6 to send the signed data processing addendum to Northwind legal by Fri Oct 9, and nothing in memory shows it was sent.",explicit,False,cross,threaded
openai,openai-p05,deadline_passed,C,rrf,full,correct,"Not done: Ines committed on Oct 6 to send the signed data processing addendum to Northwind legal by Fri Oct 9, and nothing in memory shows it was sent.",explicit,False,cross,threaded
openai,openai-p05,deadline_passed,Cstar,bm25,full,correct,"Not done: Ines committed on Oct 6 to send the signed data processing addendum to Northwind legal by Fri Oct 9, and nothing in memory shows it was sent.",explicit,False,cross,threaded
openai,openai-p05,deadline_passed,Cstar,emb,full,correct,"Not done: Ines committed on Oct 6 to send the signed data processing addendum to Northwind legal by Fri Oct 9, and nothing in memory shows it was sent.",explicit,False,cross,threaded
openai,openai-p05,deadline_passed,Cstar,rrf,full,correct,"Not done: Ines committed on Oct 6 to send the signed data processing addendum to Northwind legal by Fri Oct 9, and nothing in memory shows it was sent.",explicit,False,cross,threaded
openai,openai-p05,deadline_passed,D,bm25,full,correct,"Not done: Ines committed on Tue Oct 6 to send the signed data processing addendum to Northwind legal by Fri Oct 9, and nothing in memory shows it was sent.",explicit,False,cross,threaded
openai,openai-p05,deadline_passed,D,emb,full,correct,"Not done: Ines committed on Oct 6 to send the signed data processing addendum to Northwind legal by Fri Oct 9, and nothing in memory shows it was sent.",explicit,False,cross,threaded
openai,openai-p05,deadline_passed,D,rrf,full,correct,"Not done: Ines committed on Oct 6 to send the signed data processing addendum to Northwind legal by Fri Oct 9, and nothing in memory shows it was sent.",explicit,False,cross,threaded
openai,openai-p05,deadline_passed,E,bm25,full,correct,"Not done: Ines committed to send the signed data processing addendum to Northwind legal by Friday, October 9, and nothing in memory shows it was sent.",explicit,False,cross,threaded
openai,openai-p05,deadline_passed,E,emb,full,correct,"Not done: Ines committed to send the signed data processing addendum to Northwind legal by Friday, October 9, and nothing in memory shows it was sent.",explicit,False,cross,threaded
openai,openai-p05,deadline_passed,E,rrf,full,correct,"Not done: Ines committed to send the signed data processing addendum to Northwind legal by Friday, October 9, and nothing in memory shows it was completed.",explicit,False,cross,threaded
openai,openai-p06,stale_quote,window,-,full,correct,"There's a conflict in the notes. Rachel is working from ""the new 15% off list,"" while Tomas's order form draft has the pricing block at 18% off list, which is the most recent message and the actual draft. The 18% figure is the one currently written into the order form.

The current Northwind discount in the order form draft is 18% off list, though Rachel mentioned a 15% figure earlier in the thread.",cross_ref,True,near,interleaved
openai,openai-p06,stale_quote,oracle,-,full,correct,"The most recent order form draft from Tomas (Oct 12) has the pricing block at 18% off list, but that is a conflict with the 15% suggestion that he said he was going with, and Darnell's sign-off isn't recorded. The current rate in the draft is 18% off list.",cross_ref,True,near,interleaved
openai,openai-p06,stale_quote,A,bm25,full,correct,"The memory conflicts on this: Tomas's Oct 12 order form draft says 18% off list, but Rachel's Oct 12 message says she is working from ""the new 15% off list"" (Tomas's Oct 8 suggestion, which still needed Darnell's sign-off). Tomas said he was going with his Oct 8 suggestion, which was 15%, yet the pasted draft reads 18%.

The most likely answer is 15% off list, but it is not formally approved and the draft order form still shows 18%.

**The current working discount is 15% off list (Tomas's Oct 8 suggestion), though it is not yet approved by Darnell and the pasted draft still says 18%.**",cross_ref,True,near,interleaved
openai,openai-p06,stale_quote,A,emb,full,correct,"The memory conflicts, so the current rate is unclear. On Oct 12 Tomas said he was going with his Oct 8 suggestion of 15%, and Rachel said she was working from ""the new 15% off list"". Tomas's later order form draft, however, reads 18% off list.

The most recent message, the order form draft, shows 18%, but it appears inconsistent with Tomas's own statement that he was building on the 15% suggestion. Still, 15% was only a suggestion that needed Darnell's sign-off, and no approval is recorded.

The current discount on the order form draft is 18% off list, though 15% was proposed and not formally approved.",cross_ref,True,near,interleaved
openai,openai-p06,stale_quote,A,rrf,full,correct,"The memory conflicts: Tomas's latest draft shows 18% off list, but Rachel said she's working from ""the new 15% off list"" and Tomas said he's going with his Oct 8 suggestion (15%), yet his final pasted order form reads 18%.

Looking at the sequence: on Oct 12 Tomas said he was building on his Oct 8 suggestion (15%), and Rachel confirmed 15%. Then the later order form draft pasted by Tomas reads 18% off list, which is the most recent message. However, 15% was only a suggestion needing Darnell's sign-off, and nothing is shown as approved.

The most recent statement in the memory is the order form draft, which says 18% off list.

**The most recent order form draft lists the Northwind discount at 18% off list, though earlier messages pointed to a proposed 15% that was never shown as approved.**",cross_ref,True,near,interleaved
openai,openai-p06,stale_quote,B,bm25,full,correct,"The current Northwind discount is 18% off list, per Tomas's latest order form draft, though Rachel mentioned working from ""15% off list"" earlier on Oct 12, so the draft's 18% is the most recent figure.",cross_ref,True,near,interleaved
openai,openai-p06,stale_quote,B,emb,full,correct,"The memory conflicts on the current Northwind discount. On Oct 6, Tomas confirmed 18% off list. On Oct 12, Tomas said he was going with his Oct 8 suggestion (unspecified), and Rachel said she was ""working from the new 15% off list."" Tomas's later order form draft still reads 18% off list.

The most recent messages show the order form draft at 18%, while Rachel's ""new 15%"" came earlier in the thread than the draft. The 18% is the current discount in place, and 15% appears to be the proposed new one. The question asks for the ""current rate,"" which is the existing 18% off list that Tomas confirmed. The draft pasted last also says 18%.

**The current Northwind discount is 18% off list, although Rachel mentioned working from a new 15% proposal.**",cross_ref,True,near,interleaved
openai,openai-p06,stale_quote,B,rrf,full,correct,"The memory conflicts on this: Rachel said on Oct 12 she is working from ""the new 15% off list,"" but Tomas's order form draft later that day reads 18% off list.

Tomas confirmed 18% on Oct 6, and his Thursday Oct 8 suggestion was never specified. Rachel's ""new 15%"" suggests that suggestion was 15%. His later draft still says 18%, so it's unclear whether the draft is stale or the 15% is not approved.

The current discount on record is 18% off list, though a revised 15% appears to be what Rachel is defending, so the pricing block needs clarification.",cross_ref,True,near,interleaved
openai,openai-p06,stale_quote,C,bm25,full,correct,"The memory conflicts: the current discount was confirmed as 18% off list on Oct 6, but on Oct 12 Rachel says she is working from ""the new 15% off list,"" and Tomas's draft still reads 18%. The best-supported answer is that the current (existing) rate is 18% off list, with 15% being the new proposed figure.

The current Northwind discount is 18% off list, though Rachel is now working from a new proposed 15% off list for the renewal.",cross_ref,True,near,interleaved
openai,openai-p06,stale_quote,C,emb,full,correct,"The latest pricing block in the order form draft (Mon Oct 12) reads 18% off list, though Tomas said earlier he was going with his 15% suggestion, and Rachel said she was working from ""the new 15%."" The 18% was confirmed on Oct 6 as the current discount, and the 15% was only a suggestion needing Darnell's sign-off, with no approval recorded.

The question asks for the ""current rate,"" and the memory shows the current discount is 18% off list.

**The current Northwind discount is 18% off list (the 15% renewal figure is only a proposal that hasn't been approved).**",cross_ref,True,near,interleaved
openai,openai-p06,stale_quote,C,rrf,full,correct,"The memory conflicts on this point, so the current rate isn't clear. On Oct 6 Tomas confirmed the discount was 18% off list. On Oct 8 he floated 15% as a suggestion that still needed Darnell's sign-off. On Oct 12 Rachel said she's ""working from the new 15% off list"", but the order form draft Tomas pasted that day reads 18% off list, and I see no record of Darnell's approval.

The best-supported answer is that the current discount is 18% off list, with a 15% proposal pending Darnell's sign-off.",cross_ref,True,near,interleaved
openai,openai-p06,stale_quote,Cstar,bm25,full,correct,"The memory gives conflicting figures, so I can't state one rate with confidence. Tomas confirmed on Oct 6 that the discount was 18% off list. On Oct 8 he floated 15% as a suggestion that still needed Darnell's sign-off. On Oct 12 he said he was going with that suggestion, and Rachel said she was working from the ""new 15% off list"". However, his latest order form draft pasted on Oct 12 reads 18% off list.

The current agreed discount is 18% off list, while 15% is only a proposed new figure that has not been approved by Darnell, and the latest draft still shows 18%.",cross_ref,True,near,interleaved
openai,openai-p06,stale_quote,Cstar,emb,full,correct,"The memory conflicts on the current Northwind discount. Tomas confirmed 18% off list on Oct 6, and his latest order form draft (Oct 12) reads 18% off list. But Rachel wrote ""Working from the new 15% off list"" on Oct 12, which fits Tomas's Oct 8 suggestion of 15%, a suggestion that still needed Darnell's sign-off.

The most recent explicit pricing statement, the Oct 12 order form draft, says 18%, while the 15% figure was only a proposal. The ""current"" discount, meaning what is in effect, is 18% off list.

**The current Northwind discount is 18% off list; the 15% figure is only a pending proposal that still needs Darnell's sign-off.**",cross_ref,True,near,interleaved
openai,openai-p06,stale_quote,Cstar,rrf,full,correct,"The memory conflicts: the order form draft pasted on Oct 12 says 18% off list, but Tomas's Oct 8 suggestion was 15%, Tomas said he was going with that suggestion, and Rachel referred to ""the new 15% off list.""

The 15% was only a suggestion needing Darnell's sign-off, and no approval appears in the notes. The 18% was the discount as of Oct 6, and the latest draft's 18% looks like a leftover from the old figure, since it contradicts the stated plan to use 15%.

The current Northwind discount is 18% off list, and the proposed renewal discount is 15% off list, which is not yet approved.",cross_ref,True,near,interleaved
openai,openai-p06,stale_quote,D,bm25,full,correct,"The memory conflicts, so the current rate is unclear. On Oct 6 Tomas confirmed 18% off list. On Oct 12 Rachel said she is working from ""the new 15% off list,"" and Tomas then pasted an order form draft at 18%, but he also said he was going with his Oct 8 suggestion, which isn't specified.

The latest statement is Tomas's order form draft, which reads 18% off list, so the best-supported answer is:

The current Northwind discount is 18% off list, per Tomas's latest order form draft, though Rachel referred to a ""new 15%"" and the figure being defended is still unconfirmed.",cross_ref,True,near,interleaved
openai,openai-p06,stale_quote,D,emb,full,correct,"The memory conflicts on the current Northwind discount, so I can't say for certain, but the most recent signals point to 18% off list.

Tomas's latest order form draft (Oct 12) reads 18% off list, and he confirmed 18% on Oct 6. However, Tomas floated 15% on Oct 8 as an unapproved suggestion, and Rachel on Oct 12 said she was ""working from the new 15% off list."" Darnell's sign-off isn't shown for either number.

The most recent statement of the actual pricing block is the order form draft at 18% off list.

**Answer: The current Northwind discount is 18% off list (per the latest order form draft), though a 15% proposal was floated and is not shown as approved.**",cross_ref,True,near,interleaved
openai,openai-p06,stale_quote,D,rrf,full,correct,"The memory is conflicting about the discount, so the latest settled number is unclear. Tomas confirmed on Oct 6 that the current discount is 18% off list. The 15% was only a suggestion for the renewal, and it still needs Darnell's sign-off. The latest order form draft also reads 18%, even though Rachel said she's working from ""the new 15%"".

The current Northwind discount is 18% off list.",cross_ref,True,near,interleaved
openai,openai-p06,stale_quote,E,bm25,full,correct,"The memory gives conflicting figures, but the most recent one is Tomas's order form draft, which reads 18% off list.

Earlier notes say 15% (Tomas's Oct 8 suggestion, which Rachel is framing) and 20% (Keiko's premature mention). The note that ""the Northwind account's current discount is 18% off list price"" is consistent with the latest draft.

**The current Northwind discount is 18% off list price.**",cross_ref,True,near,interleaved
openai,openai-p06,stale_quote,E,emb,full,correct,"The memory is conflicting about the ""current"" discount: one note says the account's current discount is 18% off list price, while the 15% and 20% figures are proposals for the renewal (Tomas's 15% suggestion, Keiko's 20% mention), and Tomas's latest order form draft also reads 18%.

Northwind's current discount is 18% off list price.",cross_ref,True,near,interleaved
openai,openai-p06,stale_quote,E,rrf,full,correct,"The memory says Northwind's current discount is 18% off list price, and the latest order form draft also shows 18% off list. The 15% figure is a proposed renewal discount, not the current one.",cross_ref,True,near,interleaved
openai,openai-p08,stale_quote,window,-,none,missing,UNKNOWN,correction,False,far,interleaved
openai,openai-p08,stale_quote,oracle,-,full,missing,"The memory doesn't name a new executive sponsor. Amara Okafor, the previous sponsor, left Northwind, and Jon Reyes is the new CTO who owns the AI budget, but nobody says he is the sponsor.

UNKNOWN",correction,False,far,interleaved
openai,openai-p08,stale_quote,A,bm25,partial,stale,"Northwind's executive sponsor is Amara Okafor, their CIO. Rachel reaffirmed this on Oct 15, and the new CTO has not been named as sponsor.",correction,False,far,interleaved
openai,openai-p08,stale_quote,A,emb,partial,correct,"Northwind's exec sponsor was Amara Okafor, but she left, so Jon Reyes, the new CTO who owns the AI budget, is the current contact. Whether he formally took over as the sponsor role isn't confirmed.",correction,False,far,interleaved
openai,openai-p08,stale_quote,A,rrf,full,correct,"The memory is inconsistent on this: Amara Okafor was the exec sponsor, but on Oct 15 Keiko corrected that she left Northwind and that Jon Reyes, the new CTO, now owns the AI budget. It never explicitly names Jon Reyes as the sponsor, though, and later messages still refer to Amara.

Based on the latest correction, Amara Okafor is no longer there, and Jon Reyes (the new CTO, who owns the AI budget) is the current executive contact, though he isn't explicitly confirmed as the ""exec sponsor.""",correction,False,far,interleaved
openai,openai-p08,stale_quote,B,bm25,partial,correct,"The memory doesn't name an ""executive sponsor"" outright, but it says Amara left Northwind and Jon Reyes, the new CTO, now owns the AI budget, so Jon Reyes is the closest answer.

(Darnell's message about sending the QBR deck to Amara Okafor appears to predate or overlook the correction, so I'm treating it as outdated.)",correction,False,far,interleaved
openai,openai-p08,stale_quote,B,emb,partial,missing,"The memory doesn't say who the current executive sponsor is. Amara Okafor, the former sponsor, has left Northwind, and Jon Reyes is the new CTO who owns the AI budget, but nobody has named him as sponsor. Darnell's Oct 15 message still mentions sending the deck to Amara, which looks outdated.

UNKNOWN",correction,False,far,interleaved
openai,openai-p08,stale_quote,B,rrf,partial,correct,"The memory is mixed on this. On Oct 6, Amara Okafor (CIO) was named as the exec sponsor. On Oct 15, Keiko corrected that Amara left Northwind and that Jon Reyes, the new CTO, now owns the AI budget. Later, though, Darnell said he'd send the QBR deck to Amara, which looks like a stale assumption.

The memory never explicitly says Jon Reyes is the ""exec sponsor."" It only says he owns the AI budget.

**Jon Reyes, the new CTO, appears to have taken over from Amara Okafor, who left Northwind, though the notes only say he owns the AI budget and never explicitly call him the exec sponsor.**",correction,False,far,interleaved
openai,openai-p08,stale_quote,C,bm25,full,correct,"The memory doesn't clearly say who the executive sponsor is now. Rachel called Amara Okafor (the former CIO) the exec sponsor, but Keiko corrected that Amara left Northwind and that Jon Reyes, the new CTO, now owns the AI budget. Nobody confirms that Jon Reyes is the executive sponsor.

Based on the memory, the closest answer is that Jon Reyes, the new CTO, has taken over Amara's role as budget owner, but his sponsor status isn't confirmed.",correction,False,far,interleaved
openai,openai-p08,stale_quote,C,emb,full,correct,"The memory doesn't name a confirmed new executive sponsor: Amara Okafor, the former sponsor, has left Northwind, and Jon Reyes, the new CTO, now owns the AI budget, though no one has said he is the sponsor.",correction,False,far,interleaved
openai,openai-p08,stale_quote,C,rrf,full,missing,"The memory doesn't say who the current executive sponsor is. Amara Okafor, the CIO, was the sponsor, and Keiko's correction says she left Northwind and that Jon Reyes, the new CTO, now owns the AI budget. No note says Jon Reyes has taken over as sponsor.

UNKNOWN",correction,False,far,interleaved
openai,openai-p08,stale_quote,Cstar,bm25,full,correct,"Jon Reyes, the new CTO, is now the person who owns Northwind's AI budget, since Amara Okafor left; however, the notes don't explicitly confirm that he has taken over as the executive sponsor, and we have no read yet on whether he backs the expansion plans.",correction,False,far,interleaved
openai,openai-p08,stale_quote,Cstar,emb,full,correct,"The memory doesn't clearly name a current exec sponsor. Amara Okafor, the former sponsor, left Northwind, and Jon Reyes, the new CTO, now owns the AI budget, but nobody has confirmed him as the exec sponsor.",correction,False,far,interleaved
openai,openai-p08,stale_quote,Cstar,rrf,full,correct,"Northwind's original exec sponsor, Amara Okafor, has left the company, and Jon Reyes, the new CTO, now owns the AI budget. The notes never say outright that Jon Reyes is the sponsor, and there is no read yet on whether he backs the expansion plans.",correction,False,far,interleaved
openai,openai-p08,stale_quote,D,bm25,partial,correct,"Based on the Oct 15 correction, Amara left Northwind and Jon Reyes, the new CTO, now owns the AI budget; the notes never explicitly name him as ""executive sponsor,"" though he is the current owner.",correction,False,far,interleaved
openai,openai-p08,stale_quote,D,emb,partial,correct,"Jon Reyes, the new CTO, is the current exec contact. He owns the AI budget after Amara Okafor left Northwind, though the notes don't explicitly say he took over as the ""exec sponsor"" role.",correction,False,far,interleaved
openai,openai-p08,stale_quote,D,rrf,partial,missing,"The memory doesn't say who the executive sponsor is now. Amara Okafor, the CIO, was the sponsor as of Oct 6, but Keiko later said she left Northwind and that Jon Reyes, the new CTO, owns the AI budget. Nothing confirms that Jon Reyes is the sponsor.

UNKNOWN",correction,False,far,interleaved
openai,openai-p08,stale_quote,E,bm25,full,correct,"Per the notes, the executive sponsor is Amara Okafor, Northwind's CIO. Jon Reyes, the new CTO, now owns the AI budget and is the decision-maker for the renewal QBR, but he is not described as the sponsor.",correction,False,far,interleaved
openai,openai-p08,stale_quote,E,emb,full,missing,"The memory doesn't name a current executive sponsor. Amara Okafor, the former sponsor, has left Northwind, and Jon Reyes (the new CTO) now owns the AI budget and is the decision-maker for the renewal QBR, but nothing confirms he is the sponsor.

UNKNOWN",correction,False,far,interleaved
openai,openai-p08,stale_quote,E,rrf,full,correct,"The memory is somewhat conflicting, but the most recent information (Oct 15) says Jon Reyes is the new CTO who owns the AI budget, replacing Amara Okafor, who left the company.

Jon Reyes, Northwind's new CTO, is the current decision-maker who owns the AI budget, replacing Amara Okafor, though the notes don't explicitly confirm he has taken over the ""executive sponsor"" title.",correction,False,far,interleaved
openai,openai-p09,deadline_passed,window,-,none,missing,UNKNOWN,explicit,False,cross,interleaved
openai,openai-p09,deadline_passed,oracle,-,full,correct,"Not done: Rachel said the decision on offering Northwind a two-year term would come after the Oct 16 finance review. Tomas confirmed on Oct 19 that the review took place and he updated the order form draft, but nothing in memory shows the decision was made.",explicit,False,cross,interleaved
openai,openai-p09,deadline_passed,A,bm25,full,correct,"Not done: Rachel said the two-year term decision would come after the Fri Oct 16 finance review, and although Tomas confirmed on Mon Oct 19 that the review happened and the order form was updated, nothing in memory shows a decision on offering the two-year term.",explicit,False,cross,interleaved
openai,openai-p09,deadline_passed,A,emb,full,correct,"Not done: Rachel said the two-year term decision would come after the Fri Oct 16 finance review, and although Tomas reported on Oct 19 that the review was done and the order form redlined, nothing in memory shows a decision on offering the two-year term.",explicit,False,cross,interleaved
openai,openai-p09,deadline_passed,A,rrf,full,correct,"Not done: Rachel said the two-year term decision would come after the Fri Oct 16 finance review, and although Tomas reported on Oct 19 that the review is finished and the order form is updated, nothing in memory shows a decision on offering the two-year term.",explicit,False,cross,interleaved
openai,openai-p09,deadline_passed,B,bm25,full,correct,"Not done: Rachel set the decision on offering Northwind a two-year term to follow the Fri Oct 16 finance review. Tomas says that review is finished and the order form is updated (redline v4), but nothing in memory shows a decision on the two-year term.",explicit,False,cross,interleaved
openai,openai-p09,deadline_passed,B,emb,full,correct,"Not done. Rachel said the decision on a two-year term would come after the Fri Oct 16 finance review. Tomas reports that review is finished and the order form draft is updated, but nothing in memory shows a decision on offering the term.",explicit,False,cross,interleaved
openai,openai-p09,deadline_passed,B,rrf,full,correct,"Not done: Rachel said the decision on offering Northwind a two-year term would come after the Fri Oct 16 finance review, and although Tomas reported on Oct 19 that the review was done and the order form redline v4 was updated, nothing in memory shows that a decision on the two-year term was actually made.",explicit,False,cross,interleaved
openai,openai-p09,deadline_passed,C,bm25,full,correct,"Not done: Rachel said the decision on offering Northwind a two-year term would come after the Fri Oct 16 finance review. Tomas says that review is finished and he updated the order form draft (redline v4), but nothing in memory shows a decision on the two-year term was made.",explicit,False,cross,interleaved
openai,openai-p09,deadline_passed,C,emb,full,correct,"Not done: Rachel said the two-year term decision would come after the Fri Oct 16 finance review, and Tomas later reported that the review happened and the order form draft was updated, but nothing in memory shows a decision on offering the two-year term.",explicit,False,cross,interleaved
openai,openai-p09,deadline_passed,C,rrf,full,correct,"Not done: Rachel said the two-year term decision would be made after the Fri Oct 16 finance review, and although Tomas reported on Oct 19 that the review is complete and the order form is updated, nothing in memory shows a decision on offering the term was made.",explicit,False,cross,interleaved
openai,openai-p09,deadline_passed,Cstar,bm25,full,correct,"Not done: Rachel said the two-year term decision would come after the Fri Oct 16 finance review, and although Tomas reported on Oct 19 that the review is finished and the order form redline v4 is updated, nothing in memory shows a decision on offering the two-year term was made.",explicit,False,cross,interleaved
openai,openai-p09,deadline_passed,Cstar,emb,full,correct,"Not done: Rachel said the two-year term decision would come after the Fri Oct 16 finance review, and although Tomas reported on Oct 19 that the review happened and the order form draft was updated (redline v4), nothing in memory shows a decision on offering the two-year term.",explicit,False,cross,interleaved
openai,openai-p09,deadline_passed,Cstar,rrf,full,correct,"Not done: Rachel set the decision on a two-year term for after the Fri Oct 16 finance review, and although Tomas's Oct 19 note says that review is finished, nothing in memory shows a decision on offering the term.",explicit,False,cross,interleaved
openai,openai-p09,deadline_passed,D,bm25,full,correct,"Not done: Rachel said the two-year term decision would come after the Fri Oct 16 finance review, and although Tomas reported on Oct 19 that the review is finished and the order form redline v4 is updated, nothing in memory shows a decision on offering the two-year term.",explicit,False,cross,interleaved
openai,openai-p09,deadline_passed,D,emb,full,correct,"Not done. Rachel said the decision on a two-year term would come after the Fri Oct 16 finance review, and although Tomas reported on Oct 19 that the review was finished and the order form redline updated, nothing in memory shows that the decision was actually made.",explicit,False,cross,interleaved
openai,openai-p09,deadline_passed,D,rrf,full,correct,"Not done: Rachel committed to deciding on the two-year term after the Fri Oct 16 finance review, and although Tomas says on Oct 19 that the review is finished and the order form redline v4 is updated, nothing in memory shows a decision on offering the two-year term.",explicit,False,cross,interleaved
openai,openai-p09,deadline_passed,E,bm25,full,correct,"Not done: the term length decision (two-year vs other options) was to be made after the Friday Oct 16 finance review. The only later update is that the review is finished and order form redline v4 is in the deal folder, and nothing records a decision on a two-year term.",explicit,False,cross,interleaved
openai,openai-p09,deadline_passed,E,emb,full,correct,"Not done: the term decision was to be made after the Friday Oct 16 finance review, and although Tomas says that review is finished and the order form draft updated (Oct 19), nothing in memory shows a decision on a two-year term was made.",explicit,False,cross,interleaved
openai,openai-p09,deadline_passed,E,rrf,full,correct,"Not done: the term length decision was to be made after the Friday Oct 16 finance review. Tomas says that review is finished and the order form draft has been updated (redline v4), but nothing in memory shows a decision on a two-year term.",explicit,False,cross,interleaved
openai,openai-p10,repeat_question,window,-,none,missing,UNKNOWN,explicit,False,cross,threaded
openai,openai-p10,repeat_question,oracle,-,full,correct,The Northwind renewal signature deadline is Oct 30.,explicit,False,cross,threaded
openai,openai-p10,repeat_question,A,bm25,full,correct,"The Northwind renewal signature deadline is Oct 30, per Rachel's Oct 6 note.",explicit,False,cross,threaded
openai,openai-p10,repeat_question,A,emb,full,correct,"The Northwind renewal signature deadline is Oct 30, per Rachel's Oct 6 note, and nothing later in the memory changes it.",explicit,False,cross,threaded
openai,openai-p10,repeat_question,A,rrf,full,correct,"The Northwind renewal signature deadline is Oct 30, according to Rachel's Oct 6 timeline note, and nothing later in the memory changes it.",explicit,False,cross,threaded
openai,openai-p10,repeat_question,B,bm25,full,correct,The Northwind renewal signature deadline is Oct 30.,explicit,False,cross,threaded
openai,openai-p10,repeat_question,B,emb,full,correct,The Northwind renewal signature deadline is Oct 30.,explicit,False,cross,threaded
openai,openai-p10,repeat_question,B,rrf,full,correct,The Northwind renewal signature deadline is Oct 30.,explicit,False,cross,threaded
openai,openai-p10,repeat_question,C,bm25,full,correct,"The Northwind renewal signature deadline is Oct 30, as Rachel stated on Oct 6, and nothing later in the notes changes it.",explicit,False,cross,threaded
openai,openai-p10,repeat_question,C,emb,full,correct,"The Northwind renewal signature deadline is Oct 30, per Rachel's Oct 6 note, and nothing later in the thread changes it.",explicit,False,cross,threaded
openai,openai-p10,repeat_question,C,rrf,full,correct,The Northwind renewal signature deadline is Oct 30.,explicit,False,cross,threaded
openai,openai-p10,repeat_question,Cstar,bm25,full,correct,"The Northwind renewal signature deadline is Oct 30, per Rachel's Oct 6 note, and nothing later in the thread changes it.",explicit,False,cross,threaded
openai,openai-p10,repeat_question,Cstar,emb,full,correct,"The Northwind renewal signature deadline is Oct 30, per Rachel's Oct 6 timeline note, and nothing later changes it.",explicit,False,cross,threaded
openai,openai-p10,repeat_question,Cstar,rrf,full,correct,"The Northwind renewal signature deadline is Oct 30, according to Rachel's Oct 6 note, and nothing later in the memory changes it.",explicit,False,cross,threaded
openai,openai-p10,repeat_question,D,bm25,full,correct,"The Northwind renewal signature deadline is Oct 30, according to Rachel's Oct 6 note.",explicit,False,cross,threaded
openai,openai-p10,repeat_question,D,emb,full,correct,The Northwind renewal signature deadline is Oct 30.,explicit,False,cross,threaded
openai,openai-p10,repeat_question,D,rrf,full,correct,The Northwind renewal signature deadline is Oct 30.,explicit,False,cross,threaded
openai,openai-p10,repeat_question,E,bm25,full,correct,The Northwind renewal signature deadline is October 30.,explicit,False,cross,threaded
openai,openai-p10,repeat_question,E,emb,full,correct,The Northwind renewal signature deadline is October 30.,explicit,False,cross,threaded
openai,openai-p10,repeat_question,E,rrf,full,correct,The Northwind renewal signature deadline is October 30.,explicit,False,cross,threaded
openai,openai-p11,repeat_question,window,-,none,missing,UNKNOWN,correction,False,cross,interleaved
openai,openai-p11,repeat_question,oracle,-,full,missing,"The memory doesn't say who the executive sponsor is now. Amara Okafor, the former CIO and exec sponsor, left Northwind, and Jon Reyes, the new CTO, owns the AI budget. But no note names Jon as the exec sponsor, so the answer is UNKNOWN.",correction,False,cross,interleaved
openai,openai-p11,repeat_question,A,bm25,none,missing,"The memory doesn't say who the current sponsor is. Amara Okafor (CIO) was the earlier sponsor, but on Oct 15 the team said the deck was for the previous sponsor and referred to a new CTO whose name isn't given.

UNKNOWN",correction,False,cross,interleaved
openai,openai-p11,repeat_question,A,emb,partial,correct,"Northwind's executive sponsor is now Jon Reyes, the new CTO, who took over the AI budget after Amara Okafor left, though our team hasn't met him yet.",correction,False,cross,interleaved
openai,openai-p11,repeat_question,A,rrf,partial,correct,"Northwind's current exec contact is Jon Reyes, the new CTO, who owns the AI budget now after Amara Okafor left.",correction,False,cross,interleaved
openai,openai-p11,repeat_question,B,bm25,partial,correct,"Jon Reyes, Northwind's new CTO, who owns the AI budget now after Amara left.",correction,False,cross,interleaved
openai,openai-p11,repeat_question,B,emb,partial,missing,"The memory doesn't state who the current executive sponsor is. It says Amara Okafor (CIO) was the sponsor on Oct 6, but she has since left Northwind, and Jon Reyes, the new CTO, now owns the AI budget. It never confirms that Jon Reyes has taken over as sponsor.

UNKNOWN",correction,False,cross,interleaved
openai,openai-p11,repeat_question,B,rrf,partial,correct,"Northwind's executive sponsor is now Jon Reyes, the new CTO, who took over the AI budget after Amara Okafor left; the memory does not confirm that he has formally taken the sponsor role.",correction,False,cross,interleaved
openai,openai-p11,repeat_question,C,bm25,full,correct,"Jon Reyes, the new CTO, is Northwind's current executive contact. He owns the AI budget now, since Amara Okafor left Northwind.",correction,False,cross,interleaved
openai,openai-p11,repeat_question,C,emb,full,correct,"Jon Reyes, the new CTO, who owns the AI budget now that Amara Okafor has left Northwind. Keiko noted we haven't yet met him, and no one has confirmed he is formally our exec sponsor.",correction,False,cross,interleaved
openai,openai-p11,repeat_question,C,rrf,full,correct,"Jon Reyes, the new CTO, is Northwind's current exec contact and owns the AI budget, since Amara Okafor left Northwind.",correction,False,cross,interleaved
openai,openai-p11,repeat_question,Cstar,bm25,none,missing,UNKNOWN,correction,False,cross,interleaved
openai,openai-p11,repeat_question,Cstar,emb,full,correct,"Northwind's current exec sponsor is Jon Reyes, the new CTO, who now owns the AI budget, after Amara Okafor left Northwind (per Keiko's Oct 15 correction). Keiko only learned this in passing on a call, and nobody on our side has met him yet.",correction,False,cross,interleaved
openai,openai-p11,repeat_question,Cstar,rrf,full,correct,"Northwind's current executive contact is Jon Reyes, the new CTO, who owns the AI budget after Amara Okafor left. Keiko reported this on Oct 15, and the team hasn't met him yet.",correction,False,cross,interleaved
openai,openai-p11,repeat_question,D,bm25,partial,missing,"The memory only says that Jon Reyes, the new CTO, now owns the AI budget after Amara left. It never says who the executive sponsor is, so I can't confirm that.

UNKNOWN",correction,False,cross,interleaved
openai,openai-p11,repeat_question,D,emb,partial,correct,"Northwind's executive contact is now Jon Reyes, the new CTO who owns the AI budget, after Amara Okafor left. Whether he is formally the ""sponsor"" is not confirmed, since the team hasn't met him yet.",correction,False,cross,interleaved
openai,openai-p11,repeat_question,D,rrf,partial,correct,"The executive sponsor was Amara Okafor (CIO), but she left Northwind, and Jon Reyes, the new CTO, now owns the AI budget. The notes don't explicitly say he has taken over as exec sponsor, so he is the likely current exec contact.",correction,False,cross,interleaved
openai,openai-p11,repeat_question,E,bm25,full,missing,"The memory doesn't clearly settle this. Older notes name Amara Okafor (CIO) as Northwind's executive sponsor, but other notes call her the ""previous sponsor"" and mention a new CTO, Jon Reyes, and a new account owner who hasn't been identified. Gabe's final message asks the same question, and no one answers it.

UNKNOWN",correction,False,cross,interleaved
openai,openai-p11,repeat_question,E,emb,full,missing,"The memory doesn't state who the current executive sponsor is. Amara Okafor, the former CIO and executive sponsor, left Northwind, and Jon Reyes is the new CTO who owns the AI budget, but he is not explicitly named as the sponsor.

UNKNOWN",correction,False,cross,interleaved
openai,openai-p11,repeat_question,E,rrf,full,correct,"The memory doesn't explicitly name a current ""executive sponsor"": Amara Okafor, the previous CIO and executive sponsor, left Northwind, and Jon Reyes is the new CTO who owns the AI budget and is the relevant decision-maker, but no note confirms he has been designated sponsor.

Best answer: Jon Reyes, the new CTO who replaced Amara Okafor, appears to be the current executive contact, though the memory doesn't explicitly confirm him as sponsor.",correction,False,cross,interleaved
xai,xai-p01,contradiction,window,-,full,correct,"The kestrel node allocation is currently 2,048 nodes, as Wen confirmed when Dmitri asked. Mateo sized the data loader for 2,560 nodes, but that is a loader sizing figure and not the allocation.",ellipsis,False,near,flat
xai,xai-p01,contradiction,oracle,-,full,correct,"The kestrel node allocation is 2,048 nodes, as Wen confirmed when Dmitri asked. Mateo sized the data loader for 2,560 nodes, but that isn't the allocation, and Wen will redo the table once the flapping-rack issue is resolved.",ellipsis,False,near,flat
xai,xai-p01,contradiction,A,bm25,full,correct,"The kestrel node allocation is currently 2,048 nodes, as Wen confirmed when Dmitri asked, though that may change once the flapping racks are resolved.",ellipsis,False,near,flat
xai,xai-p01,contradiction,A,emb,full,correct,"The kestrel node allocation is currently 2,048 nodes, as Wen confirmed when Dmitri asked, though that may change once the flapping racks are resolved.",ellipsis,False,near,flat
xai,xai-p01,contradiction,A,rrf,full,correct,"The kestrel node allocation is currently 2,048 nodes, as Wen confirmed when Dmitri asked, though that may change once the flapping racks are resolved.",ellipsis,False,near,flat
xai,xai-p01,contradiction,B,bm25,full,correct,"The kestrel node allocation is 2,048 nodes, as Wen confirmed (Mateo's 2,560 figure was only the data loader sizing).",ellipsis,False,near,flat
xai,xai-p01,contradiction,B,emb,full,correct,"The kestrel node allocation is 2,048 nodes, as Wen confirmed (Mateo's 2,560 figure was only the data loader sizing).",ellipsis,False,near,flat
xai,xai-p01,contradiction,B,rrf,full,correct,"The kestrel node allocation is 2,048 nodes, as Wen confirmed (Mateo's 2,560 figure was only the data loader sizing).",ellipsis,False,near,flat
xai,xai-p01,contradiction,C,bm25,full,correct,"The kestrel node allocation is currently 2,048 nodes, as Wen confirmed when Dmitri asked. Mateo's 2,560 figure is only the size he used for the data loader, not the allocation.",ellipsis,False,near,flat
xai,xai-p01,contradiction,C,emb,full,correct,"The kestrel node allocation is currently 2,048 nodes, as Wen confirmed when Dmitri asked. Mateo's 2,560 figure is only what he sized the data loader for, not the allocation.",ellipsis,False,near,flat
xai,xai-p01,contradiction,C,rrf,full,correct,"The kestrel node allocation is 2,048 nodes, as Wen confirmed with ""yep, confirmed"" when Dmitri asked. Mateo's mention of 2,560 nodes is only the size he used for the data loader, not the allocation.",ellipsis,False,near,flat
xai,xai-p01,contradiction,Cstar,bm25,full,correct,"The kestrel node allocation is currently 2,048 nodes, as Wen confirmed when Dmitri asked. Mateo's 2,560 figure was only the size he used for the data loader, not the allocation.",ellipsis,False,near,flat
xai,xai-p01,contradiction,Cstar,emb,full,correct,"The kestrel node allocation is 2,048 nodes, as Wen confirmed when Dmitri asked. Mateo's mention of 2,560 nodes is only the size he used for the data loader, not the allocation.",ellipsis,False,near,flat
xai,xai-p01,contradiction,Cstar,rrf,full,correct,"The kestrel node allocation is 2,048 nodes, as Wen confirmed when Dmitri asked. Mateo's 2,560 figure is only the size he used for the data loader, not the allocation.",ellipsis,False,near,flat
xai,xai-p01,contradiction,D,bm25,full,correct,"The kestrel node allocation is 2,048 nodes, as Wen confirmed when Dmitri asked. Mateo sized the data loader for 2,560 nodes, but that is a loader sizing figure and not the allocation. The allocation could still change if the flapping racks are drained.",ellipsis,False,near,flat
xai,xai-p01,contradiction,D,emb,full,correct,"The kestrel node allocation is 2,048 nodes, as Wen confirmed when Dmitri asked. Mateo sized the data loader for 2,560 nodes, but that is not the allocation.",ellipsis,False,near,flat
xai,xai-p01,contradiction,D,rrf,full,correct,"The kestrel node allocation is 2,048 nodes, as Wen confirmed when Dmitri asked. Mateo sized the data loader for 2,560 nodes, but that is a loader sizing figure and not the allocation. The allocation could still change if the flapping racks are drained.",ellipsis,False,near,flat
xai,xai-p01,contradiction,E,bm25,full,correct,"The kestrel node allocation is 2,048 nodes, as Wen confirmed when Dmitri asked (Mateo's 2,560 figure was only what he sized the data loader for).",ellipsis,False,near,flat
xai,xai-p01,contradiction,E,emb,full,correct,"The kestrel node allocation is 2,048 nodes, as Wen confirmed when Dmitri asked. Mateo sized the data loader for 2,560 nodes, but that is a separate figure and not the allocation.",ellipsis,False,near,flat
xai,xai-p01,contradiction,E,rrf,full,correct,"The kestrel node allocation is 2,048 nodes, as Wen confirmed (Mateo's 2,560 figure is only what he sized the data loader for).",ellipsis,False,near,flat
xai,xai-p03,contradiction,window,-,none,missing,"The memory doesn't mention a ""kestrel"" checkpoint cadence. Hana says she's assuming a checkpoint every 1,000 steps for storage sizing, but that's an assumption rather than a confirmed current interval, and it isn't tied to kestrel.

UNKNOWN",reaction,False,far,interleaved
xai,xai-p03,contradiction,oracle,-,full,correct,"The memory doesn't settle it. Hana asked whether the kestrel cadence is every 500 steps, and Kofi reacted ✅ to confirm. Later Hana said she was assuming a checkpoint every 1,000 steps for storage sizing, but that is an assumption for sizing, not a statement of the current cadence.

The best-supported answer is that kestrel checkpoints every 500 steps.",reaction,False,far,interleaved
xai,xai-p03,contradiction,A,bm25,partial,missing,"The memory doesn't settle this. Hana first asked whether the cadence is every 500 steps, then later said she's assuming a checkpoint every 1,000 steps for storage sizing. Neither is confirmed by anyone else.

UNKNOWN",reaction,False,far,interleaved
xai,xai-p03,contradiction,A,emb,partial,missing,"The memory doesn't settle this. Hana asked whether the cadence is every 500 steps, but nobody confirmed it. Later she said she is ""assuming a checkpoint every 1,000 steps"" for storage sizing, which is only an assumption.

UNKNOWN",reaction,False,far,interleaved
xai,xai-p03,contradiction,A,rrf,partial,missing,UNKNOWN,reaction,False,far,interleaved
xai,xai-p03,contradiction,B,bm25,full,correct,"The memory gives conflicting figures, so I can't say for certain. Hana asked on Sep 30 whether the cadence is every 500 steps, and kofi reacted ✅. Later, Hana said she is ""assuming a checkpoint every 1,000 steps"" for storage sizing, which is an assumption and not a confirmed change.

The confirmed cadence is every 500 steps.",reaction,False,far,interleaved
xai,xai-p03,contradiction,B,emb,full,correct,"Kestrel checkpoints every 500 steps. Hana asked for confirmation of that cadence and Kofi reacted ✅. Hana's later 1,000-step figure was only an assumption for storage sizing, and nobody confirmed it.",reaction,False,far,interleaved
xai,xai-p03,contradiction,B,rrf,full,correct,"The kestrel checkpoint cadence is every 500 steps. Hana asked for confirmation of that figure and Kofi reacted ✅. Hana's later ""1,000 steps"" is only a sizing assumption, not a confirmed change.",reaction,False,far,interleaved
xai,xai-p03,contradiction,C,bm25,full,missing,"The memory doesn't settle this: hana asked whether the cadence is every 500 steps and kofi reacted ✅, but hana later said she's assuming a checkpoint every 1,000 steps for storage sizing, and no one confirmed which is current.

UNKNOWN",reaction,False,far,interleaved
xai,xai-p03,contradiction,C,emb,full,correct,"The memory conflicts: hana asked whether the cadence is every 500 steps and kofi reacted ✅, but later hana says she's assuming a checkpoint every 1,000 steps for storage sizing, and that is only an assumption pending confirmation.

The first is a confirmation question with a ✅ reaction, so it is the more authoritative answer. The later message is an assumption, not a change.

Kestrel checkpoints every 500 steps (confirmed by kofi's ✅), though hana later assumed 1,000 steps for storage sizing.",reaction,False,far,interleaved
xai,xai-p03,contradiction,C,rrf,full,correct,"The memory has conflicting information: hana asked on Sep 30 whether the cadence is every 500 steps (kofi reacted ✅), but later hana said she's assuming a checkpoint every 1,000 steps for storage sizing, and that is only an assumption awaiting confirmation.

The cadence was confirmed (via kofi's ✅ reaction to hana's question) as every 500 steps; the later 1,000-step figure is only hana's sizing assumption, not a confirmed change.

**Every 500 steps.**",reaction,False,far,interleaved
xai,xai-p03,contradiction,Cstar,bm25,full,missing,"The memory doesn't settle this: hana asked whether the cadence is every 500 steps (kofi reacted ✅), but she later said she's assuming a checkpoint every 1,000 steps for storage sizing, and no one has confirmed a final interval.

UNKNOWN",reaction,False,far,interleaved
xai,xai-p03,contradiction,Cstar,emb,full,correct,"The memory gives conflicting information, with no confirmed answer: Hana asked whether the cadence is every 500 steps (Kofi reacted ✅), but later Hana said she's assuming a checkpoint every 1,000 steps for storage sizing and asked Mateo to confirm headroom for it.

Since the latest message is only an assumption awaiting confirmation, the best-supported current interval is every 500 steps, as confirmed by Kofi's ✅ reaction.

**Every 500 steps (Hana's later 1,000-step figure is only a sizing assumption, not a confirmed change).**",reaction,False,far,interleaved
xai,xai-p03,contradiction,Cstar,rrf,full,correct,"The memory conflicts on this: hana first asked whether the cadence is every 500 steps, and kofi reacted ✅. Later she said she is assuming a checkpoint every 1,000 steps for storage sizing, but that is an assumption she asked mateo to confirm, not a confirmed change.

The only confirmation is the ✅ on the 500-step check, so the current cadence is every 500 steps.

**Every 500 steps.**",reaction,False,far,interleaved
xai,xai-p03,contradiction,D,bm25,full,correct,"The memory doesn't settle this. Hana asked whether the cadence is every 500 steps, and Kofi reacted ✅, but later Hana said she is assuming a checkpoint every 1,000 steps for storage sizing. That is only an assumption and nobody confirmed it.

Going by the confirmed exchange, the cadence is every 500 steps.",reaction,False,far,interleaved
xai,xai-p03,contradiction,D,emb,full,correct,"Hana asked whether the cadence is every 500 steps and Kofi reacted ✅, but that was only a quick check. Later, Hana said she's assuming a checkpoint every 1,000 steps for storage sizing. Neither is a firm statement of the actual cadence, so the memory doesn't settle it.

The ✅ only confirms Kofi's agreement with 500, while the 1,000 figure is explicitly an assumption for sizing, so the memory is ambiguous. The best-supported answer is the confirmed one, 500, though the later message hints at a change.

The kestrel checkpoint cadence is every 500 steps (confirmed with a ✅), although Hana later assumed 1,000 steps for storage sizing.",reaction,False,far,interleaved
xai,xai-p03,contradiction,D,rrf,full,missing,"The memory doesn't settle this. Hana asked whether the cadence is every 500 steps, and kofi reacted ✅ to that. Later, Hana said she is ""assuming a checkpoint every 1,000 steps"" for storage sizing, which is an assumption rather than a confirmed cadence. No message states the current cadence outright.

UNKNOWN",reaction,False,far,interleaved
xai,xai-p03,contradiction,E,bm25,full,correct,"The kestrel checkpoint cadence is every 500 steps, as set and confirmed by Kofi. Hana's 1,000-step figure is only an assumption she is using for storage sizing.",reaction,False,far,interleaved
xai,xai-p03,contradiction,E,emb,full,correct,"Kestrel checkpoints are set to every 500 steps (confirmed by Kofi); Hana's 1,000-step figure in the recent chat is only her assumption for storage sizing.",reaction,False,far,interleaved
xai,xai-p03,contradiction,E,rrf,full,correct,"Kestrel's checkpoint cadence is every 500 steps, as set and confirmed by Kofi. Hana's 1,000-step figure is only her assumption for storage sizing.",reaction,False,far,interleaved
xai,xai-p04,deadline_passed,window,-,none,missing,UNKNOWN,explicit,False,cross,flat
xai,xai-p04,deadline_passed,oracle,-,full,correct,"Not done: mateo committed on Mon Sep 28 to finish moving the tokenized datasets to the new storage tier by Fri Oct 2 (once dedup lands), and nothing in memory shows it was completed.",explicit,False,cross,flat
xai,xai-p04,deadline_passed,A,bm25,full,correct,"Not done: Mateo committed to finishing the tokenized dataset move to the new storage tier by Fri Oct 2, once dedup lands, but nothing in memory shows it was completed (the last update said he was still waiting on the final dedup pass).",explicit,False,cross,flat
xai,xai-p04,deadline_passed,A,emb,full,correct,"Not done: Mateo committed to finishing the move of the tokenized datasets to the new storage tier by Fri Oct 2, once dedup lands, but nothing in memory shows it was completed (as of Sep 30 he was still pulling tier usage and had not answered the headroom question).",explicit,False,cross,flat
xai,xai-p04,deadline_passed,A,rrf,full,correct,"Not done: Mateo committed to finishing the move of the tokenized datasets to the new storage tier by Fri Oct 2 (once dedup lands), and nothing in memory shows it was completed.",explicit,False,cross,flat
xai,xai-p04,deadline_passed,B,bm25,full,correct,"Not done: Mateo committed to finishing the tokenized dataset move to the new storage tier by Fri Oct 2, once dedup lands, and nothing in memory shows it was completed.",explicit,False,cross,flat
xai,xai-p04,deadline_passed,B,emb,full,correct,"Not done: Mateo committed to finish moving the tokenized datasets to the new storage tier by Fri Oct 2, once dedup lands, and nothing in memory shows it was completed (the last status was that shards were landing on the new filesystem and the final dedup pass was still pending).",explicit,False,cross,flat
xai,xai-p04,deadline_passed,B,rrf,full,correct,"Not done: Mateo committed on Mon Sep 28 to finish moving the tokenized datasets to the new storage tier by Fri Oct 2 once dedup lands, and nothing in memory shows it was completed.",explicit,False,cross,flat
xai,xai-p04,deadline_passed,C,bm25,full,correct,"Not done: Mateo committed on Sep 28 to finish moving the tokenized datasets to the new storage tier by Fri Oct 2, once dedup landed, but nothing in memory shows that the move or the dedup was completed.",explicit,False,cross,flat
xai,xai-p04,deadline_passed,C,emb,full,correct,"Not done: Mateo committed to finishing the move of the tokenized datasets to the new storage tier by Fri Oct 2 (once dedup lands), but nothing in memory shows it was completed.",explicit,False,cross,flat
xai,xai-p04,deadline_passed,C,rrf,full,correct,"Not done: Mateo committed on Sep 28 to finish moving the tokenized datasets to the new storage tier by Fri Oct 2 once dedup lands, but nothing in memory shows the move or the dedup pass was completed.",explicit,False,cross,flat
xai,xai-p04,deadline_passed,Cstar,bm25,full,correct,"Not done: Mateo committed on Sep 28 to finish moving the tokenized datasets to the new storage tier by Fri Oct 2 (once dedup lands), and the memory shows no confirmation that it was completed.",explicit,False,cross,flat
xai,xai-p04,deadline_passed,Cstar,emb,full,correct,"Not done: Mateo committed on Sep 28 to finish moving the tokenized datasets to the new storage tier by Fri Oct 2, once dedup lands. Nothing in memory shows it was completed, and on Sep 30 he was still pulling tier usage to answer Hana's headroom question.",explicit,False,cross,flat
xai,xai-p04,deadline_passed,Cstar,rrf,full,correct,"Not done: Mateo committed on Sep 28 to finish moving the tokenized datasets to the new storage tier by Fri Oct 2 once dedup lands, and nothing in memory shows it was completed (on Sep 30 he was still working on the storage headroom question).",explicit,False,cross,flat
xai,xai-p04,deadline_passed,D,bm25,full,correct,"Not done: Mateo committed to finishing the tokenized dataset move to the new storage tier by Fri Oct 2, once dedup lands, and nothing in memory shows it was completed.",explicit,False,cross,flat
xai,xai-p04,deadline_passed,D,emb,full,correct,"Not done: Mateo committed on Mon Sep 28 to finish moving the tokenized datasets to the new storage tier by Fri Oct 2 (after dedup lands), and nothing in memory shows it was completed.",explicit,False,cross,flat
xai,xai-p04,deadline_passed,D,rrf,full,correct,"Not done: Mateo committed on Sep 28 to finish moving the tokenized datasets to the new storage tier by Fri Oct 2 (after dedup lands), and nothing in memory shows it was completed.",explicit,False,cross,flat
xai,xai-p04,deadline_passed,E,bm25,full,correct,"Not done: Mateo committed to move the tokenized datasets to the new storage tier by Friday October 2, pending dedup completion, and as of Mon Sep 28 the final dedup pass was still in progress, with nothing in memory showing the move was completed.",explicit,False,cross,flat
xai,xai-p04,deadline_passed,E,emb,full,correct,"Not done. Mateo committed to moving the tokenized datasets to the new storage tier by Friday Oct 2, pending dedup completion, and the memory only shows the final dedup pass still in progress as of Mon Sep 28, with no record that the move was completed.",explicit,False,cross,flat
xai,xai-p04,deadline_passed,E,rrf,full,correct,"Not done: Mateo committed to moving the tokenized datasets to the new storage tier by Friday October 2, pending dedup completion, and as of Mon Sep 28 the final dedup pass was still in progress. Nothing in memory shows the move was completed.",explicit,False,cross,flat
xai,xai-p05,stale_quote,window,-,full,correct,"Kestrel pretraining now starts Oct 12, since Dmitri moved it from Oct 5 because the fabric firmware rollout needs another week.",correction,True,near,threaded
xai,xai-p05,stale_quote,oracle,-,full,correct,"Kestrel pretraining is now set to start on Oct 12, after dmitri moved it from Oct 5 because the fabric firmware rollout needs another week.",correction,True,near,threaded
xai,xai-p05,stale_quote,A,bm25,full,correct,"The current start date of the kestrel pretraining run is Oct 12, since Dmitri changed it from Oct 5 because the fabric firmware rollout needs another week.",correction,True,near,threaded
xai,xai-p05,stale_quote,A,emb,full,correct,"Kestrel pretraining now starts Oct 12, since Dmitri moved it from Oct 5 because the fabric firmware rollout needs another week.",correction,True,near,threaded
xai,xai-p05,stale_quote,A,rrf,full,correct,"Kestrel pretraining now starts on Oct 12, since Dmitri moved it from Oct 5 because the fabric firmware rollout needs another week.",correction,True,near,threaded
xai,xai-p05,stale_quote,B,bm25,full,correct,"The current start date of the kestrel pretraining run is Oct 12, since dmitri moved it from Oct 5 on Oct 5 because the fabric firmware rollout needs another week.",correction,True,near,threaded
xai,xai-p05,stale_quote,B,emb,full,correct,"Kestrel pretraining now starts on Oct 12, since Dmitri moved it from Oct 5 because the fabric firmware rollout needs another week.",correction,True,near,threaded
xai,xai-p05,stale_quote,B,rrf,full,correct,"Kestrel pretraining now starts on Oct 12, since Dmitri moved it from Oct 5 because the fabric firmware rollout needs another week.",correction,True,near,threaded
xai,xai-p05,stale_quote,C,bm25,full,correct,"Kestrel pretraining now starts Oct 12, since Dmitri moved it from Oct 5 because the fabric firmware rollout needs another week.",correction,True,near,threaded
xai,xai-p05,stale_quote,C,emb,full,correct,"Kestrel pretraining now starts Oct 12, since Dmitri moved it from Oct 5 because the fabric firmware rollout needs another week.",correction,True,near,threaded
xai,xai-p05,stale_quote,C,rrf,full,correct,Kestrel pretraining now starts Oct 12; Dmitri moved it from Oct 5 because the fabric firmware rollout needs another week.,correction,True,near,threaded
xai,xai-p05,stale_quote,Cstar,bm25,full,correct,"Kestrel pretraining now starts Oct 12, after Dmitri moved it from Oct 5 because the fabric firmware rollout needs another week.",correction,True,near,threaded
xai,xai-p05,stale_quote,Cstar,emb,full,correct,"The current start date is Oct 12, since Dmitri revised it from Oct 5 on Oct 5 because the fabric firmware rollout needs another week.",correction,True,near,threaded
xai,xai-p05,stale_quote,Cstar,rrf,full,correct,"Kestrel pretraining now starts Oct 12, since Dmitri moved it from Oct 5 because the fabric firmware rollout needs another week.",correction,True,near,threaded
xai,xai-p05,stale_quote,D,bm25,full,correct,"The current start date is Oct 12, since dmitri moved it from Oct 5 because the fabric firmware rollout needs another week.",correction,True,near,threaded
xai,xai-p05,stale_quote,D,emb,full,correct,"Kestrel pretraining now starts on Oct 12, after Dmitri moved it from Oct 5 because the fabric firmware rollout needs another week.",correction,True,near,threaded
xai,xai-p05,stale_quote,D,rrf,full,correct,"Kestrel pretraining is now set to start on Oct 12, since Dmitri moved it from Oct 5 because the fabric firmware rollout needs another week.",correction,True,near,threaded
xai,xai-p05,stale_quote,E,bm25,full,correct,"The current start date is October 12, since Dmitri changed it from Oct 5 because the fabric firmware rollout needs another week.",correction,True,near,threaded
xai,xai-p05,stale_quote,E,emb,full,correct,"The Kestrel pretraining run now starts on October 12, since Dmitri moved it from Oct 5 because the fabric firmware rollout needs another week.",correction,True,near,threaded
xai,xai-p05,stale_quote,E,rrf,full,correct,"The Kestrel pretraining run now starts on October 12, because Dmitri moved it from Oct 5 while the fabric firmware rollout finishes.",correction,True,near,threaded
xai,xai-p07,deadline_passed,window,-,none,missing,UNKNOWN,explicit,False,cross,threaded
xai,xai-p07,deadline_passed,oracle,-,full,correct,"Not done: Dmitri said on Oct 5 that the tokenizer v3 vs v4 decision would be made at the Thu Oct 8 run sync, and nothing in memory shows that a decision was made.",explicit,False,cross,threaded
xai,xai-p07,deadline_passed,A,bm25,full,correct,"Not done: Dmitri said the tokenizer v3 vs v4 decision would be made at the Thu Oct 8 run sync, and nothing in memory shows it was made.",explicit,False,cross,threaded
xai,xai-p07,deadline_passed,A,emb,full,correct,"Not done: Dmitri said the tokenizer v3 vs v4 decision would be made at the Thu Oct 8 run sync, and nothing in memory shows it was made.",explicit,False,cross,threaded
xai,xai-p07,deadline_passed,A,rrf,full,correct,"Not done: Dmitri set the tokenizer v3 vs v4 decision for the Thu Oct 8 run sync, and nothing in memory shows it was made (the shard diff was still pending and the start had slipped for the firmware rollout).",explicit,False,cross,threaded
xai,xai-p07,deadline_passed,B,bm25,full,correct,"Not done: Dmitri said the tokenizer v3 vs v4 decision for kestrel would be made at the Thu Oct 8 run sync, and nothing in memory shows it was decided.",explicit,False,cross,threaded
xai,xai-p07,deadline_passed,B,emb,none,correct,"Not done: the tokenizer question is still open. Hana asked about the 100k vocab's noisier code-shard loss, and Mateo is diffing tokenization on the suspect shards, but no decision between v3 and v4 is recorded.",explicit,False,cross,threaded
xai,xai-p07,deadline_passed,B,rrf,full,correct,"Not done: Dmitri said the tokenizer v3 vs v4 decision would be made at the Thu Oct 8 run sync, and nothing in memory shows it was made (Hana was still asking about per-domain curves, and Mateo's shard diff was still pending).",explicit,False,cross,threaded
xai,xai-p07,deadline_passed,C,bm25,full,correct,"Not done: Dmitri said the tokenizer v3 vs v4 decision would be made at the Thu Oct 8 run sync, and nothing in memory shows a decision was made.",explicit,False,cross,threaded
xai,xai-p07,deadline_passed,C,emb,full,correct,"Not done: Dmitri said the tokenizer v3 vs v4 decision would be made at the Thu Oct 8 run sync, and nothing in memory shows a decision was made.",explicit,False,cross,threaded
xai,xai-p07,deadline_passed,C,rrf,full,correct,"Not done: Dmitri said the tokenizer v3 vs v4 decision would be made at the Thu Oct 8 run sync, and nothing in memory shows a decision was made.",explicit,False,cross,threaded
xai,xai-p07,deadline_passed,Cstar,bm25,full,correct,"Not done: Dmitri planned to decide between tokenizer v3 and v4 at the Thu Oct 8 run sync, and nothing in memory shows a decision was made.",explicit,False,cross,threaded
xai,xai-p07,deadline_passed,Cstar,emb,full,correct,"Not done: Dmitri scheduled the tokenizer v3 vs v4 decision for the Thu Oct 8 run sync, and nothing in memory shows it was made.",explicit,False,cross,threaded
xai,xai-p07,deadline_passed,Cstar,rrf,full,correct,"Not done: Dmitri said the tokenizer v3 vs v4 decision would be made at the Thu Oct 8 run sync, and nothing in memory shows it was decided (Hana was still raising tokenizer questions, and Mateo's shard diff was still in progress).",explicit,False,cross,threaded
xai,xai-p07,deadline_passed,D,bm25,full,correct,"Not done: Dmitri said the v3 vs v4 decision would be made at the Thu Oct 8 run sync, and nothing in memory records that a decision was made.",explicit,False,cross,threaded
xai,xai-p07,deadline_passed,D,emb,full,correct,"Not done: dmitri said the v3 vs v4 tokenizer decision would be made at the Thu Oct 8 run sync, and the memory shows no record of that decision being made.",explicit,False,cross,threaded
xai,xai-p07,deadline_passed,D,rrf,full,correct,"Not done: Dmitri said the v3 vs v4 tokenizer decision would be made at the Thu Oct 8 run sync, and nothing in memory shows it was made.",explicit,False,cross,threaded
xai,xai-p07,deadline_passed,E,bm25,full,correct,"Not done: the memory only records that the tokenizer version (v3 or v4) ""will be decided at the Thu Oct 8 run sync,"" and nothing shows a decision was made.",explicit,False,cross,threaded
xai,xai-p07,deadline_passed,E,emb,full,correct,"Not done: the tokenizer v3 vs v4 choice for kestrel was set to be decided at the Thu Oct 8 run sync, and nothing in memory shows a decision was made.",explicit,False,cross,threaded
xai,xai-p07,deadline_passed,E,rrf,full,correct,"Not done: the memory only records that the tokenizer version (v3 or v4) for kestrel ""will be decided at the Thu Oct 8 run sync,"" and nothing shows a decision was made.",explicit,False,cross,threaded
xai,xai-p08,stale_quote,window,-,none,missing,"The memory only says the save interval is ""tighter"" and that mateo sized the storage write budget around a checkpoint every 500 steps, but it never states the current interval itself.

UNKNOWN",cross_ref,False,far,threaded
xai,xai-p08,stale_quote,oracle,-,full,correct,"The kestrel checkpoint cadence is every 250 steps, which kofi applied on Oct 9 after proposing it on Oct 5. Mateo's budget was sized around 500 steps, but that was a sizing assumption rather than the applied setting.",cross_ref,False,far,threaded
xai,xai-p08,stale_quote,A,bm25,full,correct,"The kestrel checkpoint cadence is currently every 250 steps, which is the interval Kofi suggested on Oct 5 and applied on Oct 9.",cross_ref,False,far,threaded
xai,xai-p08,stale_quote,A,emb,full,correct,"Kestrel checkpoints are now every 250 steps, since Kofi applied his Oct 5 suggestion on Oct 9. Mateo's Oct 9 message still assumes 500 steps, but that was the old cadence he sized the storage budget around.",cross_ref,False,far,threaded
xai,xai-p08,stale_quote,A,rrf,full,correct,"Kestrel checkpoints are now every 250 steps, since Kofi applied his Oct 5 suggestion on Oct 9. Mateo's storage budget was still sized around the old 500-step cadence.",cross_ref,False,far,threaded
xai,xai-p08,stale_quote,B,bm25,full,correct,"Kofi applied his Oct 5 suggestion of checkpointing every 250 steps (down from 500) on Fri Oct 9, though the exact number wasn't restated in his pasted message, which only says the save interval is ""tighter.""",cross_ref,False,far,threaded
xai,xai-p08,stale_quote,B,emb,full,correct,"The kestrel checkpoint cadence is now every 250 steps, since Kofi applied his Oct 5 suggestion on Oct 9. The earlier 500-step figure from Sep 30 is superseded, though Mateo's storage budget was still sized around 500.",cross_ref,False,far,threaded
xai,xai-p08,stale_quote,B,rrf,full,correct,"Kofi is applying his Oct 5 suggestion of checkpointing every 250 steps, which replaces the earlier 500-step cadence. That figure is inferred, not confirmed. Kofi said the save interval is ""tighter"" but never stated a number, and Mateo sized the storage budget around 500 steps.

Current best answer: every 250 steps.",cross_ref,False,far,threaded
xai,xai-p08,stale_quote,C,bm25,full,correct,"Kofi's Oct 5 suggestion was a checkpoint every 250 steps, and on Oct 9 he said he was applying it, so the current interval is 250 steps.",cross_ref,False,far,threaded
xai,xai-p08,stale_quote,C,emb,full,missing,"The current kestrel checkpoint interval is not stated in the memory. Kofi applied his Oct 5 suggestion (the 250-step idea) on Oct 9, but the pasted version only says the save interval is ""tighter"" than before, with no explicit number given.

Hana's 500-step check on Sep 30 and Mateo's storage sizing around 500 steps reflect the earlier cadence, and Kofi's change replaced it.

UNKNOWN",cross_ref,False,far,threaded
xai,xai-p08,stale_quote,C,rrf,full,missing,"The memory doesn't state the current interval. Kofi applied his Oct 5 suggestion (which was 250 steps, floated as ""just a thought""), but his pasted message only says the ""save interval is tighter"", with no number. The earlier baseline was 500 steps, so the current value isn't confirmed.

UNKNOWN",cross_ref,False,far,threaded
xai,xai-p08,stale_quote,Cstar,bm25,full,correct,"Kofi is applying his Oct 5 suggestion of checkpointing every 250 steps (replacing the earlier 500-step cadence), though his Oct 9 pasted details only say the save interval is ""tighter"" and the 250 figure comes from his Oct 5 note.",cross_ref,False,far,threaded
xai,xai-p08,stale_quote,Cstar,emb,full,correct,"Kestrel's checkpoint cadence is now every 250 steps. Kofi applied his Oct 5 suggestion on Oct 9, replacing the earlier 500-step cadence.",cross_ref,False,far,threaded
xai,xai-p08,stale_quote,Cstar,rrf,full,correct,"Kofi applied his Oct 5 suggestion of checkpointing every 250 steps on Oct 9, so the current cadence is every 250 steps.",cross_ref,False,far,threaded
xai,xai-p08,stale_quote,D,bm25,full,correct,"Kestrel's checkpoint cadence is now every 250 steps. Kofi applied his Oct 5 suggestion on Oct 9, which tightened the save interval from the earlier 500 steps.",cross_ref,False,far,threaded
xai,xai-p08,stale_quote,D,emb,full,correct,"The kestrel checkpoint cadence is now every 250 steps, since Kofi applied his Oct 5 suggestion on Oct 9. Mateo's note about 500 steps reflects the earlier sizing, which is now outdated.",cross_ref,False,far,threaded
xai,xai-p08,stale_quote,D,rrf,full,correct,"Kestrel checkpoints are now every 250 steps, because Kofi applied his Oct 5 suggestion on Oct 9 and tightened the save interval.

The 500-step figure came from Hana's earlier check and Mateo's storage sizing, which predate the change.",cross_ref,False,far,threaded
xai,xai-p08,stale_quote,E,bm25,full,correct,"The memory conflicts: the earlier notes say 500 steps (and Kofi confirmed 500), but later notes say Kofi is implementing every 250 steps, and the Oct 9 messages say the save interval is now tighter, which points to 250 as the current interval.

The kestrel checkpoint cadence is currently every 250 steps (tightened from the earlier 500).",cross_ref,False,far,threaded
xai,xai-p08,stale_quote,E,emb,full,correct,"The memory conflicts on this: older notes say every 500 steps, but the latest information says Kofi is implementing every 250 steps (a tighter save interval) for the restart drill, though that 250 figure was pending validation. Mateo's Oct 9 message still sizes storage around 500 steps.

The current implemented interval is every 250 steps, which Kofi set with a tighter save interval in the ckpt-writer.",cross_ref,False,far,threaded
xai,xai-p08,stale_quote,E,rrf,full,correct,"The memory conflicts: some notes say every 500 steps (Kofi confirmed, and Mateo sized the storage budget around it), while others say Kofi is implementing every 250 steps, starting now, for the restart drill.

The most recent implementation is the 250-step one: Kofi modified the writer to use a tighter save interval, which fits 250 being tighter than 500. Mateo's Oct 9 message still says the budget is sized around 500, but that is a sizing assumption rather than the implemented setting.

**The current kestrel checkpoint cadence is every 250 steps, which Kofi is implementing as a tighter save interval than the earlier 500-step setting.**",cross_ref,False,far,threaded
xai,xai-p10,repeat_question,window,-,none,missing,UNKNOWN,ellipsis,True,cross,interleaved
xai,xai-p10,repeat_question,oracle,-,full,correct,Lucia is the current owner of fabric incident on-call; she took it on Sep 30 when Wen asked who was owning it for kestrel.,ellipsis,True,cross,interleaved
xai,xai-p10,repeat_question,A,bm25,partial,missing,UNKNOWN,ellipsis,True,cross,interleaved
xai,xai-p10,repeat_question,A,emb,full,missing,"The memory doesn't confirm a current fabric on-call owner. On Sep 30, Lucia posted a draft rotation with Kofi as primary on C leaf pages and Wen as backup for drains. That was only a draft for the C leaf pages while firmware was parked, and nobody has confirmed it as the fabric incident on-call, so the answer is UNKNOWN.",ellipsis,True,cross,interleaved
xai,xai-p10,repeat_question,A,rrf,full,missing,"The memory doesn't name a fabric incident on-call owner. Wen asked on Sep 30 and Dmitri asked Lucia to draft a rotation with Kofi and Wen on it. Mateo asked the same question again on Oct 12 without an answer, and no confirmed rota appears.

UNKNOWN",ellipsis,True,cross,interleaved
xai,xai-p10,repeat_question,B,bm25,full,correct,"Lucia is the current owner of fabric incident on-call: when Wen asked who was owning it for kestrel, she replied ""I'll take it.""",ellipsis,True,cross,interleaved
xai,xai-p10,repeat_question,B,emb,full,correct,"Lucia is the current owner of fabric incident on-call. Wen asked who owned it for kestrel on Sep 30, and Lucia replied ""I'll take it.""",ellipsis,True,cross,interleaved
xai,xai-p10,repeat_question,B,rrf,full,correct,"The memory doesn't show a confirmed fabric incident on-call owner. Wen asked who owns it (""I need a name on the rota""), and Lucia replied ""I'll take it,"" so Lucia took it at that point. Later, Lucia drafted a rotation for C leaf flap pages only, with Kofi as primary and Wen as backup for drains. That rotation covers C leaf pages specifically, not general fabric incident on-call. On Oct 12 Mateo asks again who's on call for fabric incidents today, and nobody answers.

Lucia is the most recent confirmed owner of fabric incident on-call for kestrel, since she said ""I'll take it.""

**Lucia is the current fabric incident on-call owner for kestrel (she said ""I'll take it""), though Kofi is primary for C leaf flap pages.**",ellipsis,True,cross,interleaved
xai,xai-p10,repeat_question,C,bm25,partial,missing,UNKNOWN,ellipsis,True,cross,interleaved
xai,xai-p10,repeat_question,C,emb,full,missing,UNKNOWN,ellipsis,True,cross,interleaved
xai,xai-p10,repeat_question,C,rrf,full,missing,UNKNOWN,ellipsis,True,cross,interleaved
xai,xai-p10,repeat_question,Cstar,bm25,full,correct,"Lucia is the current fabric incident on-call owner for kestrel. She said ""I'll take it"" when Wen asked on Sep 30. Nothing later in the notes changes that.",ellipsis,True,cross,interleaved
xai,xai-p10,repeat_question,Cstar,emb,full,correct,Lucia is the current owner of fabric incident on-call; she took it on Sep 30 when Wen asked for a name on the rota.,ellipsis,True,cross,interleaved
xai,xai-p10,repeat_question,Cstar,rrf,full,correct,"Lucia is the current owner of fabric incident on-call; she said ""I'll take it"" when Wen asked on Sep 30, and nothing later changes that.",ellipsis,True,cross,interleaved
xai,xai-p10,repeat_question,D,bm25,full,missing,"The memory has no confirmed fabric incident on-call owner. Lucia only posted a draft rotation for C leaf flap pages (Kofi primary, Wen backup for drains), and nothing says it was finalized or that it covers all fabric incidents. Mateo's question on Oct 12 about who is on call is unanswered.

UNKNOWN",ellipsis,True,cross,interleaved
xai,xai-p10,repeat_question,D,emb,full,missing,"The memory has no confirmed fabric incident on-call owner. Lucia only proposed a draft rotation for C leaf pages (Kofi primary, Wen backup for drains), and nothing shows it was confirmed. Mateo's question on Oct 12 about who's on call today also went unanswered.

UNKNOWN",ellipsis,True,cross,interleaved
xai,xai-p10,repeat_question,D,rrf,full,missing,"The memory doesn't give a confirmed current owner. Lucia proposed a draft rotation (Kofi primary on C leaf pages, Wen as backup for drains), but it only covers C leaf pages and was never confirmed, and Mateo's Oct 12 question about who is on call is still unanswered.

UNKNOWN",ellipsis,True,cross,interleaved
xai,xai-p10,repeat_question,E,bm25,full,correct,"The memory points to Lucia as the on-call fabric incident owner for kestrel (""lucia is taking on-call ownership for kestrel fabric incident response""). However, Dmitri asked for a draft rotation for C leaf flap alerts with Kofi as primary and Wen as backup for drain operations. That draft was only proposed, and nothing confirms it was adopted.

**Lucia is the current on-call owner for kestrel fabric incidents.**",ellipsis,True,cross,interleaved
xai,xai-p10,repeat_question,E,emb,full,correct,"Lucia is the current on-call owner for kestrel fabric incidents. She took on that ownership, and the draft rotation that would add Kofi as primary and Wen as backup for C leaf flap alerts has only been proposed, not confirmed.",ellipsis,True,cross,interleaved
xai,xai-p10,repeat_question,E,rrf,full,correct,"The memory gives conflicting signals. Lucia took on-call ownership for kestrel fabric incident response, and C leaf flap alerts are routed only to her queue. Dmitri asked for a draft rotation with Kofi as primary and Wen as backup, but the memory only says Lucia will post that draft, not that it was adopted.

Lucia is the current fabric incident on-call owner; the Kofi (primary) and Wen (backup) rotation for C leaf alerts was only proposed as a draft.",ellipsis,True,cross,interleaved
xai,xai-p11,stale_quote,window,-,none,stale,"Checkpoints are saved every 500 steps, according to Hana's note about losing at most 500 steps of work.",cross_ref,False,cross,threaded
xai,xai-p11,stale_quote,oracle,-,full,correct,"There's a conflict in memory: Kofi suggested every 250 steps on Oct 5 and said on Oct 9 he was applying that, but on Oct 12 Hana says checkpoints go every 500 steps.

Hana's statement is the most recent, but it may be an assumption. Kofi's Oct 9 message says he is applying 250, and ""Going with my Oct 5 suggestion"" means 250 steps. Hana's Oct 12 claim of 500 may reflect stale belief or the actual current setting. Nothing in memory shows the cadence being reverted, though Hana's statement is the latest and presents 500 as the current state.

Kofi's message is the one that actually applied the change, and Hana's is a casual mention that appears to be out of date, since she was also the one whose timeline Kofi was going to check after the change. So the best-supported answer is 250.

Kestrel checkpoints every 250 steps (Kofi applied that on Oct 9), though Hana's Oct 12 message says 500, which appears to be outdated.",cross_ref,False,cross,threaded
xai,xai-p11,stale_quote,A,bm25,full,correct,"The cadence is now every 250 steps, because Kofi applied his Oct 5 suggestion on Oct 9. The 500-step figures from Mateo and Hana are out of date.",cross_ref,False,cross,threaded
xai,xai-p11,stale_quote,A,emb,full,correct,"The kestrel checkpoint cadence is every 250 steps. Kofi applied his Oct 5 suggestion on Oct 9, which replaced the earlier 500-step cadence. Hana's Oct 12 ""500 steps"" remark appears to rely on the outdated figure.",cross_ref,False,cross,threaded
xai,xai-p11,stale_quote,A,rrf,full,correct,"The kestrel checkpoint cadence is now every 250 steps: Kofi applied his Oct 5 suggestion on Oct 9, so Hana's Oct 12 ""500 steps"" statement reflects the older setting.",cross_ref,False,cross,threaded
xai,xai-p11,stale_quote,B,bm25,full,correct,"Kofi's Oct 5 suggestion was every 250 steps, and on Oct 9 he said he was going with it and applying it, so the interval is now 250 steps. The ""every 500 steps"" figures (the Sep 30 check and Hana's Oct 12 claim) predate or ignore that change.

**Every 250 steps.**",cross_ref,False,cross,threaded
xai,xai-p11,stale_quote,B,emb,full,correct,"Checkpoints currently go every 500 steps, per Hana's Oct 12 message; Kofi's earlier 250-step idea was only a suggestion.",cross_ref,False,cross,threaded
xai,xai-p11,stale_quote,B,rrf,full,correct,"The memory is ambiguous on this: kofi's Oct 5 suggestion of every 250 steps was ""just a thought, nothing decided,"" but on Oct 9 he said he was applying it for the restart drill, though he never stated that it became permanent.

Hana's Oct 12 message says checkpoints go every 500 steps, but she may be relying on the older Sep 30 baseline. Kofi announced on Oct 9 that he was going with the Oct 5 suggestion, which is the 250-step cadence, and the Oct 9 thread says he would paste it in the ckpt-writer thread, which never appears here.

The latest evidence of the actual setting is therefore kofi's Oct 9 application of the 250-step suggestion, while hana's Oct 12 statement says 500. Kofi owns the checkpoint config, and his change came after the Sep 30 confirmation. Hana's statement is later, but it appears to be an assumption rather than a verification.

Still, the Oct 9 note says he was applying it ""now, so the restart drill will exercise it,"" which suggests the drill setting, and it is unclear whether it persisted into the run. I'll go with the most recent change by the owner.

**Kestrel checkpoints are currently every 250 steps, per Kofi's Oct 9 change, though Hana's Oct 12 message still assumes 500.**",cross_ref,False,cross,threaded
xai,xai-p11,stale_quote,C,bm25,full,correct,"Kofi applied his Oct 5 suggestion of checkpointing every 250 steps on Oct 9, so the current cadence is every 250 steps. Hana's Oct 12 remark about 500 steps appears to rely on the old cadence, and Mateo's budget assumed 500 as well.

The memory never states the 250 figure after the change was applied, though. The pasted suggestion itself isn't shown, only that the save interval is ""tighter"" than 500.

**Every 250 steps.**",cross_ref,False,cross,threaded
xai,xai-p11,stale_quote,C,emb,full,missing,"The memory doesn't give a clear answer. Kofi said on Oct 9 that he was applying his Oct 5 suggestion (which was 250 steps, only floated as ""nothing decided""), but Hana never confirmed which suggestion it was, and on Oct 12 Hana still said checkpoints go every 500 steps.

Since Kofi's Oct 9 message points to the Oct 5 suggestion of checkpointing every 250 steps, and the only earlier cadence of 500 was Hana's unconfirmed Sep 30 check, the newest change is 250. However, Hana's Oct 12 statement conflicts with it, and she may not know about the change.

**UNKNOWN**",cross_ref,False,cross,threaded
xai,xai-p11,stale_quote,C,rrf,full,missing,"The memory doesn't settle this. The baseline was 500 steps, but on Oct 9 Kofi applied his Oct 5 suggestion, which was a 250-step cadence floated as ""just a thought."" His message on Oct 9 never pasted the details, and it said the suggestion touches the save interval and async flush path. Hana's Oct 12 message still assumes 500 steps. Since Oct 9, the cadence is probably 250 steps, but that is an inference and no message confirms it.

UNKNOWN",cross_ref,False,cross,threaded
xai,xai-p11,stale_quote,Cstar,bm25,full,correct,"Kestrel checkpoints are currently every 250 steps. Kofi applied his Oct 5 suggestion on Oct 9, which tightened the save interval. Hana's Oct 12 ""500 steps"" remark appears to use the older cadence.",cross_ref,False,cross,threaded
xai,xai-p11,stale_quote,Cstar,emb,full,correct,"Kofi said on Oct 9 that he was applying his Oct 5 suggestion of checkpointing every 250 steps, and the writer is up on Oct 12, so the current interval appears to be every 250 steps. Hana's Oct 12 ""every 500 steps"" message looks like it relies on the older cadence, and nobody has confirmed the 250 figure after the change.

**Every 250 steps.**",cross_ref,False,cross,threaded
xai,xai-p11,stale_quote,Cstar,rrf,full,correct,"The kestrel checkpoint cadence is now every 250 steps, since Kofi applied his Oct 5 suggestion on Oct 9, so Hana's Oct 12 ""every 500 steps"" is outdated.",cross_ref,False,cross,threaded
xai,xai-p11,stale_quote,D,bm25,full,correct,"The memory doesn't settle this: Hana's Oct 12 message says every 500 steps, but that appears to be the old cadence. On Oct 9 Kofi applied his Oct 5 suggestion (250 steps) as a tighter save interval, and the drill was meant to exercise it. Kofi's Oct 5 message proposed ""every 250 steps,"" and on Oct 9 he said the save interval is now tighter.

Hana's claim on Oct 12 relies on her earlier assumption (500, which Kofi ✅'d on Sep 30), and nothing confirms she knew about the change. The latest evidence of the actual setting is the applied change to 250.

**The kestrel checkpoint cadence is currently every 250 steps (changed from 500 by Kofi on Oct 9), though Hana's Oct 12 message still cites 500.**",cross_ref,False,cross,threaded
xai,xai-p11,stale_quote,D,emb,full,correct,"The current kestrel checkpoint cadence is every 250 steps, because Kofi applied his Oct 5 suggestion on Oct 9. Hana's Oct 12 ""500 steps"" and Mateo's storage sizing both rely on the older cadence.",cross_ref,False,cross,threaded
xai,xai-p11,stale_quote,D,rrf,full,correct,"The memory is conflicting. Kofi suggested 250 steps on Oct 5 and on Oct 9 said he was applying that suggestion, so the cadence was changed to every 250 steps. Mateo's note that he sized the budget around 500 steps and Hana's Oct 12 remark that checkpoints go every 500 steps both look like stale assumptions, since neither refers to the change. Kofi said he pasted the change in the ckpt-writer thread, but that paste is not in the memory, so the 250 value rests only on the Oct 5 suggestion.

**The kestrel checkpoint cadence is currently every 250 steps, based on Kofi's Oct 9 change, though Hana's Oct 12 message still assumes 500.**",cross_ref,False,cross,threaded
xai,xai-p11,stale_quote,E,bm25,full,correct,"The memory conflicts on this: some notes say 500 steps and others say 250 steps. Kofi confirmed 500 and Hana repeated it on Oct 12, but another note says Kofi is implementing every 250 steps, and his tighter save interval change appears to be the more recent update.

Timing is unclear, though. The Oct 12 message from Hana says ""checkpoints go every 500 steps,"" which is the latest dated statement. So the current cadence is every 500 steps.

**Kestrel checkpoints are currently saved every 500 steps.**",cross_ref,False,cross,threaded
xai,xai-p11,stale_quote,E,emb,full,correct,"The memory conflicts: some notes say every 500 steps, others describe a 250-step change by Kofi. The most recent message (Mon Oct 12) from Hana says checkpoints go every 500 steps, and the 250-step suggestion was pending validation and the storage budget was sized for 500.

Kestrel checkpoints are currently saved every 500 steps.",cross_ref,False,cross,threaded
xai,xai-p11,stale_quote,E,rrf,full,stale,"The kestrel checkpoint cadence is currently every 500 steps, as Hana noted on Oct 12 and Kofi confirmed earlier.",cross_ref,False,cross,threaded
