ws,query_id,query_kind,mode,chunker,retriever,delivery,origin_delivery,evidence_form,restated,bucket,structure,n_chunks,tokens
ando,ando-p01,plant,proactive,window,-,full,full,distributed,False,near,flat,0,0
ando,ando-p01,plant,proactive,oracle,-,full,full,distributed,False,near,flat,1,63
ando,ando-p01,plant,proactive,A,bm25,full,full,distributed,False,near,flat,7,265
ando,ando-p01,plant,proactive,A,emb,full,full,distributed,False,near,flat,7,265
ando,ando-p01,plant,proactive,A,rrf,full,full,distributed,False,near,flat,7,265
ando,ando-p01,plant,proactive,B,bm25,full,full,distributed,False,near,flat,3,635
ando,ando-p01,plant,proactive,B,emb,full,full,distributed,False,near,flat,3,635
ando,ando-p01,plant,proactive,B,rrf,full,full,distributed,False,near,flat,3,635
ando,ando-p01,plant,proactive,C,bm25,full,full,distributed,False,near,flat,8,820
ando,ando-p01,plant,proactive,C,emb,full,full,distributed,False,near,flat,8,820
ando,ando-p01,plant,proactive,C,rrf,full,full,distributed,False,near,flat,8,820
ando,ando-p01,plant,proactive,Cstar,bm25,full,full,distributed,False,near,flat,7,380
ando,ando-p01,plant,proactive,Cstar,emb,full,full,distributed,False,near,flat,7,380
ando,ando-p01,plant,proactive,Cstar,rrf,full,full,distributed,False,near,flat,7,380
ando,ando-p01,plant,proactive,D,bm25,full,full,distributed,False,near,flat,3,300
ando,ando-p01,plant,proactive,D,emb,full,full,distributed,False,near,flat,3,300
ando,ando-p01,plant,proactive,D,rrf,full,full,distributed,False,near,flat,3,300
ando,ando-p01,plant,proactive,E,bm25,full,full,distributed,False,near,flat,14,337
ando,ando-p01,plant,proactive,E,emb,full,full,distributed,False,near,flat,14,337
ando,ando-p01,plant,proactive,E,rrf,full,full,distributed,False,near,flat,14,337
ando,ando-p01,plant,reactive,window,-,full,full,distributed,False,near,flat,0,0
ando,ando-p01,plant,reactive,oracle,-,full,full,distributed,False,near,flat,1,63
ando,ando-p01,plant,reactive,A,bm25,full,full,distributed,False,near,flat,7,265
ando,ando-p01,plant,reactive,A,emb,full,full,distributed,False,near,flat,7,265
ando,ando-p01,plant,reactive,A,rrf,full,full,distributed,False,near,flat,7,265
ando,ando-p01,plant,reactive,B,bm25,full,full,distributed,False,near,flat,3,635
ando,ando-p01,plant,reactive,B,emb,full,full,distributed,False,near,flat,3,635
ando,ando-p01,plant,reactive,B,rrf,full,full,distributed,False,near,flat,3,635
ando,ando-p01,plant,reactive,C,bm25,full,full,distributed,False,near,flat,8,820
ando,ando-p01,plant,reactive,C,emb,full,full,distributed,False,near,flat,8,820
ando,ando-p01,plant,reactive,C,rrf,full,full,distributed,False,near,flat,8,820
ando,ando-p01,plant,reactive,Cstar,bm25,full,full,distributed,False,near,flat,7,380
ando,ando-p01,plant,reactive,Cstar,emb,full,full,distributed,False,near,flat,7,380
ando,ando-p01,plant,reactive,Cstar,rrf,full,full,distributed,False,near,flat,7,380
ando,ando-p01,plant,reactive,D,bm25,full,full,distributed,False,near,flat,3,300
ando,ando-p01,plant,reactive,D,emb,full,full,distributed,False,near,flat,3,300
ando,ando-p01,plant,reactive,D,rrf,full,full,distributed,False,near,flat,3,300
ando,ando-p01,plant,reactive,E,bm25,full,full,distributed,False,near,flat,14,337
ando,ando-p01,plant,reactive,E,emb,full,full,distributed,False,near,flat,14,337
ando,ando-p01,plant,reactive,E,rrf,full,full,distributed,False,near,flat,14,337
ando,ando-p03,plant,proactive,window,-,none,none,explicit,False,far,flat,0,0
ando,ando-p03,plant,proactive,oracle,-,full,full,explicit,False,far,flat,1,38
ando,ando-p03,plant,proactive,A,bm25,full,full,explicit,False,far,flat,21,696
ando,ando-p03,plant,proactive,A,emb,full,full,explicit,False,far,flat,21,696
ando,ando-p03,plant,proactive,A,rrf,full,full,explicit,False,far,flat,21,696
ando,ando-p03,plant,proactive,B,bm25,full,full,explicit,False,far,flat,7,1415
ando,ando-p03,plant,proactive,B,emb,full,full,explicit,False,far,flat,7,1415
ando,ando-p03,plant,proactive,B,rrf,full,full,explicit,False,far,flat,7,1415
ando,ando-p03,plant,proactive,C,bm25,full,full,explicit,False,far,flat,16,1438
ando,ando-p03,plant,proactive,C,emb,full,full,explicit,False,far,flat,16,1493
ando,ando-p03,plant,proactive,C,rrf,full,full,explicit,False,far,flat,16,1480
ando,ando-p03,plant,proactive,Cstar,bm25,full,full,explicit,False,far,flat,21,1095
ando,ando-p03,plant,proactive,Cstar,emb,full,full,explicit,False,far,flat,21,1095
ando,ando-p03,plant,proactive,Cstar,rrf,full,full,explicit,False,far,flat,21,1095
ando,ando-p03,plant,proactive,D,bm25,full,full,explicit,False,far,flat,7,749
ando,ando-p03,plant,proactive,D,emb,full,full,explicit,False,far,flat,7,749
ando,ando-p03,plant,proactive,D,rrf,full,full,explicit,False,far,flat,7,749
ando,ando-p03,plant,proactive,E,bm25,full,full,explicit,False,far,flat,27,698
ando,ando-p03,plant,proactive,E,emb,full,full,explicit,False,far,flat,27,698
ando,ando-p03,plant,proactive,E,rrf,full,full,explicit,False,far,flat,27,698
ando,ando-p03,plant,reactive,window,-,none,none,explicit,False,far,flat,0,0
ando,ando-p03,plant,reactive,oracle,-,full,full,explicit,False,far,flat,1,38
ando,ando-p03,plant,reactive,A,bm25,full,full,explicit,False,far,flat,21,696
ando,ando-p03,plant,reactive,A,emb,full,full,explicit,False,far,flat,21,696
ando,ando-p03,plant,reactive,A,rrf,full,full,explicit,False,far,flat,21,696
ando,ando-p03,plant,reactive,B,bm25,full,full,explicit,False,far,flat,7,1415
ando,ando-p03,plant,reactive,B,emb,full,full,explicit,False,far,flat,7,1415
ando,ando-p03,plant,reactive,B,rrf,full,full,explicit,False,far,flat,7,1415
ando,ando-p03,plant,reactive,C,bm25,full,full,explicit,False,far,flat,17,1473
ando,ando-p03,plant,reactive,C,emb,full,full,explicit,False,far,flat,18,1415
ando,ando-p03,plant,reactive,C,rrf,full,full,explicit,False,far,flat,18,1420
ando,ando-p03,plant,reactive,Cstar,bm25,full,full,explicit,False,far,flat,21,1095
ando,ando-p03,plant,reactive,Cstar,emb,full,full,explicit,False,far,flat,21,1095
ando,ando-p03,plant,reactive,Cstar,rrf,full,full,explicit,False,far,flat,21,1095
ando,ando-p03,plant,reactive,D,bm25,full,full,explicit,False,far,flat,7,749
ando,ando-p03,plant,reactive,D,emb,full,full,explicit,False,far,flat,7,749
ando,ando-p03,plant,reactive,D,rrf,full,full,explicit,False,far,flat,7,749
ando,ando-p03,plant,reactive,E,bm25,full,full,explicit,False,far,flat,27,698
ando,ando-p03,plant,reactive,E,emb,full,full,explicit,False,far,flat,27,698
ando,ando-p03,plant,reactive,E,rrf,full,full,explicit,False,far,flat,27,698
ando,ando-p05,plant,proactive,window,-,none,none,explicit,False,far,interleaved,0,0
ando,ando-p05,plant,proactive,oracle,-,full,full,explicit,False,far,interleaved,1,57
ando,ando-p05,plant,proactive,A,bm25,full,full,explicit,False,far,interleaved,37,1471
ando,ando-p05,plant,proactive,A,emb,full,full,explicit,False,far,interleaved,36,1477
ando,ando-p05,plant,proactive,A,rrf,full,full,explicit,False,far,interleaved,37,1499
ando,ando-p05,plant,proactive,B,bm25,full,full,explicit,False,far,interleaved,5,1273
ando,ando-p05,plant,proactive,B,emb,full,full,explicit,False,far,interleaved,5,1292
ando,ando-p05,plant,proactive,B,rrf,full,full,explicit,False,far,interleaved,5,1273
ando,ando-p05,plant,proactive,C,bm25,full,full,explicit,False,far,interleaved,12,1468
ando,ando-p05,plant,proactive,C,emb,full,full,explicit,False,far,interleaved,12,1448
ando,ando-p05,plant,proactive,C,rrf,full,full,explicit,False,far,interleaved,12,1466
ando,ando-p05,plant,proactive,Cstar,bm25,full,full,explicit,False,far,interleaved,18,1466
ando,ando-p05,plant,proactive,Cstar,emb,full,full,explicit,False,far,interleaved,18,1437
ando,ando-p05,plant,proactive,Cstar,rrf,full,full,explicit,False,far,interleaved,17,1425
ando,ando-p05,plant,proactive,D,bm25,full,full,explicit,False,far,interleaved,6,1451
ando,ando-p05,plant,proactive,D,emb,full,full,explicit,False,far,interleaved,7,1454
ando,ando-p05,plant,proactive,D,rrf,full,full,explicit,False,far,interleaved,6,1411
ando,ando-p05,plant,proactive,E,bm25,full,full,explicit,False,far,interleaved,42,1483
ando,ando-p05,plant,proactive,E,emb,full,full,explicit,False,far,interleaved,43,1487
ando,ando-p05,plant,proactive,E,rrf,full,full,explicit,False,far,interleaved,41,1484
ando,ando-p05,plant,reactive,window,-,none,none,explicit,False,far,interleaved,0,0
ando,ando-p05,plant,reactive,oracle,-,full,full,explicit,False,far,interleaved,1,57
ando,ando-p05,plant,reactive,A,bm25,full,full,explicit,False,far,interleaved,39,1476
ando,ando-p05,plant,reactive,A,emb,full,full,explicit,False,far,interleaved,37,1469
ando,ando-p05,plant,reactive,A,rrf,full,full,explicit,False,far,interleaved,38,1484
ando,ando-p05,plant,reactive,B,bm25,full,full,explicit,False,far,interleaved,6,1336
ando,ando-p05,plant,reactive,B,emb,full,full,explicit,False,far,interleaved,6,1447
ando,ando-p05,plant,reactive,B,rrf,full,full,explicit,False,far,interleaved,6,1409
ando,ando-p05,plant,reactive,C,bm25,full,full,explicit,False,far,interleaved,13,1479
ando,ando-p05,plant,reactive,C,emb,full,full,explicit,False,far,interleaved,14,1467
ando,ando-p05,plant,reactive,C,rrf,full,full,explicit,False,far,interleaved,13,1423
ando,ando-p05,plant,reactive,Cstar,bm25,full,full,explicit,False,far,interleaved,20,1482
ando,ando-p05,plant,reactive,Cstar,emb,full,full,explicit,False,far,interleaved,19,1471
ando,ando-p05,plant,reactive,Cstar,rrf,full,full,explicit,False,far,interleaved,17,1425
ando,ando-p05,plant,reactive,D,bm25,full,full,explicit,False,far,interleaved,7,1441
ando,ando-p05,plant,reactive,D,emb,full,full,explicit,False,far,interleaved,7,1494
ando,ando-p05,plant,reactive,D,rrf,full,full,explicit,False,far,interleaved,7,1488
ando,ando-p05,plant,reactive,E,bm25,full,full,explicit,False,far,interleaved,49,1500
ando,ando-p05,plant,reactive,E,emb,full,full,explicit,False,far,interleaved,46,1478
ando,ando-p05,plant,reactive,E,rrf,full,full,explicit,False,far,interleaved,48,1488
ando,ando-p06,plant,proactive,window,-,none,none,explicit,False,cross,flat,0,0
ando,ando-p06,plant,proactive,oracle,-,full,full,explicit,False,cross,flat,1,42
ando,ando-p06,plant,proactive,A,bm25,full,full,explicit,False,cross,flat,39,1494
ando,ando-p06,plant,proactive,A,emb,full,full,explicit,False,cross,flat,40,1464
ando,ando-p06,plant,proactive,A,rrf,full,full,explicit,False,cross,flat,38,1466
ando,ando-p06,plant,proactive,B,bm25,full,full,explicit,False,cross,flat,6,1287
ando,ando-p06,plant,proactive,B,emb,full,full,explicit,False,cross,flat,7,1423
ando,ando-p06,plant,proactive,B,rrf,full,full,explicit,False,cross,flat,7,1402
ando,ando-p06,plant,proactive,C,bm25,none,none,explicit,False,cross,flat,13,1400
ando,ando-p06,plant,proactive,C,emb,full,full,explicit,False,cross,flat,14,1398
ando,ando-p06,plant,proactive,C,rrf,full,full,explicit,False,cross,flat,15,1488
ando,ando-p06,plant,proactive,Cstar,bm25,none,none,explicit,False,cross,flat,21,1475
ando,ando-p06,plant,proactive,Cstar,emb,full,full,explicit,False,cross,flat,27,1445
ando,ando-p06,plant,proactive,Cstar,rrf,full,full,explicit,False,cross,flat,26,1447
ando,ando-p06,plant,proactive,D,bm25,none,none,explicit,False,cross,flat,6,1498
ando,ando-p06,plant,proactive,D,emb,none,none,explicit,False,cross,flat,8,1494
ando,ando-p06,plant,proactive,D,rrf,none,none,explicit,False,cross,flat,6,1316
ando,ando-p06,plant,proactive,E,bm25,full,full,explicit,False,cross,flat,47,1489
ando,ando-p06,plant,proactive,E,emb,full,full,explicit,False,cross,flat,49,1472
ando,ando-p06,plant,proactive,E,rrf,full,full,explicit,False,cross,flat,48,1488
ando,ando-p06,plant,reactive,window,-,none,none,explicit,False,cross,flat,0,0
ando,ando-p06,plant,reactive,oracle,-,full,full,explicit,False,cross,flat,1,42
ando,ando-p06,plant,reactive,A,bm25,full,full,explicit,False,cross,flat,38,1480
ando,ando-p06,plant,reactive,A,emb,full,full,explicit,False,cross,flat,39,1469
ando,ando-p06,plant,reactive,A,rrf,full,full,explicit,False,cross,flat,38,1475
ando,ando-p06,plant,reactive,B,bm25,full,full,explicit,False,cross,flat,6,1347
ando,ando-p06,plant,reactive,B,emb,full,full,explicit,False,cross,flat,7,1442
ando,ando-p06,plant,reactive,B,rrf,full,full,explicit,False,cross,flat,7,1484
ando,ando-p06,plant,reactive,C,bm25,full,full,explicit,False,cross,flat,14,1455
ando,ando-p06,plant,reactive,C,emb,full,full,explicit,False,cross,flat,16,1468
ando,ando-p06,plant,reactive,C,rrf,full,full,explicit,False,cross,flat,15,1402
ando,ando-p06,plant,reactive,Cstar,bm25,full,full,explicit,False,cross,flat,22,1407
ando,ando-p06,plant,reactive,Cstar,emb,full,full,explicit,False,cross,flat,26,1434
ando,ando-p06,plant,reactive,Cstar,rrf,full,full,explicit,False,cross,flat,24,1475
ando,ando-p06,plant,reactive,D,bm25,full,full,explicit,False,cross,flat,6,1073
ando,ando-p06,plant,reactive,D,emb,full,full,explicit,False,cross,flat,9,1412
ando,ando-p06,plant,reactive,D,rrf,full,full,explicit,False,cross,flat,8,1327
ando,ando-p06,plant,reactive,E,bm25,full,full,explicit,False,cross,flat,45,1480
ando,ando-p06,plant,reactive,E,emb,full,full,explicit,False,cross,flat,47,1492
ando,ando-p06,plant,reactive,E,rrf,full,full,explicit,False,cross,flat,46,1474
ando,ando-p07,plant,proactive,window,-,full,full,correction,True,near,threaded,0,0
ando,ando-p07,plant,proactive,oracle,-,full,full,correction,True,near,threaded,2,134
ando,ando-p07,plant,proactive,A,bm25,full,full,correction,True,near,threaded,37,1491
ando,ando-p07,plant,proactive,A,emb,full,full,correction,True,near,threaded,37,1491
ando,ando-p07,plant,proactive,A,rrf,full,full,correction,True,near,threaded,37,1490
ando,ando-p07,plant,proactive,B,bm25,full,full,correction,True,near,threaded,5,1267
ando,ando-p07,plant,proactive,B,emb,full,full,correction,True,near,threaded,6,1379
ando,ando-p07,plant,proactive,B,rrf,full,full,correction,True,near,threaded,6,1413
ando,ando-p07,plant,proactive,C,bm25,full,full,correction,True,near,threaded,12,1399
ando,ando-p07,plant,proactive,C,emb,full,full,correction,True,near,threaded,12,1373
ando,ando-p07,plant,proactive,C,rrf,full,full,correction,True,near,threaded,12,1442
ando,ando-p07,plant,proactive,Cstar,bm25,full,full,correction,True,near,threaded,20,1452
ando,ando-p07,plant,proactive,Cstar,emb,full,full,correction,True,near,threaded,24,1499
ando,ando-p07,plant,proactive,Cstar,rrf,full,full,correction,True,near,threaded,22,1422
ando,ando-p07,plant,proactive,D,bm25,full,full,correction,True,near,threaded,5,1074
ando,ando-p07,plant,proactive,D,emb,full,full,correction,True,near,threaded,9,1434
ando,ando-p07,plant,proactive,D,rrf,full,full,correction,True,near,threaded,7,1323
ando,ando-p07,plant,proactive,E,bm25,full,full,correction,True,near,threaded,45,1489
ando,ando-p07,plant,proactive,E,emb,full,full,correction,True,near,threaded,46,1497
ando,ando-p07,plant,proactive,E,rrf,full,full,correction,True,near,threaded,44,1487
ando,ando-p07,plant,reactive,window,-,full,full,correction,True,near,threaded,0,0
ando,ando-p07,plant,reactive,oracle,-,full,full,correction,True,near,threaded,2,134
ando,ando-p07,plant,reactive,A,bm25,full,full,correction,True,near,threaded,39,1495
ando,ando-p07,plant,reactive,A,emb,full,full,correction,True,near,threaded,40,1478
ando,ando-p07,plant,reactive,A,rrf,full,full,correction,True,near,threaded,41,1496
ando,ando-p07,plant,reactive,B,bm25,full,full,correction,True,near,threaded,6,1253
ando,ando-p07,plant,reactive,B,emb,full,full,correction,True,near,threaded,6,1484
ando,ando-p07,plant,reactive,B,rrf,full,full,correction,True,near,threaded,6,1386
ando,ando-p07,plant,reactive,C,bm25,full,full,correction,True,near,threaded,15,1397
ando,ando-p07,plant,reactive,C,emb,full,full,correction,True,near,threaded,18,1422
ando,ando-p07,plant,reactive,C,rrf,full,full,correction,True,near,threaded,18,1490
ando,ando-p07,plant,reactive,Cstar,bm25,full,full,correction,True,near,threaded,25,1485
ando,ando-p07,plant,reactive,Cstar,emb,full,full,correction,True,near,threaded,29,1497
ando,ando-p07,plant,reactive,Cstar,rrf,full,full,correction,True,near,threaded,27,1475
ando,ando-p07,plant,reactive,D,bm25,full,full,correction,True,near,threaded,11,1456
ando,ando-p07,plant,reactive,D,emb,full,full,correction,True,near,threaded,11,1336
ando,ando-p07,plant,reactive,D,rrf,full,full,correction,True,near,threaded,11,1497
ando,ando-p07,plant,reactive,E,bm25,full,full,correction,True,near,threaded,49,1479
ando,ando-p07,plant,reactive,E,emb,full,full,correction,True,near,threaded,49,1463
ando,ando-p07,plant,reactive,E,rrf,full,full,correction,True,near,threaded,49,1494
ando,ando-p08,plant,proactive,window,-,none,none,reaction,False,cross,flat,0,0
ando,ando-p08,plant,proactive,oracle,-,full,full,reaction,False,cross,flat,1,41
ando,ando-p08,plant,proactive,A,bm25,partial,partial,reaction,False,cross,flat,38,1485
ando,ando-p08,plant,proactive,A,emb,partial,partial,reaction,False,cross,flat,39,1487
ando,ando-p08,plant,proactive,A,rrf,partial,partial,reaction,False,cross,flat,39,1499
ando,ando-p08,plant,proactive,B,bm25,full,full,reaction,False,cross,flat,6,1328
ando,ando-p08,plant,proactive,B,emb,full,full,reaction,False,cross,flat,6,1291
ando,ando-p08,plant,proactive,B,rrf,full,full,reaction,False,cross,flat,6,1360
ando,ando-p08,plant,proactive,C,bm25,none,none,reaction,False,cross,flat,16,1484
ando,ando-p08,plant,proactive,C,emb,partial,partial,reaction,False,cross,flat,16,1467
ando,ando-p08,plant,proactive,C,rrf,partial,partial,reaction,False,cross,flat,16,1422
ando,ando-p08,plant,proactive,Cstar,bm25,partial,partial,reaction,False,cross,flat,20,1484
ando,ando-p08,plant,proactive,Cstar,emb,full,full,reaction,False,cross,flat,23,1498
ando,ando-p08,plant,proactive,Cstar,rrf,full,full,reaction,False,cross,flat,22,1484
ando,ando-p08,plant,proactive,D,bm25,full,full,reaction,False,cross,flat,6,1126
ando,ando-p08,plant,proactive,D,emb,full,full,reaction,False,cross,flat,9,1424
ando,ando-p08,plant,proactive,D,rrf,full,full,reaction,False,cross,flat,6,1473
ando,ando-p08,plant,proactive,E,bm25,full,full,reaction,False,cross,flat,51,1492
ando,ando-p08,plant,proactive,E,emb,full,full,reaction,False,cross,flat,54,1472
ando,ando-p08,plant,proactive,E,rrf,full,full,reaction,False,cross,flat,51,1493
ando,ando-p08,plant,reactive,window,-,none,none,reaction,False,cross,flat,0,0
ando,ando-p08,plant,reactive,oracle,-,full,full,reaction,False,cross,flat,1,41
ando,ando-p08,plant,reactive,A,bm25,partial,partial,reaction,False,cross,flat,38,1468
ando,ando-p08,plant,reactive,A,emb,full,full,reaction,False,cross,flat,39,1480
ando,ando-p08,plant,reactive,A,rrf,partial,partial,reaction,False,cross,flat,38,1470
ando,ando-p08,plant,reactive,B,bm25,full,full,reaction,False,cross,flat,6,1366
ando,ando-p08,plant,reactive,B,emb,full,full,reaction,False,cross,flat,6,1315
ando,ando-p08,plant,reactive,B,rrf,full,full,reaction,False,cross,flat,6,1376
ando,ando-p08,plant,reactive,C,bm25,full,full,reaction,False,cross,flat,16,1494
ando,ando-p08,plant,reactive,C,emb,full,full,reaction,False,cross,flat,19,1487
ando,ando-p08,plant,reactive,C,rrf,full,full,reaction,False,cross,flat,16,1449
ando,ando-p08,plant,reactive,Cstar,bm25,full,full,reaction,False,cross,flat,19,1479
ando,ando-p08,plant,reactive,Cstar,emb,full,full,reaction,False,cross,flat,27,1473
ando,ando-p08,plant,reactive,Cstar,rrf,full,full,reaction,False,cross,flat,22,1490
ando,ando-p08,plant,reactive,D,bm25,full,full,reaction,False,cross,flat,8,1463
ando,ando-p08,plant,reactive,D,emb,full,full,reaction,False,cross,flat,9,1411
ando,ando-p08,plant,reactive,D,rrf,full,full,reaction,False,cross,flat,8,1372
ando,ando-p08,plant,reactive,E,bm25,full,full,reaction,False,cross,flat,49,1481
ando,ando-p08,plant,reactive,E,emb,full,full,reaction,False,cross,flat,54,1474
ando,ando-p08,plant,reactive,E,rrf,full,full,reaction,False,cross,flat,50,1466
ando,ando-p10,plant,proactive,window,-,partial,partial,correction,False,near,interleaved,0,0
ando,ando-p10,plant,proactive,oracle,-,full,full,correction,False,near,interleaved,1,66
ando,ando-p10,plant,proactive,A,bm25,full,full,correction,False,near,interleaved,38,1488
ando,ando-p10,plant,proactive,A,emb,partial,partial,correction,False,near,interleaved,37,1449
ando,ando-p10,plant,proactive,A,rrf,full,full,correction,False,near,interleaved,38,1485
ando,ando-p10,plant,proactive,B,bm25,full,full,correction,False,near,interleaved,6,1373
ando,ando-p10,plant,proactive,B,emb,full,full,correction,False,near,interleaved,6,1342
ando,ando-p10,plant,proactive,B,rrf,full,full,correction,False,near,interleaved,6,1357
ando,ando-p10,plant,proactive,C,bm25,full,full,correction,False,near,interleaved,12,1391
ando,ando-p10,plant,proactive,C,emb,partial,partial,correction,False,near,interleaved,12,1421
ando,ando-p10,plant,proactive,C,rrf,partial,partial,correction,False,near,interleaved,12,1412
ando,ando-p10,plant,proactive,Cstar,bm25,full,full,correction,False,near,interleaved,22,1473
ando,ando-p10,plant,proactive,Cstar,emb,partial,partial,correction,False,near,interleaved,18,1392
ando,ando-p10,plant,proactive,Cstar,rrf,partial,partial,correction,False,near,interleaved,18,1449
ando,ando-p10,plant,proactive,D,bm25,full,full,correction,False,near,interleaved,7,1471
ando,ando-p10,plant,proactive,D,emb,full,full,correction,False,near,interleaved,7,1377
ando,ando-p10,plant,proactive,D,rrf,full,full,correction,False,near,interleaved,6,1292
ando,ando-p10,plant,proactive,E,bm25,full,full,correction,False,near,interleaved,40,1500
ando,ando-p10,plant,proactive,E,emb,full,full,correction,False,near,interleaved,41,1496
ando,ando-p10,plant,proactive,E,rrf,full,full,correction,False,near,interleaved,39,1470
ando,ando-p10,plant,reactive,window,-,partial,partial,correction,False,near,interleaved,0,0
ando,ando-p10,plant,reactive,oracle,-,full,full,correction,False,near,interleaved,1,66
ando,ando-p10,plant,reactive,A,bm25,full,full,correction,False,near,interleaved,39,1466
ando,ando-p10,plant,reactive,A,emb,full,full,correction,False,near,interleaved,37,1460
ando,ando-p10,plant,reactive,A,rrf,full,full,correction,False,near,interleaved,39,1493
ando,ando-p10,plant,reactive,B,bm25,full,full,correction,False,near,interleaved,6,1357
ando,ando-p10,plant,reactive,B,emb,full,full,correction,False,near,interleaved,6,1357
ando,ando-p10,plant,reactive,B,rrf,full,full,correction,False,near,interleaved,6,1357
ando,ando-p10,plant,reactive,C,bm25,full,full,correction,False,near,interleaved,16,1433
ando,ando-p10,plant,reactive,C,emb,full,full,correction,False,near,interleaved,15,1423
ando,ando-p10,plant,reactive,C,rrf,full,full,correction,False,near,interleaved,14,1475
ando,ando-p10,plant,reactive,Cstar,bm25,full,full,correction,False,near,interleaved,25,1456
ando,ando-p10,plant,reactive,Cstar,emb,full,full,correction,False,near,interleaved,25,1485
ando,ando-p10,plant,reactive,Cstar,rrf,full,full,correction,False,near,interleaved,26,1485
ando,ando-p10,plant,reactive,D,bm25,full,full,correction,False,near,interleaved,10,1381
ando,ando-p10,plant,reactive,D,emb,full,full,correction,False,near,interleaved,8,1176
ando,ando-p10,plant,reactive,D,rrf,full,full,correction,False,near,interleaved,10,1434
ando,ando-p10,plant,reactive,E,bm25,full,full,correction,False,near,interleaved,46,1489
ando,ando-p10,plant,reactive,E,emb,full,full,correction,False,near,interleaved,46,1481
ando,ando-p10,plant,reactive,E,rrf,full,full,correction,False,near,interleaved,46,1488
ando,ando-p12,plant,proactive,window,-,none,none,explicit,False,cross,interleaved,0,0
ando,ando-p12,plant,proactive,oracle,-,full,full,explicit,False,cross,interleaved,1,54
ando,ando-p12,plant,proactive,A,bm25,full,full,explicit,False,cross,interleaved,37,1464
ando,ando-p12,plant,proactive,A,emb,full,full,explicit,False,cross,interleaved,37,1497
ando,ando-p12,plant,proactive,A,rrf,full,full,explicit,False,cross,interleaved,37,1498
ando,ando-p12,plant,proactive,B,bm25,none,none,explicit,False,cross,interleaved,6,1444
ando,ando-p12,plant,proactive,B,emb,full,full,explicit,False,cross,interleaved,6,1409
ando,ando-p12,plant,proactive,B,rrf,full,full,explicit,False,cross,interleaved,6,1463
ando,ando-p12,plant,proactive,C,bm25,none,none,explicit,False,cross,interleaved,13,1410
ando,ando-p12,plant,proactive,C,emb,none,none,explicit,False,cross,interleaved,13,1435
ando,ando-p12,plant,proactive,C,rrf,full,full,explicit,False,cross,interleaved,12,1389
ando,ando-p12,plant,proactive,Cstar,bm25,full,full,explicit,False,cross,interleaved,25,1453
ando,ando-p12,plant,proactive,Cstar,emb,full,full,explicit,False,cross,interleaved,20,1482
ando,ando-p12,plant,proactive,Cstar,rrf,full,full,explicit,False,cross,interleaved,19,1465
ando,ando-p12,plant,proactive,D,bm25,none,none,explicit,False,cross,interleaved,6,1366
ando,ando-p12,plant,proactive,D,emb,none,none,explicit,False,cross,interleaved,6,1471
ando,ando-p12,plant,proactive,D,rrf,none,none,explicit,False,cross,interleaved,6,1477
ando,ando-p12,plant,proactive,E,bm25,full,full,explicit,False,cross,interleaved,44,1480
ando,ando-p12,plant,proactive,E,emb,full,full,explicit,False,cross,interleaved,41,1481
ando,ando-p12,plant,proactive,E,rrf,full,full,explicit,False,cross,interleaved,42,1486
ando,ando-p12,plant,reactive,window,-,none,none,explicit,False,cross,interleaved,0,0
ando,ando-p12,plant,reactive,oracle,-,full,full,explicit,False,cross,interleaved,1,54
ando,ando-p12,plant,reactive,A,bm25,full,full,explicit,False,cross,interleaved,36,1477
ando,ando-p12,plant,reactive,A,emb,full,full,explicit,False,cross,interleaved,36,1485
ando,ando-p12,plant,reactive,A,rrf,full,full,explicit,False,cross,interleaved,36,1473
ando,ando-p12,plant,reactive,B,bm25,full,full,explicit,False,cross,interleaved,5,1303
ando,ando-p12,plant,reactive,B,emb,full,full,explicit,False,cross,interleaved,6,1480
ando,ando-p12,plant,reactive,B,rrf,full,full,explicit,False,cross,interleaved,5,1268
ando,ando-p12,plant,reactive,C,bm25,full,full,explicit,False,cross,interleaved,16,1420
ando,ando-p12,plant,reactive,C,emb,full,full,explicit,False,cross,interleaved,13,1484
ando,ando-p12,plant,reactive,C,rrf,full,full,explicit,False,cross,interleaved,14,1427
ando,ando-p12,plant,reactive,Cstar,bm25,full,full,explicit,False,cross,interleaved,21,1472
ando,ando-p12,plant,reactive,Cstar,emb,full,full,explicit,False,cross,interleaved,18,1495
ando,ando-p12,plant,reactive,Cstar,rrf,full,full,explicit,False,cross,interleaved,18,1481
ando,ando-p12,plant,reactive,D,bm25,full,full,explicit,False,cross,interleaved,8,1491
ando,ando-p12,plant,reactive,D,emb,full,full,explicit,False,cross,interleaved,6,1467
ando,ando-p12,plant,reactive,D,rrf,full,full,explicit,False,cross,interleaved,6,1448
ando,ando-p12,plant,reactive,E,bm25,full,full,explicit,False,cross,interleaved,45,1488
ando,ando-p12,plant,reactive,E,emb,full,full,explicit,False,cross,interleaved,42,1461
ando,ando-p12,plant,reactive,E,rrf,full,full,explicit,False,cross,interleaved,43,1489
ando,ando-p13,plant,proactive,window,-,none,none,cross_ref,False,cross,threaded,0,0
ando,ando-p13,plant,proactive,oracle,-,full,full,cross_ref,False,cross,threaded,1,78
ando,ando-p13,plant,proactive,A,bm25,none,none,cross_ref,False,cross,threaded,37,1495
ando,ando-p13,plant,proactive,A,emb,full,full,cross_ref,False,cross,threaded,37,1466
ando,ando-p13,plant,proactive,A,rrf,none,none,cross_ref,False,cross,threaded,37,1491
ando,ando-p13,plant,proactive,B,bm25,none,none,cross_ref,False,cross,threaded,6,1417
ando,ando-p13,plant,proactive,B,emb,partial,partial,cross_ref,False,cross,threaded,6,1386
ando,ando-p13,plant,proactive,B,rrf,none,none,cross_ref,False,cross,threaded,6,1435
ando,ando-p13,plant,proactive,C,bm25,none,none,cross_ref,False,cross,threaded,12,1475
ando,ando-p13,plant,proactive,C,emb,none,none,cross_ref,False,cross,threaded,12,1397
ando,ando-p13,plant,proactive,C,rrf,none,none,cross_ref,False,cross,threaded,12,1461
ando,ando-p13,plant,proactive,Cstar,bm25,none,none,cross_ref,False,cross,threaded,15,1497
ando,ando-p13,plant,proactive,Cstar,emb,none,none,cross_ref,False,cross,threaded,20,1460
ando,ando-p13,plant,proactive,Cstar,rrf,none,none,cross_ref,False,cross,threaded,16,1463
ando,ando-p13,plant,proactive,D,bm25,none,none,cross_ref,False,cross,threaded,4,1351
ando,ando-p13,plant,proactive,D,emb,full,full,cross_ref,False,cross,threaded,5,1010
ando,ando-p13,plant,proactive,D,rrf,partial,partial,cross_ref,False,cross,threaded,5,1332
ando,ando-p13,plant,proactive,E,bm25,none,none,cross_ref,False,cross,threaded,43,1489
ando,ando-p13,plant,proactive,E,emb,partial,partial,cross_ref,False,cross,threaded,43,1481
ando,ando-p13,plant,proactive,E,rrf,partial,partial,cross_ref,False,cross,threaded,43,1500
ando,ando-p13,plant,reactive,window,-,none,none,cross_ref,False,cross,threaded,0,0
ando,ando-p13,plant,reactive,oracle,-,full,full,cross_ref,False,cross,threaded,1,78
ando,ando-p13,plant,reactive,A,bm25,full,full,cross_ref,False,cross,threaded,38,1483
ando,ando-p13,plant,reactive,A,emb,full,full,cross_ref,False,cross,threaded,36,1456
ando,ando-p13,plant,reactive,A,rrf,full,full,cross_ref,False,cross,threaded,36,1458
ando,ando-p13,plant,reactive,B,bm25,full,full,cross_ref,False,cross,threaded,6,1393
ando,ando-p13,plant,reactive,B,emb,full,full,cross_ref,False,cross,threaded,6,1331
ando,ando-p13,plant,reactive,B,rrf,full,full,cross_ref,False,cross,threaded,6,1392
ando,ando-p13,plant,reactive,C,bm25,partial,partial,cross_ref,False,cross,threaded,17,1391
ando,ando-p13,plant,reactive,C,emb,full,full,cross_ref,False,cross,threaded,17,1495
ando,ando-p13,plant,reactive,C,rrf,full,full,cross_ref,False,cross,threaded,17,1466
ando,ando-p13,plant,reactive,Cstar,bm25,full,full,cross_ref,False,cross,threaded,21,1451
ando,ando-p13,plant,reactive,Cstar,emb,full,full,cross_ref,False,cross,threaded,20,1405
ando,ando-p13,plant,reactive,Cstar,rrf,full,full,cross_ref,False,cross,threaded,21,1487
ando,ando-p13,plant,reactive,D,bm25,full,full,cross_ref,False,cross,threaded,11,1495
ando,ando-p13,plant,reactive,D,emb,full,full,cross_ref,False,cross,threaded,7,1047
ando,ando-p13,plant,reactive,D,rrf,full,full,cross_ref,False,cross,threaded,10,1350
ando,ando-p13,plant,reactive,E,bm25,full,full,cross_ref,False,cross,threaded,50,1492
ando,ando-p13,plant,reactive,E,emb,full,full,cross_ref,False,cross,threaded,49,1481
ando,ando-p13,plant,reactive,E,rrf,full,full,cross_ref,False,cross,threaded,48,1476
ando,ando-p14,plant,proactive,window,-,full,none,ellipsis,True,cross,flat,0,0
ando,ando-p14,plant,proactive,oracle,-,full,full,ellipsis,True,cross,flat,9,362
ando,ando-p14,plant,proactive,A,bm25,full,partial,ellipsis,True,cross,flat,39,1497
ando,ando-p14,plant,proactive,A,emb,full,none,ellipsis,True,cross,flat,36,1475
ando,ando-p14,plant,proactive,A,rrf,full,partial,ellipsis,True,cross,flat,38,1494
ando,ando-p14,plant,proactive,B,bm25,full,none,ellipsis,True,cross,flat,6,1302
ando,ando-p14,plant,proactive,B,emb,full,none,ellipsis,True,cross,flat,6,1383
ando,ando-p14,plant,proactive,B,rrf,full,none,ellipsis,True,cross,flat,6,1347
ando,ando-p14,plant,proactive,C,bm25,full,partial,ellipsis,True,cross,flat,13,1422
ando,ando-p14,plant,proactive,C,emb,full,partial,ellipsis,True,cross,flat,15,1429
ando,ando-p14,plant,proactive,C,rrf,full,partial,ellipsis,True,cross,flat,13,1465
ando,ando-p14,plant,proactive,Cstar,bm25,full,none,ellipsis,True,cross,flat,19,1407
ando,ando-p14,plant,proactive,Cstar,emb,full,none,ellipsis,True,cross,flat,21,1450
ando,ando-p14,plant,proactive,Cstar,rrf,full,none,ellipsis,True,cross,flat,21,1432
ando,ando-p14,plant,proactive,D,bm25,full,none,ellipsis,True,cross,flat,7,1478
ando,ando-p14,plant,proactive,D,emb,full,none,ellipsis,True,cross,flat,5,1242
ando,ando-p14,plant,proactive,D,rrf,full,none,ellipsis,True,cross,flat,5,1206
ando,ando-p14,plant,proactive,E,bm25,full,full,ellipsis,True,cross,flat,42,1476
ando,ando-p14,plant,proactive,E,emb,full,full,ellipsis,True,cross,flat,41,1498
ando,ando-p14,plant,proactive,E,rrf,full,full,ellipsis,True,cross,flat,41,1492
ando,ando-p14,plant,reactive,window,-,full,none,ellipsis,True,cross,flat,0,0
ando,ando-p14,plant,reactive,oracle,-,full,full,ellipsis,True,cross,flat,9,362
ando,ando-p14,plant,reactive,A,bm25,full,partial,ellipsis,True,cross,flat,39,1498
ando,ando-p14,plant,reactive,A,emb,full,full,ellipsis,True,cross,flat,40,1488
ando,ando-p14,plant,reactive,A,rrf,full,partial,ellipsis,True,cross,flat,39,1473
ando,ando-p14,plant,reactive,B,bm25,full,full,ellipsis,True,cross,flat,6,1314
ando,ando-p14,plant,reactive,B,emb,full,full,ellipsis,True,cross,flat,6,1254
ando,ando-p14,plant,reactive,B,rrf,full,full,ellipsis,True,cross,flat,7,1475
ando,ando-p14,plant,reactive,C,bm25,full,full,ellipsis,True,cross,flat,17,1376
ando,ando-p14,plant,reactive,C,emb,full,full,ellipsis,True,cross,flat,17,1484
ando,ando-p14,plant,reactive,C,rrf,full,full,ellipsis,True,cross,flat,17,1428
ando,ando-p14,plant,reactive,Cstar,bm25,full,full,ellipsis,True,cross,flat,23,1479
ando,ando-p14,plant,reactive,Cstar,emb,full,full,ellipsis,True,cross,flat,24,1482
ando,ando-p14,plant,reactive,Cstar,rrf,full,full,ellipsis,True,cross,flat,23,1441
ando,ando-p14,plant,reactive,D,bm25,full,full,ellipsis,True,cross,flat,10,1043
ando,ando-p14,plant,reactive,D,emb,full,full,ellipsis,True,cross,flat,10,1465
ando,ando-p14,plant,reactive,D,rrf,full,full,ellipsis,True,cross,flat,9,1441
ando,ando-p14,plant,reactive,E,bm25,full,full,ellipsis,True,cross,flat,51,1476
ando,ando-p14,plant,reactive,E,emb,full,full,ellipsis,True,cross,flat,55,1474
ando,ando-p14,plant,reactive,E,rrf,full,full,ellipsis,True,cross,flat,55,1479
ando,ando-p15,plant,proactive,window,-,none,none,explicit,False,cross,interleaved,0,0
ando,ando-p15,plant,proactive,oracle,-,full,full,explicit,False,cross,interleaved,1,57
ando,ando-p15,plant,proactive,A,bm25,full,full,explicit,False,cross,interleaved,37,1465
ando,ando-p15,plant,proactive,A,emb,full,full,explicit,False,cross,interleaved,36,1497
ando,ando-p15,plant,proactive,A,rrf,full,full,explicit,False,cross,interleaved,36,1490
ando,ando-p15,plant,proactive,B,bm25,full,full,explicit,False,cross,interleaved,6,1422
ando,ando-p15,plant,proactive,B,emb,full,full,explicit,False,cross,interleaved,6,1492
ando,ando-p15,plant,proactive,B,rrf,full,full,explicit,False,cross,interleaved,6,1469
ando,ando-p15,plant,proactive,C,bm25,full,full,explicit,False,cross,interleaved,13,1448
ando,ando-p15,plant,proactive,C,emb,full,full,explicit,False,cross,interleaved,13,1457
ando,ando-p15,plant,proactive,C,rrf,full,full,explicit,False,cross,interleaved,13,1471
ando,ando-p15,plant,proactive,Cstar,bm25,full,full,explicit,False,cross,interleaved,16,1455
ando,ando-p15,plant,proactive,Cstar,emb,full,full,explicit,False,cross,interleaved,17,1442
ando,ando-p15,plant,proactive,Cstar,rrf,full,full,explicit,False,cross,interleaved,16,1490
ando,ando-p15,plant,proactive,D,bm25,full,full,explicit,False,cross,interleaved,5,1357
ando,ando-p15,plant,proactive,D,emb,full,full,explicit,False,cross,interleaved,6,1394
ando,ando-p15,plant,proactive,D,rrf,full,full,explicit,False,cross,interleaved,5,1368
ando,ando-p15,plant,proactive,E,bm25,full,full,explicit,False,cross,interleaved,38,1491
ando,ando-p15,plant,proactive,E,emb,full,full,explicit,False,cross,interleaved,38,1480
ando,ando-p15,plant,proactive,E,rrf,full,full,explicit,False,cross,interleaved,37,1497
ando,ando-p15,plant,reactive,window,-,none,none,explicit,False,cross,interleaved,0,0
ando,ando-p15,plant,reactive,oracle,-,full,full,explicit,False,cross,interleaved,1,57
ando,ando-p15,plant,reactive,A,bm25,full,full,explicit,False,cross,interleaved,38,1500
ando,ando-p15,plant,reactive,A,emb,full,full,explicit,False,cross,interleaved,36,1492
ando,ando-p15,plant,reactive,A,rrf,full,full,explicit,False,cross,interleaved,37,1494
ando,ando-p15,plant,reactive,B,bm25,full,full,explicit,False,cross,interleaved,6,1385
ando,ando-p15,plant,reactive,B,emb,full,full,explicit,False,cross,interleaved,6,1455
ando,ando-p15,plant,reactive,B,rrf,full,full,explicit,False,cross,interleaved,6,1449
ando,ando-p15,plant,reactive,C,bm25,full,full,explicit,False,cross,interleaved,14,1417
ando,ando-p15,plant,reactive,C,emb,full,full,explicit,False,cross,interleaved,13,1474
ando,ando-p15,plant,reactive,C,rrf,full,full,explicit,False,cross,interleaved,13,1451
ando,ando-p15,plant,reactive,Cstar,bm25,full,full,explicit,False,cross,interleaved,17,1411
ando,ando-p15,plant,reactive,Cstar,emb,full,full,explicit,False,cross,interleaved,17,1392
ando,ando-p15,plant,reactive,Cstar,rrf,full,full,explicit,False,cross,interleaved,17,1435
ando,ando-p15,plant,reactive,D,bm25,full,full,explicit,False,cross,interleaved,8,1421
ando,ando-p15,plant,reactive,D,emb,full,full,explicit,False,cross,interleaved,5,1253
ando,ando-p15,plant,reactive,D,rrf,full,full,explicit,False,cross,interleaved,5,1236
ando,ando-p15,plant,reactive,E,bm25,full,full,explicit,False,cross,interleaved,44,1475
ando,ando-p15,plant,reactive,E,emb,full,full,explicit,False,cross,interleaved,44,1462
ando,ando-p15,plant,reactive,E,rrf,full,full,explicit,False,cross,interleaved,42,1498
ando,ando-p16,plant,proactive,window,-,none,none,correction,True,cross,interleaved,0,0
ando,ando-p16,plant,proactive,oracle,-,full,full,correction,True,cross,interleaved,2,97
ando,ando-p16,plant,proactive,A,bm25,full,partial,correction,True,cross,interleaved,38,1461
ando,ando-p16,plant,proactive,A,emb,none,none,correction,True,cross,interleaved,38,1485
ando,ando-p16,plant,proactive,A,rrf,partial,partial,correction,True,cross,interleaved,38,1499
ando,ando-p16,plant,proactive,B,bm25,none,none,correction,True,cross,interleaved,6,1437
ando,ando-p16,plant,proactive,B,emb,full,none,correction,True,cross,interleaved,6,1473
ando,ando-p16,plant,proactive,B,rrf,none,none,correction,True,cross,interleaved,6,1486
ando,ando-p16,plant,proactive,C,bm25,full,none,correction,True,cross,interleaved,14,1462
ando,ando-p16,plant,proactive,C,emb,none,none,correction,True,cross,interleaved,13,1392
ando,ando-p16,plant,proactive,C,rrf,full,none,correction,True,cross,interleaved,13,1431
ando,ando-p16,plant,proactive,Cstar,bm25,full,full,correction,True,cross,interleaved,19,1443
ando,ando-p16,plant,proactive,Cstar,emb,none,none,correction,True,cross,interleaved,22,1500
ando,ando-p16,plant,proactive,Cstar,rrf,none,none,correction,True,cross,interleaved,18,1465
ando,ando-p16,plant,proactive,D,bm25,full,none,correction,True,cross,interleaved,5,1297
ando,ando-p16,plant,proactive,D,emb,full,none,correction,True,cross,interleaved,6,1218
ando,ando-p16,plant,proactive,D,rrf,full,none,correction,True,cross,interleaved,6,1325
ando,ando-p16,plant,proactive,E,bm25,partial,partial,correction,True,cross,interleaved,43,1498
ando,ando-p16,plant,proactive,E,emb,partial,partial,correction,True,cross,interleaved,41,1474
ando,ando-p16,plant,proactive,E,rrf,partial,partial,correction,True,cross,interleaved,42,1499
ando,ando-p16,plant,reactive,window,-,none,none,correction,True,cross,interleaved,0,0
ando,ando-p16,plant,reactive,oracle,-,full,full,correction,True,cross,interleaved,2,97
ando,ando-p16,plant,reactive,A,bm25,full,partial,correction,True,cross,interleaved,40,1490
ando,ando-p16,plant,reactive,A,emb,full,partial,correction,True,cross,interleaved,37,1464
ando,ando-p16,plant,reactive,A,rrf,full,partial,correction,True,cross,interleaved,38,1478
ando,ando-p16,plant,reactive,B,bm25,full,full,correction,True,cross,interleaved,6,1345
ando,ando-p16,plant,reactive,B,emb,full,full,correction,True,cross,interleaved,6,1320
ando,ando-p16,plant,reactive,B,rrf,full,full,correction,True,cross,interleaved,6,1345
ando,ando-p16,plant,reactive,C,bm25,full,partial,correction,True,cross,interleaved,18,1493
ando,ando-p16,plant,reactive,C,emb,full,partial,correction,True,cross,interleaved,15,1367
ando,ando-p16,plant,reactive,C,rrf,full,partial,correction,True,cross,interleaved,15,1486
ando,ando-p16,plant,reactive,Cstar,bm25,full,full,correction,True,cross,interleaved,24,1491
ando,ando-p16,plant,reactive,Cstar,emb,full,full,correction,True,cross,interleaved,26,1494
ando,ando-p16,plant,reactive,Cstar,rrf,full,full,correction,True,cross,interleaved,25,1493
ando,ando-p16,plant,reactive,D,bm25,full,full,correction,True,cross,interleaved,8,1428
ando,ando-p16,plant,reactive,D,emb,full,full,correction,True,cross,interleaved,8,1481
ando,ando-p16,plant,reactive,D,rrf,full,full,correction,True,cross,interleaved,7,1368
ando,ando-p16,plant,reactive,E,bm25,full,partial,correction,True,cross,interleaved,46,1471
ando,ando-p16,plant,reactive,E,emb,full,full,correction,True,cross,interleaved,46,1485
ando,ando-p16,plant,reactive,E,rrf,full,full,correction,True,cross,interleaved,46,1483
ando,ando-launch_date@t1/006-t2-start,probe_trigger,proactive,window,-,none,none,explicit,False,cross,interleaved,0,0
ando,ando-launch_date@t1/006-t2-start,probe_trigger,proactive,oracle,-,full,full,explicit,False,cross,interleaved,1,38
ando,ando-launch_date@t1/006-t2-start,probe_trigger,proactive,A,bm25,full,full,explicit,False,cross,interleaved,40,1420
ando,ando-launch_date@t1/006-t2-start,probe_trigger,proactive,A,emb,full,full,explicit,False,cross,interleaved,40,1420
ando,ando-launch_date@t1/006-t2-start,probe_trigger,proactive,A,rrf,full,full,explicit,False,cross,interleaved,40,1420
ando,ando-launch_date@t1/006-t2-start,probe_trigger,proactive,B,bm25,full,full,explicit,False,cross,interleaved,7,1474
ando,ando-launch_date@t1/006-t2-start,probe_trigger,proactive,B,emb,full,full,explicit,False,cross,interleaved,7,1399
ando,ando-launch_date@t1/006-t2-start,probe_trigger,proactive,B,rrf,full,full,explicit,False,cross,interleaved,7,1491
ando,ando-launch_date@t1/006-t2-start,probe_trigger,proactive,C,bm25,full,full,explicit,False,cross,interleaved,16,1477
ando,ando-launch_date@t1/006-t2-start,probe_trigger,proactive,C,emb,full,full,explicit,False,cross,interleaved,17,1405
ando,ando-launch_date@t1/006-t2-start,probe_trigger,proactive,C,rrf,full,full,explicit,False,cross,interleaved,18,1489
ando,ando-launch_date@t1/006-t2-start,probe_trigger,proactive,Cstar,bm25,full,full,explicit,False,cross,interleaved,27,1485
ando,ando-launch_date@t1/006-t2-start,probe_trigger,proactive,Cstar,emb,full,full,explicit,False,cross,interleaved,29,1491
ando,ando-launch_date@t1/006-t2-start,probe_trigger,proactive,Cstar,rrf,full,full,explicit,False,cross,interleaved,27,1492
ando,ando-launch_date@t1/006-t2-start,probe_trigger,proactive,D,bm25,full,full,explicit,False,cross,interleaved,12,1436
ando,ando-launch_date@t1/006-t2-start,probe_trigger,proactive,D,emb,full,full,explicit,False,cross,interleaved,12,1436
ando,ando-launch_date@t1/006-t2-start,probe_trigger,proactive,D,rrf,full,full,explicit,False,cross,interleaved,12,1436
ando,ando-launch_date@t1/006-t2-start,probe_trigger,proactive,E,bm25,full,full,explicit,False,cross,interleaved,52,1427
ando,ando-launch_date@t1/006-t2-start,probe_trigger,proactive,E,emb,full,full,explicit,False,cross,interleaved,52,1427
ando,ando-launch_date@t1/006-t2-start,probe_trigger,proactive,E,rrf,full,full,explicit,False,cross,interleaved,52,1427
ando,ando-launch_date@t1/006-t2-middle,probe_trigger,proactive,window,-,none,none,explicit,False,cross,interleaved,0,0
ando,ando-launch_date@t1/006-t2-middle,probe_trigger,proactive,oracle,-,full,full,explicit,False,cross,interleaved,1,38
ando,ando-launch_date@t1/006-t2-middle,probe_trigger,proactive,A,bm25,full,full,explicit,False,cross,interleaved,39,1498
ando,ando-launch_date@t1/006-t2-middle,probe_trigger,proactive,A,emb,full,full,explicit,False,cross,interleaved,39,1494
ando,ando-launch_date@t1/006-t2-middle,probe_trigger,proactive,A,rrf,full,full,explicit,False,cross,interleaved,39,1495
ando,ando-launch_date@t1/006-t2-middle,probe_trigger,proactive,B,bm25,full,full,explicit,False,cross,interleaved,6,1463
ando,ando-launch_date@t1/006-t2-middle,probe_trigger,proactive,B,emb,none,none,explicit,False,cross,interleaved,6,1379
ando,ando-launch_date@t1/006-t2-middle,probe_trigger,proactive,B,rrf,full,full,explicit,False,cross,interleaved,6,1436
ando,ando-launch_date@t1/006-t2-middle,probe_trigger,proactive,C,bm25,full,full,explicit,False,cross,interleaved,13,1421
ando,ando-launch_date@t1/006-t2-middle,probe_trigger,proactive,C,emb,none,none,explicit,False,cross,interleaved,13,1469
ando,ando-launch_date@t1/006-t2-middle,probe_trigger,proactive,C,rrf,full,full,explicit,False,cross,interleaved,13,1480
ando,ando-launch_date@t1/006-t2-middle,probe_trigger,proactive,Cstar,bm25,full,full,explicit,False,cross,interleaved,19,1487
ando,ando-launch_date@t1/006-t2-middle,probe_trigger,proactive,Cstar,emb,full,full,explicit,False,cross,interleaved,20,1489
ando,ando-launch_date@t1/006-t2-middle,probe_trigger,proactive,Cstar,rrf,full,full,explicit,False,cross,interleaved,17,1425
ando,ando-launch_date@t1/006-t2-middle,probe_trigger,proactive,D,bm25,full,full,explicit,False,cross,interleaved,9,1471
ando,ando-launch_date@t1/006-t2-middle,probe_trigger,proactive,D,emb,full,full,explicit,False,cross,interleaved,9,1497
ando,ando-launch_date@t1/006-t2-middle,probe_trigger,proactive,D,rrf,full,full,explicit,False,cross,interleaved,9,1497
ando,ando-launch_date@t1/006-t2-middle,probe_trigger,proactive,E,bm25,full,full,explicit,False,cross,interleaved,47,1482
ando,ando-launch_date@t1/006-t2-middle,probe_trigger,proactive,E,emb,full,full,explicit,False,cross,interleaved,45,1479
ando,ando-launch_date@t1/006-t2-middle,probe_trigger,proactive,E,rrf,full,full,explicit,False,cross,interleaved,44,1496
ando,ando-launch_date@t1/006-t3-start,probe_trigger,proactive,window,-,none,none,explicit,False,far,threaded,0,0
ando,ando-launch_date@t1/006-t3-start,probe_trigger,proactive,oracle,-,full,full,explicit,False,far,threaded,1,38
ando,ando-launch_date@t1/006-t3-start,probe_trigger,proactive,A,bm25,none,none,explicit,False,far,threaded,39,1493
ando,ando-launch_date@t1/006-t3-start,probe_trigger,proactive,A,emb,full,full,explicit,False,far,threaded,40,1473
ando,ando-launch_date@t1/006-t3-start,probe_trigger,proactive,A,rrf,full,full,explicit,False,far,threaded,38,1463
ando,ando-launch_date@t1/006-t3-start,probe_trigger,proactive,B,bm25,none,none,explicit,False,far,threaded,6,1290
ando,ando-launch_date@t1/006-t3-start,probe_trigger,proactive,B,emb,full,full,explicit,False,far,threaded,7,1395
ando,ando-launch_date@t1/006-t3-start,probe_trigger,proactive,B,rrf,full,full,explicit,False,far,threaded,7,1430
ando,ando-launch_date@t1/006-t3-start,probe_trigger,proactive,C,bm25,none,none,explicit,False,far,threaded,13,1415
ando,ando-launch_date@t1/006-t3-start,probe_trigger,proactive,C,emb,full,full,explicit,False,far,threaded,15,1420
ando,ando-launch_date@t1/006-t3-start,probe_trigger,proactive,C,rrf,none,none,explicit,False,far,threaded,14,1480
ando,ando-launch_date@t1/006-t3-start,probe_trigger,proactive,Cstar,bm25,none,none,explicit,False,far,threaded,25,1494
ando,ando-launch_date@t1/006-t3-start,probe_trigger,proactive,Cstar,emb,full,full,explicit,False,far,threaded,28,1500
ando,ando-launch_date@t1/006-t3-start,probe_trigger,proactive,Cstar,rrf,full,full,explicit,False,far,threaded,27,1487
ando,ando-launch_date@t1/006-t3-start,probe_trigger,proactive,D,bm25,none,none,explicit,False,far,threaded,6,1436
ando,ando-launch_date@t1/006-t3-start,probe_trigger,proactive,D,emb,full,full,explicit,False,far,threaded,7,1274
ando,ando-launch_date@t1/006-t3-start,probe_trigger,proactive,D,rrf,full,full,explicit,False,far,threaded,6,1480
ando,ando-launch_date@t1/006-t3-start,probe_trigger,proactive,E,bm25,full,full,explicit,False,far,threaded,46,1486
ando,ando-launch_date@t1/006-t3-start,probe_trigger,proactive,E,emb,full,full,explicit,False,far,threaded,49,1476
ando,ando-launch_date@t1/006-t3-start,probe_trigger,proactive,E,rrf,full,full,explicit,False,far,threaded,47,1470
ando,ando-series_a@t1/010-t2-start,probe_trigger,proactive,window,-,none,none,reaction,False,cross,interleaved,0,0
ando,ando-series_a@t1/010-t2-start,probe_trigger,proactive,oracle,-,full,full,reaction,False,cross,interleaved,1,41
ando,ando-series_a@t1/010-t2-start,probe_trigger,proactive,A,bm25,full,full,reaction,False,cross,interleaved,40,1420
ando,ando-series_a@t1/010-t2-start,probe_trigger,proactive,A,emb,full,full,reaction,False,cross,interleaved,40,1420
ando,ando-series_a@t1/010-t2-start,probe_trigger,proactive,A,rrf,full,full,reaction,False,cross,interleaved,40,1420
ando,ando-series_a@t1/010-t2-start,probe_trigger,proactive,B,bm25,full,full,reaction,False,cross,interleaved,6,1319
ando,ando-series_a@t1/010-t2-start,probe_trigger,proactive,B,emb,full,full,reaction,False,cross,interleaved,7,1469
ando,ando-series_a@t1/010-t2-start,probe_trigger,proactive,B,rrf,full,full,reaction,False,cross,interleaved,6,1319
ando,ando-series_a@t1/010-t2-start,probe_trigger,proactive,C,bm25,full,full,reaction,False,cross,interleaved,18,1478
ando,ando-series_a@t1/010-t2-start,probe_trigger,proactive,C,emb,full,full,reaction,False,cross,interleaved,17,1400
ando,ando-series_a@t1/010-t2-start,probe_trigger,proactive,C,rrf,full,full,reaction,False,cross,interleaved,17,1443
ando,ando-series_a@t1/010-t2-start,probe_trigger,proactive,Cstar,bm25,full,full,reaction,False,cross,interleaved,28,1439
ando,ando-series_a@t1/010-t2-start,probe_trigger,proactive,Cstar,emb,full,full,reaction,False,cross,interleaved,28,1497
ando,ando-series_a@t1/010-t2-start,probe_trigger,proactive,Cstar,rrf,full,full,reaction,False,cross,interleaved,26,1480
ando,ando-series_a@t1/010-t2-start,probe_trigger,proactive,D,bm25,full,full,reaction,False,cross,interleaved,12,1436
ando,ando-series_a@t1/010-t2-start,probe_trigger,proactive,D,emb,full,full,reaction,False,cross,interleaved,12,1436
ando,ando-series_a@t1/010-t2-start,probe_trigger,proactive,D,rrf,full,full,reaction,False,cross,interleaved,12,1436
ando,ando-series_a@t1/010-t2-start,probe_trigger,proactive,E,bm25,full,full,reaction,False,cross,interleaved,52,1427
ando,ando-series_a@t1/010-t2-start,probe_trigger,proactive,E,emb,full,full,reaction,False,cross,interleaved,52,1427
ando,ando-series_a@t1/010-t2-start,probe_trigger,proactive,E,rrf,full,full,reaction,False,cross,interleaved,52,1427
ando,ando-series_a@t1/010-t2-middle,probe_trigger,proactive,window,-,none,none,reaction,False,cross,interleaved,0,0
ando,ando-series_a@t1/010-t2-middle,probe_trigger,proactive,oracle,-,full,full,reaction,False,cross,interleaved,1,41
ando,ando-series_a@t1/010-t2-middle,probe_trigger,proactive,A,bm25,partial,partial,reaction,False,cross,interleaved,38,1471
ando,ando-series_a@t1/010-t2-middle,probe_trigger,proactive,A,emb,partial,partial,reaction,False,cross,interleaved,40,1498
ando,ando-series_a@t1/010-t2-middle,probe_trigger,proactive,A,rrf,partial,partial,reaction,False,cross,interleaved,38,1481
ando,ando-series_a@t1/010-t2-middle,probe_trigger,proactive,B,bm25,full,full,reaction,False,cross,interleaved,6,1417
ando,ando-series_a@t1/010-t2-middle,probe_trigger,proactive,B,emb,full,full,reaction,False,cross,interleaved,7,1473
ando,ando-series_a@t1/010-t2-middle,probe_trigger,proactive,B,rrf,full,full,reaction,False,cross,interleaved,6,1284
ando,ando-series_a@t1/010-t2-middle,probe_trigger,proactive,C,bm25,partial,partial,reaction,False,cross,interleaved,14,1498
ando,ando-series_a@t1/010-t2-middle,probe_trigger,proactive,C,emb,none,none,reaction,False,cross,interleaved,13,1414
ando,ando-series_a@t1/010-t2-middle,probe_trigger,proactive,C,rrf,none,none,reaction,False,cross,interleaved,13,1466
ando,ando-series_a@t1/010-t2-middle,probe_trigger,proactive,Cstar,bm25,full,full,reaction,False,cross,interleaved,21,1465
ando,ando-series_a@t1/010-t2-middle,probe_trigger,proactive,Cstar,emb,full,full,reaction,False,cross,interleaved,25,1440
ando,ando-series_a@t1/010-t2-middle,probe_trigger,proactive,Cstar,rrf,full,full,reaction,False,cross,interleaved,22,1500
ando,ando-series_a@t1/010-t2-middle,probe_trigger,proactive,D,bm25,full,full,reaction,False,cross,interleaved,10,1430
ando,ando-series_a@t1/010-t2-middle,probe_trigger,proactive,D,emb,full,full,reaction,False,cross,interleaved,9,1425
ando,ando-series_a@t1/010-t2-middle,probe_trigger,proactive,D,rrf,full,full,reaction,False,cross,interleaved,9,1474
ando,ando-series_a@t1/010-t2-middle,probe_trigger,proactive,E,bm25,full,full,reaction,False,cross,interleaved,46,1498
ando,ando-series_a@t1/010-t2-middle,probe_trigger,proactive,E,emb,full,full,reaction,False,cross,interleaved,46,1485
ando,ando-series_a@t1/010-t2-middle,probe_trigger,proactive,E,rrf,full,full,reaction,False,cross,interleaved,46,1497
ando,ando-series_a@t1/010-t3-start,probe_trigger,proactive,window,-,none,none,reaction,False,far,threaded,0,0
ando,ando-series_a@t1/010-t3-start,probe_trigger,proactive,oracle,-,full,full,reaction,False,far,threaded,1,41
ando,ando-series_a@t1/010-t3-start,probe_trigger,proactive,A,bm25,partial,partial,reaction,False,far,threaded,38,1463
ando,ando-series_a@t1/010-t3-start,probe_trigger,proactive,A,emb,full,full,reaction,False,far,threaded,40,1469
ando,ando-series_a@t1/010-t3-start,probe_trigger,proactive,A,rrf,partial,partial,reaction,False,far,threaded,39,1497
ando,ando-series_a@t1/010-t3-start,probe_trigger,proactive,B,bm25,full,full,reaction,False,far,threaded,7,1475
ando,ando-series_a@t1/010-t3-start,probe_trigger,proactive,B,emb,full,full,reaction,False,far,threaded,7,1423
ando,ando-series_a@t1/010-t3-start,probe_trigger,proactive,B,rrf,full,full,reaction,False,far,threaded,7,1455
ando,ando-series_a@t1/010-t3-start,probe_trigger,proactive,C,bm25,none,none,reaction,False,far,threaded,13,1436
ando,ando-series_a@t1/010-t3-start,probe_trigger,proactive,C,emb,full,full,reaction,False,far,threaded,16,1406
ando,ando-series_a@t1/010-t3-start,probe_trigger,proactive,C,rrf,none,none,reaction,False,far,threaded,14,1451
ando,ando-series_a@t1/010-t3-start,probe_trigger,proactive,Cstar,bm25,full,full,reaction,False,far,threaded,24,1486
ando,ando-series_a@t1/010-t3-start,probe_trigger,proactive,Cstar,emb,full,full,reaction,False,far,threaded,28,1491
ando,ando-series_a@t1/010-t3-start,probe_trigger,proactive,Cstar,rrf,full,full,reaction,False,far,threaded,25,1478
ando,ando-series_a@t1/010-t3-start,probe_trigger,proactive,D,bm25,full,full,reaction,False,far,threaded,6,1441
ando,ando-series_a@t1/010-t3-start,probe_trigger,proactive,D,emb,full,full,reaction,False,far,threaded,8,1186
ando,ando-series_a@t1/010-t3-start,probe_trigger,proactive,D,rrf,full,full,reaction,False,far,threaded,6,1316
ando,ando-series_a@t1/010-t3-start,probe_trigger,proactive,E,bm25,full,full,reaction,False,far,threaded,47,1477
ando,ando-series_a@t1/010-t3-start,probe_trigger,proactive,E,emb,full,full,reaction,False,far,threaded,49,1468
ando,ando-series_a@t1/010-t3-start,probe_trigger,proactive,E,rrf,full,full,reaction,False,far,threaded,48,1495
ando,ando-series_a@t1/010-t3-middle,probe_trigger,proactive,window,-,none,none,reaction,False,far,threaded,0,0
ando,ando-series_a@t1/010-t3-middle,probe_trigger,proactive,oracle,-,full,full,reaction,False,far,threaded,1,41
ando,ando-series_a@t1/010-t3-middle,probe_trigger,proactive,A,bm25,partial,partial,reaction,False,far,threaded,36,1473
ando,ando-series_a@t1/010-t3-middle,probe_trigger,proactive,A,emb,partial,partial,reaction,False,far,threaded,37,1497
ando,ando-series_a@t1/010-t3-middle,probe_trigger,proactive,A,rrf,partial,partial,reaction,False,far,threaded,36,1462
ando,ando-series_a@t1/010-t3-middle,probe_trigger,proactive,B,bm25,none,none,reaction,False,far,threaded,5,1287
ando,ando-series_a@t1/010-t3-middle,probe_trigger,proactive,B,emb,full,full,reaction,False,far,threaded,6,1448
ando,ando-series_a@t1/010-t3-middle,probe_trigger,proactive,B,rrf,partial,partial,reaction,False,far,threaded,6,1500
ando,ando-series_a@t1/010-t3-middle,probe_trigger,proactive,C,bm25,none,none,reaction,False,far,threaded,13,1496
ando,ando-series_a@t1/010-t3-middle,probe_trigger,proactive,C,emb,none,none,reaction,False,far,threaded,12,1470
ando,ando-series_a@t1/010-t3-middle,probe_trigger,proactive,C,rrf,none,none,reaction,False,far,threaded,12,1410
ando,ando-series_a@t1/010-t3-middle,probe_trigger,proactive,Cstar,bm25,partial,partial,reaction,False,far,threaded,19,1477
ando,ando-series_a@t1/010-t3-middle,probe_trigger,proactive,Cstar,emb,none,none,reaction,False,far,threaded,22,1459
ando,ando-series_a@t1/010-t3-middle,probe_trigger,proactive,Cstar,rrf,none,none,reaction,False,far,threaded,19,1491
ando,ando-series_a@t1/010-t3-middle,probe_trigger,proactive,D,bm25,full,full,reaction,False,far,threaded,6,1354
ando,ando-series_a@t1/010-t3-middle,probe_trigger,proactive,D,emb,full,full,reaction,False,far,threaded,6,1427
ando,ando-series_a@t1/010-t3-middle,probe_trigger,proactive,D,rrf,full,full,reaction,False,far,threaded,5,1294
ando,ando-series_a@t1/010-t3-middle,probe_trigger,proactive,E,bm25,full,full,reaction,False,far,threaded,45,1489
ando,ando-series_a@t1/010-t3-middle,probe_trigger,proactive,E,emb,none,none,reaction,False,far,threaded,41,1485
ando,ando-series_a@t1/010-t3-middle,probe_trigger,proactive,E,rrf,none,none,reaction,False,far,threaded,42,1493
ando,ando-series_a@t1/010-t4-start,probe_trigger,proactive,window,-,none,none,reaction,False,cross,flat,0,0
ando,ando-series_a@t1/010-t4-start,probe_trigger,proactive,oracle,-,full,full,reaction,False,cross,flat,1,41
ando,ando-series_a@t1/010-t4-start,probe_trigger,proactive,A,bm25,partial,partial,reaction,False,cross,flat,38,1483
ando,ando-series_a@t1/010-t4-start,probe_trigger,proactive,A,emb,full,full,reaction,False,cross,flat,40,1478
ando,ando-series_a@t1/010-t4-start,probe_trigger,proactive,A,rrf,partial,partial,reaction,False,cross,flat,38,1490
ando,ando-series_a@t1/010-t4-start,probe_trigger,proactive,B,bm25,none,none,reaction,False,cross,flat,7,1488
ando,ando-series_a@t1/010-t4-start,probe_trigger,proactive,B,emb,full,full,reaction,False,cross,flat,6,1393
ando,ando-series_a@t1/010-t4-start,probe_trigger,proactive,B,rrf,full,full,reaction,False,cross,flat,6,1332
ando,ando-series_a@t1/010-t4-start,probe_trigger,proactive,C,bm25,full,full,reaction,False,cross,flat,16,1391
ando,ando-series_a@t1/010-t4-start,probe_trigger,proactive,C,emb,full,full,reaction,False,cross,flat,17,1496
ando,ando-series_a@t1/010-t4-start,probe_trigger,proactive,C,rrf,full,full,reaction,False,cross,flat,18,1453
ando,ando-series_a@t1/010-t4-start,probe_trigger,proactive,Cstar,bm25,full,full,reaction,False,cross,flat,23,1499
ando,ando-series_a@t1/010-t4-start,probe_trigger,proactive,Cstar,emb,full,full,reaction,False,cross,flat,27,1471
ando,ando-series_a@t1/010-t4-start,probe_trigger,proactive,Cstar,rrf,full,full,reaction,False,cross,flat,25,1440
ando,ando-series_a@t1/010-t4-start,probe_trigger,proactive,D,bm25,full,full,reaction,False,cross,flat,8,1481
ando,ando-series_a@t1/010-t4-start,probe_trigger,proactive,D,emb,full,full,reaction,False,cross,flat,8,1416
ando,ando-series_a@t1/010-t4-start,probe_trigger,proactive,D,rrf,full,full,reaction,False,cross,flat,7,1391
ando,ando-series_a@t1/010-t4-start,probe_trigger,proactive,E,bm25,full,full,reaction,False,cross,flat,48,1495
ando,ando-series_a@t1/010-t4-start,probe_trigger,proactive,E,emb,full,full,reaction,False,cross,flat,51,1481
ando,ando-series_a@t1/010-t4-start,probe_trigger,proactive,E,rrf,full,full,reaction,False,cross,flat,48,1490
ando,ando-series_a@t1/010-t4-middle,probe_trigger,proactive,window,-,none,none,reaction,False,cross,flat,0,0
ando,ando-series_a@t1/010-t4-middle,probe_trigger,proactive,oracle,-,full,full,reaction,False,cross,flat,1,41
ando,ando-series_a@t1/010-t4-middle,probe_trigger,proactive,A,bm25,partial,partial,reaction,False,cross,flat,39,1493
ando,ando-series_a@t1/010-t4-middle,probe_trigger,proactive,A,emb,partial,partial,reaction,False,cross,flat,37,1471
ando,ando-series_a@t1/010-t4-middle,probe_trigger,proactive,A,rrf,partial,partial,reaction,False,cross,flat,37,1475
ando,ando-series_a@t1/010-t4-middle,probe_trigger,proactive,B,bm25,full,full,reaction,False,cross,flat,6,1371
ando,ando-series_a@t1/010-t4-middle,probe_trigger,proactive,B,emb,full,full,reaction,False,cross,flat,6,1395
ando,ando-series_a@t1/010-t4-middle,probe_trigger,proactive,B,rrf,full,full,reaction,False,cross,flat,6,1397
ando,ando-series_a@t1/010-t4-middle,probe_trigger,proactive,C,bm25,none,none,reaction,False,cross,flat,16,1474
ando,ando-series_a@t1/010-t4-middle,probe_trigger,proactive,C,emb,full,full,reaction,False,cross,flat,14,1388
ando,ando-series_a@t1/010-t4-middle,probe_trigger,proactive,C,rrf,full,full,reaction,False,cross,flat,15,1464
ando,ando-series_a@t1/010-t4-middle,probe_trigger,proactive,Cstar,bm25,partial,partial,reaction,False,cross,flat,21,1493
ando,ando-series_a@t1/010-t4-middle,probe_trigger,proactive,Cstar,emb,full,full,reaction,False,cross,flat,20,1437
ando,ando-series_a@t1/010-t4-middle,probe_trigger,proactive,Cstar,rrf,full,full,reaction,False,cross,flat,20,1453
ando,ando-series_a@t1/010-t4-middle,probe_trigger,proactive,D,bm25,full,full,reaction,False,cross,flat,6,1411
ando,ando-series_a@t1/010-t4-middle,probe_trigger,proactive,D,emb,full,full,reaction,False,cross,flat,7,1496
ando,ando-series_a@t1/010-t4-middle,probe_trigger,proactive,D,rrf,full,full,reaction,False,cross,flat,5,1231
ando,ando-series_a@t1/010-t4-middle,probe_trigger,proactive,E,bm25,full,full,reaction,False,cross,flat,46,1487
ando,ando-series_a@t1/010-t4-middle,probe_trigger,proactive,E,emb,full,full,reaction,False,cross,flat,50,1462
ando,ando-series_a@t1/010-t4-middle,probe_trigger,proactive,E,rrf,full,full,reaction,False,cross,flat,47,1497
ando,ando-series_a@t1/010-t5-start,probe_trigger,proactive,window,-,none,none,reaction,False,cross,interleaved,0,0
ando,ando-series_a@t1/010-t5-start,probe_trigger,proactive,oracle,-,full,full,reaction,False,cross,interleaved,1,41
ando,ando-series_a@t1/010-t5-start,probe_trigger,proactive,A,bm25,partial,partial,reaction,False,cross,interleaved,39,1483
ando,ando-series_a@t1/010-t5-start,probe_trigger,proactive,A,emb,partial,partial,reaction,False,cross,interleaved,37,1469
ando,ando-series_a@t1/010-t5-start,probe_trigger,proactive,A,rrf,partial,partial,reaction,False,cross,interleaved,38,1480
ando,ando-series_a@t1/010-t5-start,probe_trigger,proactive,B,bm25,none,none,reaction,False,cross,interleaved,6,1382
ando,ando-series_a@t1/010-t5-start,probe_trigger,proactive,B,emb,full,full,reaction,False,cross,interleaved,6,1432
ando,ando-series_a@t1/010-t5-start,probe_trigger,proactive,B,rrf,none,none,reaction,False,cross,interleaved,6,1423
ando,ando-series_a@t1/010-t5-start,probe_trigger,proactive,C,bm25,none,none,reaction,False,cross,interleaved,13,1477
ando,ando-series_a@t1/010-t5-start,probe_trigger,proactive,C,emb,partial,partial,reaction,False,cross,interleaved,14,1488
ando,ando-series_a@t1/010-t5-start,probe_trigger,proactive,C,rrf,partial,partial,reaction,False,cross,interleaved,13,1455
ando,ando-series_a@t1/010-t5-start,probe_trigger,proactive,Cstar,bm25,full,full,reaction,False,cross,interleaved,17,1411
ando,ando-series_a@t1/010-t5-start,probe_trigger,proactive,Cstar,emb,full,full,reaction,False,cross,interleaved,18,1482
ando,ando-series_a@t1/010-t5-start,probe_trigger,proactive,Cstar,rrf,full,full,reaction,False,cross,interleaved,17,1496
ando,ando-series_a@t1/010-t5-start,probe_trigger,proactive,D,bm25,none,none,reaction,False,cross,interleaved,5,1427
ando,ando-series_a@t1/010-t5-start,probe_trigger,proactive,D,emb,full,full,reaction,False,cross,interleaved,6,1451
ando,ando-series_a@t1/010-t5-start,probe_trigger,proactive,D,rrf,none,none,reaction,False,cross,interleaved,5,1466
ando,ando-series_a@t1/010-t5-start,probe_trigger,proactive,E,bm25,full,full,reaction,False,cross,interleaved,45,1487
ando,ando-series_a@t1/010-t5-start,probe_trigger,proactive,E,emb,full,full,reaction,False,cross,interleaved,44,1492
ando,ando-series_a@t1/010-t5-start,probe_trigger,proactive,E,rrf,full,full,reaction,False,cross,interleaved,44,1484
ando,ando-series_a@t1/010-t5-middle,probe_trigger,proactive,window,-,none,none,reaction,False,cross,interleaved,0,0
ando,ando-series_a@t1/010-t5-middle,probe_trigger,proactive,oracle,-,full,full,reaction,False,cross,interleaved,1,41
ando,ando-series_a@t1/010-t5-middle,probe_trigger,proactive,A,bm25,partial,partial,reaction,False,cross,interleaved,38,1473
ando,ando-series_a@t1/010-t5-middle,probe_trigger,proactive,A,emb,none,none,reaction,False,cross,interleaved,38,1491
ando,ando-series_a@t1/010-t5-middle,probe_trigger,proactive,A,rrf,none,none,reaction,False,cross,interleaved,38,1490
ando,ando-series_a@t1/010-t5-middle,probe_trigger,proactive,B,bm25,none,none,reaction,False,cross,interleaved,6,1388
ando,ando-series_a@t1/010-t5-middle,probe_trigger,proactive,B,emb,none,none,reaction,False,cross,interleaved,5,1298
ando,ando-series_a@t1/010-t5-middle,probe_trigger,proactive,B,rrf,none,none,reaction,False,cross,interleaved,6,1413
ando,ando-series_a@t1/010-t5-middle,probe_trigger,proactive,C,bm25,none,none,reaction,False,cross,interleaved,12,1401
ando,ando-series_a@t1/010-t5-middle,probe_trigger,proactive,C,emb,none,none,reaction,False,cross,interleaved,12,1438
ando,ando-series_a@t1/010-t5-middle,probe_trigger,proactive,C,rrf,none,none,reaction,False,cross,interleaved,12,1376
ando,ando-series_a@t1/010-t5-middle,probe_trigger,proactive,Cstar,bm25,none,none,reaction,False,cross,interleaved,20,1416
ando,ando-series_a@t1/010-t5-middle,probe_trigger,proactive,Cstar,emb,none,none,reaction,False,cross,interleaved,17,1461
ando,ando-series_a@t1/010-t5-middle,probe_trigger,proactive,Cstar,rrf,none,none,reaction,False,cross,interleaved,17,1465
ando,ando-series_a@t1/010-t5-middle,probe_trigger,proactive,D,bm25,none,none,reaction,False,cross,interleaved,6,1499
ando,ando-series_a@t1/010-t5-middle,probe_trigger,proactive,D,emb,none,none,reaction,False,cross,interleaved,6,1384
ando,ando-series_a@t1/010-t5-middle,probe_trigger,proactive,D,rrf,none,none,reaction,False,cross,interleaved,5,1339
ando,ando-series_a@t1/010-t5-middle,probe_trigger,proactive,E,bm25,none,none,reaction,False,cross,interleaved,42,1499
ando,ando-series_a@t1/010-t5-middle,probe_trigger,proactive,E,emb,none,none,reaction,False,cross,interleaved,42,1476
ando,ando-series_a@t1/010-t5-middle,probe_trigger,proactive,E,rrf,none,none,reaction,False,cross,interleaved,40,1472
ando,ando-series_a@t1/010-t6-start,probe_trigger,proactive,window,-,none,none,reaction,False,cross,flat,0,0
ando,ando-series_a@t1/010-t6-start,probe_trigger,proactive,oracle,-,full,full,reaction,False,cross,flat,1,41
ando,ando-series_a@t1/010-t6-start,probe_trigger,proactive,A,bm25,partial,partial,reaction,False,cross,flat,39,1474
ando,ando-series_a@t1/010-t6-start,probe_trigger,proactive,A,emb,partial,partial,reaction,False,cross,flat,38,1479
ando,ando-series_a@t1/010-t6-start,probe_trigger,proactive,A,rrf,partial,partial,reaction,False,cross,flat,38,1475
ando,ando-series_a@t1/010-t6-start,probe_trigger,proactive,B,bm25,none,none,reaction,False,cross,flat,6,1419
ando,ando-series_a@t1/010-t6-start,probe_trigger,proactive,B,emb,full,full,reaction,False,cross,flat,6,1398
ando,ando-series_a@t1/010-t6-start,probe_trigger,proactive,B,rrf,none,none,reaction,False,cross,flat,6,1479
ando,ando-series_a@t1/010-t6-start,probe_trigger,proactive,C,bm25,none,none,reaction,False,cross,flat,14,1478
ando,ando-series_a@t1/010-t6-start,probe_trigger,proactive,C,emb,none,none,reaction,False,cross,flat,13,1402
ando,ando-series_a@t1/010-t6-start,probe_trigger,proactive,C,rrf,none,none,reaction,False,cross,flat,13,1393
ando,ando-series_a@t1/010-t6-start,probe_trigger,proactive,Cstar,bm25,none,none,reaction,False,cross,flat,21,1468
ando,ando-series_a@t1/010-t6-start,probe_trigger,proactive,Cstar,emb,full,full,reaction,False,cross,flat,25,1453
ando,ando-series_a@t1/010-t6-start,probe_trigger,proactive,Cstar,rrf,full,full,reaction,False,cross,flat,22,1417
ando,ando-series_a@t1/010-t6-start,probe_trigger,proactive,D,bm25,none,none,reaction,False,cross,flat,9,1481
ando,ando-series_a@t1/010-t6-start,probe_trigger,proactive,D,emb,full,full,reaction,False,cross,flat,11,1405
ando,ando-series_a@t1/010-t6-start,probe_trigger,proactive,D,rrf,none,none,reaction,False,cross,flat,9,1406
ando,ando-series_a@t1/010-t6-start,probe_trigger,proactive,E,bm25,full,full,reaction,False,cross,flat,51,1481
ando,ando-series_a@t1/010-t6-start,probe_trigger,proactive,E,emb,full,full,reaction,False,cross,flat,51,1498
ando,ando-series_a@t1/010-t6-start,probe_trigger,proactive,E,rrf,full,full,reaction,False,cross,flat,49,1495
ando,ando-series_a@t1/010-t6-middle,probe_trigger,proactive,window,-,none,none,reaction,False,cross,flat,0,0
ando,ando-series_a@t1/010-t6-middle,probe_trigger,proactive,oracle,-,full,full,reaction,False,cross,flat,1,41
ando,ando-series_a@t1/010-t6-middle,probe_trigger,proactive,A,bm25,none,none,reaction,False,cross,flat,38,1482
ando,ando-series_a@t1/010-t6-middle,probe_trigger,proactive,A,emb,partial,partial,reaction,False,cross,flat,37,1461
ando,ando-series_a@t1/010-t6-middle,probe_trigger,proactive,A,rrf,partial,partial,reaction,False,cross,flat,37,1479
ando,ando-series_a@t1/010-t6-middle,probe_trigger,proactive,B,bm25,none,none,reaction,False,cross,flat,6,1325
ando,ando-series_a@t1/010-t6-middle,probe_trigger,proactive,B,emb,full,full,reaction,False,cross,flat,6,1341
ando,ando-series_a@t1/010-t6-middle,probe_trigger,proactive,B,rrf,none,none,reaction,False,cross,flat,6,1361
ando,ando-series_a@t1/010-t6-middle,probe_trigger,proactive,C,bm25,none,none,reaction,False,cross,flat,12,1411
ando,ando-series_a@t1/010-t6-middle,probe_trigger,proactive,C,emb,none,none,reaction,False,cross,flat,13,1478
ando,ando-series_a@t1/010-t6-middle,probe_trigger,proactive,C,rrf,none,none,reaction,False,cross,flat,12,1414
ando,ando-series_a@t1/010-t6-middle,probe_trigger,proactive,Cstar,bm25,none,none,reaction,False,cross,flat,17,1471
ando,ando-series_a@t1/010-t6-middle,probe_trigger,proactive,Cstar,emb,full,full,reaction,False,cross,flat,23,1469
ando,ando-series_a@t1/010-t6-middle,probe_trigger,proactive,Cstar,rrf,none,none,reaction,False,cross,flat,19,1477
ando,ando-series_a@t1/010-t6-middle,probe_trigger,proactive,D,bm25,none,none,reaction,False,cross,flat,4,1127
ando,ando-series_a@t1/010-t6-middle,probe_trigger,proactive,D,emb,none,none,reaction,False,cross,flat,6,1422
ando,ando-series_a@t1/010-t6-middle,probe_trigger,proactive,D,rrf,none,none,reaction,False,cross,flat,5,1447
ando,ando-series_a@t1/010-t6-middle,probe_trigger,proactive,E,bm25,none,none,reaction,False,cross,flat,45,1455
ando,ando-series_a@t1/010-t6-middle,probe_trigger,proactive,E,emb,none,none,reaction,False,cross,flat,48,1474
ando,ando-series_a@t1/010-t6-middle,probe_trigger,proactive,E,rrf,none,none,reaction,False,cross,flat,45,1471
ando,ando-waitlist_email_owner@t1/014-t2-start,probe_trigger,proactive,window,-,none,none,ellipsis,False,cross,interleaved,0,0
ando,ando-waitlist_email_owner@t1/014-t2-start,probe_trigger,proactive,oracle,-,full,full,ellipsis,False,cross,interleaved,1,34
ando,ando-waitlist_email_owner@t1/014-t2-start,probe_trigger,proactive,A,bm25,full,full,ellipsis,False,cross,interleaved,40,1420
ando,ando-waitlist_email_owner@t1/014-t2-start,probe_trigger,proactive,A,emb,full,full,ellipsis,False,cross,interleaved,40,1420
ando,ando-waitlist_email_owner@t1/014-t2-start,probe_trigger,proactive,A,rrf,full,full,ellipsis,False,cross,interleaved,40,1420
ando,ando-waitlist_email_owner@t1/014-t2-start,probe_trigger,proactive,B,bm25,full,full,ellipsis,False,cross,interleaved,7,1415
ando,ando-waitlist_email_owner@t1/014-t2-start,probe_trigger,proactive,B,emb,full,full,ellipsis,False,cross,interleaved,7,1434
ando,ando-waitlist_email_owner@t1/014-t2-start,probe_trigger,proactive,B,rrf,full,full,ellipsis,False,cross,interleaved,7,1415
ando,ando-waitlist_email_owner@t1/014-t2-start,probe_trigger,proactive,C,bm25,full,full,ellipsis,False,cross,interleaved,18,1431
ando,ando-waitlist_email_owner@t1/014-t2-start,probe_trigger,proactive,C,emb,full,full,ellipsis,False,cross,interleaved,17,1405
ando,ando-waitlist_email_owner@t1/014-t2-start,probe_trigger,proactive,C,rrf,full,full,ellipsis,False,cross,interleaved,17,1411
ando,ando-waitlist_email_owner@t1/014-t2-start,probe_trigger,proactive,Cstar,bm25,full,full,ellipsis,False,cross,interleaved,28,1477
ando,ando-waitlist_email_owner@t1/014-t2-start,probe_trigger,proactive,Cstar,emb,full,full,ellipsis,False,cross,interleaved,28,1464
ando,ando-waitlist_email_owner@t1/014-t2-start,probe_trigger,proactive,Cstar,rrf,full,full,ellipsis,False,cross,interleaved,27,1486
ando,ando-waitlist_email_owner@t1/014-t2-start,probe_trigger,proactive,D,bm25,full,full,ellipsis,False,cross,interleaved,12,1436
ando,ando-waitlist_email_owner@t1/014-t2-start,probe_trigger,proactive,D,emb,full,full,ellipsis,False,cross,interleaved,12,1436
ando,ando-waitlist_email_owner@t1/014-t2-start,probe_trigger,proactive,D,rrf,full,full,ellipsis,False,cross,interleaved,12,1436
ando,ando-waitlist_email_owner@t1/014-t2-start,probe_trigger,proactive,E,bm25,full,full,ellipsis,False,cross,interleaved,52,1427
ando,ando-waitlist_email_owner@t1/014-t2-start,probe_trigger,proactive,E,emb,full,full,ellipsis,False,cross,interleaved,52,1427
ando,ando-waitlist_email_owner@t1/014-t2-start,probe_trigger,proactive,E,rrf,full,full,ellipsis,False,cross,interleaved,52,1427
ando,ando-waitlist_email_owner@t1/014-t2-middle,probe_trigger,proactive,window,-,none,none,ellipsis,False,cross,interleaved,0,0
ando,ando-waitlist_email_owner@t1/014-t2-middle,probe_trigger,proactive,oracle,-,full,full,ellipsis,False,cross,interleaved,1,34
ando,ando-waitlist_email_owner@t1/014-t2-middle,probe_trigger,proactive,A,bm25,partial,partial,ellipsis,False,cross,interleaved,39,1485
ando,ando-waitlist_email_owner@t1/014-t2-middle,probe_trigger,proactive,A,emb,full,full,ellipsis,False,cross,interleaved,39,1471
ando,ando-waitlist_email_owner@t1/014-t2-middle,probe_trigger,proactive,A,rrf,partial,partial,ellipsis,False,cross,interleaved,39,1475
ando,ando-waitlist_email_owner@t1/014-t2-middle,probe_trigger,proactive,B,bm25,none,none,ellipsis,False,cross,interleaved,6,1458
ando,ando-waitlist_email_owner@t1/014-t2-middle,probe_trigger,proactive,B,emb,full,full,ellipsis,False,cross,interleaved,7,1489
ando,ando-waitlist_email_owner@t1/014-t2-middle,probe_trigger,proactive,B,rrf,full,full,ellipsis,False,cross,interleaved,6,1389
ando,ando-waitlist_email_owner@t1/014-t2-middle,probe_trigger,proactive,C,bm25,none,none,ellipsis,False,cross,interleaved,13,1423
ando,ando-waitlist_email_owner@t1/014-t2-middle,probe_trigger,proactive,C,emb,partial,partial,ellipsis,False,cross,interleaved,14,1485
ando,ando-waitlist_email_owner@t1/014-t2-middle,probe_trigger,proactive,C,rrf,partial,partial,ellipsis,False,cross,interleaved,13,1500
ando,ando-waitlist_email_owner@t1/014-t2-middle,probe_trigger,proactive,Cstar,bm25,none,none,ellipsis,False,cross,interleaved,18,1492
ando,ando-waitlist_email_owner@t1/014-t2-middle,probe_trigger,proactive,Cstar,emb,full,full,ellipsis,False,cross,interleaved,23,1438
ando,ando-waitlist_email_owner@t1/014-t2-middle,probe_trigger,proactive,Cstar,rrf,full,full,ellipsis,False,cross,interleaved,19,1488
ando,ando-waitlist_email_owner@t1/014-t2-middle,probe_trigger,proactive,D,bm25,full,full,ellipsis,False,cross,interleaved,9,1447
ando,ando-waitlist_email_owner@t1/014-t2-middle,probe_trigger,proactive,D,emb,full,full,ellipsis,False,cross,interleaved,10,1493
ando,ando-waitlist_email_owner@t1/014-t2-middle,probe_trigger,proactive,D,rrf,full,full,ellipsis,False,cross,interleaved,8,1414
ando,ando-waitlist_email_owner@t1/014-t2-middle,probe_trigger,proactive,E,bm25,full,full,ellipsis,False,cross,interleaved,45,1488
ando,ando-waitlist_email_owner@t1/014-t2-middle,probe_trigger,proactive,E,emb,full,full,ellipsis,False,cross,interleaved,47,1496
ando,ando-waitlist_email_owner@t1/014-t2-middle,probe_trigger,proactive,E,rrf,full,full,ellipsis,False,cross,interleaved,45,1484
ando,ando-waitlist_email_owner@t1/014-t3-start,probe_trigger,proactive,window,-,none,none,ellipsis,False,far,threaded,0,0
ando,ando-waitlist_email_owner@t1/014-t3-start,probe_trigger,proactive,oracle,-,full,full,ellipsis,False,far,threaded,1,34
ando,ando-waitlist_email_owner@t1/014-t3-start,probe_trigger,proactive,A,bm25,partial,partial,ellipsis,False,far,threaded,39,1493
ando,ando-waitlist_email_owner@t1/014-t3-start,probe_trigger,proactive,A,emb,full,full,ellipsis,False,far,threaded,40,1459
ando,ando-waitlist_email_owner@t1/014-t3-start,probe_trigger,proactive,A,rrf,partial,partial,ellipsis,False,far,threaded,38,1460
ando,ando-waitlist_email_owner@t1/014-t3-start,probe_trigger,proactive,B,bm25,full,full,ellipsis,False,far,threaded,6,1307
ando,ando-waitlist_email_owner@t1/014-t3-start,probe_trigger,proactive,B,emb,full,full,ellipsis,False,far,threaded,7,1415
ando,ando-waitlist_email_owner@t1/014-t3-start,probe_trigger,proactive,B,rrf,full,full,ellipsis,False,far,threaded,7,1419
ando,ando-waitlist_email_owner@t1/014-t3-start,probe_trigger,proactive,C,bm25,partial,partial,ellipsis,False,far,threaded,12,1402
ando,ando-waitlist_email_owner@t1/014-t3-start,probe_trigger,proactive,C,emb,full,full,ellipsis,False,far,threaded,17,1496
ando,ando-waitlist_email_owner@t1/014-t3-start,probe_trigger,proactive,C,rrf,partial,partial,ellipsis,False,far,threaded,14,1493
ando,ando-waitlist_email_owner@t1/014-t3-start,probe_trigger,proactive,Cstar,bm25,none,none,ellipsis,False,far,threaded,25,1474
ando,ando-waitlist_email_owner@t1/014-t3-start,probe_trigger,proactive,Cstar,emb,full,full,ellipsis,False,far,threaded,27,1446
ando,ando-waitlist_email_owner@t1/014-t3-start,probe_trigger,proactive,Cstar,rrf,full,full,ellipsis,False,far,threaded,27,1438
ando,ando-waitlist_email_owner@t1/014-t3-start,probe_trigger,proactive,D,bm25,full,full,ellipsis,False,far,threaded,6,1360
ando,ando-waitlist_email_owner@t1/014-t3-start,probe_trigger,proactive,D,emb,full,full,ellipsis,False,far,threaded,9,1414
ando,ando-waitlist_email_owner@t1/014-t3-start,probe_trigger,proactive,D,rrf,full,full,ellipsis,False,far,threaded,7,1468
ando,ando-waitlist_email_owner@t1/014-t3-start,probe_trigger,proactive,E,bm25,full,full,ellipsis,False,far,threaded,46,1491
ando,ando-waitlist_email_owner@t1/014-t3-start,probe_trigger,proactive,E,emb,full,full,ellipsis,False,far,threaded,48,1493
ando,ando-waitlist_email_owner@t1/014-t3-start,probe_trigger,proactive,E,rrf,full,full,ellipsis,False,far,threaded,47,1496
ando,ando-waitlist_email_owner@t1/014-t3-middle,probe_trigger,proactive,window,-,none,none,ellipsis,False,far,threaded,0,0
ando,ando-waitlist_email_owner@t1/014-t3-middle,probe_trigger,proactive,oracle,-,full,full,ellipsis,False,far,threaded,1,34
ando,ando-waitlist_email_owner@t1/014-t3-middle,probe_trigger,proactive,A,bm25,partial,partial,ellipsis,False,far,threaded,37,1481
ando,ando-waitlist_email_owner@t1/014-t3-middle,probe_trigger,proactive,A,emb,partial,partial,ellipsis,False,far,threaded,37,1489
ando,ando-waitlist_email_owner@t1/014-t3-middle,probe_trigger,proactive,A,rrf,partial,partial,ellipsis,False,far,threaded,37,1469
ando,ando-waitlist_email_owner@t1/014-t3-middle,probe_trigger,proactive,B,bm25,none,none,ellipsis,False,far,threaded,6,1499
ando,ando-waitlist_email_owner@t1/014-t3-middle,probe_trigger,proactive,B,emb,full,full,ellipsis,False,far,threaded,6,1375
ando,ando-waitlist_email_owner@t1/014-t3-middle,probe_trigger,proactive,B,rrf,full,full,ellipsis,False,far,threaded,6,1447
ando,ando-waitlist_email_owner@t1/014-t3-middle,probe_trigger,proactive,C,bm25,partial,partial,ellipsis,False,far,threaded,14,1430
ando,ando-waitlist_email_owner@t1/014-t3-middle,probe_trigger,proactive,C,emb,partial,partial,ellipsis,False,far,threaded,13,1427
ando,ando-waitlist_email_owner@t1/014-t3-middle,probe_trigger,proactive,C,rrf,partial,partial,ellipsis,False,far,threaded,14,1493
ando,ando-waitlist_email_owner@t1/014-t3-middle,probe_trigger,proactive,Cstar,bm25,full,full,ellipsis,False,far,threaded,24,1480
ando,ando-waitlist_email_owner@t1/014-t3-middle,probe_trigger,proactive,Cstar,emb,full,full,ellipsis,False,far,threaded,24,1491
ando,ando-waitlist_email_owner@t1/014-t3-middle,probe_trigger,proactive,Cstar,rrf,full,full,ellipsis,False,far,threaded,24,1463
ando,ando-waitlist_email_owner@t1/014-t3-middle,probe_trigger,proactive,D,bm25,full,full,ellipsis,False,far,threaded,7,1418
ando,ando-waitlist_email_owner@t1/014-t3-middle,probe_trigger,proactive,D,emb,full,full,ellipsis,False,far,threaded,10,1494
ando,ando-waitlist_email_owner@t1/014-t3-middle,probe_trigger,proactive,D,rrf,full,full,ellipsis,False,far,threaded,9,1475
ando,ando-waitlist_email_owner@t1/014-t3-middle,probe_trigger,proactive,E,bm25,full,full,ellipsis,False,far,threaded,43,1487
ando,ando-waitlist_email_owner@t1/014-t3-middle,probe_trigger,proactive,E,emb,full,full,ellipsis,False,far,threaded,44,1487
ando,ando-waitlist_email_owner@t1/014-t3-middle,probe_trigger,proactive,E,rrf,full,full,ellipsis,False,far,threaded,42,1483
ando,ando-waitlist_email_owner@t1/014-t4-start,probe_trigger,proactive,window,-,none,none,ellipsis,True,cross,flat,0,0
ando,ando-waitlist_email_owner@t1/014-t4-start,probe_trigger,proactive,oracle,-,full,full,ellipsis,True,cross,flat,2,57
ando,ando-waitlist_email_owner@t1/014-t4-start,probe_trigger,proactive,A,bm25,full,partial,ellipsis,True,cross,flat,39,1499
ando,ando-waitlist_email_owner@t1/014-t4-start,probe_trigger,proactive,A,emb,full,partial,ellipsis,True,cross,flat,39,1485
ando,ando-waitlist_email_owner@t1/014-t4-start,probe_trigger,proactive,A,rrf,full,partial,ellipsis,True,cross,flat,39,1466
ando,ando-waitlist_email_owner@t1/014-t4-start,probe_trigger,proactive,B,bm25,full,none,ellipsis,True,cross,flat,6,1445
ando,ando-waitlist_email_owner@t1/014-t4-start,probe_trigger,proactive,B,emb,full,full,ellipsis,True,cross,flat,6,1400
ando,ando-waitlist_email_owner@t1/014-t4-start,probe_trigger,proactive,B,rrf,full,none,ellipsis,True,cross,flat,6,1487
ando,ando-waitlist_email_owner@t1/014-t4-start,probe_trigger,proactive,C,bm25,full,none,ellipsis,True,cross,flat,14,1461
ando,ando-waitlist_email_owner@t1/014-t4-start,probe_trigger,proactive,C,emb,full,partial,ellipsis,True,cross,flat,13,1388
ando,ando-waitlist_email_owner@t1/014-t4-start,probe_trigger,proactive,C,rrf,full,partial,ellipsis,True,cross,flat,14,1449
ando,ando-waitlist_email_owner@t1/014-t4-start,probe_trigger,proactive,Cstar,bm25,full,partial,ellipsis,True,cross,flat,24,1483
ando,ando-waitlist_email_owner@t1/014-t4-start,probe_trigger,proactive,Cstar,emb,full,full,ellipsis,True,cross,flat,24,1412
ando,ando-waitlist_email_owner@t1/014-t4-start,probe_trigger,proactive,Cstar,rrf,full,full,ellipsis,True,cross,flat,23,1481
ando,ando-waitlist_email_owner@t1/014-t4-start,probe_trigger,proactive,D,bm25,full,none,ellipsis,True,cross,flat,7,1349
ando,ando-waitlist_email_owner@t1/014-t4-start,probe_trigger,proactive,D,emb,full,full,ellipsis,True,cross,flat,11,1477
ando,ando-waitlist_email_owner@t1/014-t4-start,probe_trigger,proactive,D,rrf,full,full,ellipsis,True,cross,flat,8,1310
ando,ando-waitlist_email_owner@t1/014-t4-start,probe_trigger,proactive,E,bm25,full,full,ellipsis,True,cross,flat,46,1489
ando,ando-waitlist_email_owner@t1/014-t4-start,probe_trigger,proactive,E,emb,full,full,ellipsis,True,cross,flat,51,1485
ando,ando-waitlist_email_owner@t1/014-t4-start,probe_trigger,proactive,E,rrf,full,full,ellipsis,True,cross,flat,50,1487
ando,ando-waitlist_email_owner@t1/014-t4-middle,probe_trigger,proactive,window,-,none,none,ellipsis,True,cross,flat,0,0
ando,ando-waitlist_email_owner@t1/014-t4-middle,probe_trigger,proactive,oracle,-,full,full,ellipsis,True,cross,flat,2,57
ando,ando-waitlist_email_owner@t1/014-t4-middle,probe_trigger,proactive,A,bm25,partial,partial,ellipsis,True,cross,flat,38,1478
ando,ando-waitlist_email_owner@t1/014-t4-middle,probe_trigger,proactive,A,emb,full,partial,ellipsis,True,cross,flat,38,1492
ando,ando-waitlist_email_owner@t1/014-t4-middle,probe_trigger,proactive,A,rrf,full,partial,ellipsis,True,cross,flat,38,1471
ando,ando-waitlist_email_owner@t1/014-t4-middle,probe_trigger,proactive,B,bm25,full,full,ellipsis,True,cross,flat,6,1438
ando,ando-waitlist_email_owner@t1/014-t4-middle,probe_trigger,proactive,B,emb,full,full,ellipsis,True,cross,flat,7,1491
ando,ando-waitlist_email_owner@t1/014-t4-middle,probe_trigger,proactive,B,rrf,full,full,ellipsis,True,cross,flat,6,1338
ando,ando-waitlist_email_owner@t1/014-t4-middle,probe_trigger,proactive,C,bm25,partial,partial,ellipsis,True,cross,flat,13,1443
ando,ando-waitlist_email_owner@t1/014-t4-middle,probe_trigger,proactive,C,emb,partial,partial,ellipsis,True,cross,flat,13,1453
ando,ando-waitlist_email_owner@t1/014-t4-middle,probe_trigger,proactive,C,rrf,full,partial,ellipsis,True,cross,flat,13,1450
ando,ando-waitlist_email_owner@t1/014-t4-middle,probe_trigger,proactive,Cstar,bm25,full,none,ellipsis,True,cross,flat,20,1479
ando,ando-waitlist_email_owner@t1/014-t4-middle,probe_trigger,proactive,Cstar,emb,full,none,ellipsis,True,cross,flat,20,1466
ando,ando-waitlist_email_owner@t1/014-t4-middle,probe_trigger,proactive,Cstar,rrf,full,none,ellipsis,True,cross,flat,20,1437
ando,ando-waitlist_email_owner@t1/014-t4-middle,probe_trigger,proactive,D,bm25,none,none,ellipsis,True,cross,flat,6,1491
ando,ando-waitlist_email_owner@t1/014-t4-middle,probe_trigger,proactive,D,emb,full,full,ellipsis,True,cross,flat,8,1484
ando,ando-waitlist_email_owner@t1/014-t4-middle,probe_trigger,proactive,D,rrf,full,full,ellipsis,True,cross,flat,7,1427
ando,ando-waitlist_email_owner@t1/014-t4-middle,probe_trigger,proactive,E,bm25,full,full,ellipsis,True,cross,flat,46,1462
ando,ando-waitlist_email_owner@t1/014-t4-middle,probe_trigger,proactive,E,emb,full,full,ellipsis,True,cross,flat,49,1491
ando,ando-waitlist_email_owner@t1/014-t4-middle,probe_trigger,proactive,E,rrf,full,full,ellipsis,True,cross,flat,47,1473
ando,ando-waitlist_email_owner@t1/014-t5-start,probe_trigger,proactive,window,-,none,none,ellipsis,True,cross,interleaved,0,0
ando,ando-waitlist_email_owner@t1/014-t5-start,probe_trigger,proactive,oracle,-,full,full,ellipsis,True,cross,interleaved,2,57
ando,ando-waitlist_email_owner@t1/014-t5-start,probe_trigger,proactive,A,bm25,none,none,ellipsis,True,cross,interleaved,38,1468
ando,ando-waitlist_email_owner@t1/014-t5-start,probe_trigger,proactive,A,emb,full,partial,ellipsis,True,cross,interleaved,38,1470
ando,ando-waitlist_email_owner@t1/014-t5-start,probe_trigger,proactive,A,rrf,full,partial,ellipsis,True,cross,interleaved,39,1496
ando,ando-waitlist_email_owner@t1/014-t5-start,probe_trigger,proactive,B,bm25,none,none,ellipsis,True,cross,interleaved,6,1482
ando,ando-waitlist_email_owner@t1/014-t5-start,probe_trigger,proactive,B,emb,full,full,ellipsis,True,cross,interleaved,6,1395
ando,ando-waitlist_email_owner@t1/014-t5-start,probe_trigger,proactive,B,rrf,none,none,ellipsis,True,cross,interleaved,6,1500
ando,ando-waitlist_email_owner@t1/014-t5-start,probe_trigger,proactive,C,bm25,none,none,ellipsis,True,cross,interleaved,12,1487
ando,ando-waitlist_email_owner@t1/014-t5-start,probe_trigger,proactive,C,emb,full,partial,ellipsis,True,cross,interleaved,13,1406
ando,ando-waitlist_email_owner@t1/014-t5-start,probe_trigger,proactive,C,rrf,partial,partial,ellipsis,True,cross,interleaved,12,1441
ando,ando-waitlist_email_owner@t1/014-t5-start,probe_trigger,proactive,Cstar,bm25,none,none,ellipsis,True,cross,interleaved,16,1402
ando,ando-waitlist_email_owner@t1/014-t5-start,probe_trigger,proactive,Cstar,emb,full,none,ellipsis,True,cross,interleaved,21,1482
ando,ando-waitlist_email_owner@t1/014-t5-start,probe_trigger,proactive,Cstar,rrf,full,none,ellipsis,True,cross,interleaved,19,1447
ando,ando-waitlist_email_owner@t1/014-t5-start,probe_trigger,proactive,D,bm25,none,none,ellipsis,True,cross,interleaved,4,1202
ando,ando-waitlist_email_owner@t1/014-t5-start,probe_trigger,proactive,D,emb,full,full,ellipsis,True,cross,interleaved,8,1394
ando,ando-waitlist_email_owner@t1/014-t5-start,probe_trigger,proactive,D,rrf,full,full,ellipsis,True,cross,interleaved,6,1315
ando,ando-waitlist_email_owner@t1/014-t5-start,probe_trigger,proactive,E,bm25,full,full,ellipsis,True,cross,interleaved,46,1498
ando,ando-waitlist_email_owner@t1/014-t5-start,probe_trigger,proactive,E,emb,full,full,ellipsis,True,cross,interleaved,46,1473
ando,ando-waitlist_email_owner@t1/014-t5-start,probe_trigger,proactive,E,rrf,full,full,ellipsis,True,cross,interleaved,47,1494
ando,ando-waitlist_email_owner@t1/014-t5-middle,probe_trigger,proactive,window,-,none,none,ellipsis,True,cross,interleaved,0,0
ando,ando-waitlist_email_owner@t1/014-t5-middle,probe_trigger,proactive,oracle,-,full,full,ellipsis,True,cross,interleaved,2,57
ando,ando-waitlist_email_owner@t1/014-t5-middle,probe_trigger,proactive,A,bm25,none,none,ellipsis,True,cross,interleaved,38,1478
ando,ando-waitlist_email_owner@t1/014-t5-middle,probe_trigger,proactive,A,emb,full,none,ellipsis,True,cross,interleaved,38,1484
ando,ando-waitlist_email_owner@t1/014-t5-middle,probe_trigger,proactive,A,rrf,none,none,ellipsis,True,cross,interleaved,38,1496
ando,ando-waitlist_email_owner@t1/014-t5-middle,probe_trigger,proactive,B,bm25,none,none,ellipsis,True,cross,interleaved,6,1496
ando,ando-waitlist_email_owner@t1/014-t5-middle,probe_trigger,proactive,B,emb,full,none,ellipsis,True,cross,interleaved,6,1497
ando,ando-waitlist_email_owner@t1/014-t5-middle,probe_trigger,proactive,B,rrf,none,none,ellipsis,True,cross,interleaved,6,1499
ando,ando-waitlist_email_owner@t1/014-t5-middle,probe_trigger,proactive,C,bm25,none,none,ellipsis,True,cross,interleaved,13,1492
ando,ando-waitlist_email_owner@t1/014-t5-middle,probe_trigger,proactive,C,emb,partial,partial,ellipsis,True,cross,interleaved,12,1457
ando,ando-waitlist_email_owner@t1/014-t5-middle,probe_trigger,proactive,C,rrf,partial,partial,ellipsis,True,cross,interleaved,12,1448
ando,ando-waitlist_email_owner@t1/014-t5-middle,probe_trigger,proactive,Cstar,bm25,none,none,ellipsis,True,cross,interleaved,20,1469
ando,ando-waitlist_email_owner@t1/014-t5-middle,probe_trigger,proactive,Cstar,emb,full,none,ellipsis,True,cross,interleaved,20,1493
ando,ando-waitlist_email_owner@t1/014-t5-middle,probe_trigger,proactive,Cstar,rrf,none,none,ellipsis,True,cross,interleaved,19,1499
ando,ando-waitlist_email_owner@t1/014-t5-middle,probe_trigger,proactive,D,bm25,none,none,ellipsis,True,cross,interleaved,5,1367
ando,ando-waitlist_email_owner@t1/014-t5-middle,probe_trigger,proactive,D,emb,full,full,ellipsis,True,cross,interleaved,6,1401
ando,ando-waitlist_email_owner@t1/014-t5-middle,probe_trigger,proactive,D,rrf,full,full,ellipsis,True,cross,interleaved,5,1208
ando,ando-waitlist_email_owner@t1/014-t5-middle,probe_trigger,proactive,E,bm25,partial,partial,ellipsis,True,cross,interleaved,41,1485
ando,ando-waitlist_email_owner@t1/014-t5-middle,probe_trigger,proactive,E,emb,full,full,ellipsis,True,cross,interleaved,45,1457
ando,ando-waitlist_email_owner@t1/014-t5-middle,probe_trigger,proactive,E,rrf,full,full,ellipsis,True,cross,interleaved,44,1471
ando,ando-waitlist_email_owner@t1/014-t6-start,probe_trigger,proactive,window,-,none,none,ellipsis,True,cross,flat,0,0
ando,ando-waitlist_email_owner@t1/014-t6-start,probe_trigger,proactive,oracle,-,full,full,ellipsis,True,cross,flat,2,57
ando,ando-waitlist_email_owner@t1/014-t6-start,probe_trigger,proactive,A,bm25,full,partial,ellipsis,True,cross,flat,38,1488
ando,ando-waitlist_email_owner@t1/014-t6-start,probe_trigger,proactive,A,emb,full,partial,ellipsis,True,cross,flat,38,1467
ando,ando-waitlist_email_owner@t1/014-t6-start,probe_trigger,proactive,A,rrf,full,partial,ellipsis,True,cross,flat,38,1480
ando,ando-waitlist_email_owner@t1/014-t6-start,probe_trigger,proactive,B,bm25,none,none,ellipsis,True,cross,flat,6,1435
ando,ando-waitlist_email_owner@t1/014-t6-start,probe_trigger,proactive,B,emb,full,full,ellipsis,True,cross,flat,6,1461
ando,ando-waitlist_email_owner@t1/014-t6-start,probe_trigger,proactive,B,rrf,none,none,ellipsis,True,cross,flat,5,1297
ando,ando-waitlist_email_owner@t1/014-t6-start,probe_trigger,proactive,C,bm25,full,none,ellipsis,True,cross,flat,14,1442
ando,ando-waitlist_email_owner@t1/014-t6-start,probe_trigger,proactive,C,emb,full,partial,ellipsis,True,cross,flat,14,1464
ando,ando-waitlist_email_owner@t1/014-t6-start,probe_trigger,proactive,C,rrf,full,partial,ellipsis,True,cross,flat,14,1450
ando,ando-waitlist_email_owner@t1/014-t6-start,probe_trigger,proactive,Cstar,bm25,full,full,ellipsis,True,cross,flat,24,1397
ando,ando-waitlist_email_owner@t1/014-t6-start,probe_trigger,proactive,Cstar,emb,full,full,ellipsis,True,cross,flat,26,1492
ando,ando-waitlist_email_owner@t1/014-t6-start,probe_trigger,proactive,Cstar,rrf,full,full,ellipsis,True,cross,flat,25,1478
ando,ando-waitlist_email_owner@t1/014-t6-start,probe_trigger,proactive,D,bm25,full,full,ellipsis,True,cross,flat,9,1490
ando,ando-waitlist_email_owner@t1/014-t6-start,probe_trigger,proactive,D,emb,full,full,ellipsis,True,cross,flat,10,1394
ando,ando-waitlist_email_owner@t1/014-t6-start,probe_trigger,proactive,D,rrf,full,full,ellipsis,True,cross,flat,9,1362
ando,ando-waitlist_email_owner@t1/014-t6-start,probe_trigger,proactive,E,bm25,full,full,ellipsis,True,cross,flat,47,1469
ando,ando-waitlist_email_owner@t1/014-t6-start,probe_trigger,proactive,E,emb,full,full,ellipsis,True,cross,flat,53,1481
ando,ando-waitlist_email_owner@t1/014-t6-start,probe_trigger,proactive,E,rrf,full,full,ellipsis,True,cross,flat,50,1488
ando,ando-waitlist_email_owner@t1/014-t6-middle,probe_trigger,proactive,window,-,none,none,ellipsis,True,cross,flat,0,0
ando,ando-waitlist_email_owner@t1/014-t6-middle,probe_trigger,proactive,oracle,-,full,full,ellipsis,True,cross,flat,2,57
ando,ando-waitlist_email_owner@t1/014-t6-middle,probe_trigger,proactive,A,bm25,none,none,ellipsis,True,cross,flat,37,1452
ando,ando-waitlist_email_owner@t1/014-t6-middle,probe_trigger,proactive,A,emb,full,partial,ellipsis,True,cross,flat,38,1479
ando,ando-waitlist_email_owner@t1/014-t6-middle,probe_trigger,proactive,A,rrf,full,partial,ellipsis,True,cross,flat,39,1497
ando,ando-waitlist_email_owner@t1/014-t6-middle,probe_trigger,proactive,B,bm25,none,none,ellipsis,True,cross,flat,6,1350
ando,ando-waitlist_email_owner@t1/014-t6-middle,probe_trigger,proactive,B,emb,full,none,ellipsis,True,cross,flat,6,1437
ando,ando-waitlist_email_owner@t1/014-t6-middle,probe_trigger,proactive,B,rrf,none,none,ellipsis,True,cross,flat,6,1423
ando,ando-waitlist_email_owner@t1/014-t6-middle,probe_trigger,proactive,C,bm25,none,none,ellipsis,True,cross,flat,12,1468
ando,ando-waitlist_email_owner@t1/014-t6-middle,probe_trigger,proactive,C,emb,full,partial,ellipsis,True,cross,flat,14,1464
ando,ando-waitlist_email_owner@t1/014-t6-middle,probe_trigger,proactive,C,rrf,full,partial,ellipsis,True,cross,flat,13,1485
ando,ando-waitlist_email_owner@t1/014-t6-middle,probe_trigger,proactive,Cstar,bm25,none,none,ellipsis,True,cross,flat,17,1467
ando,ando-waitlist_email_owner@t1/014-t6-middle,probe_trigger,proactive,Cstar,emb,full,none,ellipsis,True,cross,flat,22,1466
ando,ando-waitlist_email_owner@t1/014-t6-middle,probe_trigger,proactive,Cstar,rrf,full,none,ellipsis,True,cross,flat,20,1427
ando,ando-waitlist_email_owner@t1/014-t6-middle,probe_trigger,proactive,D,bm25,none,none,ellipsis,True,cross,flat,4,1411
ando,ando-waitlist_email_owner@t1/014-t6-middle,probe_trigger,proactive,D,emb,full,full,ellipsis,True,cross,flat,8,1447
ando,ando-waitlist_email_owner@t1/014-t6-middle,probe_trigger,proactive,D,rrf,none,none,ellipsis,True,cross,flat,5,1447
ando,ando-waitlist_email_owner@t1/014-t6-middle,probe_trigger,proactive,E,bm25,full,none,ellipsis,True,cross,flat,44,1482
ando,ando-waitlist_email_owner@t1/014-t6-middle,probe_trigger,proactive,E,emb,full,full,ellipsis,True,cross,flat,48,1478
ando,ando-waitlist_email_owner@t1/014-t6-middle,probe_trigger,proactive,E,rrf,full,full,ellipsis,True,cross,flat,49,1499
ando,ando-pricing_model@t1/017-t2-start,probe_trigger,proactive,window,-,none,none,distributed,False,cross,interleaved,0,0
ando,ando-pricing_model@t1/017-t2-start,probe_trigger,proactive,oracle,-,full,full,distributed,False,cross,interleaved,1,63
ando,ando-pricing_model@t1/017-t2-start,probe_trigger,proactive,A,bm25,full,full,distributed,False,cross,interleaved,40,1420
ando,ando-pricing_model@t1/017-t2-start,probe_trigger,proactive,A,emb,full,full,distributed,False,cross,interleaved,40,1420
ando,ando-pricing_model@t1/017-t2-start,probe_trigger,proactive,A,rrf,full,full,distributed,False,cross,interleaved,40,1420
ando,ando-pricing_model@t1/017-t2-start,probe_trigger,proactive,B,bm25,partial,partial,distributed,False,cross,interleaved,8,1459
ando,ando-pricing_model@t1/017-t2-start,probe_trigger,proactive,B,emb,full,full,distributed,False,cross,interleaved,6,1282
ando,ando-pricing_model@t1/017-t2-start,probe_trigger,proactive,B,rrf,full,full,distributed,False,cross,interleaved,7,1432
ando,ando-pricing_model@t1/017-t2-start,probe_trigger,proactive,C,bm25,none,none,distributed,False,cross,interleaved,18,1466
ando,ando-pricing_model@t1/017-t2-start,probe_trigger,proactive,C,emb,full,full,distributed,False,cross,interleaved,17,1464
ando,ando-pricing_model@t1/017-t2-start,probe_trigger,proactive,C,rrf,full,full,distributed,False,cross,interleaved,17,1424
ando,ando-pricing_model@t1/017-t2-start,probe_trigger,proactive,Cstar,bm25,full,full,distributed,False,cross,interleaved,27,1470
ando,ando-pricing_model@t1/017-t2-start,probe_trigger,proactive,Cstar,emb,full,full,distributed,False,cross,interleaved,27,1463
ando,ando-pricing_model@t1/017-t2-start,probe_trigger,proactive,Cstar,rrf,full,full,distributed,False,cross,interleaved,26,1426
ando,ando-pricing_model@t1/017-t2-start,probe_trigger,proactive,D,bm25,full,full,distributed,False,cross,interleaved,12,1436
ando,ando-pricing_model@t1/017-t2-start,probe_trigger,proactive,D,emb,full,full,distributed,False,cross,interleaved,12,1436
ando,ando-pricing_model@t1/017-t2-start,probe_trigger,proactive,D,rrf,full,full,distributed,False,cross,interleaved,12,1436
ando,ando-pricing_model@t1/017-t2-start,probe_trigger,proactive,E,bm25,full,full,distributed,False,cross,interleaved,52,1427
ando,ando-pricing_model@t1/017-t2-start,probe_trigger,proactive,E,emb,full,full,distributed,False,cross,interleaved,52,1427
ando,ando-pricing_model@t1/017-t2-start,probe_trigger,proactive,E,rrf,full,full,distributed,False,cross,interleaved,52,1427
ando,ando-pricing_model@t1/017-t2-middle,probe_trigger,proactive,window,-,none,none,distributed,False,cross,interleaved,0,0
ando,ando-pricing_model@t1/017-t2-middle,probe_trigger,proactive,oracle,-,full,full,distributed,False,cross,interleaved,1,63
ando,ando-pricing_model@t1/017-t2-middle,probe_trigger,proactive,A,bm25,partial,partial,distributed,False,cross,interleaved,38,1478
ando,ando-pricing_model@t1/017-t2-middle,probe_trigger,proactive,A,emb,partial,partial,distributed,False,cross,interleaved,39,1499
ando,ando-pricing_model@t1/017-t2-middle,probe_trigger,proactive,A,rrf,partial,partial,distributed,False,cross,interleaved,38,1476
ando,ando-pricing_model@t1/017-t2-middle,probe_trigger,proactive,B,bm25,none,none,distributed,False,cross,interleaved,6,1463
ando,ando-pricing_model@t1/017-t2-middle,probe_trigger,proactive,B,emb,partial,partial,distributed,False,cross,interleaved,6,1394
ando,ando-pricing_model@t1/017-t2-middle,probe_trigger,proactive,B,rrf,partial,partial,distributed,False,cross,interleaved,6,1455
ando,ando-pricing_model@t1/017-t2-middle,probe_trigger,proactive,C,bm25,none,none,distributed,False,cross,interleaved,13,1500
ando,ando-pricing_model@t1/017-t2-middle,probe_trigger,proactive,C,emb,none,none,distributed,False,cross,interleaved,13,1480
ando,ando-pricing_model@t1/017-t2-middle,probe_trigger,proactive,C,rrf,none,none,distributed,False,cross,interleaved,12,1397
ando,ando-pricing_model@t1/017-t2-middle,probe_trigger,proactive,Cstar,bm25,none,none,distributed,False,cross,interleaved,20,1435
ando,ando-pricing_model@t1/017-t2-middle,probe_trigger,proactive,Cstar,emb,full,full,distributed,False,cross,interleaved,20,1493
ando,ando-pricing_model@t1/017-t2-middle,probe_trigger,proactive,Cstar,rrf,none,none,distributed,False,cross,interleaved,18,1445
ando,ando-pricing_model@t1/017-t2-middle,probe_trigger,proactive,D,bm25,partial,partial,distributed,False,cross,interleaved,9,1471
ando,ando-pricing_model@t1/017-t2-middle,probe_trigger,proactive,D,emb,partial,partial,distributed,False,cross,interleaved,8,1440
ando,ando-pricing_model@t1/017-t2-middle,probe_trigger,proactive,D,rrf,partial,partial,distributed,False,cross,interleaved,9,1471
ando,ando-pricing_model@t1/017-t2-middle,probe_trigger,proactive,E,bm25,full,full,distributed,False,cross,interleaved,46,1492
ando,ando-pricing_model@t1/017-t2-middle,probe_trigger,proactive,E,emb,partial,partial,distributed,False,cross,interleaved,46,1471
ando,ando-pricing_model@t1/017-t2-middle,probe_trigger,proactive,E,rrf,full,full,distributed,False,cross,interleaved,46,1494
ando,ando-pricing_model@t1/017-t3-start,probe_trigger,proactive,window,-,none,none,distributed,False,far,threaded,0,0
ando,ando-pricing_model@t1/017-t3-start,probe_trigger,proactive,oracle,-,full,full,distributed,False,far,threaded,1,63
ando,ando-pricing_model@t1/017-t3-start,probe_trigger,proactive,A,bm25,full,full,distributed,False,far,threaded,38,1461
ando,ando-pricing_model@t1/017-t3-start,probe_trigger,proactive,A,emb,full,full,distributed,False,far,threaded,39,1474
ando,ando-pricing_model@t1/017-t3-start,probe_trigger,proactive,A,rrf,full,full,distributed,False,far,threaded,38,1468
ando,ando-pricing_model@t1/017-t3-start,probe_trigger,proactive,B,bm25,full,full,distributed,False,far,threaded,6,1296
ando,ando-pricing_model@t1/017-t3-start,probe_trigger,proactive,B,emb,full,full,distributed,False,far,threaded,7,1418
ando,ando-pricing_model@t1/017-t3-start,probe_trigger,proactive,B,rrf,full,full,distributed,False,far,threaded,7,1455
ando,ando-pricing_model@t1/017-t3-start,probe_trigger,proactive,C,bm25,none,none,distributed,False,far,threaded,12,1425
ando,ando-pricing_model@t1/017-t3-start,probe_trigger,proactive,C,emb,full,full,distributed,False,far,threaded,17,1497
ando,ando-pricing_model@t1/017-t3-start,probe_trigger,proactive,C,rrf,full,full,distributed,False,far,threaded,14,1494
ando,ando-pricing_model@t1/017-t3-start,probe_trigger,proactive,Cstar,bm25,full,full,distributed,False,far,threaded,24,1489
ando,ando-pricing_model@t1/017-t3-start,probe_trigger,proactive,Cstar,emb,full,full,distributed,False,far,threaded,27,1497
ando,ando-pricing_model@t1/017-t3-start,probe_trigger,proactive,Cstar,rrf,full,full,distributed,False,far,threaded,25,1434
ando,ando-pricing_model@t1/017-t3-start,probe_trigger,proactive,D,bm25,partial,partial,distributed,False,far,threaded,5,1220
ando,ando-pricing_model@t1/017-t3-start,probe_trigger,proactive,D,emb,partial,partial,distributed,False,far,threaded,8,1494
ando,ando-pricing_model@t1/017-t3-start,probe_trigger,proactive,D,rrf,partial,partial,distributed,False,far,threaded,7,1449
ando,ando-pricing_model@t1/017-t3-start,probe_trigger,proactive,E,bm25,full,full,distributed,False,far,threaded,46,1491
ando,ando-pricing_model@t1/017-t3-start,probe_trigger,proactive,E,emb,full,full,distributed,False,far,threaded,48,1470
ando,ando-pricing_model@t1/017-t3-start,probe_trigger,proactive,E,rrf,full,full,distributed,False,far,threaded,46,1472
ando,ando-pricing_model@t1/017-t3-middle,probe_trigger,proactive,window,-,none,none,distributed,False,far,threaded,0,0
ando,ando-pricing_model@t1/017-t3-middle,probe_trigger,proactive,oracle,-,full,full,distributed,False,far,threaded,1,63
ando,ando-pricing_model@t1/017-t3-middle,probe_trigger,proactive,A,bm25,full,full,distributed,False,far,threaded,37,1460
ando,ando-pricing_model@t1/017-t3-middle,probe_trigger,proactive,A,emb,full,full,distributed,False,far,threaded,37,1477
ando,ando-pricing_model@t1/017-t3-middle,probe_trigger,proactive,A,rrf,full,full,distributed,False,far,threaded,37,1483
ando,ando-pricing_model@t1/017-t3-middle,probe_trigger,proactive,B,bm25,full,full,distributed,False,far,threaded,6,1499
ando,ando-pricing_model@t1/017-t3-middle,probe_trigger,proactive,B,emb,full,full,distributed,False,far,threaded,6,1412
ando,ando-pricing_model@t1/017-t3-middle,probe_trigger,proactive,B,rrf,full,full,distributed,False,far,threaded,6,1480
ando,ando-pricing_model@t1/017-t3-middle,probe_trigger,proactive,C,bm25,full,full,distributed,False,far,threaded,13,1451
ando,ando-pricing_model@t1/017-t3-middle,probe_trigger,proactive,C,emb,full,full,distributed,False,far,threaded,13,1416
ando,ando-pricing_model@t1/017-t3-middle,probe_trigger,proactive,C,rrf,full,full,distributed,False,far,threaded,12,1386
ando,ando-pricing_model@t1/017-t3-middle,probe_trigger,proactive,Cstar,bm25,full,full,distributed,False,far,threaded,24,1490
ando,ando-pricing_model@t1/017-t3-middle,probe_trigger,proactive,Cstar,emb,full,full,distributed,False,far,threaded,21,1441
ando,ando-pricing_model@t1/017-t3-middle,probe_trigger,proactive,Cstar,rrf,full,full,distributed,False,far,threaded,22,1464
ando,ando-pricing_model@t1/017-t3-middle,probe_trigger,proactive,D,bm25,partial,partial,distributed,False,far,threaded,8,1284
ando,ando-pricing_model@t1/017-t3-middle,probe_trigger,proactive,D,emb,partial,partial,distributed,False,far,threaded,6,1255
ando,ando-pricing_model@t1/017-t3-middle,probe_trigger,proactive,D,rrf,partial,partial,distributed,False,far,threaded,7,1376
ando,ando-pricing_model@t1/017-t3-middle,probe_trigger,proactive,E,bm25,full,full,distributed,False,far,threaded,45,1476
ando,ando-pricing_model@t1/017-t3-middle,probe_trigger,proactive,E,emb,full,full,distributed,False,far,threaded,42,1455
ando,ando-pricing_model@t1/017-t3-middle,probe_trigger,proactive,E,rrf,full,full,distributed,False,far,threaded,43,1461
ando,ando-pricing_model@t1/017-t4-start,probe_trigger,proactive,window,-,none,none,distributed,False,cross,flat,0,0
ando,ando-pricing_model@t1/017-t4-start,probe_trigger,proactive,oracle,-,full,full,distributed,False,cross,flat,1,63
ando,ando-pricing_model@t1/017-t4-start,probe_trigger,proactive,A,bm25,none,none,distributed,False,cross,flat,37,1495
ando,ando-pricing_model@t1/017-t4-start,probe_trigger,proactive,A,emb,full,full,distributed,False,cross,flat,38,1485
ando,ando-pricing_model@t1/017-t4-start,probe_trigger,proactive,A,rrf,full,full,distributed,False,cross,flat,37,1463
ando,ando-pricing_model@t1/017-t4-start,probe_trigger,proactive,B,bm25,none,none,distributed,False,cross,flat,6,1423
ando,ando-pricing_model@t1/017-t4-start,probe_trigger,proactive,B,emb,full,full,distributed,False,cross,flat,6,1488
ando,ando-pricing_model@t1/017-t4-start,probe_trigger,proactive,B,rrf,none,none,distributed,False,cross,flat,6,1487
ando,ando-pricing_model@t1/017-t4-start,probe_trigger,proactive,C,bm25,none,none,distributed,False,cross,flat,13,1431
ando,ando-pricing_model@t1/017-t4-start,probe_trigger,proactive,C,emb,full,full,distributed,False,cross,flat,13,1397
ando,ando-pricing_model@t1/017-t4-start,probe_trigger,proactive,C,rrf,none,none,distributed,False,cross,flat,14,1463
ando,ando-pricing_model@t1/017-t4-start,probe_trigger,proactive,Cstar,bm25,none,none,distributed,False,cross,flat,27,1491
ando,ando-pricing_model@t1/017-t4-start,probe_trigger,proactive,Cstar,emb,full,full,distributed,False,cross,flat,21,1472
ando,ando-pricing_model@t1/017-t4-start,probe_trigger,proactive,Cstar,rrf,full,full,distributed,False,cross,flat,22,1436
ando,ando-pricing_model@t1/017-t4-start,probe_trigger,proactive,D,bm25,none,none,distributed,False,cross,flat,7,1251
ando,ando-pricing_model@t1/017-t4-start,probe_trigger,proactive,D,emb,partial,partial,distributed,False,cross,flat,8,1442
ando,ando-pricing_model@t1/017-t4-start,probe_trigger,proactive,D,rrf,none,none,distributed,False,cross,flat,8,1478
ando,ando-pricing_model@t1/017-t4-start,probe_trigger,proactive,E,bm25,none,none,distributed,False,cross,flat,46,1495
ando,ando-pricing_model@t1/017-t4-start,probe_trigger,proactive,E,emb,full,full,distributed,False,cross,flat,47,1455
ando,ando-pricing_model@t1/017-t4-start,probe_trigger,proactive,E,rrf,full,full,distributed,False,cross,flat,45,1461
ando,ando-dm_policy@t2/005-t3-start,probe_trigger,proactive,window,-,none,none,explicit,False,cross,threaded,0,0
ando,ando-dm_policy@t2/005-t3-start,probe_trigger,proactive,oracle,-,full,full,explicit,False,cross,threaded,1,57
ando,ando-dm_policy@t2/005-t3-start,probe_trigger,proactive,A,bm25,full,full,explicit,False,cross,threaded,38,1474
ando,ando-dm_policy@t2/005-t3-start,probe_trigger,proactive,A,emb,full,full,explicit,False,cross,threaded,38,1475
ando,ando-dm_policy@t2/005-t3-start,probe_trigger,proactive,A,rrf,full,full,explicit,False,cross,threaded,37,1483
ando,ando-dm_policy@t2/005-t3-start,probe_trigger,proactive,B,bm25,none,none,explicit,False,cross,threaded,6,1348
ando,ando-dm_policy@t2/005-t3-start,probe_trigger,proactive,B,emb,none,none,explicit,False,cross,threaded,6,1265
ando,ando-dm_policy@t2/005-t3-start,probe_trigger,proactive,B,rrf,none,none,explicit,False,cross,threaded,6,1361
ando,ando-dm_policy@t2/005-t3-start,probe_trigger,proactive,C,bm25,none,none,explicit,False,cross,threaded,12,1439
ando,ando-dm_policy@t2/005-t3-start,probe_trigger,proactive,C,emb,none,none,explicit,False,cross,threaded,12,1368
ando,ando-dm_policy@t2/005-t3-start,probe_trigger,proactive,C,rrf,none,none,explicit,False,cross,threaded,13,1483
ando,ando-dm_policy@t2/005-t3-start,probe_trigger,proactive,Cstar,bm25,full,full,explicit,False,cross,threaded,22,1402
ando,ando-dm_policy@t2/005-t3-start,probe_trigger,proactive,Cstar,emb,none,none,explicit,False,cross,threaded,24,1403
ando,ando-dm_policy@t2/005-t3-start,probe_trigger,proactive,Cstar,rrf,full,full,explicit,False,cross,threaded,23,1404
ando,ando-dm_policy@t2/005-t3-start,probe_trigger,proactive,D,bm25,none,none,explicit,False,cross,threaded,5,1420
ando,ando-dm_policy@t2/005-t3-start,probe_trigger,proactive,D,emb,full,full,explicit,False,cross,threaded,6,1489
ando,ando-dm_policy@t2/005-t3-start,probe_trigger,proactive,D,rrf,none,none,explicit,False,cross,threaded,5,1268
ando,ando-dm_policy@t2/005-t3-start,probe_trigger,proactive,E,bm25,none,none,explicit,False,cross,threaded,45,1490
ando,ando-dm_policy@t2/005-t3-start,probe_trigger,proactive,E,emb,full,full,explicit,False,cross,threaded,44,1498
ando,ando-dm_policy@t2/005-t3-start,probe_trigger,proactive,E,rrf,full,full,explicit,False,cross,threaded,44,1475
ando,ando-dm_policy@t2/005-t3-middle,probe_trigger,proactive,window,-,none,none,explicit,False,cross,threaded,0,0
ando,ando-dm_policy@t2/005-t3-middle,probe_trigger,proactive,oracle,-,full,full,explicit,False,cross,threaded,1,57
ando,ando-dm_policy@t2/005-t3-middle,probe_trigger,proactive,A,bm25,full,full,explicit,False,cross,threaded,37,1495
ando,ando-dm_policy@t2/005-t3-middle,probe_trigger,proactive,A,emb,full,full,explicit,False,cross,threaded,37,1499
ando,ando-dm_policy@t2/005-t3-middle,probe_trigger,proactive,A,rrf,full,full,explicit,False,cross,threaded,36,1467
ando,ando-dm_policy@t2/005-t3-middle,probe_trigger,proactive,B,bm25,none,none,explicit,False,cross,threaded,5,1287
ando,ando-dm_policy@t2/005-t3-middle,probe_trigger,proactive,B,emb,full,full,explicit,False,cross,threaded,6,1493
ando,ando-dm_policy@t2/005-t3-middle,probe_trigger,proactive,B,rrf,full,full,explicit,False,cross,threaded,5,1321
ando,ando-dm_policy@t2/005-t3-middle,probe_trigger,proactive,C,bm25,full,full,explicit,False,cross,threaded,12,1444
ando,ando-dm_policy@t2/005-t3-middle,probe_trigger,proactive,C,emb,full,full,explicit,False,cross,threaded,12,1391
ando,ando-dm_policy@t2/005-t3-middle,probe_trigger,proactive,C,rrf,full,full,explicit,False,cross,threaded,12,1484
ando,ando-dm_policy@t2/005-t3-middle,probe_trigger,proactive,Cstar,bm25,full,full,explicit,False,cross,threaded,18,1466
ando,ando-dm_policy@t2/005-t3-middle,probe_trigger,proactive,Cstar,emb,full,full,explicit,False,cross,threaded,18,1483
ando,ando-dm_policy@t2/005-t3-middle,probe_trigger,proactive,Cstar,rrf,full,full,explicit,False,cross,threaded,18,1500
ando,ando-dm_policy@t2/005-t3-middle,probe_trigger,proactive,D,bm25,none,none,explicit,False,cross,threaded,5,1249
ando,ando-dm_policy@t2/005-t3-middle,probe_trigger,proactive,D,emb,full,full,explicit,False,cross,threaded,6,1461
ando,ando-dm_policy@t2/005-t3-middle,probe_trigger,proactive,D,rrf,full,full,explicit,False,cross,threaded,5,1325
ando,ando-dm_policy@t2/005-t3-middle,probe_trigger,proactive,E,bm25,full,full,explicit,False,cross,threaded,44,1485
ando,ando-dm_policy@t2/005-t3-middle,probe_trigger,proactive,E,emb,full,full,explicit,False,cross,threaded,42,1478
ando,ando-dm_policy@t2/005-t3-middle,probe_trigger,proactive,E,rrf,full,full,explicit,False,cross,threaded,42,1472
ando,ando-dm_policy@t2/005-t4-start,probe_trigger,proactive,window,-,none,none,explicit,False,cross,flat,0,0
ando,ando-dm_policy@t2/005-t4-start,probe_trigger,proactive,oracle,-,full,full,explicit,False,cross,flat,1,57
ando,ando-dm_policy@t2/005-t4-start,probe_trigger,proactive,A,bm25,full,full,explicit,False,cross,flat,37,1486
ando,ando-dm_policy@t2/005-t4-start,probe_trigger,proactive,A,emb,full,full,explicit,False,cross,flat,37,1495
ando,ando-dm_policy@t2/005-t4-start,probe_trigger,proactive,A,rrf,full,full,explicit,False,cross,flat,37,1479
ando,ando-dm_policy@t2/005-t4-start,probe_trigger,proactive,B,bm25,full,full,explicit,False,cross,flat,6,1418
ando,ando-dm_policy@t2/005-t4-start,probe_trigger,proactive,B,emb,full,full,explicit,False,cross,flat,6,1465
ando,ando-dm_policy@t2/005-t4-start,probe_trigger,proactive,B,rrf,full,full,explicit,False,cross,flat,6,1478
ando,ando-dm_policy@t2/005-t4-start,probe_trigger,proactive,C,bm25,full,full,explicit,False,cross,flat,14,1459
ando,ando-dm_policy@t2/005-t4-start,probe_trigger,proactive,C,emb,full,full,explicit,False,cross,flat,13,1495
ando,ando-dm_policy@t2/005-t4-start,probe_trigger,proactive,C,rrf,full,full,explicit,False,cross,flat,12,1393
ando,ando-dm_policy@t2/005-t4-start,probe_trigger,proactive,Cstar,bm25,full,full,explicit,False,cross,flat,22,1438
ando,ando-dm_policy@t2/005-t4-start,probe_trigger,proactive,Cstar,emb,full,full,explicit,False,cross,flat,18,1488
ando,ando-dm_policy@t2/005-t4-start,probe_trigger,proactive,Cstar,rrf,full,full,explicit,False,cross,flat,17,1441
ando,ando-dm_policy@t2/005-t4-start,probe_trigger,proactive,D,bm25,full,full,explicit,False,cross,flat,6,1304
ando,ando-dm_policy@t2/005-t4-start,probe_trigger,proactive,D,emb,full,full,explicit,False,cross,flat,8,1497
ando,ando-dm_policy@t2/005-t4-start,probe_trigger,proactive,D,rrf,full,full,explicit,False,cross,flat,6,1304
ando,ando-dm_policy@t2/005-t4-start,probe_trigger,proactive,E,bm25,full,full,explicit,False,cross,flat,42,1464
ando,ando-dm_policy@t2/005-t4-start,probe_trigger,proactive,E,emb,full,full,explicit,False,cross,flat,42,1488
ando,ando-dm_policy@t2/005-t4-start,probe_trigger,proactive,E,rrf,full,full,explicit,False,cross,flat,40,1500
ando,ando-dm_policy@t2/005-t4-middle,probe_trigger,proactive,window,-,none,none,explicit,False,cross,flat,0,0
ando,ando-dm_policy@t2/005-t4-middle,probe_trigger,proactive,oracle,-,full,full,explicit,False,cross,flat,1,57
ando,ando-dm_policy@t2/005-t4-middle,probe_trigger,proactive,A,bm25,none,none,explicit,False,cross,flat,38,1470
ando,ando-dm_policy@t2/005-t4-middle,probe_trigger,proactive,A,emb,full,full,explicit,False,cross,flat,36,1472
ando,ando-dm_policy@t2/005-t4-middle,probe_trigger,proactive,A,rrf,full,full,explicit,False,cross,flat,37,1484
ando,ando-dm_policy@t2/005-t4-middle,probe_trigger,proactive,B,bm25,none,none,explicit,False,cross,flat,6,1440
ando,ando-dm_policy@t2/005-t4-middle,probe_trigger,proactive,B,emb,none,none,explicit,False,cross,flat,6,1405
ando,ando-dm_policy@t2/005-t4-middle,probe_trigger,proactive,B,rrf,none,none,explicit,False,cross,flat,6,1431
ando,ando-dm_policy@t2/005-t4-middle,probe_trigger,proactive,C,bm25,none,none,explicit,False,cross,flat,12,1444
ando,ando-dm_policy@t2/005-t4-middle,probe_trigger,proactive,C,emb,none,none,explicit,False,cross,flat,12,1460
ando,ando-dm_policy@t2/005-t4-middle,probe_trigger,proactive,C,rrf,none,none,explicit,False,cross,flat,12,1432
ando,ando-dm_policy@t2/005-t4-middle,probe_trigger,proactive,Cstar,bm25,full,full,explicit,False,cross,flat,19,1477
ando,ando-dm_policy@t2/005-t4-middle,probe_trigger,proactive,Cstar,emb,none,none,explicit,False,cross,flat,18,1429
ando,ando-dm_policy@t2/005-t4-middle,probe_trigger,proactive,Cstar,rrf,full,full,explicit,False,cross,flat,17,1462
ando,ando-dm_policy@t2/005-t4-middle,probe_trigger,proactive,D,bm25,none,none,explicit,False,cross,flat,6,1490
ando,ando-dm_policy@t2/005-t4-middle,probe_trigger,proactive,D,emb,full,full,explicit,False,cross,flat,5,1442
ando,ando-dm_policy@t2/005-t4-middle,probe_trigger,proactive,D,rrf,none,none,explicit,False,cross,flat,5,1273
ando,ando-dm_policy@t2/005-t4-middle,probe_trigger,proactive,E,bm25,none,none,explicit,False,cross,flat,44,1498
ando,ando-dm_policy@t2/005-t4-middle,probe_trigger,proactive,E,emb,full,full,explicit,False,cross,flat,42,1495
ando,ando-dm_policy@t2/005-t4-middle,probe_trigger,proactive,E,rrf,full,full,explicit,False,cross,flat,44,1479
ando,ando-dm_policy@t2/005-t5-start,probe_trigger,proactive,window,-,none,none,explicit,False,far,interleaved,0,0
ando,ando-dm_policy@t2/005-t5-start,probe_trigger,proactive,oracle,-,full,full,explicit,False,far,interleaved,1,57
ando,ando-dm_policy@t2/005-t5-start,probe_trigger,proactive,A,bm25,full,full,explicit,False,far,interleaved,38,1482
ando,ando-dm_policy@t2/005-t5-start,probe_trigger,proactive,A,emb,full,full,explicit,False,far,interleaved,37,1466
ando,ando-dm_policy@t2/005-t5-start,probe_trigger,proactive,A,rrf,full,full,explicit,False,far,interleaved,38,1496
ando,ando-dm_policy@t2/005-t5-start,probe_trigger,proactive,B,bm25,full,full,explicit,False,far,interleaved,6,1385
ando,ando-dm_policy@t2/005-t5-start,probe_trigger,proactive,B,emb,full,full,explicit,False,far,interleaved,6,1489
ando,ando-dm_policy@t2/005-t5-start,probe_trigger,proactive,B,rrf,full,full,explicit,False,far,interleaved,6,1410
ando,ando-dm_policy@t2/005-t5-start,probe_trigger,proactive,C,bm25,full,full,explicit,False,far,interleaved,13,1465
ando,ando-dm_policy@t2/005-t5-start,probe_trigger,proactive,C,emb,full,full,explicit,False,far,interleaved,12,1450
ando,ando-dm_policy@t2/005-t5-start,probe_trigger,proactive,C,rrf,full,full,explicit,False,far,interleaved,12,1454
ando,ando-dm_policy@t2/005-t5-start,probe_trigger,proactive,Cstar,bm25,full,full,explicit,False,far,interleaved,15,1500
ando,ando-dm_policy@t2/005-t5-start,probe_trigger,proactive,Cstar,emb,full,full,explicit,False,far,interleaved,16,1494
ando,ando-dm_policy@t2/005-t5-start,probe_trigger,proactive,Cstar,rrf,full,full,explicit,False,far,interleaved,15,1476
ando,ando-dm_policy@t2/005-t5-start,probe_trigger,proactive,D,bm25,full,full,explicit,False,far,interleaved,5,1441
ando,ando-dm_policy@t2/005-t5-start,probe_trigger,proactive,D,emb,full,full,explicit,False,far,interleaved,7,1445
ando,ando-dm_policy@t2/005-t5-start,probe_trigger,proactive,D,rrf,full,full,explicit,False,far,interleaved,5,1466
ando,ando-dm_policy@t2/005-t5-start,probe_trigger,proactive,E,bm25,full,full,explicit,False,far,interleaved,43,1486
ando,ando-dm_policy@t2/005-t5-start,probe_trigger,proactive,E,emb,full,full,explicit,False,far,interleaved,41,1488
ando,ando-dm_policy@t2/005-t5-start,probe_trigger,proactive,E,rrf,full,full,explicit,False,far,interleaved,42,1474
ando,ando-dm_policy@t2/005-t5-middle,probe_trigger,proactive,window,-,none,none,explicit,False,far,interleaved,0,0
ando,ando-dm_policy@t2/005-t5-middle,probe_trigger,proactive,oracle,-,full,full,explicit,False,far,interleaved,1,57
ando,ando-dm_policy@t2/005-t5-middle,probe_trigger,proactive,A,bm25,none,none,explicit,False,far,interleaved,39,1481
ando,ando-dm_policy@t2/005-t5-middle,probe_trigger,proactive,A,emb,full,full,explicit,False,far,interleaved,37,1484
ando,ando-dm_policy@t2/005-t5-middle,probe_trigger,proactive,A,rrf,full,full,explicit,False,far,interleaved,37,1499
ando,ando-dm_policy@t2/005-t5-middle,probe_trigger,proactive,B,bm25,full,full,explicit,False,far,interleaved,6,1399
ando,ando-dm_policy@t2/005-t5-middle,probe_trigger,proactive,B,emb,full,full,explicit,False,far,interleaved,6,1379
ando,ando-dm_policy@t2/005-t5-middle,probe_trigger,proactive,B,rrf,full,full,explicit,False,far,interleaved,6,1408
ando,ando-dm_policy@t2/005-t5-middle,probe_trigger,proactive,C,bm25,none,none,explicit,False,far,interleaved,12,1395
ando,ando-dm_policy@t2/005-t5-middle,probe_trigger,proactive,C,emb,full,full,explicit,False,far,interleaved,12,1484
ando,ando-dm_policy@t2/005-t5-middle,probe_trigger,proactive,C,rrf,none,none,explicit,False,far,interleaved,12,1440
ando,ando-dm_policy@t2/005-t5-middle,probe_trigger,proactive,Cstar,bm25,none,none,explicit,False,far,interleaved,19,1492
ando,ando-dm_policy@t2/005-t5-middle,probe_trigger,proactive,Cstar,emb,full,full,explicit,False,far,interleaved,15,1428
ando,ando-dm_policy@t2/005-t5-middle,probe_trigger,proactive,Cstar,rrf,full,full,explicit,False,far,interleaved,14,1371
ando,ando-dm_policy@t2/005-t5-middle,probe_trigger,proactive,D,bm25,none,none,explicit,False,far,interleaved,6,1437
ando,ando-dm_policy@t2/005-t5-middle,probe_trigger,proactive,D,emb,full,full,explicit,False,far,interleaved,7,1492
ando,ando-dm_policy@t2/005-t5-middle,probe_trigger,proactive,D,rrf,full,full,explicit,False,far,interleaved,4,1317
ando,ando-dm_policy@t2/005-t5-middle,probe_trigger,proactive,E,bm25,full,full,explicit,False,far,interleaved,42,1496
ando,ando-dm_policy@t2/005-t5-middle,probe_trigger,proactive,E,emb,full,full,explicit,False,far,interleaved,41,1490
ando,ando-dm_policy@t2/005-t5-middle,probe_trigger,proactive,E,rrf,full,full,explicit,False,far,interleaved,39,1493
ando,ando-dm_policy@t2/005-t6-start,probe_trigger,proactive,window,-,none,none,explicit,False,cross,flat,0,0
ando,ando-dm_policy@t2/005-t6-start,probe_trigger,proactive,oracle,-,full,full,explicit,False,cross,flat,1,57
ando,ando-dm_policy@t2/005-t6-start,probe_trigger,proactive,A,bm25,full,full,explicit,False,cross,flat,36,1464
ando,ando-dm_policy@t2/005-t6-start,probe_trigger,proactive,A,emb,full,full,explicit,False,cross,flat,36,1483
ando,ando-dm_policy@t2/005-t6-start,probe_trigger,proactive,A,rrf,full,full,explicit,False,cross,flat,36,1471
ando,ando-dm_policy@t2/005-t6-start,probe_trigger,proactive,B,bm25,full,full,explicit,False,cross,flat,6,1372
ando,ando-dm_policy@t2/005-t6-start,probe_trigger,proactive,B,emb,full,full,explicit,False,cross,flat,6,1425
ando,ando-dm_policy@t2/005-t6-start,probe_trigger,proactive,B,rrf,full,full,explicit,False,cross,flat,6,1374
ando,ando-dm_policy@t2/005-t6-start,probe_trigger,proactive,C,bm25,full,full,explicit,False,cross,flat,14,1468
ando,ando-dm_policy@t2/005-t6-start,probe_trigger,proactive,C,emb,full,full,explicit,False,cross,flat,12,1444
ando,ando-dm_policy@t2/005-t6-start,probe_trigger,proactive,C,rrf,full,full,explicit,False,cross,flat,12,1386
ando,ando-dm_policy@t2/005-t6-start,probe_trigger,proactive,Cstar,bm25,full,full,explicit,False,cross,flat,20,1418
ando,ando-dm_policy@t2/005-t6-start,probe_trigger,proactive,Cstar,emb,full,full,explicit,False,cross,flat,16,1438
ando,ando-dm_policy@t2/005-t6-start,probe_trigger,proactive,Cstar,rrf,full,full,explicit,False,cross,flat,16,1443
ando,ando-dm_policy@t2/005-t6-start,probe_trigger,proactive,D,bm25,full,full,explicit,False,cross,flat,9,1418
ando,ando-dm_policy@t2/005-t6-start,probe_trigger,proactive,D,emb,full,full,explicit,False,cross,flat,6,1284
ando,ando-dm_policy@t2/005-t6-start,probe_trigger,proactive,D,rrf,full,full,explicit,False,cross,flat,7,1349
ando,ando-dm_policy@t2/005-t6-start,probe_trigger,proactive,E,bm25,full,full,explicit,False,cross,flat,48,1498
ando,ando-dm_policy@t2/005-t6-start,probe_trigger,proactive,E,emb,full,full,explicit,False,cross,flat,41,1461
ando,ando-dm_policy@t2/005-t6-start,probe_trigger,proactive,E,rrf,full,full,explicit,False,cross,flat,44,1488
ando,ando-dm_policy@t2/005-t6-middle,probe_trigger,proactive,window,-,none,none,explicit,False,cross,flat,0,0
ando,ando-dm_policy@t2/005-t6-middle,probe_trigger,proactive,oracle,-,full,full,explicit,False,cross,flat,1,57
ando,ando-dm_policy@t2/005-t6-middle,probe_trigger,proactive,A,bm25,none,none,explicit,False,cross,flat,38,1482
ando,ando-dm_policy@t2/005-t6-middle,probe_trigger,proactive,A,emb,full,full,explicit,False,cross,flat,36,1484
ando,ando-dm_policy@t2/005-t6-middle,probe_trigger,proactive,A,rrf,none,none,explicit,False,cross,flat,37,1480
ando,ando-dm_policy@t2/005-t6-middle,probe_trigger,proactive,B,bm25,none,none,explicit,False,cross,flat,6,1386
ando,ando-dm_policy@t2/005-t6-middle,probe_trigger,proactive,B,emb,none,none,explicit,False,cross,flat,6,1304
ando,ando-dm_policy@t2/005-t6-middle,probe_trigger,proactive,B,rrf,none,none,explicit,False,cross,flat,6,1328
ando,ando-dm_policy@t2/005-t6-middle,probe_trigger,proactive,C,bm25,none,none,explicit,False,cross,flat,12,1465
ando,ando-dm_policy@t2/005-t6-middle,probe_trigger,proactive,C,emb,none,none,explicit,False,cross,flat,15,1426
ando,ando-dm_policy@t2/005-t6-middle,probe_trigger,proactive,C,rrf,none,none,explicit,False,cross,flat,12,1426
ando,ando-dm_policy@t2/005-t6-middle,probe_trigger,proactive,Cstar,bm25,none,none,explicit,False,cross,flat,20,1454
ando,ando-dm_policy@t2/005-t6-middle,probe_trigger,proactive,Cstar,emb,none,none,explicit,False,cross,flat,19,1448
ando,ando-dm_policy@t2/005-t6-middle,probe_trigger,proactive,Cstar,rrf,none,none,explicit,False,cross,flat,15,1440
ando,ando-dm_policy@t2/005-t6-middle,probe_trigger,proactive,D,bm25,none,none,explicit,False,cross,flat,6,1434
ando,ando-dm_policy@t2/005-t6-middle,probe_trigger,proactive,D,emb,none,none,explicit,False,cross,flat,5,1249
ando,ando-dm_policy@t2/005-t6-middle,probe_trigger,proactive,D,rrf,none,none,explicit,False,cross,flat,5,1416
ando,ando-dm_policy@t2/005-t6-middle,probe_trigger,proactive,E,bm25,full,full,explicit,False,cross,flat,43,1497
ando,ando-dm_policy@t2/005-t6-middle,probe_trigger,proactive,E,emb,none,none,explicit,False,cross,flat,40,1476
ando,ando-dm_policy@t2/005-t6-middle,probe_trigger,proactive,E,rrf,none,none,explicit,False,cross,flat,42,1492
ando,ando-and341_owner@t2/011-t3-start,probe_trigger,proactive,window,-,none,none,ellipsis,False,cross,threaded,0,0
ando,ando-and341_owner@t2/011-t3-start,probe_trigger,proactive,oracle,-,full,full,ellipsis,False,cross,threaded,1,35
ando,ando-and341_owner@t2/011-t3-start,probe_trigger,proactive,A,bm25,partial,partial,ellipsis,False,cross,threaded,39,1488
ando,ando-and341_owner@t2/011-t3-start,probe_trigger,proactive,A,emb,partial,partial,ellipsis,False,cross,threaded,39,1485
ando,ando-and341_owner@t2/011-t3-start,probe_trigger,proactive,A,rrf,partial,partial,ellipsis,False,cross,threaded,39,1481
ando,ando-and341_owner@t2/011-t3-start,probe_trigger,proactive,B,bm25,none,none,ellipsis,False,cross,threaded,6,1348
ando,ando-and341_owner@t2/011-t3-start,probe_trigger,proactive,B,emb,full,full,ellipsis,False,cross,threaded,7,1355
ando,ando-and341_owner@t2/011-t3-start,probe_trigger,proactive,B,rrf,full,full,ellipsis,False,cross,threaded,7,1391
ando,ando-and341_owner@t2/011-t3-start,probe_trigger,proactive,C,bm25,none,none,ellipsis,False,cross,threaded,13,1500
ando,ando-and341_owner@t2/011-t3-start,probe_trigger,proactive,C,emb,none,none,ellipsis,False,cross,threaded,13,1399
ando,ando-and341_owner@t2/011-t3-start,probe_trigger,proactive,C,rrf,none,none,ellipsis,False,cross,threaded,13,1432
ando,ando-and341_owner@t2/011-t3-start,probe_trigger,proactive,Cstar,bm25,none,none,ellipsis,False,cross,threaded,25,1472
ando,ando-and341_owner@t2/011-t3-start,probe_trigger,proactive,Cstar,emb,full,full,ellipsis,False,cross,threaded,26,1466
ando,ando-and341_owner@t2/011-t3-start,probe_trigger,proactive,Cstar,rrf,none,none,ellipsis,False,cross,threaded,25,1443
ando,ando-and341_owner@t2/011-t3-start,probe_trigger,proactive,D,bm25,partial,partial,ellipsis,False,cross,threaded,6,1384
ando,ando-and341_owner@t2/011-t3-start,probe_trigger,proactive,D,emb,partial,partial,ellipsis,False,cross,threaded,8,1452
ando,ando-and341_owner@t2/011-t3-start,probe_trigger,proactive,D,rrf,partial,partial,ellipsis,False,cross,threaded,7,1498
ando,ando-and341_owner@t2/011-t3-start,probe_trigger,proactive,E,bm25,full,full,ellipsis,False,cross,threaded,48,1480
ando,ando-and341_owner@t2/011-t3-start,probe_trigger,proactive,E,emb,full,full,ellipsis,False,cross,threaded,48,1490
ando,ando-and341_owner@t2/011-t3-start,probe_trigger,proactive,E,rrf,full,full,ellipsis,False,cross,threaded,46,1486
ando,ando-and341_owner@t2/011-t3-middle,probe_trigger,proactive,window,-,none,none,ellipsis,False,cross,threaded,0,0
ando,ando-and341_owner@t2/011-t3-middle,probe_trigger,proactive,oracle,-,full,full,ellipsis,False,cross,threaded,1,35
ando,ando-and341_owner@t2/011-t3-middle,probe_trigger,proactive,A,bm25,partial,partial,ellipsis,False,cross,threaded,37,1481
ando,ando-and341_owner@t2/011-t3-middle,probe_trigger,proactive,A,emb,partial,partial,ellipsis,False,cross,threaded,37,1489
ando,ando-and341_owner@t2/011-t3-middle,probe_trigger,proactive,A,rrf,partial,partial,ellipsis,False,cross,threaded,37,1489
ando,ando-and341_owner@t2/011-t3-middle,probe_trigger,proactive,B,bm25,full,full,ellipsis,False,cross,threaded,6,1482
ando,ando-and341_owner@t2/011-t3-middle,probe_trigger,proactive,B,emb,full,full,ellipsis,False,cross,threaded,6,1337
ando,ando-and341_owner@t2/011-t3-middle,probe_trigger,proactive,B,rrf,full,full,ellipsis,False,cross,threaded,6,1462
ando,ando-and341_owner@t2/011-t3-middle,probe_trigger,proactive,C,bm25,partial,partial,ellipsis,False,cross,threaded,12,1455
ando,ando-and341_owner@t2/011-t3-middle,probe_trigger,proactive,C,emb,partial,partial,ellipsis,False,cross,threaded,13,1407
ando,ando-and341_owner@t2/011-t3-middle,probe_trigger,proactive,C,rrf,partial,partial,ellipsis,False,cross,threaded,12,1483
ando,ando-and341_owner@t2/011-t3-middle,probe_trigger,proactive,Cstar,bm25,full,full,ellipsis,False,cross,threaded,20,1481
ando,ando-and341_owner@t2/011-t3-middle,probe_trigger,proactive,Cstar,emb,full,full,ellipsis,False,cross,threaded,23,1448
ando,ando-and341_owner@t2/011-t3-middle,probe_trigger,proactive,Cstar,rrf,full,full,ellipsis,False,cross,threaded,19,1433
ando,ando-and341_owner@t2/011-t3-middle,probe_trigger,proactive,D,bm25,partial,partial,ellipsis,False,cross,threaded,7,1443
ando,ando-and341_owner@t2/011-t3-middle,probe_trigger,proactive,D,emb,partial,partial,ellipsis,False,cross,threaded,8,1491
ando,ando-and341_owner@t2/011-t3-middle,probe_trigger,proactive,D,rrf,partial,partial,ellipsis,False,cross,threaded,6,1470
ando,ando-and341_owner@t2/011-t3-middle,probe_trigger,proactive,E,bm25,full,full,ellipsis,False,cross,threaded,45,1486
ando,ando-and341_owner@t2/011-t3-middle,probe_trigger,proactive,E,emb,full,full,ellipsis,False,cross,threaded,44,1479
ando,ando-and341_owner@t2/011-t3-middle,probe_trigger,proactive,E,rrf,full,full,ellipsis,False,cross,threaded,44,1493
ando,ando-and341_owner@t2/011-t4-start,probe_trigger,proactive,window,-,none,none,ellipsis,False,cross,flat,0,0
ando,ando-and341_owner@t2/011-t4-start,probe_trigger,proactive,oracle,-,full,full,ellipsis,False,cross,flat,1,35
ando,ando-and341_owner@t2/011-t4-start,probe_trigger,proactive,A,bm25,partial,partial,ellipsis,False,cross,flat,39,1497
ando,ando-and341_owner@t2/011-t4-start,probe_trigger,proactive,A,emb,partial,partial,ellipsis,False,cross,flat,37,1490
ando,ando-and341_owner@t2/011-t4-start,probe_trigger,proactive,A,rrf,partial,partial,ellipsis,False,cross,flat,37,1476
ando,ando-and341_owner@t2/011-t4-start,probe_trigger,proactive,B,bm25,full,full,ellipsis,False,cross,flat,6,1266
ando,ando-and341_owner@t2/011-t4-start,probe_trigger,proactive,B,emb,full,full,ellipsis,False,cross,flat,6,1351
ando,ando-and341_owner@t2/011-t4-start,probe_trigger,proactive,B,rrf,full,full,ellipsis,False,cross,flat,6,1321
ando,ando-and341_owner@t2/011-t4-start,probe_trigger,proactive,C,bm25,full,full,ellipsis,False,cross,flat,14,1466
ando,ando-and341_owner@t2/011-t4-start,probe_trigger,proactive,C,emb,full,full,ellipsis,False,cross,flat,13,1437
ando,ando-and341_owner@t2/011-t4-start,probe_trigger,proactive,C,rrf,full,full,ellipsis,False,cross,flat,13,1482
ando,ando-and341_owner@t2/011-t4-start,probe_trigger,proactive,Cstar,bm25,full,full,ellipsis,False,cross,flat,26,1496
ando,ando-and341_owner@t2/011-t4-start,probe_trigger,proactive,Cstar,emb,full,full,ellipsis,False,cross,flat,21,1423
ando,ando-and341_owner@t2/011-t4-start,probe_trigger,proactive,Cstar,rrf,full,full,ellipsis,False,cross,flat,24,1480
ando,ando-and341_owner@t2/011-t4-start,probe_trigger,proactive,D,bm25,full,full,ellipsis,False,cross,flat,8,1364
ando,ando-and341_owner@t2/011-t4-start,probe_trigger,proactive,D,emb,full,full,ellipsis,False,cross,flat,8,1390
ando,ando-and341_owner@t2/011-t4-start,probe_trigger,proactive,D,rrf,full,full,ellipsis,False,cross,flat,7,1354
ando,ando-and341_owner@t2/011-t4-start,probe_trigger,proactive,E,bm25,full,full,ellipsis,False,cross,flat,49,1469
ando,ando-and341_owner@t2/011-t4-start,probe_trigger,proactive,E,emb,full,full,ellipsis,False,cross,flat,46,1495
ando,ando-and341_owner@t2/011-t4-start,probe_trigger,proactive,E,rrf,full,full,ellipsis,False,cross,flat,47,1494
ando,ando-and341_owner@t2/011-t4-middle,probe_trigger,proactive,window,-,none,none,ellipsis,False,cross,flat,0,0
ando,ando-and341_owner@t2/011-t4-middle,probe_trigger,proactive,oracle,-,full,full,ellipsis,False,cross,flat,1,35
ando,ando-and341_owner@t2/011-t4-middle,probe_trigger,proactive,A,bm25,partial,partial,ellipsis,False,cross,flat,39,1491
ando,ando-and341_owner@t2/011-t4-middle,probe_trigger,proactive,A,emb,partial,partial,ellipsis,False,cross,flat,37,1497
ando,ando-and341_owner@t2/011-t4-middle,probe_trigger,proactive,A,rrf,partial,partial,ellipsis,False,cross,flat,37,1474
ando,ando-and341_owner@t2/011-t4-middle,probe_trigger,proactive,B,bm25,full,full,ellipsis,False,cross,flat,6,1402
ando,ando-and341_owner@t2/011-t4-middle,probe_trigger,proactive,B,emb,full,full,ellipsis,False,cross,flat,7,1488
ando,ando-and341_owner@t2/011-t4-middle,probe_trigger,proactive,B,rrf,full,full,ellipsis,False,cross,flat,6,1257
ando,ando-and341_owner@t2/011-t4-middle,probe_trigger,proactive,C,bm25,partial,partial,ellipsis,False,cross,flat,14,1480
ando,ando-and341_owner@t2/011-t4-middle,probe_trigger,proactive,C,emb,none,none,ellipsis,False,cross,flat,12,1499
ando,ando-and341_owner@t2/011-t4-middle,probe_trigger,proactive,C,rrf,partial,partial,ellipsis,False,cross,flat,13,1482
ando,ando-and341_owner@t2/011-t4-middle,probe_trigger,proactive,Cstar,bm25,full,full,ellipsis,False,cross,flat,21,1445
ando,ando-and341_owner@t2/011-t4-middle,probe_trigger,proactive,Cstar,emb,none,none,ellipsis,False,cross,flat,19,1459
ando,ando-and341_owner@t2/011-t4-middle,probe_trigger,proactive,Cstar,rrf,full,full,ellipsis,False,cross,flat,18,1433
ando,ando-and341_owner@t2/011-t4-middle,probe_trigger,proactive,D,bm25,none,none,ellipsis,False,cross,flat,5,1296
ando,ando-and341_owner@t2/011-t4-middle,probe_trigger,proactive,D,emb,none,none,ellipsis,False,cross,flat,6,1428
ando,ando-and341_owner@t2/011-t4-middle,probe_trigger,proactive,D,rrf,none,none,ellipsis,False,cross,flat,5,1372
ando,ando-and341_owner@t2/011-t4-middle,probe_trigger,proactive,E,bm25,partial,partial,ellipsis,False,cross,flat,45,1478
ando,ando-and341_owner@t2/011-t4-middle,probe_trigger,proactive,E,emb,full,full,ellipsis,False,cross,flat,44,1471
ando,ando-and341_owner@t2/011-t4-middle,probe_trigger,proactive,E,rrf,full,full,ellipsis,False,cross,flat,43,1470
ando,ando-and341_owner@t2/011-t5-start,probe_trigger,proactive,window,-,none,none,ellipsis,False,far,interleaved,0,0
ando,ando-and341_owner@t2/011-t5-start,probe_trigger,proactive,oracle,-,full,full,ellipsis,False,far,interleaved,1,35
ando,ando-and341_owner@t2/011-t5-start,probe_trigger,proactive,A,bm25,partial,partial,ellipsis,False,far,interleaved,40,1475
ando,ando-and341_owner@t2/011-t5-start,probe_trigger,proactive,A,emb,partial,partial,ellipsis,False,far,interleaved,38,1463
ando,ando-and341_owner@t2/011-t5-start,probe_trigger,proactive,A,rrf,partial,partial,ellipsis,False,far,interleaved,38,1447
ando,ando-and341_owner@t2/011-t5-start,probe_trigger,proactive,B,bm25,full,full,ellipsis,False,far,interleaved,7,1417
ando,ando-and341_owner@t2/011-t5-start,probe_trigger,proactive,B,emb,full,full,ellipsis,False,far,interleaved,6,1377
ando,ando-and341_owner@t2/011-t5-start,probe_trigger,proactive,B,rrf,full,full,ellipsis,False,far,interleaved,7,1482
ando,ando-and341_owner@t2/011-t5-start,probe_trigger,proactive,C,bm25,full,full,ellipsis,False,far,interleaved,13,1472
ando,ando-and341_owner@t2/011-t5-start,probe_trigger,proactive,C,emb,partial,partial,ellipsis,False,far,interleaved,11,1396
ando,ando-and341_owner@t2/011-t5-start,probe_trigger,proactive,C,rrf,full,full,ellipsis,False,far,interleaved,12,1404
ando,ando-and341_owner@t2/011-t5-start,probe_trigger,proactive,Cstar,bm25,full,full,ellipsis,False,far,interleaved,18,1465
ando,ando-and341_owner@t2/011-t5-start,probe_trigger,proactive,Cstar,emb,full,full,ellipsis,False,far,interleaved,16,1402
ando,ando-and341_owner@t2/011-t5-start,probe_trigger,proactive,Cstar,rrf,full,full,ellipsis,False,far,interleaved,18,1440
ando,ando-and341_owner@t2/011-t5-start,probe_trigger,proactive,D,bm25,none,none,ellipsis,False,far,interleaved,5,1398
ando,ando-and341_owner@t2/011-t5-start,probe_trigger,proactive,D,emb,full,full,ellipsis,False,far,interleaved,8,1437
ando,ando-and341_owner@t2/011-t5-start,probe_trigger,proactive,D,rrf,partial,partial,ellipsis,False,far,interleaved,4,1047
ando,ando-and341_owner@t2/011-t5-start,probe_trigger,proactive,E,bm25,full,full,ellipsis,False,far,interleaved,45,1488
ando,ando-and341_owner@t2/011-t5-start,probe_trigger,proactive,E,emb,full,full,ellipsis,False,far,interleaved,45,1464
ando,ando-and341_owner@t2/011-t5-start,probe_trigger,proactive,E,rrf,full,full,ellipsis,False,far,interleaved,44,1479
ando,ando-launch_date@t3/009-t4-start,probe_trigger,proactive,window,-,none,none,correction,True,cross,flat,0,0
ando,ando-launch_date@t3/009-t4-start,probe_trigger,proactive,oracle,-,full,full,correction,True,cross,flat,2,134
ando,ando-launch_date@t3/009-t4-start,probe_trigger,proactive,A,bm25,full,partial,correction,True,cross,flat,37,1480
ando,ando-launch_date@t3/009-t4-start,probe_trigger,proactive,A,emb,full,full,correction,True,cross,flat,38,1497
ando,ando-launch_date@t3/009-t4-start,probe_trigger,proactive,A,rrf,full,partial,correction,True,cross,flat,38,1486
ando,ando-launch_date@t3/009-t4-start,probe_trigger,proactive,B,bm25,full,none,correction,True,cross,flat,6,1373
ando,ando-launch_date@t3/009-t4-start,probe_trigger,proactive,B,emb,full,full,correction,True,cross,flat,5,1251
ando,ando-launch_date@t3/009-t4-start,probe_trigger,proactive,B,rrf,full,partial,correction,True,cross,flat,6,1497
ando,ando-launch_date@t3/009-t4-start,probe_trigger,proactive,C,bm25,none,none,correction,True,cross,flat,14,1496
ando,ando-launch_date@t3/009-t4-start,probe_trigger,proactive,C,emb,full,full,correction,True,cross,flat,14,1470
ando,ando-launch_date@t3/009-t4-start,probe_trigger,proactive,C,rrf,full,full,correction,True,cross,flat,13,1375
ando,ando-launch_date@t3/009-t4-start,probe_trigger,proactive,Cstar,bm25,full,none,correction,True,cross,flat,25,1438
ando,ando-launch_date@t3/009-t4-start,probe_trigger,proactive,Cstar,emb,full,full,correction,True,cross,flat,23,1486
ando,ando-launch_date@t3/009-t4-start,probe_trigger,proactive,Cstar,rrf,full,full,correction,True,cross,flat,23,1455
ando,ando-launch_date@t3/009-t4-start,probe_trigger,proactive,D,bm25,full,full,correction,True,cross,flat,8,1496
ando,ando-launch_date@t3/009-t4-start,probe_trigger,proactive,D,emb,full,full,correction,True,cross,flat,8,1312
ando,ando-launch_date@t3/009-t4-start,probe_trigger,proactive,D,rrf,full,full,correction,True,cross,flat,8,1424
ando,ando-launch_date@t3/009-t4-start,probe_trigger,proactive,E,bm25,full,partial,correction,True,cross,flat,48,1479
ando,ando-launch_date@t3/009-t4-start,probe_trigger,proactive,E,emb,full,full,correction,True,cross,flat,45,1463
ando,ando-launch_date@t3/009-t4-start,probe_trigger,proactive,E,rrf,full,full,correction,True,cross,flat,46,1484
ando,ando-launch_date@t3/009-t4-middle,probe_trigger,proactive,window,-,none,none,correction,True,cross,flat,0,0
ando,ando-launch_date@t3/009-t4-middle,probe_trigger,proactive,oracle,-,full,full,correction,True,cross,flat,2,134
ando,ando-launch_date@t3/009-t4-middle,probe_trigger,proactive,A,bm25,full,partial,correction,True,cross,flat,37,1469
ando,ando-launch_date@t3/009-t4-middle,probe_trigger,proactive,A,emb,full,full,correction,True,cross,flat,38,1483
ando,ando-launch_date@t3/009-t4-middle,probe_trigger,proactive,A,rrf,full,full,correction,True,cross,flat,37,1467
ando,ando-launch_date@t3/009-t4-middle,probe_trigger,proactive,B,bm25,full,none,correction,True,cross,flat,6,1410
ando,ando-launch_date@t3/009-t4-middle,probe_trigger,proactive,B,emb,full,full,correction,True,cross,flat,6,1406
ando,ando-launch_date@t3/009-t4-middle,probe_trigger,proactive,B,rrf,full,none,correction,True,cross,flat,6,1382
ando,ando-launch_date@t3/009-t4-middle,probe_trigger,proactive,C,bm25,full,full,correction,True,cross,flat,14,1415
ando,ando-launch_date@t3/009-t4-middle,probe_trigger,proactive,C,emb,full,full,correction,True,cross,flat,12,1386
ando,ando-launch_date@t3/009-t4-middle,probe_trigger,proactive,C,rrf,full,full,correction,True,cross,flat,13,1450
ando,ando-launch_date@t3/009-t4-middle,probe_trigger,proactive,Cstar,bm25,full,full,correction,True,cross,flat,22,1496
ando,ando-launch_date@t3/009-t4-middle,probe_trigger,proactive,Cstar,emb,full,full,correction,True,cross,flat,21,1466
ando,ando-launch_date@t3/009-t4-middle,probe_trigger,proactive,Cstar,rrf,full,full,correction,True,cross,flat,21,1466
ando,ando-launch_date@t3/009-t4-middle,probe_trigger,proactive,D,bm25,full,full,correction,True,cross,flat,5,1477
ando,ando-launch_date@t3/009-t4-middle,probe_trigger,proactive,D,emb,full,full,correction,True,cross,flat,8,1467
ando,ando-launch_date@t3/009-t4-middle,probe_trigger,proactive,D,rrf,full,full,correction,True,cross,flat,5,1213
ando,ando-launch_date@t3/009-t4-middle,probe_trigger,proactive,E,bm25,full,partial,correction,True,cross,flat,47,1488
ando,ando-launch_date@t3/009-t4-middle,probe_trigger,proactive,E,emb,full,full,correction,True,cross,flat,49,1454
ando,ando-launch_date@t3/009-t4-middle,probe_trigger,proactive,E,rrf,full,full,correction,True,cross,flat,48,1496
ando,ando-launch_date@t3/009-t5-start,probe_trigger,proactive,window,-,none,none,correction,True,cross,interleaved,0,0
ando,ando-launch_date@t3/009-t5-start,probe_trigger,proactive,oracle,-,full,full,correction,True,cross,interleaved,2,134
ando,ando-launch_date@t3/009-t5-start,probe_trigger,proactive,A,bm25,full,none,correction,True,cross,interleaved,38,1466
ando,ando-launch_date@t3/009-t5-start,probe_trigger,proactive,A,emb,full,partial,correction,True,cross,interleaved,37,1476
ando,ando-launch_date@t3/009-t5-start,probe_trigger,proactive,A,rrf,full,partial,correction,True,cross,interleaved,38,1499
ando,ando-launch_date@t3/009-t5-start,probe_trigger,proactive,B,bm25,none,none,correction,True,cross,interleaved,6,1382
ando,ando-launch_date@t3/009-t5-start,probe_trigger,proactive,B,emb,full,partial,correction,True,cross,interleaved,6,1405
ando,ando-launch_date@t3/009-t5-start,probe_trigger,proactive,B,rrf,none,none,correction,True,cross,interleaved,6,1411
ando,ando-launch_date@t3/009-t5-start,probe_trigger,proactive,C,bm25,none,none,correction,True,cross,interleaved,12,1423
ando,ando-launch_date@t3/009-t5-start,probe_trigger,proactive,C,emb,full,full,correction,True,cross,interleaved,13,1495
ando,ando-launch_date@t3/009-t5-start,probe_trigger,proactive,C,rrf,full,full,correction,True,cross,interleaved,13,1497
ando,ando-launch_date@t3/009-t5-start,probe_trigger,proactive,Cstar,bm25,none,none,correction,True,cross,interleaved,16,1449
ando,ando-launch_date@t3/009-t5-start,probe_trigger,proactive,Cstar,emb,full,full,correction,True,cross,interleaved,20,1365
ando,ando-launch_date@t3/009-t5-start,probe_trigger,proactive,Cstar,rrf,full,full,correction,True,cross,interleaved,17,1463
ando,ando-launch_date@t3/009-t5-start,probe_trigger,proactive,D,bm25,none,none,correction,True,cross,interleaved,4,1248
ando,ando-launch_date@t3/009-t5-start,probe_trigger,proactive,D,emb,full,full,correction,True,cross,interleaved,7,1460
ando,ando-launch_date@t3/009-t5-start,probe_trigger,proactive,D,rrf,full,full,correction,True,cross,interleaved,4,1100
ando,ando-launch_date@t3/009-t5-start,probe_trigger,proactive,E,bm25,full,none,correction,True,cross,interleaved,45,1483
ando,ando-launch_date@t3/009-t5-start,probe_trigger,proactive,E,emb,full,full,correction,True,cross,interleaved,46,1485
ando,ando-launch_date@t3/009-t5-start,probe_trigger,proactive,E,rrf,full,partial,correction,True,cross,interleaved,45,1486
ando,ando-launch_date@t3/009-t5-middle,probe_trigger,proactive,window,-,none,none,correction,True,cross,interleaved,0,0
ando,ando-launch_date@t3/009-t5-middle,probe_trigger,proactive,oracle,-,full,full,correction,True,cross,interleaved,2,134
ando,ando-launch_date@t3/009-t5-middle,probe_trigger,proactive,A,bm25,none,none,correction,True,cross,interleaved,39,1496
ando,ando-launch_date@t3/009-t5-middle,probe_trigger,proactive,A,emb,full,partial,correction,True,cross,interleaved,37,1472
ando,ando-launch_date@t3/009-t5-middle,probe_trigger,proactive,A,rrf,full,partial,correction,True,cross,interleaved,37,1478
ando,ando-launch_date@t3/009-t5-middle,probe_trigger,proactive,B,bm25,none,none,correction,True,cross,interleaved,6,1363
ando,ando-launch_date@t3/009-t5-middle,probe_trigger,proactive,B,emb,full,none,correction,True,cross,interleaved,6,1395
ando,ando-launch_date@t3/009-t5-middle,probe_trigger,proactive,B,rrf,none,none,correction,True,cross,interleaved,6,1423
ando,ando-launch_date@t3/009-t5-middle,probe_trigger,proactive,C,bm25,none,none,correction,True,cross,interleaved,12,1398
ando,ando-launch_date@t3/009-t5-middle,probe_trigger,proactive,C,emb,full,full,correction,True,cross,interleaved,11,1360
ando,ando-launch_date@t3/009-t5-middle,probe_trigger,proactive,C,rrf,none,none,correction,True,cross,interleaved,12,1397
ando,ando-launch_date@t3/009-t5-middle,probe_trigger,proactive,Cstar,bm25,none,none,correction,True,cross,interleaved,22,1471
ando,ando-launch_date@t3/009-t5-middle,probe_trigger,proactive,Cstar,emb,full,full,correction,True,cross,interleaved,18,1453
ando,ando-launch_date@t3/009-t5-middle,probe_trigger,proactive,Cstar,rrf,full,full,correction,True,cross,interleaved,18,1444
ando,ando-launch_date@t3/009-t5-middle,probe_trigger,proactive,D,bm25,none,none,correction,True,cross,interleaved,5,1094
ando,ando-launch_date@t3/009-t5-middle,probe_trigger,proactive,D,emb,full,full,correction,True,cross,interleaved,6,1342
ando,ando-launch_date@t3/009-t5-middle,probe_trigger,proactive,D,rrf,full,full,correction,True,cross,interleaved,4,1404
ando,ando-launch_date@t3/009-t5-middle,probe_trigger,proactive,E,bm25,full,partial,correction,True,cross,interleaved,43,1498
ando,ando-launch_date@t3/009-t5-middle,probe_trigger,proactive,E,emb,full,full,correction,True,cross,interleaved,43,1490
ando,ando-launch_date@t3/009-t5-middle,probe_trigger,proactive,E,rrf,full,partial,correction,True,cross,interleaved,42,1480
ando,ando-launch_date@t3/009-t6-start,probe_trigger,proactive,window,-,none,none,correction,True,cross,flat,0,0
ando,ando-launch_date@t3/009-t6-start,probe_trigger,proactive,oracle,-,full,full,correction,True,cross,flat,3,168
ando,ando-launch_date@t3/009-t6-start,probe_trigger,proactive,A,bm25,full,none,correction,True,cross,flat,37,1475
ando,ando-launch_date@t3/009-t6-start,probe_trigger,proactive,A,emb,full,full,correction,True,cross,flat,38,1490
ando,ando-launch_date@t3/009-t6-start,probe_trigger,proactive,A,rrf,full,partial,correction,True,cross,flat,37,1471
ando,ando-launch_date@t3/009-t6-start,probe_trigger,proactive,B,bm25,full,none,correction,True,cross,flat,6,1360
ando,ando-launch_date@t3/009-t6-start,probe_trigger,proactive,B,emb,full,partial,correction,True,cross,flat,6,1459
ando,ando-launch_date@t3/009-t6-start,probe_trigger,proactive,B,rrf,full,partial,correction,True,cross,flat,6,1399
ando,ando-launch_date@t3/009-t6-start,probe_trigger,proactive,C,bm25,full,none,correction,True,cross,flat,13,1440
ando,ando-launch_date@t3/009-t6-start,probe_trigger,proactive,C,emb,full,full,correction,True,cross,flat,14,1479
ando,ando-launch_date@t3/009-t6-start,probe_trigger,proactive,C,rrf,full,full,correction,True,cross,flat,13,1426
ando,ando-launch_date@t3/009-t6-start,probe_trigger,proactive,Cstar,bm25,full,full,correction,True,cross,flat,22,1446
ando,ando-launch_date@t3/009-t6-start,probe_trigger,proactive,Cstar,emb,full,full,correction,True,cross,flat,23,1439
ando,ando-launch_date@t3/009-t6-start,probe_trigger,proactive,Cstar,rrf,full,full,correction,True,cross,flat,23,1472
ando,ando-launch_date@t3/009-t6-start,probe_trigger,proactive,D,bm25,full,full,correction,True,cross,flat,7,1482
ando,ando-launch_date@t3/009-t6-start,probe_trigger,proactive,D,emb,full,full,correction,True,cross,flat,9,1308
ando,ando-launch_date@t3/009-t6-start,probe_trigger,proactive,D,rrf,full,full,correction,True,cross,flat,8,1426
ando,ando-launch_date@t3/009-t6-start,probe_trigger,proactive,E,bm25,full,partial,correction,True,cross,flat,45,1488
ando,ando-launch_date@t3/009-t6-start,probe_trigger,proactive,E,emb,full,full,correction,True,cross,flat,51,1483
ando,ando-launch_date@t3/009-t6-start,probe_trigger,proactive,E,rrf,full,partial,correction,True,cross,flat,46,1481
ando,ando-launch_date@t3/009-t6-middle,probe_trigger,proactive,window,-,none,none,correction,True,cross,flat,0,0
ando,ando-launch_date@t3/009-t6-middle,probe_trigger,proactive,oracle,-,full,full,correction,True,cross,flat,3,168
ando,ando-launch_date@t3/009-t6-middle,probe_trigger,proactive,A,bm25,full,none,correction,True,cross,flat,37,1487
ando,ando-launch_date@t3/009-t6-middle,probe_trigger,proactive,A,emb,full,partial,correction,True,cross,flat,36,1480
ando,ando-launch_date@t3/009-t6-middle,probe_trigger,proactive,A,rrf,full,partial,correction,True,cross,flat,37,1485
ando,ando-launch_date@t3/009-t6-middle,probe_trigger,proactive,B,bm25,full,none,correction,True,cross,flat,6,1401
ando,ando-launch_date@t3/009-t6-middle,probe_trigger,proactive,B,emb,full,none,correction,True,cross,flat,6,1383
ando,ando-launch_date@t3/009-t6-middle,probe_trigger,proactive,B,rrf,full,none,correction,True,cross,flat,6,1392
ando,ando-launch_date@t3/009-t6-middle,probe_trigger,proactive,C,bm25,partial,partial,correction,True,cross,flat,12,1457
ando,ando-launch_date@t3/009-t6-middle,probe_trigger,proactive,C,emb,full,full,correction,True,cross,flat,13,1416
ando,ando-launch_date@t3/009-t6-middle,probe_trigger,proactive,C,rrf,full,full,correction,True,cross,flat,12,1466
ando,ando-launch_date@t3/009-t6-middle,probe_trigger,proactive,Cstar,bm25,none,none,correction,True,cross,flat,17,1465
ando,ando-launch_date@t3/009-t6-middle,probe_trigger,proactive,Cstar,emb,full,full,correction,True,cross,flat,21,1483
ando,ando-launch_date@t3/009-t6-middle,probe_trigger,proactive,Cstar,rrf,full,full,correction,True,cross,flat,18,1426
ando,ando-launch_date@t3/009-t6-middle,probe_trigger,proactive,D,bm25,none,none,correction,True,cross,flat,4,1224
ando,ando-launch_date@t3/009-t6-middle,probe_trigger,proactive,D,emb,full,full,correction,True,cross,flat,6,1422
ando,ando-launch_date@t3/009-t6-middle,probe_trigger,proactive,D,rrf,full,full,correction,True,cross,flat,5,1342
ando,ando-launch_date@t3/009-t6-middle,probe_trigger,proactive,E,bm25,full,partial,correction,True,cross,flat,41,1467
ando,ando-launch_date@t3/009-t6-middle,probe_trigger,proactive,E,emb,full,full,correction,True,cross,flat,44,1480
ando,ando-launch_date@t3/009-t6-middle,probe_trigger,proactive,E,rrf,full,partial,correction,True,cross,flat,44,1494
ando,ando-pricing_model@t4/006-t5-start,probe_trigger,proactive,window,-,none,none,cross_ref,False,cross,interleaved,0,0
ando,ando-pricing_model@t4/006-t5-start,probe_trigger,proactive,oracle,-,full,full,cross_ref,False,cross,interleaved,1,78
ando,ando-pricing_model@t4/006-t5-start,probe_trigger,proactive,A,bm25,none,none,cross_ref,False,cross,interleaved,38,1480
ando,ando-pricing_model@t4/006-t5-start,probe_trigger,proactive,A,emb,full,full,cross_ref,False,cross,interleaved,38,1487
ando,ando-pricing_model@t4/006-t5-start,probe_trigger,proactive,A,rrf,full,full,cross_ref,False,cross,interleaved,37,1448
ando,ando-pricing_model@t4/006-t5-start,probe_trigger,proactive,B,bm25,none,none,cross_ref,False,cross,interleaved,6,1437
ando,ando-pricing_model@t4/006-t5-start,probe_trigger,proactive,B,emb,full,full,cross_ref,False,cross,interleaved,6,1337
ando,ando-pricing_model@t4/006-t5-start,probe_trigger,proactive,B,rrf,partial,partial,cross_ref,False,cross,interleaved,6,1395
ando,ando-pricing_model@t4/006-t5-start,probe_trigger,proactive,C,bm25,none,none,cross_ref,False,cross,interleaved,12,1431
ando,ando-pricing_model@t4/006-t5-start,probe_trigger,proactive,C,emb,none,none,cross_ref,False,cross,interleaved,14,1476
ando,ando-pricing_model@t4/006-t5-start,probe_trigger,proactive,C,rrf,none,none,cross_ref,False,cross,interleaved,13,1496
ando,ando-pricing_model@t4/006-t5-start,probe_trigger,proactive,Cstar,bm25,none,none,cross_ref,False,cross,interleaved,17,1482
ando,ando-pricing_model@t4/006-t5-start,probe_trigger,proactive,Cstar,emb,full,full,cross_ref,False,cross,interleaved,18,1463
ando,ando-pricing_model@t4/006-t5-start,probe_trigger,proactive,Cstar,rrf,none,none,cross_ref,False,cross,interleaved,16,1466
ando,ando-pricing_model@t4/006-t5-start,probe_trigger,proactive,D,bm25,none,none,cross_ref,False,cross,interleaved,5,1340
ando,ando-pricing_model@t4/006-t5-start,probe_trigger,proactive,D,emb,full,full,cross_ref,False,cross,interleaved,6,1473
ando,ando-pricing_model@t4/006-t5-start,probe_trigger,proactive,D,rrf,partial,partial,cross_ref,False,cross,interleaved,5,1249
ando,ando-pricing_model@t4/006-t5-start,probe_trigger,proactive,E,bm25,full,full,cross_ref,False,cross,interleaved,42,1496
ando,ando-pricing_model@t4/006-t5-start,probe_trigger,proactive,E,emb,full,full,cross_ref,False,cross,interleaved,44,1473
ando,ando-pricing_model@t4/006-t5-start,probe_trigger,proactive,E,rrf,full,full,cross_ref,False,cross,interleaved,42,1474
ando,ando-pricing_model@t4/006-t5-middle,probe_trigger,proactive,window,-,none,none,cross_ref,False,cross,interleaved,0,0
ando,ando-pricing_model@t4/006-t5-middle,probe_trigger,proactive,oracle,-,full,full,cross_ref,False,cross,interleaved,1,78
ando,ando-pricing_model@t4/006-t5-middle,probe_trigger,proactive,A,bm25,none,none,cross_ref,False,cross,interleaved,38,1476
ando,ando-pricing_model@t4/006-t5-middle,probe_trigger,proactive,A,emb,partial,partial,cross_ref,False,cross,interleaved,37,1500
ando,ando-pricing_model@t4/006-t5-middle,probe_trigger,proactive,A,rrf,partial,partial,cross_ref,False,cross,interleaved,37,1497
ando,ando-pricing_model@t4/006-t5-middle,probe_trigger,proactive,B,bm25,none,none,cross_ref,False,cross,interleaved,6,1401
ando,ando-pricing_model@t4/006-t5-middle,probe_trigger,proactive,B,emb,full,full,cross_ref,False,cross,interleaved,6,1418
ando,ando-pricing_model@t4/006-t5-middle,probe_trigger,proactive,B,rrf,full,full,cross_ref,False,cross,interleaved,6,1480
ando,ando-pricing_model@t4/006-t5-middle,probe_trigger,proactive,C,bm25,none,none,cross_ref,False,cross,interleaved,12,1389
ando,ando-pricing_model@t4/006-t5-middle,probe_trigger,proactive,C,emb,none,none,cross_ref,False,cross,interleaved,12,1462
ando,ando-pricing_model@t4/006-t5-middle,probe_trigger,proactive,C,rrf,none,none,cross_ref,False,cross,interleaved,13,1493
ando,ando-pricing_model@t4/006-t5-middle,probe_trigger,proactive,Cstar,bm25,none,none,cross_ref,False,cross,interleaved,19,1436
ando,ando-pricing_model@t4/006-t5-middle,probe_trigger,proactive,Cstar,emb,full,full,cross_ref,False,cross,interleaved,18,1479
ando,ando-pricing_model@t4/006-t5-middle,probe_trigger,proactive,Cstar,rrf,none,none,cross_ref,False,cross,interleaved,16,1389
ando,ando-pricing_model@t4/006-t5-middle,probe_trigger,proactive,D,bm25,none,none,cross_ref,False,cross,interleaved,6,1352
ando,ando-pricing_model@t4/006-t5-middle,probe_trigger,proactive,D,emb,partial,partial,cross_ref,False,cross,interleaved,5,1255
ando,ando-pricing_model@t4/006-t5-middle,probe_trigger,proactive,D,rrf,partial,partial,cross_ref,False,cross,interleaved,5,1028
ando,ando-pricing_model@t4/006-t5-middle,probe_trigger,proactive,E,bm25,full,full,cross_ref,False,cross,interleaved,43,1468
ando,ando-pricing_model@t4/006-t5-middle,probe_trigger,proactive,E,emb,partial,partial,cross_ref,False,cross,interleaved,41,1487
ando,ando-pricing_model@t4/006-t5-middle,probe_trigger,proactive,E,rrf,full,full,cross_ref,False,cross,interleaved,40,1497
ando,ando-pricing_model@t4/006-t6-start,probe_trigger,proactive,window,-,none,none,cross_ref,False,cross,flat,0,0
ando,ando-pricing_model@t4/006-t6-start,probe_trigger,proactive,oracle,-,full,full,cross_ref,False,cross,flat,1,78
ando,ando-pricing_model@t4/006-t6-start,probe_trigger,proactive,A,bm25,none,none,cross_ref,False,cross,flat,37,1498
ando,ando-pricing_model@t4/006-t6-start,probe_trigger,proactive,A,emb,full,full,cross_ref,False,cross,flat,38,1484
ando,ando-pricing_model@t4/006-t6-start,probe_trigger,proactive,A,rrf,full,full,cross_ref,False,cross,flat,37,1478
ando,ando-pricing_model@t4/006-t6-start,probe_trigger,proactive,B,bm25,none,none,cross_ref,False,cross,flat,5,1264
ando,ando-pricing_model@t4/006-t6-start,probe_trigger,proactive,B,emb,partial,partial,cross_ref,False,cross,flat,6,1371
ando,ando-pricing_model@t4/006-t6-start,probe_trigger,proactive,B,rrf,partial,partial,cross_ref,False,cross,flat,5,1270
ando,ando-pricing_model@t4/006-t6-start,probe_trigger,proactive,C,bm25,none,none,cross_ref,False,cross,flat,12,1453
ando,ando-pricing_model@t4/006-t6-start,probe_trigger,proactive,C,emb,none,none,cross_ref,False,cross,flat,13,1402
ando,ando-pricing_model@t4/006-t6-start,probe_trigger,proactive,C,rrf,none,none,cross_ref,False,cross,flat,12,1429
ando,ando-pricing_model@t4/006-t6-start,probe_trigger,proactive,Cstar,bm25,none,none,cross_ref,False,cross,flat,19,1459
ando,ando-pricing_model@t4/006-t6-start,probe_trigger,proactive,Cstar,emb,full,full,cross_ref,False,cross,flat,19,1407
ando,ando-pricing_model@t4/006-t6-start,probe_trigger,proactive,Cstar,rrf,none,none,cross_ref,False,cross,flat,19,1444
ando,ando-pricing_model@t4/006-t6-start,probe_trigger,proactive,D,bm25,none,none,cross_ref,False,cross,flat,7,1378
ando,ando-pricing_model@t4/006-t6-start,probe_trigger,proactive,D,emb,full,full,cross_ref,False,cross,flat,6,1400
ando,ando-pricing_model@t4/006-t6-start,probe_trigger,proactive,D,rrf,partial,partial,cross_ref,False,cross,flat,8,1447
ando,ando-pricing_model@t4/006-t6-start,probe_trigger,proactive,E,bm25,full,full,cross_ref,False,cross,flat,44,1481
ando,ando-pricing_model@t4/006-t6-start,probe_trigger,proactive,E,emb,full,full,cross_ref,False,cross,flat,46,1489
ando,ando-pricing_model@t4/006-t6-start,probe_trigger,proactive,E,rrf,full,full,cross_ref,False,cross,flat,44,1482
ando,ando-pricing_model@t4/006-t6-middle,probe_trigger,proactive,window,-,none,none,cross_ref,False,cross,flat,0,0
ando,ando-pricing_model@t4/006-t6-middle,probe_trigger,proactive,oracle,-,full,full,cross_ref,False,cross,flat,1,78
ando,ando-pricing_model@t4/006-t6-middle,probe_trigger,proactive,A,bm25,none,none,cross_ref,False,cross,flat,38,1488
ando,ando-pricing_model@t4/006-t6-middle,probe_trigger,proactive,A,emb,none,none,cross_ref,False,cross,flat,37,1497
ando,ando-pricing_model@t4/006-t6-middle,probe_trigger,proactive,A,rrf,none,none,cross_ref,False,cross,flat,37,1493
ando,ando-pricing_model@t4/006-t6-middle,probe_trigger,proactive,B,bm25,none,none,cross_ref,False,cross,flat,6,1455
ando,ando-pricing_model@t4/006-t6-middle,probe_trigger,proactive,B,emb,none,none,cross_ref,False,cross,flat,6,1433
ando,ando-pricing_model@t4/006-t6-middle,probe_trigger,proactive,B,rrf,none,none,cross_ref,False,cross,flat,6,1433
ando,ando-pricing_model@t4/006-t6-middle,probe_trigger,proactive,C,bm25,none,none,cross_ref,False,cross,flat,12,1476
ando,ando-pricing_model@t4/006-t6-middle,probe_trigger,proactive,C,emb,none,none,cross_ref,False,cross,flat,14,1500
ando,ando-pricing_model@t4/006-t6-middle,probe_trigger,proactive,C,rrf,none,none,cross_ref,False,cross,flat,12,1433
ando,ando-pricing_model@t4/006-t6-middle,probe_trigger,proactive,Cstar,bm25,none,none,cross_ref,False,cross,flat,17,1396
ando,ando-pricing_model@t4/006-t6-middle,probe_trigger,proactive,Cstar,emb,none,none,cross_ref,False,cross,flat,19,1428
ando,ando-pricing_model@t4/006-t6-middle,probe_trigger,proactive,Cstar,rrf,none,none,cross_ref,False,cross,flat,20,1485
ando,ando-pricing_model@t4/006-t6-middle,probe_trigger,proactive,D,bm25,none,none,cross_ref,False,cross,flat,4,1224
ando,ando-pricing_model@t4/006-t6-middle,probe_trigger,proactive,D,emb,partial,partial,cross_ref,False,cross,flat,6,1459
ando,ando-pricing_model@t4/006-t6-middle,probe_trigger,proactive,D,rrf,none,none,cross_ref,False,cross,flat,4,1043
ando,ando-pricing_model@t4/006-t6-middle,probe_trigger,proactive,E,bm25,partial,partial,cross_ref,False,cross,flat,44,1500
ando,ando-pricing_model@t4/006-t6-middle,probe_trigger,proactive,E,emb,partial,partial,cross_ref,False,cross,flat,44,1480
ando,ando-pricing_model@t4/006-t6-middle,probe_trigger,proactive,E,rrf,partial,partial,cross_ref,False,cross,flat,42,1496
ando,ando-and341_owner@t5/005-t6-start,probe_trigger,proactive,window,-,none,none,correction,True,cross,flat,0,0
ando,ando-and341_owner@t5/005-t6-start,probe_trigger,proactive,oracle,-,full,full,correction,True,cross,flat,2,97
ando,ando-and341_owner@t5/005-t6-start,probe_trigger,proactive,A,bm25,partial,partial,correction,True,cross,flat,37,1470
ando,ando-and341_owner@t5/005-t6-start,probe_trigger,proactive,A,emb,partial,partial,correction,True,cross,flat,37,1468
ando,ando-and341_owner@t5/005-t6-start,probe_trigger,proactive,A,rrf,partial,partial,correction,True,cross,flat,37,1498
ando,ando-and341_owner@t5/005-t6-start,probe_trigger,proactive,B,bm25,full,full,correction,True,cross,flat,6,1421
ando,ando-and341_owner@t5/005-t6-start,probe_trigger,proactive,B,emb,full,full,correction,True,cross,flat,6,1452
ando,ando-and341_owner@t5/005-t6-start,probe_trigger,proactive,B,rrf,full,full,correction,True,cross,flat,6,1435
ando,ando-and341_owner@t5/005-t6-start,probe_trigger,proactive,C,bm25,partial,partial,correction,True,cross,flat,14,1464
ando,ando-and341_owner@t5/005-t6-start,probe_trigger,proactive,C,emb,partial,partial,correction,True,cross,flat,13,1426
ando,ando-and341_owner@t5/005-t6-start,probe_trigger,proactive,C,rrf,partial,partial,correction,True,cross,flat,12,1445
ando,ando-and341_owner@t5/005-t6-start,probe_trigger,proactive,Cstar,bm25,full,full,correction,True,cross,flat,22,1437
ando,ando-and341_owner@t5/005-t6-start,probe_trigger,proactive,Cstar,emb,partial,partial,correction,True,cross,flat,21,1486
ando,ando-and341_owner@t5/005-t6-start,probe_trigger,proactive,Cstar,rrf,full,full,correction,True,cross,flat,18,1454
ando,ando-and341_owner@t5/005-t6-start,probe_trigger,proactive,D,bm25,full,full,correction,True,cross,flat,7,1351
ando,ando-and341_owner@t5/005-t6-start,probe_trigger,proactive,D,emb,full,full,correction,True,cross,flat,7,1422
ando,ando-and341_owner@t5/005-t6-start,probe_trigger,proactive,D,rrf,full,full,correction,True,cross,flat,5,1253
ando,ando-and341_owner@t5/005-t6-start,probe_trigger,proactive,E,bm25,full,full,correction,True,cross,flat,44,1491
ando,ando-and341_owner@t5/005-t6-start,probe_trigger,proactive,E,emb,full,full,correction,True,cross,flat,42,1476
ando,ando-and341_owner@t5/005-t6-start,probe_trigger,proactive,E,rrf,full,full,correction,True,cross,flat,45,1481
ando,ando-and341_owner@t5/005-t6-middle,probe_trigger,proactive,window,-,none,none,correction,True,cross,flat,0,0
ando,ando-and341_owner@t5/005-t6-middle,probe_trigger,proactive,oracle,-,full,full,correction,True,cross,flat,2,97
ando,ando-and341_owner@t5/005-t6-middle,probe_trigger,proactive,A,bm25,full,partial,correction,True,cross,flat,38,1472
ando,ando-and341_owner@t5/005-t6-middle,probe_trigger,proactive,A,emb,none,none,correction,True,cross,flat,37,1467
ando,ando-and341_owner@t5/005-t6-middle,probe_trigger,proactive,A,rrf,full,partial,correction,True,cross,flat,38,1471
ando,ando-and341_owner@t5/005-t6-middle,probe_trigger,proactive,B,bm25,none,none,correction,True,cross,flat,6,1379
ando,ando-and341_owner@t5/005-t6-middle,probe_trigger,proactive,B,emb,full,full,correction,True,cross,flat,6,1303
ando,ando-and341_owner@t5/005-t6-middle,probe_trigger,proactive,B,rrf,full,full,correction,True,cross,flat,6,1391
ando,ando-and341_owner@t5/005-t6-middle,probe_trigger,proactive,C,bm25,none,none,correction,True,cross,flat,12,1413
ando,ando-and341_owner@t5/005-t6-middle,probe_trigger,proactive,C,emb,full,none,correction,True,cross,flat,14,1494
ando,ando-and341_owner@t5/005-t6-middle,probe_trigger,proactive,C,rrf,full,none,correction,True,cross,flat,13,1494
ando,ando-and341_owner@t5/005-t6-middle,probe_trigger,proactive,Cstar,bm25,none,none,correction,True,cross,flat,18,1496
ando,ando-and341_owner@t5/005-t6-middle,probe_trigger,proactive,Cstar,emb,none,none,correction,True,cross,flat,23,1483
ando,ando-and341_owner@t5/005-t6-middle,probe_trigger,proactive,Cstar,rrf,none,none,correction,True,cross,flat,21,1489
ando,ando-and341_owner@t5/005-t6-middle,probe_trigger,proactive,D,bm25,none,none,correction,True,cross,flat,5,1335
ando,ando-and341_owner@t5/005-t6-middle,probe_trigger,proactive,D,emb,full,full,correction,True,cross,flat,6,1465
ando,ando-and341_owner@t5/005-t6-middle,probe_trigger,proactive,D,rrf,full,full,correction,True,cross,flat,6,1426
ando,ando-and341_owner@t5/005-t6-middle,probe_trigger,proactive,E,bm25,full,partial,correction,True,cross,flat,43,1498
ando,ando-and341_owner@t5/005-t6-middle,probe_trigger,proactive,E,emb,full,full,correction,True,cross,flat,44,1488
ando,ando-and341_owner@t5/005-t6-middle,probe_trigger,proactive,E,rrf,full,partial,correction,True,cross,flat,44,1497
anthropic,anthropic-p01,plant,proactive,window,-,full,full,reaction,False,near,flat,0,0
anthropic,anthropic-p01,plant,proactive,oracle,-,full,full,reaction,False,near,flat,1,47
anthropic,anthropic-p01,plant,proactive,A,bm25,full,full,reaction,False,near,flat,3,121
anthropic,anthropic-p01,plant,proactive,A,emb,full,full,reaction,False,near,flat,3,121
anthropic,anthropic-p01,plant,proactive,A,rrf,full,full,reaction,False,near,flat,3,121
anthropic,anthropic-p01,plant,proactive,B,bm25,full,full,reaction,False,near,flat,1,213
anthropic,anthropic-p01,plant,proactive,B,emb,full,full,reaction,False,near,flat,1,213
anthropic,anthropic-p01,plant,proactive,B,rrf,full,full,reaction,False,near,flat,1,213
anthropic,anthropic-p01,plant,proactive,C,bm25,full,full,reaction,False,near,flat,6,529
anthropic,anthropic-p01,plant,proactive,C,emb,full,full,reaction,False,near,flat,6,529
anthropic,anthropic-p01,plant,proactive,C,rrf,full,full,reaction,False,near,flat,6,529
anthropic,anthropic-p01,plant,proactive,Cstar,bm25,full,full,reaction,False,near,flat,3,121
anthropic,anthropic-p01,plant,proactive,Cstar,emb,full,full,reaction,False,near,flat,3,121
anthropic,anthropic-p01,plant,proactive,Cstar,rrf,full,full,reaction,False,near,flat,3,121
anthropic,anthropic-p01,plant,proactive,D,bm25,full,full,reaction,False,near,flat,1,122
anthropic,anthropic-p01,plant,proactive,D,emb,full,full,reaction,False,near,flat,1,122
anthropic,anthropic-p01,plant,proactive,D,rrf,full,full,reaction,False,near,flat,1,122
anthropic,anthropic-p01,plant,proactive,E,bm25,full,full,reaction,False,near,flat,10,274
anthropic,anthropic-p01,plant,proactive,E,emb,full,full,reaction,False,near,flat,10,274
anthropic,anthropic-p01,plant,proactive,E,rrf,full,full,reaction,False,near,flat,10,274
anthropic,anthropic-p01,plant,reactive,window,-,full,full,reaction,False,near,flat,0,0
anthropic,anthropic-p01,plant,reactive,oracle,-,full,full,reaction,False,near,flat,1,47
anthropic,anthropic-p01,plant,reactive,A,bm25,full,full,reaction,False,near,flat,3,121
anthropic,anthropic-p01,plant,reactive,A,emb,full,full,reaction,False,near,flat,3,121
anthropic,anthropic-p01,plant,reactive,A,rrf,full,full,reaction,False,near,flat,3,121
anthropic,anthropic-p01,plant,reactive,B,bm25,full,full,reaction,False,near,flat,1,213
anthropic,anthropic-p01,plant,reactive,B,emb,full,full,reaction,False,near,flat,1,213
anthropic,anthropic-p01,plant,reactive,B,rrf,full,full,reaction,False,near,flat,1,213
anthropic,anthropic-p01,plant,reactive,C,bm25,full,full,reaction,False,near,flat,6,529
anthropic,anthropic-p01,plant,reactive,C,emb,full,full,reaction,False,near,flat,6,529
anthropic,anthropic-p01,plant,reactive,C,rrf,full,full,reaction,False,near,flat,6,529
anthropic,anthropic-p01,plant,reactive,Cstar,bm25,full,full,reaction,False,near,flat,3,121
anthropic,anthropic-p01,plant,reactive,Cstar,emb,full,full,reaction,False,near,flat,3,121
anthropic,anthropic-p01,plant,reactive,Cstar,rrf,full,full,reaction,False,near,flat,3,121
anthropic,anthropic-p01,plant,reactive,D,bm25,full,full,reaction,False,near,flat,1,122
anthropic,anthropic-p01,plant,reactive,D,emb,full,full,reaction,False,near,flat,1,122
anthropic,anthropic-p01,plant,reactive,D,rrf,full,full,reaction,False,near,flat,1,122
anthropic,anthropic-p01,plant,reactive,E,bm25,full,full,reaction,False,near,flat,10,274
anthropic,anthropic-p01,plant,reactive,E,emb,full,full,reaction,False,near,flat,10,274
anthropic,anthropic-p01,plant,reactive,E,rrf,full,full,reaction,False,near,flat,10,274
anthropic,anthropic-p03,plant,proactive,window,-,none,none,distributed,False,far,interleaved,0,0
anthropic,anthropic-p03,plant,proactive,oracle,-,full,full,distributed,False,far,interleaved,1,78
anthropic,anthropic-p03,plant,proactive,A,bm25,partial,partial,distributed,False,far,interleaved,34,1476
anthropic,anthropic-p03,plant,proactive,A,emb,full,full,distributed,False,far,interleaved,33,1479
anthropic,anthropic-p03,plant,proactive,A,rrf,full,full,distributed,False,far,interleaved,33,1458
anthropic,anthropic-p03,plant,proactive,B,bm25,none,none,distributed,False,far,interleaved,5,1297
anthropic,anthropic-p03,plant,proactive,B,emb,full,full,distributed,False,far,interleaved,5,1418
anthropic,anthropic-p03,plant,proactive,B,rrf,full,full,distributed,False,far,interleaved,5,1351
anthropic,anthropic-p03,plant,proactive,C,bm25,partial,partial,distributed,False,far,interleaved,11,1444
anthropic,anthropic-p03,plant,proactive,C,emb,full,full,distributed,False,far,interleaved,11,1410
anthropic,anthropic-p03,plant,proactive,C,rrf,full,full,distributed,False,far,interleaved,11,1483
anthropic,anthropic-p03,plant,proactive,Cstar,bm25,full,full,distributed,False,far,interleaved,16,1460
anthropic,anthropic-p03,plant,proactive,Cstar,emb,full,full,distributed,False,far,interleaved,20,1482
anthropic,anthropic-p03,plant,proactive,Cstar,rrf,full,full,distributed,False,far,interleaved,20,1432
anthropic,anthropic-p03,plant,proactive,D,bm25,none,none,distributed,False,far,interleaved,3,1137
anthropic,anthropic-p03,plant,proactive,D,emb,full,full,distributed,False,far,interleaved,4,1499
anthropic,anthropic-p03,plant,proactive,D,rrf,none,none,distributed,False,far,interleaved,3,1269
anthropic,anthropic-p03,plant,proactive,E,bm25,full,full,distributed,False,far,interleaved,38,1476
anthropic,anthropic-p03,plant,proactive,E,emb,full,full,distributed,False,far,interleaved,39,1496
anthropic,anthropic-p03,plant,proactive,E,rrf,full,full,distributed,False,far,interleaved,38,1496
anthropic,anthropic-p03,plant,reactive,window,-,none,none,distributed,False,far,interleaved,0,0
anthropic,anthropic-p03,plant,reactive,oracle,-,full,full,distributed,False,far,interleaved,1,78
anthropic,anthropic-p03,plant,reactive,A,bm25,full,full,distributed,False,far,interleaved,35,1495
anthropic,anthropic-p03,plant,reactive,A,emb,partial,partial,distributed,False,far,interleaved,35,1466
anthropic,anthropic-p03,plant,reactive,A,rrf,partial,partial,distributed,False,far,interleaved,33,1449
anthropic,anthropic-p03,plant,reactive,B,bm25,full,full,distributed,False,far,interleaved,5,1334
anthropic,anthropic-p03,plant,reactive,B,emb,full,full,distributed,False,far,interleaved,6,1255
anthropic,anthropic-p03,plant,reactive,B,rrf,full,full,distributed,False,far,interleaved,6,1495
anthropic,anthropic-p03,plant,reactive,C,bm25,full,full,distributed,False,far,interleaved,12,1469
anthropic,anthropic-p03,plant,reactive,C,emb,full,full,distributed,False,far,interleaved,14,1498
anthropic,anthropic-p03,plant,reactive,C,rrf,full,full,distributed,False,far,interleaved,12,1420
anthropic,anthropic-p03,plant,reactive,Cstar,bm25,full,full,distributed,False,far,interleaved,21,1499
anthropic,anthropic-p03,plant,reactive,Cstar,emb,full,full,distributed,False,far,interleaved,27,1491
anthropic,anthropic-p03,plant,reactive,Cstar,rrf,full,full,distributed,False,far,interleaved,26,1498
anthropic,anthropic-p03,plant,reactive,D,bm25,full,full,distributed,False,far,interleaved,3,1390
anthropic,anthropic-p03,plant,reactive,D,emb,full,full,distributed,False,far,interleaved,8,1487
anthropic,anthropic-p03,plant,reactive,D,rrf,full,full,distributed,False,far,interleaved,5,1096
anthropic,anthropic-p03,plant,reactive,E,bm25,full,full,distributed,False,far,interleaved,42,1489
anthropic,anthropic-p03,plant,reactive,E,emb,full,full,distributed,False,far,interleaved,47,1490
anthropic,anthropic-p03,plant,reactive,E,rrf,full,full,distributed,False,far,interleaved,46,1495
anthropic,anthropic-p05,plant,proactive,window,-,full,none,cross_ref,True,near,interleaved,0,0
anthropic,anthropic-p05,plant,proactive,oracle,-,full,full,cross_ref,True,near,interleaved,3,200
anthropic,anthropic-p05,plant,proactive,A,bm25,full,none,cross_ref,True,near,interleaved,33,1470
anthropic,anthropic-p05,plant,proactive,A,emb,full,none,cross_ref,True,near,interleaved,33,1458
anthropic,anthropic-p05,plant,proactive,A,rrf,full,none,cross_ref,True,near,interleaved,33,1479
anthropic,anthropic-p05,plant,proactive,B,bm25,full,partial,cross_ref,True,near,interleaved,5,1299
anthropic,anthropic-p05,plant,proactive,B,emb,full,partial,cross_ref,True,near,interleaved,6,1500
anthropic,anthropic-p05,plant,proactive,B,rrf,full,partial,cross_ref,True,near,interleaved,5,1322
anthropic,anthropic-p05,plant,proactive,C,bm25,full,none,cross_ref,True,near,interleaved,12,1385
anthropic,anthropic-p05,plant,proactive,C,emb,full,none,cross_ref,True,near,interleaved,12,1455
anthropic,anthropic-p05,plant,proactive,C,rrf,full,none,cross_ref,True,near,interleaved,12,1469
anthropic,anthropic-p05,plant,proactive,Cstar,bm25,full,none,cross_ref,True,near,interleaved,15,1399
anthropic,anthropic-p05,plant,proactive,Cstar,emb,full,none,cross_ref,True,near,interleaved,18,1381
anthropic,anthropic-p05,plant,proactive,Cstar,rrf,full,none,cross_ref,True,near,interleaved,17,1498
anthropic,anthropic-p05,plant,proactive,D,bm25,full,none,cross_ref,True,near,interleaved,5,1353
anthropic,anthropic-p05,plant,proactive,D,emb,full,none,cross_ref,True,near,interleaved,5,1304
anthropic,anthropic-p05,plant,proactive,D,rrf,full,none,cross_ref,True,near,interleaved,5,1304
anthropic,anthropic-p05,plant,proactive,E,bm25,full,full,cross_ref,True,near,interleaved,41,1490
anthropic,anthropic-p05,plant,proactive,E,emb,full,full,cross_ref,True,near,interleaved,40,1477
anthropic,anthropic-p05,plant,proactive,E,rrf,full,full,cross_ref,True,near,interleaved,40,1471
anthropic,anthropic-p05,plant,reactive,window,-,full,none,cross_ref,True,near,interleaved,0,0
anthropic,anthropic-p05,plant,reactive,oracle,-,full,full,cross_ref,True,near,interleaved,3,200
anthropic,anthropic-p05,plant,reactive,A,bm25,full,full,cross_ref,True,near,interleaved,33,1464
anthropic,anthropic-p05,plant,reactive,A,emb,full,full,cross_ref,True,near,interleaved,33,1486
anthropic,anthropic-p05,plant,reactive,A,rrf,full,full,cross_ref,True,near,interleaved,34,1491
anthropic,anthropic-p05,plant,reactive,B,bm25,full,none,cross_ref,True,near,interleaved,5,1248
anthropic,anthropic-p05,plant,reactive,B,emb,full,full,cross_ref,True,near,interleaved,5,1349
anthropic,anthropic-p05,plant,reactive,B,rrf,full,partial,cross_ref,True,near,interleaved,5,1305
anthropic,anthropic-p05,plant,reactive,C,bm25,full,none,cross_ref,True,near,interleaved,15,1445
anthropic,anthropic-p05,plant,reactive,C,emb,full,partial,cross_ref,True,near,interleaved,12,1349
anthropic,anthropic-p05,plant,reactive,C,rrf,full,partial,cross_ref,True,near,interleaved,13,1421
anthropic,anthropic-p05,plant,reactive,Cstar,bm25,full,full,cross_ref,True,near,interleaved,22,1480
anthropic,anthropic-p05,plant,reactive,Cstar,emb,full,full,cross_ref,True,near,interleaved,24,1429
anthropic,anthropic-p05,plant,reactive,Cstar,rrf,full,full,cross_ref,True,near,interleaved,23,1474
anthropic,anthropic-p05,plant,reactive,D,bm25,full,partial,cross_ref,True,near,interleaved,4,1437
anthropic,anthropic-p05,plant,reactive,D,emb,full,partial,cross_ref,True,near,interleaved,6,1326
anthropic,anthropic-p05,plant,reactive,D,rrf,full,none,cross_ref,True,near,interleaved,4,1187
anthropic,anthropic-p05,plant,reactive,E,bm25,full,full,cross_ref,True,near,interleaved,43,1493
anthropic,anthropic-p05,plant,reactive,E,emb,full,full,cross_ref,True,near,interleaved,47,1493
anthropic,anthropic-p05,plant,reactive,E,rrf,full,full,cross_ref,True,near,interleaved,44,1487
anthropic,anthropic-p06,plant,proactive,window,-,none,none,explicit,False,cross,threaded,0,0
anthropic,anthropic-p06,plant,proactive,oracle,-,full,full,explicit,False,cross,threaded,1,50
anthropic,anthropic-p06,plant,proactive,A,bm25,none,none,explicit,False,cross,threaded,33,1482
anthropic,anthropic-p06,plant,proactive,A,emb,none,none,explicit,False,cross,threaded,34,1493
anthropic,anthropic-p06,plant,proactive,A,rrf,none,none,explicit,False,cross,threaded,34,1495
anthropic,anthropic-p06,plant,proactive,B,bm25,none,none,explicit,False,cross,threaded,5,1372
anthropic,anthropic-p06,plant,proactive,B,emb,none,none,explicit,False,cross,threaded,5,1332
anthropic,anthropic-p06,plant,proactive,B,rrf,none,none,explicit,False,cross,threaded,5,1373
anthropic,anthropic-p06,plant,proactive,C,bm25,none,none,explicit,False,cross,threaded,10,1369
anthropic,anthropic-p06,plant,proactive,C,emb,none,none,explicit,False,cross,threaded,12,1403
anthropic,anthropic-p06,plant,proactive,C,rrf,none,none,explicit,False,cross,threaded,11,1378
anthropic,anthropic-p06,plant,proactive,Cstar,bm25,none,none,explicit,False,cross,threaded,17,1396
anthropic,anthropic-p06,plant,proactive,Cstar,emb,none,none,explicit,False,cross,threaded,19,1454
anthropic,anthropic-p06,plant,proactive,Cstar,rrf,none,none,explicit,False,cross,threaded,18,1422
anthropic,anthropic-p06,plant,proactive,D,bm25,none,none,explicit,False,cross,threaded,3,1075
anthropic,anthropic-p06,plant,proactive,D,emb,none,none,explicit,False,cross,threaded,5,1260
anthropic,anthropic-p06,plant,proactive,D,rrf,none,none,explicit,False,cross,threaded,3,1139
anthropic,anthropic-p06,plant,proactive,E,bm25,full,full,explicit,False,cross,threaded,36,1483
anthropic,anthropic-p06,plant,proactive,E,emb,full,full,explicit,False,cross,threaded,37,1483
anthropic,anthropic-p06,plant,proactive,E,rrf,full,full,explicit,False,cross,threaded,35,1484
anthropic,anthropic-p06,plant,reactive,window,-,none,none,explicit,False,cross,threaded,0,0
anthropic,anthropic-p06,plant,reactive,oracle,-,full,full,explicit,False,cross,threaded,1,50
anthropic,anthropic-p06,plant,reactive,A,bm25,full,full,explicit,False,cross,threaded,35,1483
anthropic,anthropic-p06,plant,reactive,A,emb,full,full,explicit,False,cross,threaded,34,1477
anthropic,anthropic-p06,plant,reactive,A,rrf,full,full,explicit,False,cross,threaded,35,1487
anthropic,anthropic-p06,plant,reactive,B,bm25,full,full,explicit,False,cross,threaded,5,1236
anthropic,anthropic-p06,plant,reactive,B,emb,full,full,explicit,False,cross,threaded,6,1490
anthropic,anthropic-p06,plant,reactive,B,rrf,full,full,explicit,False,cross,threaded,6,1473
anthropic,anthropic-p06,plant,reactive,C,bm25,full,full,explicit,False,cross,threaded,15,1405
anthropic,anthropic-p06,plant,reactive,C,emb,full,full,explicit,False,cross,threaded,16,1406
anthropic,anthropic-p06,plant,reactive,C,rrf,full,full,explicit,False,cross,threaded,16,1435
anthropic,anthropic-p06,plant,reactive,Cstar,bm25,full,full,explicit,False,cross,threaded,25,1486
anthropic,anthropic-p06,plant,reactive,Cstar,emb,full,full,explicit,False,cross,threaded,29,1437
anthropic,anthropic-p06,plant,reactive,Cstar,rrf,full,full,explicit,False,cross,threaded,28,1479
anthropic,anthropic-p06,plant,reactive,D,bm25,full,full,explicit,False,cross,threaded,6,1220
anthropic,anthropic-p06,plant,reactive,D,emb,full,full,explicit,False,cross,threaded,5,1041
anthropic,anthropic-p06,plant,reactive,D,rrf,full,full,explicit,False,cross,threaded,6,1163
anthropic,anthropic-p06,plant,reactive,E,bm25,full,full,explicit,False,cross,threaded,49,1491
anthropic,anthropic-p06,plant,reactive,E,emb,full,full,explicit,False,cross,threaded,45,1498
anthropic,anthropic-p06,plant,reactive,E,rrf,full,full,explicit,False,cross,threaded,46,1491
anthropic,anthropic-p08,plant,proactive,window,-,none,none,correction,False,far,interleaved,0,0
anthropic,anthropic-p08,plant,proactive,oracle,-,full,full,correction,False,far,interleaved,1,77
anthropic,anthropic-p08,plant,proactive,A,bm25,partial,partial,correction,False,far,interleaved,33,1476
anthropic,anthropic-p08,plant,proactive,A,emb,partial,partial,correction,False,far,interleaved,33,1474
anthropic,anthropic-p08,plant,proactive,A,rrf,partial,partial,correction,False,far,interleaved,32,1463
anthropic,anthropic-p08,plant,proactive,B,bm25,full,full,correction,False,far,interleaved,5,1279
anthropic,anthropic-p08,plant,proactive,B,emb,full,full,correction,False,far,interleaved,6,1489
anthropic,anthropic-p08,plant,proactive,B,rrf,full,full,correction,False,far,interleaved,5,1250
anthropic,anthropic-p08,plant,proactive,C,bm25,full,full,correction,False,far,interleaved,11,1420
anthropic,anthropic-p08,plant,proactive,C,emb,full,full,correction,False,far,interleaved,11,1419
anthropic,anthropic-p08,plant,proactive,C,rrf,full,full,correction,False,far,interleaved,11,1403
anthropic,anthropic-p08,plant,proactive,Cstar,bm25,full,full,correction,False,far,interleaved,17,1453
anthropic,anthropic-p08,plant,proactive,Cstar,emb,full,full,correction,False,far,interleaved,19,1415
anthropic,anthropic-p08,plant,proactive,Cstar,rrf,full,full,correction,False,far,interleaved,15,1363
anthropic,anthropic-p08,plant,proactive,D,bm25,full,full,correction,False,far,interleaved,4,1442
anthropic,anthropic-p08,plant,proactive,D,emb,partial,partial,correction,False,far,interleaved,6,1291
anthropic,anthropic-p08,plant,proactive,D,rrf,full,full,correction,False,far,interleaved,5,1388
anthropic,anthropic-p08,plant,proactive,E,bm25,full,full,correction,False,far,interleaved,35,1471
anthropic,anthropic-p08,plant,proactive,E,emb,full,full,correction,False,far,interleaved,37,1471
anthropic,anthropic-p08,plant,proactive,E,rrf,full,full,correction,False,far,interleaved,36,1496
anthropic,anthropic-p08,plant,reactive,window,-,none,none,correction,False,far,interleaved,0,0
anthropic,anthropic-p08,plant,reactive,oracle,-,full,full,correction,False,far,interleaved,1,77
anthropic,anthropic-p08,plant,reactive,A,bm25,partial,partial,correction,False,far,interleaved,33,1464
anthropic,anthropic-p08,plant,reactive,A,emb,full,full,correction,False,far,interleaved,34,1489
anthropic,anthropic-p08,plant,reactive,A,rrf,partial,partial,correction,False,far,interleaved,34,1480
anthropic,anthropic-p08,plant,reactive,B,bm25,none,none,correction,False,far,interleaved,5,1394
anthropic,anthropic-p08,plant,reactive,B,emb,none,none,correction,False,far,interleaved,5,1338
anthropic,anthropic-p08,plant,reactive,B,rrf,none,none,correction,False,far,interleaved,5,1390
anthropic,anthropic-p08,plant,reactive,C,bm25,full,full,correction,False,far,interleaved,11,1373
anthropic,anthropic-p08,plant,reactive,C,emb,full,full,correction,False,far,interleaved,13,1486
anthropic,anthropic-p08,plant,reactive,C,rrf,full,full,correction,False,far,interleaved,11,1476
anthropic,anthropic-p08,plant,reactive,Cstar,bm25,full,full,correction,False,far,interleaved,19,1447
anthropic,anthropic-p08,plant,reactive,Cstar,emb,full,full,correction,False,far,interleaved,21,1454
anthropic,anthropic-p08,plant,reactive,Cstar,rrf,full,full,correction,False,far,interleaved,19,1491
anthropic,anthropic-p08,plant,reactive,D,bm25,partial,partial,correction,False,far,interleaved,4,1242
anthropic,anthropic-p08,plant,reactive,D,emb,partial,partial,correction,False,far,interleaved,7,1443
anthropic,anthropic-p08,plant,reactive,D,rrf,partial,partial,correction,False,far,interleaved,5,1359
anthropic,anthropic-p08,plant,reactive,E,bm25,full,full,correction,False,far,interleaved,43,1494
anthropic,anthropic-p08,plant,reactive,E,emb,full,full,correction,False,far,interleaved,42,1469
anthropic,anthropic-p08,plant,reactive,E,rrf,full,full,correction,False,far,interleaved,42,1465
anthropic,anthropic-p09,plant,proactive,window,-,none,none,ellipsis,True,cross,flat,0,0
anthropic,anthropic-p09,plant,proactive,oracle,-,full,full,ellipsis,True,cross,flat,2,78
anthropic,anthropic-p09,plant,proactive,A,bm25,full,partial,ellipsis,True,cross,flat,33,1469
anthropic,anthropic-p09,plant,proactive,A,emb,partial,partial,ellipsis,True,cross,flat,33,1489
anthropic,anthropic-p09,plant,proactive,A,rrf,full,partial,ellipsis,True,cross,flat,33,1500
anthropic,anthropic-p09,plant,proactive,B,bm25,full,full,ellipsis,True,cross,flat,6,1451
anthropic,anthropic-p09,plant,proactive,B,emb,full,full,ellipsis,True,cross,flat,5,1317
anthropic,anthropic-p09,plant,proactive,B,rrf,full,full,ellipsis,True,cross,flat,5,1293
anthropic,anthropic-p09,plant,proactive,C,bm25,full,full,ellipsis,True,cross,flat,16,1423
anthropic,anthropic-p09,plant,proactive,C,emb,full,none,ellipsis,True,cross,flat,13,1451
anthropic,anthropic-p09,plant,proactive,C,rrf,full,partial,ellipsis,True,cross,flat,13,1449
anthropic,anthropic-p09,plant,proactive,Cstar,bm25,full,full,ellipsis,True,cross,flat,21,1434
anthropic,anthropic-p09,plant,proactive,Cstar,emb,full,partial,ellipsis,True,cross,flat,18,1486
anthropic,anthropic-p09,plant,proactive,Cstar,rrf,full,full,ellipsis,True,cross,flat,18,1492
anthropic,anthropic-p09,plant,proactive,D,bm25,full,full,ellipsis,True,cross,flat,5,1253
anthropic,anthropic-p09,plant,proactive,D,emb,full,none,ellipsis,True,cross,flat,3,1276
anthropic,anthropic-p09,plant,proactive,D,rrf,full,none,ellipsis,True,cross,flat,3,1276
anthropic,anthropic-p09,plant,proactive,E,bm25,full,full,ellipsis,True,cross,flat,42,1483
anthropic,anthropic-p09,plant,proactive,E,emb,full,partial,ellipsis,True,cross,flat,43,1491
anthropic,anthropic-p09,plant,proactive,E,rrf,full,full,ellipsis,True,cross,flat,43,1476
anthropic,anthropic-p09,plant,reactive,window,-,none,none,ellipsis,True,cross,flat,0,0
anthropic,anthropic-p09,plant,reactive,oracle,-,full,full,ellipsis,True,cross,flat,2,78
anthropic,anthropic-p09,plant,reactive,A,bm25,full,partial,ellipsis,True,cross,flat,34,1454
anthropic,anthropic-p09,plant,reactive,A,emb,full,partial,ellipsis,True,cross,flat,36,1460
anthropic,anthropic-p09,plant,reactive,A,rrf,full,partial,ellipsis,True,cross,flat,36,1494
anthropic,anthropic-p09,plant,reactive,B,bm25,full,full,ellipsis,True,cross,flat,6,1425
anthropic,anthropic-p09,plant,reactive,B,emb,full,full,ellipsis,True,cross,flat,6,1478
anthropic,anthropic-p09,plant,reactive,B,rrf,full,full,ellipsis,True,cross,flat,6,1412
anthropic,anthropic-p09,plant,reactive,C,bm25,full,full,ellipsis,True,cross,flat,18,1448
anthropic,anthropic-p09,plant,reactive,C,emb,full,full,ellipsis,True,cross,flat,18,1464
anthropic,anthropic-p09,plant,reactive,C,rrf,full,full,ellipsis,True,cross,flat,18,1450
anthropic,anthropic-p09,plant,reactive,Cstar,bm25,full,full,ellipsis,True,cross,flat,24,1396
anthropic,anthropic-p09,plant,reactive,Cstar,emb,full,full,ellipsis,True,cross,flat,26,1465
anthropic,anthropic-p09,plant,reactive,Cstar,rrf,full,full,ellipsis,True,cross,flat,27,1373
anthropic,anthropic-p09,plant,reactive,D,bm25,full,full,ellipsis,True,cross,flat,5,1334
anthropic,anthropic-p09,plant,reactive,D,emb,full,full,ellipsis,True,cross,flat,6,1469
anthropic,anthropic-p09,plant,reactive,D,rrf,full,full,ellipsis,True,cross,flat,5,1179
anthropic,anthropic-p09,plant,reactive,E,bm25,full,full,ellipsis,True,cross,flat,45,1475
anthropic,anthropic-p09,plant,reactive,E,emb,full,full,ellipsis,True,cross,flat,50,1497
anthropic,anthropic-p09,plant,reactive,E,rrf,full,full,ellipsis,True,cross,flat,49,1494
anthropic,anthropic-p10,plant,proactive,window,-,none,none,distributed,False,cross,interleaved,0,0
anthropic,anthropic-p10,plant,proactive,oracle,-,full,full,distributed,False,cross,interleaved,1,78
anthropic,anthropic-p10,plant,proactive,A,bm25,partial,partial,distributed,False,cross,interleaved,33,1468
anthropic,anthropic-p10,plant,proactive,A,emb,partial,partial,distributed,False,cross,interleaved,32,1476
anthropic,anthropic-p10,plant,proactive,A,rrf,partial,partial,distributed,False,cross,interleaved,32,1475
anthropic,anthropic-p10,plant,proactive,B,bm25,none,none,distributed,False,cross,interleaved,5,1293
anthropic,anthropic-p10,plant,proactive,B,emb,none,none,distributed,False,cross,interleaved,5,1428
anthropic,anthropic-p10,plant,proactive,B,rrf,none,none,distributed,False,cross,interleaved,5,1378
anthropic,anthropic-p10,plant,proactive,C,bm25,none,none,distributed,False,cross,interleaved,11,1440
anthropic,anthropic-p10,plant,proactive,C,emb,full,full,distributed,False,cross,interleaved,10,1372
anthropic,anthropic-p10,plant,proactive,C,rrf,none,none,distributed,False,cross,interleaved,11,1471
anthropic,anthropic-p10,plant,proactive,Cstar,bm25,none,none,distributed,False,cross,interleaved,15,1479
anthropic,anthropic-p10,plant,proactive,Cstar,emb,full,full,distributed,False,cross,interleaved,18,1472
anthropic,anthropic-p10,plant,proactive,Cstar,rrf,partial,partial,distributed,False,cross,interleaved,17,1456
anthropic,anthropic-p10,plant,proactive,D,bm25,none,none,distributed,False,cross,interleaved,4,1495
anthropic,anthropic-p10,plant,proactive,D,emb,none,none,distributed,False,cross,interleaved,3,1269
anthropic,anthropic-p10,plant,proactive,D,rrf,none,none,distributed,False,cross,interleaved,4,1488
anthropic,anthropic-p10,plant,proactive,E,bm25,full,full,distributed,False,cross,interleaved,41,1479
anthropic,anthropic-p10,plant,proactive,E,emb,partial,partial,distributed,False,cross,interleaved,45,1473
anthropic,anthropic-p10,plant,proactive,E,rrf,full,full,distributed,False,cross,interleaved,44,1478
anthropic,anthropic-p10,plant,reactive,window,-,none,none,distributed,False,cross,interleaved,0,0
anthropic,anthropic-p10,plant,reactive,oracle,-,full,full,distributed,False,cross,interleaved,1,78
anthropic,anthropic-p10,plant,reactive,A,bm25,partial,partial,distributed,False,cross,interleaved,33,1469
anthropic,anthropic-p10,plant,reactive,A,emb,partial,partial,distributed,False,cross,interleaved,34,1492
anthropic,anthropic-p10,plant,reactive,A,rrf,partial,partial,distributed,False,cross,interleaved,35,1476
anthropic,anthropic-p10,plant,reactive,B,bm25,full,full,distributed,False,cross,interleaved,5,1348
anthropic,anthropic-p10,plant,reactive,B,emb,full,full,distributed,False,cross,interleaved,5,1254
anthropic,anthropic-p10,plant,reactive,B,rrf,full,full,distributed,False,cross,interleaved,5,1306
anthropic,anthropic-p10,plant,reactive,C,bm25,full,full,distributed,False,cross,interleaved,12,1454
anthropic,anthropic-p10,plant,reactive,C,emb,full,full,distributed,False,cross,interleaved,14,1380
anthropic,anthropic-p10,plant,reactive,C,rrf,full,full,distributed,False,cross,interleaved,12,1460
anthropic,anthropic-p10,plant,reactive,Cstar,bm25,full,full,distributed,False,cross,interleaved,17,1396
anthropic,anthropic-p10,plant,reactive,Cstar,emb,full,full,distributed,False,cross,interleaved,24,1457
anthropic,anthropic-p10,plant,reactive,Cstar,rrf,full,full,distributed,False,cross,interleaved,22,1500
anthropic,anthropic-p10,plant,reactive,D,bm25,full,full,distributed,False,cross,interleaved,3,1366
anthropic,anthropic-p10,plant,reactive,D,emb,full,full,distributed,False,cross,interleaved,8,1426
anthropic,anthropic-p10,plant,reactive,D,rrf,full,full,distributed,False,cross,interleaved,6,1437
anthropic,anthropic-p10,plant,reactive,E,bm25,full,full,distributed,False,cross,interleaved,46,1489
anthropic,anthropic-p10,plant,reactive,E,emb,full,full,distributed,False,cross,interleaved,48,1462
anthropic,anthropic-p10,plant,reactive,E,rrf,full,full,distributed,False,cross,interleaved,46,1499
anthropic,anthropic-p11,plant,proactive,window,-,none,none,correction,False,cross,interleaved,0,0
anthropic,anthropic-p11,plant,proactive,oracle,-,full,full,correction,False,cross,interleaved,1,77
anthropic,anthropic-p11,plant,proactive,A,bm25,partial,partial,correction,False,cross,interleaved,34,1457
anthropic,anthropic-p11,plant,proactive,A,emb,partial,partial,correction,False,cross,interleaved,34,1479
anthropic,anthropic-p11,plant,proactive,A,rrf,partial,partial,correction,False,cross,interleaved,34,1469
anthropic,anthropic-p11,plant,proactive,B,bm25,none,none,correction,False,cross,interleaved,5,1334
anthropic,anthropic-p11,plant,proactive,B,emb,full,full,correction,False,cross,interleaved,5,1296
anthropic,anthropic-p11,plant,proactive,B,rrf,none,none,correction,False,cross,interleaved,5,1284
anthropic,anthropic-p11,plant,proactive,C,bm25,none,none,correction,False,cross,interleaved,11,1479
anthropic,anthropic-p11,plant,proactive,C,emb,full,full,correction,False,cross,interleaved,13,1493
anthropic,anthropic-p11,plant,proactive,C,rrf,full,full,correction,False,cross,interleaved,12,1495
anthropic,anthropic-p11,plant,proactive,Cstar,bm25,partial,partial,correction,False,cross,interleaved,19,1487
anthropic,anthropic-p11,plant,proactive,Cstar,emb,full,full,correction,False,cross,interleaved,23,1500
anthropic,anthropic-p11,plant,proactive,Cstar,rrf,full,full,correction,False,cross,interleaved,22,1465
anthropic,anthropic-p11,plant,proactive,D,bm25,none,none,correction,False,cross,interleaved,3,1051
anthropic,anthropic-p11,plant,proactive,D,emb,partial,partial,correction,False,cross,interleaved,6,1328
anthropic,anthropic-p11,plant,proactive,D,rrf,none,none,correction,False,cross,interleaved,4,1220
anthropic,anthropic-p11,plant,proactive,E,bm25,full,full,correction,False,cross,interleaved,39,1482
anthropic,anthropic-p11,plant,proactive,E,emb,full,full,correction,False,cross,interleaved,41,1485
anthropic,anthropic-p11,plant,proactive,E,rrf,full,full,correction,False,cross,interleaved,39,1477
anthropic,anthropic-p11,plant,reactive,window,-,none,none,correction,False,cross,interleaved,0,0
anthropic,anthropic-p11,plant,reactive,oracle,-,full,full,correction,False,cross,interleaved,1,77
anthropic,anthropic-p11,plant,reactive,A,bm25,partial,partial,correction,False,cross,interleaved,34,1483
anthropic,anthropic-p11,plant,reactive,A,emb,full,full,correction,False,cross,interleaved,35,1485
anthropic,anthropic-p11,plant,reactive,A,rrf,partial,partial,correction,False,cross,interleaved,34,1461
anthropic,anthropic-p11,plant,reactive,B,bm25,none,none,correction,False,cross,interleaved,5,1394
anthropic,anthropic-p11,plant,reactive,B,emb,none,none,correction,False,cross,interleaved,5,1338
anthropic,anthropic-p11,plant,reactive,B,rrf,full,full,correction,False,cross,interleaved,5,1365
anthropic,anthropic-p11,plant,reactive,C,bm25,full,full,correction,False,cross,interleaved,11,1373
anthropic,anthropic-p11,plant,reactive,C,emb,full,full,correction,False,cross,interleaved,13,1392
anthropic,anthropic-p11,plant,reactive,C,rrf,full,full,correction,False,cross,interleaved,11,1476
anthropic,anthropic-p11,plant,reactive,Cstar,bm25,full,full,correction,False,cross,interleaved,20,1480
anthropic,anthropic-p11,plant,reactive,Cstar,emb,full,full,correction,False,cross,interleaved,24,1498
anthropic,anthropic-p11,plant,reactive,Cstar,rrf,full,full,correction,False,cross,interleaved,21,1494
anthropic,anthropic-p11,plant,reactive,D,bm25,partial,partial,correction,False,cross,interleaved,4,1242
anthropic,anthropic-p11,plant,reactive,D,emb,partial,partial,correction,False,cross,interleaved,7,1370
anthropic,anthropic-p11,plant,reactive,D,rrf,partial,partial,correction,False,cross,interleaved,5,1322
anthropic,anthropic-p11,plant,reactive,E,bm25,full,full,correction,False,cross,interleaved,44,1484
anthropic,anthropic-p11,plant,reactive,E,emb,full,full,correction,False,cross,interleaved,45,1487
anthropic,anthropic-p11,plant,reactive,E,rrf,full,full,correction,False,cross,interleaved,43,1489
anthropic,anthropic-paper_deadline@t1/005-t2-start,probe_trigger,proactive,window,-,none,none,reaction,False,cross,interleaved,0,0
anthropic,anthropic-paper_deadline@t1/005-t2-start,probe_trigger,proactive,oracle,-,full,full,reaction,False,cross,interleaved,1,47
anthropic,anthropic-paper_deadline@t1/005-t2-start,probe_trigger,proactive,A,bm25,partial,partial,reaction,False,cross,interleaved,35,1466
anthropic,anthropic-paper_deadline@t1/005-t2-start,probe_trigger,proactive,A,emb,partial,partial,reaction,False,cross,interleaved,36,1476
anthropic,anthropic-paper_deadline@t1/005-t2-start,probe_trigger,proactive,A,rrf,partial,partial,reaction,False,cross,interleaved,35,1461
anthropic,anthropic-paper_deadline@t1/005-t2-start,probe_trigger,proactive,B,bm25,full,full,reaction,False,cross,interleaved,6,1403
anthropic,anthropic-paper_deadline@t1/005-t2-start,probe_trigger,proactive,B,emb,full,full,reaction,False,cross,interleaved,6,1438
anthropic,anthropic-paper_deadline@t1/005-t2-start,probe_trigger,proactive,B,rrf,full,full,reaction,False,cross,interleaved,6,1438
anthropic,anthropic-paper_deadline@t1/005-t2-start,probe_trigger,proactive,C,bm25,full,full,reaction,False,cross,interleaved,16,1438
anthropic,anthropic-paper_deadline@t1/005-t2-start,probe_trigger,proactive,C,emb,full,full,reaction,False,cross,interleaved,16,1388
anthropic,anthropic-paper_deadline@t1/005-t2-start,probe_trigger,proactive,C,rrf,full,full,reaction,False,cross,interleaved,16,1406
anthropic,anthropic-paper_deadline@t1/005-t2-start,probe_trigger,proactive,Cstar,bm25,full,full,reaction,False,cross,interleaved,24,1489
anthropic,anthropic-paper_deadline@t1/005-t2-start,probe_trigger,proactive,Cstar,emb,full,full,reaction,False,cross,interleaved,23,1419
anthropic,anthropic-paper_deadline@t1/005-t2-start,probe_trigger,proactive,Cstar,rrf,full,full,reaction,False,cross,interleaved,24,1488
anthropic,anthropic-paper_deadline@t1/005-t2-start,probe_trigger,proactive,D,bm25,full,full,reaction,False,cross,interleaved,6,1172
anthropic,anthropic-paper_deadline@t1/005-t2-start,probe_trigger,proactive,D,emb,full,full,reaction,False,cross,interleaved,6,1466
anthropic,anthropic-paper_deadline@t1/005-t2-start,probe_trigger,proactive,D,rrf,full,full,reaction,False,cross,interleaved,6,1172
anthropic,anthropic-paper_deadline@t1/005-t2-start,probe_trigger,proactive,E,bm25,full,full,reaction,False,cross,interleaved,44,1470
anthropic,anthropic-paper_deadline@t1/005-t2-start,probe_trigger,proactive,E,emb,full,full,reaction,False,cross,interleaved,44,1481
anthropic,anthropic-paper_deadline@t1/005-t2-start,probe_trigger,proactive,E,rrf,full,full,reaction,False,cross,interleaved,44,1463
anthropic,anthropic-paper_deadline@t1/005-t2-middle,probe_trigger,proactive,window,-,none,none,reaction,False,cross,interleaved,0,0
anthropic,anthropic-paper_deadline@t1/005-t2-middle,probe_trigger,proactive,oracle,-,full,full,reaction,False,cross,interleaved,1,47
anthropic,anthropic-paper_deadline@t1/005-t2-middle,probe_trigger,proactive,A,bm25,partial,partial,reaction,False,cross,interleaved,35,1474
anthropic,anthropic-paper_deadline@t1/005-t2-middle,probe_trigger,proactive,A,emb,none,none,reaction,False,cross,interleaved,34,1469
anthropic,anthropic-paper_deadline@t1/005-t2-middle,probe_trigger,proactive,A,rrf,partial,partial,reaction,False,cross,interleaved,35,1481
anthropic,anthropic-paper_deadline@t1/005-t2-middle,probe_trigger,proactive,B,bm25,full,full,reaction,False,cross,interleaved,6,1497
anthropic,anthropic-paper_deadline@t1/005-t2-middle,probe_trigger,proactive,B,emb,full,full,reaction,False,cross,interleaved,6,1489
anthropic,anthropic-paper_deadline@t1/005-t2-middle,probe_trigger,proactive,B,rrf,full,full,reaction,False,cross,interleaved,6,1493
anthropic,anthropic-paper_deadline@t1/005-t2-middle,probe_trigger,proactive,C,bm25,none,none,reaction,False,cross,interleaved,12,1474
anthropic,anthropic-paper_deadline@t1/005-t2-middle,probe_trigger,proactive,C,emb,none,none,reaction,False,cross,interleaved,13,1457
anthropic,anthropic-paper_deadline@t1/005-t2-middle,probe_trigger,proactive,C,rrf,none,none,reaction,False,cross,interleaved,12,1464
anthropic,anthropic-paper_deadline@t1/005-t2-middle,probe_trigger,proactive,Cstar,bm25,none,none,reaction,False,cross,interleaved,20,1458
anthropic,anthropic-paper_deadline@t1/005-t2-middle,probe_trigger,proactive,Cstar,emb,none,none,reaction,False,cross,interleaved,21,1443
anthropic,anthropic-paper_deadline@t1/005-t2-middle,probe_trigger,proactive,Cstar,rrf,none,none,reaction,False,cross,interleaved,21,1460
anthropic,anthropic-paper_deadline@t1/005-t2-middle,probe_trigger,proactive,D,bm25,none,none,reaction,False,cross,interleaved,4,1102
anthropic,anthropic-paper_deadline@t1/005-t2-middle,probe_trigger,proactive,D,emb,none,none,reaction,False,cross,interleaved,4,1210
anthropic,anthropic-paper_deadline@t1/005-t2-middle,probe_trigger,proactive,D,rrf,none,none,reaction,False,cross,interleaved,4,1102
anthropic,anthropic-paper_deadline@t1/005-t2-middle,probe_trigger,proactive,E,bm25,full,full,reaction,False,cross,interleaved,41,1484
anthropic,anthropic-paper_deadline@t1/005-t2-middle,probe_trigger,proactive,E,emb,full,full,reaction,False,cross,interleaved,42,1472
anthropic,anthropic-paper_deadline@t1/005-t2-middle,probe_trigger,proactive,E,rrf,full,full,reaction,False,cross,interleaved,41,1479
anthropic,anthropic-paper_deadline@t1/005-t3-start,probe_trigger,proactive,window,-,none,none,reaction,False,far,threaded,0,0
anthropic,anthropic-paper_deadline@t1/005-t3-start,probe_trigger,proactive,oracle,-,full,full,reaction,False,far,threaded,1,47
anthropic,anthropic-paper_deadline@t1/005-t3-start,probe_trigger,proactive,A,bm25,partial,partial,reaction,False,far,threaded,33,1483
anthropic,anthropic-paper_deadline@t1/005-t3-start,probe_trigger,proactive,A,emb,partial,partial,reaction,False,far,threaded,34,1495
anthropic,anthropic-paper_deadline@t1/005-t3-start,probe_trigger,proactive,A,rrf,partial,partial,reaction,False,far,threaded,34,1496
anthropic,anthropic-paper_deadline@t1/005-t3-start,probe_trigger,proactive,B,bm25,full,full,reaction,False,far,threaded,5,1281
anthropic,anthropic-paper_deadline@t1/005-t3-start,probe_trigger,proactive,B,emb,full,full,reaction,False,far,threaded,6,1495
anthropic,anthropic-paper_deadline@t1/005-t3-start,probe_trigger,proactive,B,rrf,full,full,reaction,False,far,threaded,6,1496
anthropic,anthropic-paper_deadline@t1/005-t3-start,probe_trigger,proactive,C,bm25,full,full,reaction,False,far,threaded,12,1442
anthropic,anthropic-paper_deadline@t1/005-t3-start,probe_trigger,proactive,C,emb,none,none,reaction,False,far,threaded,11,1371
anthropic,anthropic-paper_deadline@t1/005-t3-start,probe_trigger,proactive,C,rrf,partial,partial,reaction,False,far,threaded,12,1494
anthropic,anthropic-paper_deadline@t1/005-t3-start,probe_trigger,proactive,Cstar,bm25,full,full,reaction,False,far,threaded,19,1493
anthropic,anthropic-paper_deadline@t1/005-t3-start,probe_trigger,proactive,Cstar,emb,partial,partial,reaction,False,far,threaded,23,1467
anthropic,anthropic-paper_deadline@t1/005-t3-start,probe_trigger,proactive,Cstar,rrf,full,full,reaction,False,far,threaded,20,1454
anthropic,anthropic-paper_deadline@t1/005-t3-start,probe_trigger,proactive,D,bm25,none,none,reaction,False,far,threaded,3,1213
anthropic,anthropic-paper_deadline@t1/005-t3-start,probe_trigger,proactive,D,emb,none,none,reaction,False,far,threaded,4,1297
anthropic,anthropic-paper_deadline@t1/005-t3-start,probe_trigger,proactive,D,rrf,none,none,reaction,False,far,threaded,3,1061
anthropic,anthropic-paper_deadline@t1/005-t3-start,probe_trigger,proactive,E,bm25,full,full,reaction,False,far,threaded,40,1484
anthropic,anthropic-paper_deadline@t1/005-t3-start,probe_trigger,proactive,E,emb,full,full,reaction,False,far,threaded,39,1478
anthropic,anthropic-paper_deadline@t1/005-t3-start,probe_trigger,proactive,E,rrf,full,full,reaction,False,far,threaded,40,1476
anthropic,anthropic-paper_deadline@t1/005-t3-middle,probe_trigger,proactive,window,-,none,none,reaction,False,far,threaded,0,0
anthropic,anthropic-paper_deadline@t1/005-t3-middle,probe_trigger,proactive,oracle,-,full,full,reaction,False,far,threaded,1,47
anthropic,anthropic-paper_deadline@t1/005-t3-middle,probe_trigger,proactive,A,bm25,partial,partial,reaction,False,far,threaded,33,1472
anthropic,anthropic-paper_deadline@t1/005-t3-middle,probe_trigger,proactive,A,emb,partial,partial,reaction,False,far,threaded,32,1461
anthropic,anthropic-paper_deadline@t1/005-t3-middle,probe_trigger,proactive,A,rrf,partial,partial,reaction,False,far,threaded,33,1491
anthropic,anthropic-paper_deadline@t1/005-t3-middle,probe_trigger,proactive,B,bm25,full,full,reaction,False,far,threaded,5,1244
anthropic,anthropic-paper_deadline@t1/005-t3-middle,probe_trigger,proactive,B,emb,full,full,reaction,False,far,threaded,5,1281
anthropic,anthropic-paper_deadline@t1/005-t3-middle,probe_trigger,proactive,B,rrf,full,full,reaction,False,far,threaded,5,1293
anthropic,anthropic-paper_deadline@t1/005-t3-middle,probe_trigger,proactive,C,bm25,partial,partial,reaction,False,far,threaded,12,1426
anthropic,anthropic-paper_deadline@t1/005-t3-middle,probe_trigger,proactive,C,emb,none,none,reaction,False,far,threaded,11,1431
anthropic,anthropic-paper_deadline@t1/005-t3-middle,probe_trigger,proactive,C,rrf,none,none,reaction,False,far,threaded,11,1440
anthropic,anthropic-paper_deadline@t1/005-t3-middle,probe_trigger,proactive,Cstar,bm25,full,full,reaction,False,far,threaded,17,1447
anthropic,anthropic-paper_deadline@t1/005-t3-middle,probe_trigger,proactive,Cstar,emb,none,none,reaction,False,far,threaded,18,1482
anthropic,anthropic-paper_deadline@t1/005-t3-middle,probe_trigger,proactive,Cstar,rrf,partial,partial,reaction,False,far,threaded,17,1474
anthropic,anthropic-paper_deadline@t1/005-t3-middle,probe_trigger,proactive,D,bm25,none,none,reaction,False,far,threaded,4,1173
anthropic,anthropic-paper_deadline@t1/005-t3-middle,probe_trigger,proactive,D,emb,none,none,reaction,False,far,threaded,4,1257
anthropic,anthropic-paper_deadline@t1/005-t3-middle,probe_trigger,proactive,D,rrf,none,none,reaction,False,far,threaded,4,1173
anthropic,anthropic-paper_deadline@t1/005-t3-middle,probe_trigger,proactive,E,bm25,full,full,reaction,False,far,threaded,40,1467
anthropic,anthropic-paper_deadline@t1/005-t3-middle,probe_trigger,proactive,E,emb,full,full,reaction,False,far,threaded,40,1486
anthropic,anthropic-paper_deadline@t1/005-t3-middle,probe_trigger,proactive,E,rrf,full,full,reaction,False,far,threaded,40,1487
anthropic,anthropic-paper_deadline@t1/005-t4-start,probe_trigger,proactive,window,-,none,none,reaction,False,cross,interleaved,0,0
anthropic,anthropic-paper_deadline@t1/005-t4-start,probe_trigger,proactive,oracle,-,full,full,reaction,False,cross,interleaved,1,47
anthropic,anthropic-paper_deadline@t1/005-t4-start,probe_trigger,proactive,A,bm25,partial,partial,reaction,False,cross,interleaved,34,1500
anthropic,anthropic-paper_deadline@t1/005-t4-start,probe_trigger,proactive,A,emb,none,none,reaction,False,cross,interleaved,33,1478
anthropic,anthropic-paper_deadline@t1/005-t4-start,probe_trigger,proactive,A,rrf,partial,partial,reaction,False,cross,interleaved,33,1468
anthropic,anthropic-paper_deadline@t1/005-t4-start,probe_trigger,proactive,B,bm25,full,full,reaction,False,cross,interleaved,5,1318
anthropic,anthropic-paper_deadline@t1/005-t4-start,probe_trigger,proactive,B,emb,none,none,reaction,False,cross,interleaved,5,1374
anthropic,anthropic-paper_deadline@t1/005-t4-start,probe_trigger,proactive,B,rrf,full,full,reaction,False,cross,interleaved,5,1314
anthropic,anthropic-paper_deadline@t1/005-t4-start,probe_trigger,proactive,C,bm25,full,full,reaction,False,cross,interleaved,12,1386
anthropic,anthropic-paper_deadline@t1/005-t4-start,probe_trigger,proactive,C,emb,none,none,reaction,False,cross,interleaved,11,1387
anthropic,anthropic-paper_deadline@t1/005-t4-start,probe_trigger,proactive,C,rrf,none,none,reaction,False,cross,interleaved,11,1497
anthropic,anthropic-paper_deadline@t1/005-t4-start,probe_trigger,proactive,Cstar,bm25,full,full,reaction,False,cross,interleaved,22,1486
anthropic,anthropic-paper_deadline@t1/005-t4-start,probe_trigger,proactive,Cstar,emb,none,none,reaction,False,cross,interleaved,20,1469
anthropic,anthropic-paper_deadline@t1/005-t4-start,probe_trigger,proactive,Cstar,rrf,partial,partial,reaction,False,cross,interleaved,18,1364
anthropic,anthropic-paper_deadline@t1/005-t4-start,probe_trigger,proactive,D,bm25,none,none,reaction,False,cross,interleaved,3,1207
anthropic,anthropic-paper_deadline@t1/005-t4-start,probe_trigger,proactive,D,emb,none,none,reaction,False,cross,interleaved,3,1113
anthropic,anthropic-paper_deadline@t1/005-t4-start,probe_trigger,proactive,D,rrf,none,none,reaction,False,cross,interleaved,3,1291
anthropic,anthropic-paper_deadline@t1/005-t4-start,probe_trigger,proactive,E,bm25,full,full,reaction,False,cross,interleaved,38,1470
anthropic,anthropic-paper_deadline@t1/005-t4-start,probe_trigger,proactive,E,emb,full,full,reaction,False,cross,interleaved,40,1492
anthropic,anthropic-paper_deadline@t1/005-t4-start,probe_trigger,proactive,E,rrf,full,full,reaction,False,cross,interleaved,38,1465
anthropic,anthropic-paper_deadline@t1/005-t4-middle,probe_trigger,proactive,window,-,none,none,reaction,False,cross,interleaved,0,0
anthropic,anthropic-paper_deadline@t1/005-t4-middle,probe_trigger,proactive,oracle,-,full,full,reaction,False,cross,interleaved,1,47
anthropic,anthropic-paper_deadline@t1/005-t4-middle,probe_trigger,proactive,A,bm25,partial,partial,reaction,False,cross,interleaved,32,1455
anthropic,anthropic-paper_deadline@t1/005-t4-middle,probe_trigger,proactive,A,emb,none,none,reaction,False,cross,interleaved,33,1470
anthropic,anthropic-paper_deadline@t1/005-t4-middle,probe_trigger,proactive,A,rrf,partial,partial,reaction,False,cross,interleaved,32,1487
anthropic,anthropic-paper_deadline@t1/005-t4-middle,probe_trigger,proactive,B,bm25,full,full,reaction,False,cross,interleaved,5,1287
anthropic,anthropic-paper_deadline@t1/005-t4-middle,probe_trigger,proactive,B,emb,full,full,reaction,False,cross,interleaved,6,1493
anthropic,anthropic-paper_deadline@t1/005-t4-middle,probe_trigger,proactive,B,rrf,full,full,reaction,False,cross,interleaved,5,1268
anthropic,anthropic-paper_deadline@t1/005-t4-middle,probe_trigger,proactive,C,bm25,partial,partial,reaction,False,cross,interleaved,12,1381
anthropic,anthropic-paper_deadline@t1/005-t4-middle,probe_trigger,proactive,C,emb,none,none,reaction,False,cross,interleaved,12,1367
anthropic,anthropic-paper_deadline@t1/005-t4-middle,probe_trigger,proactive,C,rrf,none,none,reaction,False,cross,interleaved,12,1389
anthropic,anthropic-paper_deadline@t1/005-t4-middle,probe_trigger,proactive,Cstar,bm25,full,full,reaction,False,cross,interleaved,20,1483
anthropic,anthropic-paper_deadline@t1/005-t4-middle,probe_trigger,proactive,Cstar,emb,none,none,reaction,False,cross,interleaved,21,1468
anthropic,anthropic-paper_deadline@t1/005-t4-middle,probe_trigger,proactive,Cstar,rrf,partial,partial,reaction,False,cross,interleaved,22,1471
anthropic,anthropic-paper_deadline@t1/005-t4-middle,probe_trigger,proactive,D,bm25,none,none,reaction,False,cross,interleaved,5,1428
anthropic,anthropic-paper_deadline@t1/005-t4-middle,probe_trigger,proactive,D,emb,none,none,reaction,False,cross,interleaved,6,1247
anthropic,anthropic-paper_deadline@t1/005-t4-middle,probe_trigger,proactive,D,rrf,none,none,reaction,False,cross,interleaved,5,1249
anthropic,anthropic-paper_deadline@t1/005-t4-middle,probe_trigger,proactive,E,bm25,full,full,reaction,False,cross,interleaved,38,1460
anthropic,anthropic-paper_deadline@t1/005-t4-middle,probe_trigger,proactive,E,emb,full,full,reaction,False,cross,interleaved,42,1499
anthropic,anthropic-paper_deadline@t1/005-t4-middle,probe_trigger,proactive,E,rrf,full,full,reaction,False,cross,interleaved,41,1492
anthropic,anthropic-paper_deadline@t1/005-t5-start,probe_trigger,proactive,window,-,none,none,reaction,False,far,flat,0,0
anthropic,anthropic-paper_deadline@t1/005-t5-start,probe_trigger,proactive,oracle,-,full,full,reaction,False,far,flat,1,47
anthropic,anthropic-paper_deadline@t1/005-t5-start,probe_trigger,proactive,A,bm25,partial,partial,reaction,False,far,flat,33,1470
anthropic,anthropic-paper_deadline@t1/005-t5-start,probe_trigger,proactive,A,emb,partial,partial,reaction,False,far,flat,33,1487
anthropic,anthropic-paper_deadline@t1/005-t5-start,probe_trigger,proactive,A,rrf,partial,partial,reaction,False,far,flat,32,1447
anthropic,anthropic-paper_deadline@t1/005-t5-start,probe_trigger,proactive,B,bm25,full,full,reaction,False,far,flat,6,1480
anthropic,anthropic-paper_deadline@t1/005-t5-start,probe_trigger,proactive,B,emb,full,full,reaction,False,far,flat,5,1234
anthropic,anthropic-paper_deadline@t1/005-t5-start,probe_trigger,proactive,B,rrf,full,full,reaction,False,far,flat,5,1234
anthropic,anthropic-paper_deadline@t1/005-t5-start,probe_trigger,proactive,C,bm25,none,none,reaction,False,far,flat,13,1461
anthropic,anthropic-paper_deadline@t1/005-t5-start,probe_trigger,proactive,C,emb,none,none,reaction,False,far,flat,12,1452
anthropic,anthropic-paper_deadline@t1/005-t5-start,probe_trigger,proactive,C,rrf,none,none,reaction,False,far,flat,12,1368
anthropic,anthropic-paper_deadline@t1/005-t5-start,probe_trigger,proactive,Cstar,bm25,full,full,reaction,False,far,flat,20,1485
anthropic,anthropic-paper_deadline@t1/005-t5-start,probe_trigger,proactive,Cstar,emb,none,none,reaction,False,far,flat,23,1493
anthropic,anthropic-paper_deadline@t1/005-t5-start,probe_trigger,proactive,Cstar,rrf,partial,partial,reaction,False,far,flat,21,1482
anthropic,anthropic-paper_deadline@t1/005-t5-start,probe_trigger,proactive,D,bm25,none,none,reaction,False,far,flat,4,1328
anthropic,anthropic-paper_deadline@t1/005-t5-start,probe_trigger,proactive,D,emb,none,none,reaction,False,far,flat,6,1257
anthropic,anthropic-paper_deadline@t1/005-t5-start,probe_trigger,proactive,D,rrf,none,none,reaction,False,far,flat,5,1417
anthropic,anthropic-paper_deadline@t1/005-t5-start,probe_trigger,proactive,E,bm25,full,full,reaction,False,far,flat,38,1497
anthropic,anthropic-paper_deadline@t1/005-t5-start,probe_trigger,proactive,E,emb,full,full,reaction,False,far,flat,38,1471
anthropic,anthropic-paper_deadline@t1/005-t5-start,probe_trigger,proactive,E,rrf,full,full,reaction,False,far,flat,37,1486
anthropic,anthropic-paper_deadline@t1/005-t5-middle,probe_trigger,proactive,window,-,none,none,reaction,False,far,flat,0,0
anthropic,anthropic-paper_deadline@t1/005-t5-middle,probe_trigger,proactive,oracle,-,full,full,reaction,False,far,flat,1,47
anthropic,anthropic-paper_deadline@t1/005-t5-middle,probe_trigger,proactive,A,bm25,partial,partial,reaction,False,far,flat,32,1461
anthropic,anthropic-paper_deadline@t1/005-t5-middle,probe_trigger,proactive,A,emb,partial,partial,reaction,False,far,flat,32,1473
anthropic,anthropic-paper_deadline@t1/005-t5-middle,probe_trigger,proactive,A,rrf,partial,partial,reaction,False,far,flat,32,1495
anthropic,anthropic-paper_deadline@t1/005-t5-middle,probe_trigger,proactive,B,bm25,full,full,reaction,False,far,flat,5,1243
anthropic,anthropic-paper_deadline@t1/005-t5-middle,probe_trigger,proactive,B,emb,full,full,reaction,False,far,flat,5,1232
anthropic,anthropic-paper_deadline@t1/005-t5-middle,probe_trigger,proactive,B,rrf,full,full,reaction,False,far,flat,6,1499
anthropic,anthropic-paper_deadline@t1/005-t5-middle,probe_trigger,proactive,C,bm25,none,none,reaction,False,far,flat,12,1413
anthropic,anthropic-paper_deadline@t1/005-t5-middle,probe_trigger,proactive,C,emb,partial,partial,reaction,False,far,flat,12,1405
anthropic,anthropic-paper_deadline@t1/005-t5-middle,probe_trigger,proactive,C,rrf,none,none,reaction,False,far,flat,12,1435
anthropic,anthropic-paper_deadline@t1/005-t5-middle,probe_trigger,proactive,Cstar,bm25,partial,partial,reaction,False,far,flat,17,1395
anthropic,anthropic-paper_deadline@t1/005-t5-middle,probe_trigger,proactive,Cstar,emb,partial,partial,reaction,False,far,flat,21,1489
anthropic,anthropic-paper_deadline@t1/005-t5-middle,probe_trigger,proactive,Cstar,rrf,partial,partial,reaction,False,far,flat,17,1423
anthropic,anthropic-paper_deadline@t1/005-t5-middle,probe_trigger,proactive,D,bm25,none,none,reaction,False,far,flat,4,1395
anthropic,anthropic-paper_deadline@t1/005-t5-middle,probe_trigger,proactive,D,emb,none,none,reaction,False,far,flat,4,1012
anthropic,anthropic-paper_deadline@t1/005-t5-middle,probe_trigger,proactive,D,rrf,none,none,reaction,False,far,flat,4,1108
anthropic,anthropic-paper_deadline@t1/005-t5-middle,probe_trigger,proactive,E,bm25,full,full,reaction,False,far,flat,40,1493
anthropic,anthropic-paper_deadline@t1/005-t5-middle,probe_trigger,proactive,E,emb,full,full,reaction,False,far,flat,42,1480
anthropic,anthropic-paper_deadline@t1/005-t5-middle,probe_trigger,proactive,E,rrf,full,full,reaction,False,far,flat,40,1471
anthropic,anthropic-suite_version@t1/008-t2-start,probe_trigger,proactive,window,-,none,none,explicit,False,cross,interleaved,0,0
anthropic,anthropic-suite_version@t1/008-t2-start,probe_trigger,proactive,oracle,-,full,full,explicit,False,cross,interleaved,1,49
anthropic,anthropic-suite_version@t1/008-t2-start,probe_trigger,proactive,A,bm25,full,full,explicit,False,cross,interleaved,35,1468
anthropic,anthropic-suite_version@t1/008-t2-start,probe_trigger,proactive,A,emb,full,full,explicit,False,cross,interleaved,37,1485
anthropic,anthropic-suite_version@t1/008-t2-start,probe_trigger,proactive,A,rrf,full,full,explicit,False,cross,interleaved,35,1466
anthropic,anthropic-suite_version@t1/008-t2-start,probe_trigger,proactive,B,bm25,full,full,explicit,False,cross,interleaved,6,1407
anthropic,anthropic-suite_version@t1/008-t2-start,probe_trigger,proactive,B,emb,full,full,explicit,False,cross,interleaved,7,1476
anthropic,anthropic-suite_version@t1/008-t2-start,probe_trigger,proactive,B,rrf,full,full,explicit,False,cross,interleaved,7,1443
anthropic,anthropic-suite_version@t1/008-t2-start,probe_trigger,proactive,C,bm25,full,full,explicit,False,cross,interleaved,15,1386
anthropic,anthropic-suite_version@t1/008-t2-start,probe_trigger,proactive,C,emb,full,full,explicit,False,cross,interleaved,19,1391
anthropic,anthropic-suite_version@t1/008-t2-start,probe_trigger,proactive,C,rrf,full,full,explicit,False,cross,interleaved,18,1497
anthropic,anthropic-suite_version@t1/008-t2-start,probe_trigger,proactive,Cstar,bm25,full,full,explicit,False,cross,interleaved,23,1449
anthropic,anthropic-suite_version@t1/008-t2-start,probe_trigger,proactive,Cstar,emb,full,full,explicit,False,cross,interleaved,27,1482
anthropic,anthropic-suite_version@t1/008-t2-start,probe_trigger,proactive,Cstar,rrf,full,full,explicit,False,cross,interleaved,25,1488
anthropic,anthropic-suite_version@t1/008-t2-start,probe_trigger,proactive,D,bm25,full,full,explicit,False,cross,interleaved,6,1294
anthropic,anthropic-suite_version@t1/008-t2-start,probe_trigger,proactive,D,emb,full,full,explicit,False,cross,interleaved,6,1466
anthropic,anthropic-suite_version@t1/008-t2-start,probe_trigger,proactive,D,rrf,full,full,explicit,False,cross,interleaved,7,1341
anthropic,anthropic-suite_version@t1/008-t2-start,probe_trigger,proactive,E,bm25,full,full,explicit,False,cross,interleaved,44,1483
anthropic,anthropic-suite_version@t1/008-t2-start,probe_trigger,proactive,E,emb,full,full,explicit,False,cross,interleaved,45,1485
anthropic,anthropic-suite_version@t1/008-t2-start,probe_trigger,proactive,E,rrf,full,full,explicit,False,cross,interleaved,45,1479
anthropic,anthropic-suite_version@t1/008-t2-middle,probe_trigger,proactive,window,-,none,none,explicit,False,cross,interleaved,0,0
anthropic,anthropic-suite_version@t1/008-t2-middle,probe_trigger,proactive,oracle,-,full,full,explicit,False,cross,interleaved,1,49
anthropic,anthropic-suite_version@t1/008-t2-middle,probe_trigger,proactive,A,bm25,full,full,explicit,False,cross,interleaved,35,1476
anthropic,anthropic-suite_version@t1/008-t2-middle,probe_trigger,proactive,A,emb,full,full,explicit,False,cross,interleaved,34,1473
anthropic,anthropic-suite_version@t1/008-t2-middle,probe_trigger,proactive,A,rrf,full,full,explicit,False,cross,interleaved,35,1473
anthropic,anthropic-suite_version@t1/008-t2-middle,probe_trigger,proactive,B,bm25,full,full,explicit,False,cross,interleaved,6,1477
anthropic,anthropic-suite_version@t1/008-t2-middle,probe_trigger,proactive,B,emb,full,full,explicit,False,cross,interleaved,6,1484
anthropic,anthropic-suite_version@t1/008-t2-middle,probe_trigger,proactive,B,rrf,full,full,explicit,False,cross,interleaved,6,1497
anthropic,anthropic-suite_version@t1/008-t2-middle,probe_trigger,proactive,C,bm25,full,full,explicit,False,cross,interleaved,12,1478
anthropic,anthropic-suite_version@t1/008-t2-middle,probe_trigger,proactive,C,emb,full,full,explicit,False,cross,interleaved,13,1464
anthropic,anthropic-suite_version@t1/008-t2-middle,probe_trigger,proactive,C,rrf,full,full,explicit,False,cross,interleaved,11,1427
anthropic,anthropic-suite_version@t1/008-t2-middle,probe_trigger,proactive,Cstar,bm25,full,full,explicit,False,cross,interleaved,19,1452
anthropic,anthropic-suite_version@t1/008-t2-middle,probe_trigger,proactive,Cstar,emb,full,full,explicit,False,cross,interleaved,21,1477
anthropic,anthropic-suite_version@t1/008-t2-middle,probe_trigger,proactive,Cstar,rrf,full,full,explicit,False,cross,interleaved,21,1487
anthropic,anthropic-suite_version@t1/008-t2-middle,probe_trigger,proactive,D,bm25,full,full,explicit,False,cross,interleaved,5,1447
anthropic,anthropic-suite_version@t1/008-t2-middle,probe_trigger,proactive,D,emb,full,full,explicit,False,cross,interleaved,4,1365
anthropic,anthropic-suite_version@t1/008-t2-middle,probe_trigger,proactive,D,rrf,full,full,explicit,False,cross,interleaved,5,1487
anthropic,anthropic-suite_version@t1/008-t2-middle,probe_trigger,proactive,E,bm25,full,full,explicit,False,cross,interleaved,42,1471
anthropic,anthropic-suite_version@t1/008-t2-middle,probe_trigger,proactive,E,emb,full,full,explicit,False,cross,interleaved,42,1473
anthropic,anthropic-suite_version@t1/008-t2-middle,probe_trigger,proactive,E,rrf,full,full,explicit,False,cross,interleaved,43,1481
anthropic,anthropic-suite_version@t1/008-t3-start,probe_trigger,proactive,window,-,none,none,explicit,False,far,threaded,0,0
anthropic,anthropic-suite_version@t1/008-t3-start,probe_trigger,proactive,oracle,-,full,full,explicit,False,far,threaded,1,49
anthropic,anthropic-suite_version@t1/008-t3-start,probe_trigger,proactive,A,bm25,full,full,explicit,False,far,threaded,33,1463
anthropic,anthropic-suite_version@t1/008-t3-start,probe_trigger,proactive,A,emb,none,none,explicit,False,far,threaded,32,1453
anthropic,anthropic-suite_version@t1/008-t3-start,probe_trigger,proactive,A,rrf,none,none,explicit,False,far,threaded,33,1464
anthropic,anthropic-suite_version@t1/008-t3-start,probe_trigger,proactive,B,bm25,full,full,explicit,False,far,threaded,5,1284
anthropic,anthropic-suite_version@t1/008-t3-start,probe_trigger,proactive,B,emb,full,full,explicit,False,far,threaded,5,1273
anthropic,anthropic-suite_version@t1/008-t3-start,probe_trigger,proactive,B,rrf,full,full,explicit,False,far,threaded,5,1253
anthropic,anthropic-suite_version@t1/008-t3-start,probe_trigger,proactive,C,bm25,none,none,explicit,False,far,threaded,12,1421
anthropic,anthropic-suite_version@t1/008-t3-start,probe_trigger,proactive,C,emb,none,none,explicit,False,far,threaded,12,1499
anthropic,anthropic-suite_version@t1/008-t3-start,probe_trigger,proactive,C,rrf,none,none,explicit,False,far,threaded,11,1473
anthropic,anthropic-suite_version@t1/008-t3-start,probe_trigger,proactive,Cstar,bm25,none,none,explicit,False,far,threaded,17,1467
anthropic,anthropic-suite_version@t1/008-t3-start,probe_trigger,proactive,Cstar,emb,none,none,explicit,False,far,threaded,22,1402
anthropic,anthropic-suite_version@t1/008-t3-start,probe_trigger,proactive,Cstar,rrf,none,none,explicit,False,far,threaded,17,1460
anthropic,anthropic-suite_version@t1/008-t3-start,probe_trigger,proactive,D,bm25,none,none,explicit,False,far,threaded,3,1213
anthropic,anthropic-suite_version@t1/008-t3-start,probe_trigger,proactive,D,emb,full,full,explicit,False,far,threaded,4,1297
anthropic,anthropic-suite_version@t1/008-t3-start,probe_trigger,proactive,D,rrf,full,full,explicit,False,far,threaded,4,1297
anthropic,anthropic-suite_version@t1/008-t3-start,probe_trigger,proactive,E,bm25,full,full,explicit,False,far,threaded,39,1483
anthropic,anthropic-suite_version@t1/008-t3-start,probe_trigger,proactive,E,emb,full,full,explicit,False,far,threaded,38,1473
anthropic,anthropic-suite_version@t1/008-t3-start,probe_trigger,proactive,E,rrf,full,full,explicit,False,far,threaded,38,1490
anthropic,anthropic-compute_owner@t1/012-t2-start,probe_trigger,proactive,window,-,none,none,ellipsis,False,cross,interleaved,0,0
anthropic,anthropic-compute_owner@t1/012-t2-start,probe_trigger,proactive,oracle,-,full,full,ellipsis,False,cross,interleaved,1,44
anthropic,anthropic-compute_owner@t1/012-t2-start,probe_trigger,proactive,A,bm25,partial,partial,ellipsis,False,cross,interleaved,35,1467
anthropic,anthropic-compute_owner@t1/012-t2-start,probe_trigger,proactive,A,emb,full,full,ellipsis,False,cross,interleaved,37,1485
anthropic,anthropic-compute_owner@t1/012-t2-start,probe_trigger,proactive,A,rrf,full,full,ellipsis,False,cross,interleaved,36,1476
anthropic,anthropic-compute_owner@t1/012-t2-start,probe_trigger,proactive,B,bm25,full,full,ellipsis,False,cross,interleaved,6,1421
anthropic,anthropic-compute_owner@t1/012-t2-start,probe_trigger,proactive,B,emb,full,full,ellipsis,False,cross,interleaved,6,1421
anthropic,anthropic-compute_owner@t1/012-t2-start,probe_trigger,proactive,B,rrf,full,full,ellipsis,False,cross,interleaved,6,1421
anthropic,anthropic-compute_owner@t1/012-t2-start,probe_trigger,proactive,C,bm25,full,full,ellipsis,False,cross,interleaved,17,1495
anthropic,anthropic-compute_owner@t1/012-t2-start,probe_trigger,proactive,C,emb,full,full,ellipsis,False,cross,interleaved,19,1414
anthropic,anthropic-compute_owner@t1/012-t2-start,probe_trigger,proactive,C,rrf,full,full,ellipsis,False,cross,interleaved,17,1417
anthropic,anthropic-compute_owner@t1/012-t2-start,probe_trigger,proactive,Cstar,bm25,full,full,ellipsis,False,cross,interleaved,24,1446
anthropic,anthropic-compute_owner@t1/012-t2-start,probe_trigger,proactive,Cstar,emb,full,full,ellipsis,False,cross,interleaved,27,1464
anthropic,anthropic-compute_owner@t1/012-t2-start,probe_trigger,proactive,Cstar,rrf,full,full,ellipsis,False,cross,interleaved,26,1473
anthropic,anthropic-compute_owner@t1/012-t2-start,probe_trigger,proactive,D,bm25,full,full,ellipsis,False,cross,interleaved,6,1463
anthropic,anthropic-compute_owner@t1/012-t2-start,probe_trigger,proactive,D,emb,full,full,ellipsis,False,cross,interleaved,6,1274
anthropic,anthropic-compute_owner@t1/012-t2-start,probe_trigger,proactive,D,rrf,full,full,ellipsis,False,cross,interleaved,6,1463
anthropic,anthropic-compute_owner@t1/012-t2-start,probe_trigger,proactive,E,bm25,full,full,ellipsis,False,cross,interleaved,46,1489
anthropic,anthropic-compute_owner@t1/012-t2-start,probe_trigger,proactive,E,emb,full,full,ellipsis,False,cross,interleaved,44,1467
anthropic,anthropic-compute_owner@t1/012-t2-start,probe_trigger,proactive,E,rrf,full,full,ellipsis,False,cross,interleaved,45,1485
anthropic,anthropic-compute_owner@t1/012-t2-middle,probe_trigger,proactive,window,-,none,none,ellipsis,False,cross,interleaved,0,0
anthropic,anthropic-compute_owner@t1/012-t2-middle,probe_trigger,proactive,oracle,-,full,full,ellipsis,False,cross,interleaved,1,44
anthropic,anthropic-compute_owner@t1/012-t2-middle,probe_trigger,proactive,A,bm25,partial,partial,ellipsis,False,cross,interleaved,35,1487
anthropic,anthropic-compute_owner@t1/012-t2-middle,probe_trigger,proactive,A,emb,partial,partial,ellipsis,False,cross,interleaved,34,1456
anthropic,anthropic-compute_owner@t1/012-t2-middle,probe_trigger,proactive,A,rrf,partial,partial,ellipsis,False,cross,interleaved,35,1484
anthropic,anthropic-compute_owner@t1/012-t2-middle,probe_trigger,proactive,B,bm25,full,full,ellipsis,False,cross,interleaved,6,1477
anthropic,anthropic-compute_owner@t1/012-t2-middle,probe_trigger,proactive,B,emb,full,full,ellipsis,False,cross,interleaved,6,1463
anthropic,anthropic-compute_owner@t1/012-t2-middle,probe_trigger,proactive,B,rrf,full,full,ellipsis,False,cross,interleaved,6,1477
anthropic,anthropic-compute_owner@t1/012-t2-middle,probe_trigger,proactive,C,bm25,full,full,ellipsis,False,cross,interleaved,12,1419
anthropic,anthropic-compute_owner@t1/012-t2-middle,probe_trigger,proactive,C,emb,none,none,ellipsis,False,cross,interleaved,14,1437
anthropic,anthropic-compute_owner@t1/012-t2-middle,probe_trigger,proactive,C,rrf,partial,partial,ellipsis,False,cross,interleaved,11,1414
anthropic,anthropic-compute_owner@t1/012-t2-middle,probe_trigger,proactive,Cstar,bm25,full,full,ellipsis,False,cross,interleaved,19,1478
anthropic,anthropic-compute_owner@t1/012-t2-middle,probe_trigger,proactive,Cstar,emb,full,full,ellipsis,False,cross,interleaved,23,1492
anthropic,anthropic-compute_owner@t1/012-t2-middle,probe_trigger,proactive,Cstar,rrf,full,full,ellipsis,False,cross,interleaved,23,1490
anthropic,anthropic-compute_owner@t1/012-t2-middle,probe_trigger,proactive,D,bm25,full,full,ellipsis,False,cross,interleaved,5,1409
anthropic,anthropic-compute_owner@t1/012-t2-middle,probe_trigger,proactive,D,emb,none,none,ellipsis,False,cross,interleaved,4,1494
anthropic,anthropic-compute_owner@t1/012-t2-middle,probe_trigger,proactive,D,rrf,none,none,ellipsis,False,cross,interleaved,4,1494
anthropic,anthropic-compute_owner@t1/012-t2-middle,probe_trigger,proactive,E,bm25,full,full,ellipsis,False,cross,interleaved,42,1492
anthropic,anthropic-compute_owner@t1/012-t2-middle,probe_trigger,proactive,E,emb,full,full,ellipsis,False,cross,interleaved,43,1489
anthropic,anthropic-compute_owner@t1/012-t2-middle,probe_trigger,proactive,E,rrf,full,full,ellipsis,False,cross,interleaved,41,1442
anthropic,anthropic-compute_owner@t1/012-t3-start,probe_trigger,proactive,window,-,none,none,ellipsis,False,far,threaded,0,0
anthropic,anthropic-compute_owner@t1/012-t3-start,probe_trigger,proactive,oracle,-,full,full,ellipsis,False,far,threaded,1,44
anthropic,anthropic-compute_owner@t1/012-t3-start,probe_trigger,proactive,A,bm25,partial,partial,ellipsis,False,far,threaded,33,1462
anthropic,anthropic-compute_owner@t1/012-t3-start,probe_trigger,proactive,A,emb,partial,partial,ellipsis,False,far,threaded,34,1481
anthropic,anthropic-compute_owner@t1/012-t3-start,probe_trigger,proactive,A,rrf,partial,partial,ellipsis,False,far,threaded,34,1483
anthropic,anthropic-compute_owner@t1/012-t3-start,probe_trigger,proactive,B,bm25,full,full,ellipsis,False,far,threaded,6,1499
anthropic,anthropic-compute_owner@t1/012-t3-start,probe_trigger,proactive,B,emb,full,full,ellipsis,False,far,threaded,5,1279
anthropic,anthropic-compute_owner@t1/012-t3-start,probe_trigger,proactive,B,rrf,full,full,ellipsis,False,far,threaded,6,1497
anthropic,anthropic-compute_owner@t1/012-t3-start,probe_trigger,proactive,C,bm25,full,full,ellipsis,False,far,threaded,13,1467
anthropic,anthropic-compute_owner@t1/012-t3-start,probe_trigger,proactive,C,emb,none,none,ellipsis,False,far,threaded,11,1388
anthropic,anthropic-compute_owner@t1/012-t3-start,probe_trigger,proactive,C,rrf,partial,partial,ellipsis,False,far,threaded,11,1387
anthropic,anthropic-compute_owner@t1/012-t3-start,probe_trigger,proactive,Cstar,bm25,full,full,ellipsis,False,far,threaded,20,1398
anthropic,anthropic-compute_owner@t1/012-t3-start,probe_trigger,proactive,Cstar,emb,partial,partial,ellipsis,False,far,threaded,26,1488
anthropic,anthropic-compute_owner@t1/012-t3-start,probe_trigger,proactive,Cstar,rrf,full,full,ellipsis,False,far,threaded,21,1491
anthropic,anthropic-compute_owner@t1/012-t3-start,probe_trigger,proactive,D,bm25,full,full,ellipsis,False,far,threaded,5,1379
anthropic,anthropic-compute_owner@t1/012-t3-start,probe_trigger,proactive,D,emb,none,none,ellipsis,False,far,threaded,5,1435
anthropic,anthropic-compute_owner@t1/012-t3-start,probe_trigger,proactive,D,rrf,none,none,ellipsis,False,far,threaded,3,1061
anthropic,anthropic-compute_owner@t1/012-t3-start,probe_trigger,proactive,E,bm25,full,full,ellipsis,False,far,threaded,37,1495
anthropic,anthropic-compute_owner@t1/012-t3-start,probe_trigger,proactive,E,emb,full,full,ellipsis,False,far,threaded,39,1491
anthropic,anthropic-compute_owner@t1/012-t3-start,probe_trigger,proactive,E,rrf,full,full,ellipsis,False,far,threaded,39,1486
anthropic,anthropic-compute_owner@t1/012-t3-middle,probe_trigger,proactive,window,-,none,none,ellipsis,False,far,threaded,0,0
anthropic,anthropic-compute_owner@t1/012-t3-middle,probe_trigger,proactive,oracle,-,full,full,ellipsis,False,far,threaded,1,44
anthropic,anthropic-compute_owner@t1/012-t3-middle,probe_trigger,proactive,A,bm25,partial,partial,ellipsis,False,far,threaded,34,1485
anthropic,anthropic-compute_owner@t1/012-t3-middle,probe_trigger,proactive,A,emb,partial,partial,ellipsis,False,far,threaded,33,1476
anthropic,anthropic-compute_owner@t1/012-t3-middle,probe_trigger,proactive,A,rrf,partial,partial,ellipsis,False,far,threaded,33,1469
anthropic,anthropic-compute_owner@t1/012-t3-middle,probe_trigger,proactive,B,bm25,none,none,ellipsis,False,far,threaded,5,1294
anthropic,anthropic-compute_owner@t1/012-t3-middle,probe_trigger,proactive,B,emb,full,full,ellipsis,False,far,threaded,5,1251
anthropic,anthropic-compute_owner@t1/012-t3-middle,probe_trigger,proactive,B,rrf,full,full,ellipsis,False,far,threaded,6,1499
anthropic,anthropic-compute_owner@t1/012-t3-middle,probe_trigger,proactive,C,bm25,full,full,ellipsis,False,far,threaded,12,1410
anthropic,anthropic-compute_owner@t1/012-t3-middle,probe_trigger,proactive,C,emb,none,none,ellipsis,False,far,threaded,11,1365
anthropic,anthropic-compute_owner@t1/012-t3-middle,probe_trigger,proactive,C,rrf,none,none,ellipsis,False,far,threaded,11,1394
anthropic,anthropic-compute_owner@t1/012-t3-middle,probe_trigger,proactive,Cstar,bm25,full,full,ellipsis,False,far,threaded,17,1492
anthropic,anthropic-compute_owner@t1/012-t3-middle,probe_trigger,proactive,Cstar,emb,partial,partial,ellipsis,False,far,threaded,21,1465
anthropic,anthropic-compute_owner@t1/012-t3-middle,probe_trigger,proactive,Cstar,rrf,full,full,ellipsis,False,far,threaded,18,1466
anthropic,anthropic-compute_owner@t1/012-t3-middle,probe_trigger,proactive,D,bm25,none,none,ellipsis,False,far,threaded,4,1173
anthropic,anthropic-compute_owner@t1/012-t3-middle,probe_trigger,proactive,D,emb,none,none,ellipsis,False,far,threaded,4,1257
anthropic,anthropic-compute_owner@t1/012-t3-middle,probe_trigger,proactive,D,rrf,none,none,ellipsis,False,far,threaded,5,1458
anthropic,anthropic-compute_owner@t1/012-t3-middle,probe_trigger,proactive,E,bm25,full,full,ellipsis,False,far,threaded,41,1482
anthropic,anthropic-compute_owner@t1/012-t3-middle,probe_trigger,proactive,E,emb,full,full,ellipsis,False,far,threaded,40,1486
anthropic,anthropic-compute_owner@t1/012-t3-middle,probe_trigger,proactive,E,rrf,full,full,ellipsis,False,far,threaded,40,1483
anthropic,anthropic-compute_owner@t1/012-t4-start,probe_trigger,proactive,window,-,none,none,ellipsis,True,cross,interleaved,0,0
anthropic,anthropic-compute_owner@t1/012-t4-start,probe_trigger,proactive,oracle,-,full,full,ellipsis,True,cross,interleaved,2,78
anthropic,anthropic-compute_owner@t1/012-t4-start,probe_trigger,proactive,A,bm25,full,partial,ellipsis,True,cross,interleaved,34,1477
anthropic,anthropic-compute_owner@t1/012-t4-start,probe_trigger,proactive,A,emb,partial,partial,ellipsis,True,cross,interleaved,33,1455
anthropic,anthropic-compute_owner@t1/012-t4-start,probe_trigger,proactive,A,rrf,full,partial,ellipsis,True,cross,interleaved,34,1467
anthropic,anthropic-compute_owner@t1/012-t4-start,probe_trigger,proactive,B,bm25,full,full,ellipsis,True,cross,interleaved,5,1264
anthropic,anthropic-compute_owner@t1/012-t4-start,probe_trigger,proactive,B,emb,full,full,ellipsis,True,cross,interleaved,5,1379
anthropic,anthropic-compute_owner@t1/012-t4-start,probe_trigger,proactive,B,rrf,full,full,ellipsis,True,cross,interleaved,5,1300
anthropic,anthropic-compute_owner@t1/012-t4-start,probe_trigger,proactive,C,bm25,full,full,ellipsis,True,cross,interleaved,15,1446
anthropic,anthropic-compute_owner@t1/012-t4-start,probe_trigger,proactive,C,emb,partial,partial,ellipsis,True,cross,interleaved,12,1374
anthropic,anthropic-compute_owner@t1/012-t4-start,probe_trigger,proactive,C,rrf,full,full,ellipsis,True,cross,interleaved,14,1488
anthropic,anthropic-compute_owner@t1/012-t4-start,probe_trigger,proactive,Cstar,bm25,full,full,ellipsis,True,cross,interleaved,19,1420
anthropic,anthropic-compute_owner@t1/012-t4-start,probe_trigger,proactive,Cstar,emb,full,full,ellipsis,True,cross,interleaved,22,1458
anthropic,anthropic-compute_owner@t1/012-t4-start,probe_trigger,proactive,Cstar,rrf,full,full,ellipsis,True,cross,interleaved,20,1482
anthropic,anthropic-compute_owner@t1/012-t4-start,probe_trigger,proactive,D,bm25,full,full,ellipsis,True,cross,interleaved,5,1393
anthropic,anthropic-compute_owner@t1/012-t4-start,probe_trigger,proactive,D,emb,full,none,ellipsis,True,cross,interleaved,4,1152
anthropic,anthropic-compute_owner@t1/012-t4-start,probe_trigger,proactive,D,rrf,none,none,ellipsis,True,cross,interleaved,3,1227
anthropic,anthropic-compute_owner@t1/012-t4-start,probe_trigger,proactive,E,bm25,full,full,ellipsis,True,cross,interleaved,40,1479
anthropic,anthropic-compute_owner@t1/012-t4-start,probe_trigger,proactive,E,emb,full,full,ellipsis,True,cross,interleaved,45,1483
anthropic,anthropic-compute_owner@t1/012-t4-start,probe_trigger,proactive,E,rrf,full,full,ellipsis,True,cross,interleaved,42,1454
anthropic,anthropic-compute_owner@t1/012-t4-middle,probe_trigger,proactive,window,-,none,none,ellipsis,True,cross,interleaved,0,0
anthropic,anthropic-compute_owner@t1/012-t4-middle,probe_trigger,proactive,oracle,-,full,full,ellipsis,True,cross,interleaved,2,78
anthropic,anthropic-compute_owner@t1/012-t4-middle,probe_trigger,proactive,A,bm25,partial,partial,ellipsis,True,cross,interleaved,33,1496
anthropic,anthropic-compute_owner@t1/012-t4-middle,probe_trigger,proactive,A,emb,full,partial,ellipsis,True,cross,interleaved,35,1500
anthropic,anthropic-compute_owner@t1/012-t4-middle,probe_trigger,proactive,A,rrf,full,partial,ellipsis,True,cross,interleaved,34,1483
anthropic,anthropic-compute_owner@t1/012-t4-middle,probe_trigger,proactive,B,bm25,full,none,ellipsis,True,cross,interleaved,5,1341
anthropic,anthropic-compute_owner@t1/012-t4-middle,probe_trigger,proactive,B,emb,full,none,ellipsis,True,cross,interleaved,5,1276
anthropic,anthropic-compute_owner@t1/012-t4-middle,probe_trigger,proactive,B,rrf,full,none,ellipsis,True,cross,interleaved,5,1290
anthropic,anthropic-compute_owner@t1/012-t4-middle,probe_trigger,proactive,C,bm25,full,partial,ellipsis,True,cross,interleaved,15,1449
anthropic,anthropic-compute_owner@t1/012-t4-middle,probe_trigger,proactive,C,emb,full,partial,ellipsis,True,cross,interleaved,14,1476
anthropic,anthropic-compute_owner@t1/012-t4-middle,probe_trigger,proactive,C,rrf,full,partial,ellipsis,True,cross,interleaved,14,1371
anthropic,anthropic-compute_owner@t1/012-t4-middle,probe_trigger,proactive,Cstar,bm25,full,full,ellipsis,True,cross,interleaved,20,1440
anthropic,anthropic-compute_owner@t1/012-t4-middle,probe_trigger,proactive,Cstar,emb,full,partial,ellipsis,True,cross,interleaved,22,1479
anthropic,anthropic-compute_owner@t1/012-t4-middle,probe_trigger,proactive,Cstar,rrf,full,full,ellipsis,True,cross,interleaved,21,1459
anthropic,anthropic-compute_owner@t1/012-t4-middle,probe_trigger,proactive,D,bm25,none,none,ellipsis,True,cross,interleaved,5,1440
anthropic,anthropic-compute_owner@t1/012-t4-middle,probe_trigger,proactive,D,emb,full,none,ellipsis,True,cross,interleaved,5,1275
anthropic,anthropic-compute_owner@t1/012-t4-middle,probe_trigger,proactive,D,rrf,full,none,ellipsis,True,cross,interleaved,5,1209
anthropic,anthropic-compute_owner@t1/012-t4-middle,probe_trigger,proactive,E,bm25,full,full,ellipsis,True,cross,interleaved,39,1493
anthropic,anthropic-compute_owner@t1/012-t4-middle,probe_trigger,proactive,E,emb,full,full,ellipsis,True,cross,interleaved,45,1499
anthropic,anthropic-compute_owner@t1/012-t4-middle,probe_trigger,proactive,E,rrf,full,full,ellipsis,True,cross,interleaved,39,1492
anthropic,anthropic-compute_owner@t1/012-t5-start,probe_trigger,proactive,window,-,full,none,ellipsis,True,far,flat,0,0
anthropic,anthropic-compute_owner@t1/012-t5-start,probe_trigger,proactive,oracle,-,full,full,ellipsis,True,far,flat,2,78
anthropic,anthropic-compute_owner@t1/012-t5-start,probe_trigger,proactive,A,bm25,full,partial,ellipsis,True,far,flat,33,1469
anthropic,anthropic-compute_owner@t1/012-t5-start,probe_trigger,proactive,A,emb,full,none,ellipsis,True,far,flat,33,1481
anthropic,anthropic-compute_owner@t1/012-t5-start,probe_trigger,proactive,A,rrf,full,partial,ellipsis,True,far,flat,33,1467
anthropic,anthropic-compute_owner@t1/012-t5-start,probe_trigger,proactive,B,bm25,full,full,ellipsis,True,far,flat,6,1412
anthropic,anthropic-compute_owner@t1/012-t5-start,probe_trigger,proactive,B,emb,full,none,ellipsis,True,far,flat,5,1270
anthropic,anthropic-compute_owner@t1/012-t5-start,probe_trigger,proactive,B,rrf,full,full,ellipsis,True,far,flat,6,1481
anthropic,anthropic-compute_owner@t1/012-t5-start,probe_trigger,proactive,C,bm25,full,full,ellipsis,True,far,flat,14,1458
anthropic,anthropic-compute_owner@t1/012-t5-start,probe_trigger,proactive,C,emb,full,none,ellipsis,True,far,flat,12,1372
anthropic,anthropic-compute_owner@t1/012-t5-start,probe_trigger,proactive,C,rrf,full,none,ellipsis,True,far,flat,12,1407
anthropic,anthropic-compute_owner@t1/012-t5-start,probe_trigger,proactive,Cstar,bm25,full,full,ellipsis,True,far,flat,22,1478
anthropic,anthropic-compute_owner@t1/012-t5-start,probe_trigger,proactive,Cstar,emb,full,none,ellipsis,True,far,flat,23,1452
anthropic,anthropic-compute_owner@t1/012-t5-start,probe_trigger,proactive,Cstar,rrf,full,partial,ellipsis,True,far,flat,21,1452
anthropic,anthropic-compute_owner@t1/012-t5-start,probe_trigger,proactive,D,bm25,full,full,ellipsis,True,far,flat,6,1440
anthropic,anthropic-compute_owner@t1/012-t5-start,probe_trigger,proactive,D,emb,full,none,ellipsis,True,far,flat,6,1463
anthropic,anthropic-compute_owner@t1/012-t5-start,probe_trigger,proactive,D,rrf,full,none,ellipsis,True,far,flat,3,1173
anthropic,anthropic-compute_owner@t1/012-t5-start,probe_trigger,proactive,E,bm25,full,full,ellipsis,True,far,flat,37,1455
anthropic,anthropic-compute_owner@t1/012-t5-start,probe_trigger,proactive,E,emb,full,none,ellipsis,True,far,flat,38,1482
anthropic,anthropic-compute_owner@t1/012-t5-start,probe_trigger,proactive,E,rrf,full,full,ellipsis,True,far,flat,37,1472
anthropic,anthropic-compute_owner@t1/012-t5-middle,probe_trigger,proactive,window,-,none,none,ellipsis,True,far,flat,0,0
anthropic,anthropic-compute_owner@t1/012-t5-middle,probe_trigger,proactive,oracle,-,full,full,ellipsis,True,far,flat,2,78
anthropic,anthropic-compute_owner@t1/012-t5-middle,probe_trigger,proactive,A,bm25,full,partial,ellipsis,True,far,flat,33,1477
anthropic,anthropic-compute_owner@t1/012-t5-middle,probe_trigger,proactive,A,emb,none,none,ellipsis,True,far,flat,33,1467
anthropic,anthropic-compute_owner@t1/012-t5-middle,probe_trigger,proactive,A,rrf,partial,partial,ellipsis,True,far,flat,33,1470
anthropic,anthropic-compute_owner@t1/012-t5-middle,probe_trigger,proactive,B,bm25,none,none,ellipsis,True,far,flat,5,1298
anthropic,anthropic-compute_owner@t1/012-t5-middle,probe_trigger,proactive,B,emb,none,none,ellipsis,True,far,flat,5,1334
anthropic,anthropic-compute_owner@t1/012-t5-middle,probe_trigger,proactive,B,rrf,full,none,ellipsis,True,far,flat,5,1263
anthropic,anthropic-compute_owner@t1/012-t5-middle,probe_trigger,proactive,C,bm25,full,full,ellipsis,True,far,flat,12,1416
anthropic,anthropic-compute_owner@t1/012-t5-middle,probe_trigger,proactive,C,emb,none,none,ellipsis,True,far,flat,10,1376
anthropic,anthropic-compute_owner@t1/012-t5-middle,probe_trigger,proactive,C,rrf,none,none,ellipsis,True,far,flat,11,1490
anthropic,anthropic-compute_owner@t1/012-t5-middle,probe_trigger,proactive,Cstar,bm25,full,full,ellipsis,True,far,flat,20,1495
anthropic,anthropic-compute_owner@t1/012-t5-middle,probe_trigger,proactive,Cstar,emb,none,none,ellipsis,True,far,flat,19,1448
anthropic,anthropic-compute_owner@t1/012-t5-middle,probe_trigger,proactive,Cstar,rrf,full,full,ellipsis,True,far,flat,18,1450
anthropic,anthropic-compute_owner@t1/012-t5-middle,probe_trigger,proactive,D,bm25,full,full,ellipsis,True,far,flat,5,1439
anthropic,anthropic-compute_owner@t1/012-t5-middle,probe_trigger,proactive,D,emb,full,none,ellipsis,True,far,flat,4,1453
anthropic,anthropic-compute_owner@t1/012-t5-middle,probe_trigger,proactive,D,rrf,none,none,ellipsis,True,far,flat,3,1205
anthropic,anthropic-compute_owner@t1/012-t5-middle,probe_trigger,proactive,E,bm25,full,full,ellipsis,True,far,flat,40,1490
anthropic,anthropic-compute_owner@t1/012-t5-middle,probe_trigger,proactive,E,emb,full,full,ellipsis,True,far,flat,42,1490
anthropic,anthropic-compute_owner@t1/012-t5-middle,probe_trigger,proactive,E,rrf,full,full,ellipsis,True,far,flat,39,1469
anthropic,anthropic-pass_threshold@t2/005-t3-start,probe_trigger,proactive,window,-,none,none,distributed,False,cross,threaded,0,0
anthropic,anthropic-pass_threshold@t2/005-t3-start,probe_trigger,proactive,oracle,-,full,full,distributed,False,cross,threaded,1,78
anthropic,anthropic-pass_threshold@t2/005-t3-start,probe_trigger,proactive,A,bm25,partial,partial,distributed,False,cross,threaded,33,1500
anthropic,anthropic-pass_threshold@t2/005-t3-start,probe_trigger,proactive,A,emb,partial,partial,distributed,False,cross,threaded,32,1484
anthropic,anthropic-pass_threshold@t2/005-t3-start,probe_trigger,proactive,A,rrf,partial,partial,distributed,False,cross,threaded,32,1473
anthropic,anthropic-pass_threshold@t2/005-t3-start,probe_trigger,proactive,B,bm25,partial,partial,distributed,False,cross,threaded,5,1361
anthropic,anthropic-pass_threshold@t2/005-t3-start,probe_trigger,proactive,B,emb,partial,partial,distributed,False,cross,threaded,5,1255
anthropic,anthropic-pass_threshold@t2/005-t3-start,probe_trigger,proactive,B,rrf,partial,partial,distributed,False,cross,threaded,5,1311
anthropic,anthropic-pass_threshold@t2/005-t3-start,probe_trigger,proactive,C,bm25,partial,partial,distributed,False,cross,threaded,10,1365
anthropic,anthropic-pass_threshold@t2/005-t3-start,probe_trigger,proactive,C,emb,full,full,distributed,False,cross,threaded,11,1454
anthropic,anthropic-pass_threshold@t2/005-t3-start,probe_trigger,proactive,C,rrf,partial,partial,distributed,False,cross,threaded,11,1479
anthropic,anthropic-pass_threshold@t2/005-t3-start,probe_trigger,proactive,Cstar,bm25,none,none,distributed,False,cross,threaded,17,1472
anthropic,anthropic-pass_threshold@t2/005-t3-start,probe_trigger,proactive,Cstar,emb,full,full,distributed,False,cross,threaded,22,1487
anthropic,anthropic-pass_threshold@t2/005-t3-start,probe_trigger,proactive,Cstar,rrf,none,none,distributed,False,cross,threaded,17,1460
anthropic,anthropic-pass_threshold@t2/005-t3-start,probe_trigger,proactive,D,bm25,full,full,distributed,False,cross,threaded,3,1105
anthropic,anthropic-pass_threshold@t2/005-t3-start,probe_trigger,proactive,D,emb,none,none,distributed,False,cross,threaded,4,1297
anthropic,anthropic-pass_threshold@t2/005-t3-start,probe_trigger,proactive,D,rrf,full,full,distributed,False,cross,threaded,4,1467
anthropic,anthropic-pass_threshold@t2/005-t3-start,probe_trigger,proactive,E,bm25,full,full,distributed,False,cross,threaded,39,1470
anthropic,anthropic-pass_threshold@t2/005-t3-start,probe_trigger,proactive,E,emb,partial,partial,distributed,False,cross,threaded,37,1487
anthropic,anthropic-pass_threshold@t2/005-t3-start,probe_trigger,proactive,E,rrf,partial,partial,distributed,False,cross,threaded,36,1443
anthropic,anthropic-pass_threshold@t2/005-t3-middle,probe_trigger,proactive,window,-,none,none,distributed,False,cross,threaded,0,0
anthropic,anthropic-pass_threshold@t2/005-t3-middle,probe_trigger,proactive,oracle,-,full,full,distributed,False,cross,threaded,1,78
anthropic,anthropic-pass_threshold@t2/005-t3-middle,probe_trigger,proactive,A,bm25,partial,partial,distributed,False,cross,threaded,32,1468
anthropic,anthropic-pass_threshold@t2/005-t3-middle,probe_trigger,proactive,A,emb,none,none,distributed,False,cross,threaded,32,1495
anthropic,anthropic-pass_threshold@t2/005-t3-middle,probe_trigger,proactive,A,rrf,partial,partial,distributed,False,cross,threaded,32,1460
anthropic,anthropic-pass_threshold@t2/005-t3-middle,probe_trigger,proactive,B,bm25,none,none,distributed,False,cross,threaded,5,1302
anthropic,anthropic-pass_threshold@t2/005-t3-middle,probe_trigger,proactive,B,emb,full,full,distributed,False,cross,threaded,5,1333
anthropic,anthropic-pass_threshold@t2/005-t3-middle,probe_trigger,proactive,B,rrf,partial,partial,distributed,False,cross,threaded,5,1335
anthropic,anthropic-pass_threshold@t2/005-t3-middle,probe_trigger,proactive,C,bm25,none,none,distributed,False,cross,threaded,11,1407
anthropic,anthropic-pass_threshold@t2/005-t3-middle,probe_trigger,proactive,C,emb,partial,partial,distributed,False,cross,threaded,10,1395
anthropic,anthropic-pass_threshold@t2/005-t3-middle,probe_trigger,proactive,C,rrf,partial,partial,distributed,False,cross,threaded,11,1449
anthropic,anthropic-pass_threshold@t2/005-t3-middle,probe_trigger,proactive,Cstar,bm25,none,none,distributed,False,cross,threaded,14,1468
anthropic,anthropic-pass_threshold@t2/005-t3-middle,probe_trigger,proactive,Cstar,emb,none,none,distributed,False,cross,threaded,16,1380
anthropic,anthropic-pass_threshold@t2/005-t3-middle,probe_trigger,proactive,Cstar,rrf,none,none,distributed,False,cross,threaded,13,1421
anthropic,anthropic-pass_threshold@t2/005-t3-middle,probe_trigger,proactive,D,bm25,full,full,distributed,False,cross,threaded,4,1410
anthropic,anthropic-pass_threshold@t2/005-t3-middle,probe_trigger,proactive,D,emb,full,full,distributed,False,cross,threaded,4,1494
anthropic,anthropic-pass_threshold@t2/005-t3-middle,probe_trigger,proactive,D,rrf,full,full,distributed,False,cross,threaded,4,1410
anthropic,anthropic-pass_threshold@t2/005-t3-middle,probe_trigger,proactive,E,bm25,full,full,distributed,False,cross,threaded,40,1474
anthropic,anthropic-pass_threshold@t2/005-t3-middle,probe_trigger,proactive,E,emb,partial,partial,distributed,False,cross,threaded,39,1473
anthropic,anthropic-pass_threshold@t2/005-t3-middle,probe_trigger,proactive,E,rrf,full,full,distributed,False,cross,threaded,40,1494
anthropic,anthropic-pass_threshold@t2/005-t4-start,probe_trigger,proactive,window,-,none,none,distributed,False,far,interleaved,0,0
anthropic,anthropic-pass_threshold@t2/005-t4-start,probe_trigger,proactive,oracle,-,full,full,distributed,False,far,interleaved,1,78
anthropic,anthropic-pass_threshold@t2/005-t4-start,probe_trigger,proactive,A,bm25,full,full,distributed,False,far,interleaved,34,1495
anthropic,anthropic-pass_threshold@t2/005-t4-start,probe_trigger,proactive,A,emb,full,full,distributed,False,far,interleaved,34,1498
anthropic,anthropic-pass_threshold@t2/005-t4-start,probe_trigger,proactive,A,rrf,full,full,distributed,False,far,interleaved,33,1465
anthropic,anthropic-pass_threshold@t2/005-t4-start,probe_trigger,proactive,B,bm25,full,full,distributed,False,far,interleaved,5,1383
anthropic,anthropic-pass_threshold@t2/005-t4-start,probe_trigger,proactive,B,emb,partial,partial,distributed,False,far,interleaved,5,1419
anthropic,anthropic-pass_threshold@t2/005-t4-start,probe_trigger,proactive,B,rrf,full,full,distributed,False,far,interleaved,5,1383
anthropic,anthropic-pass_threshold@t2/005-t4-start,probe_trigger,proactive,C,bm25,full,full,distributed,False,far,interleaved,12,1492
anthropic,anthropic-pass_threshold@t2/005-t4-start,probe_trigger,proactive,C,emb,full,full,distributed,False,far,interleaved,10,1399
anthropic,anthropic-pass_threshold@t2/005-t4-start,probe_trigger,proactive,C,rrf,full,full,distributed,False,far,interleaved,10,1369
anthropic,anthropic-pass_threshold@t2/005-t4-start,probe_trigger,proactive,Cstar,bm25,full,full,distributed,False,far,interleaved,16,1387
anthropic,anthropic-pass_threshold@t2/005-t4-start,probe_trigger,proactive,Cstar,emb,full,full,distributed,False,far,interleaved,23,1476
anthropic,anthropic-pass_threshold@t2/005-t4-start,probe_trigger,proactive,Cstar,rrf,full,full,distributed,False,far,interleaved,20,1385
anthropic,anthropic-pass_threshold@t2/005-t4-start,probe_trigger,proactive,D,bm25,full,full,distributed,False,far,interleaved,3,1075
anthropic,anthropic-pass_threshold@t2/005-t4-start,probe_trigger,proactive,D,emb,full,full,distributed,False,far,interleaved,5,1399
anthropic,anthropic-pass_threshold@t2/005-t4-start,probe_trigger,proactive,D,rrf,full,full,distributed,False,far,interleaved,3,1022
anthropic,anthropic-pass_threshold@t2/005-t4-start,probe_trigger,proactive,E,bm25,full,full,distributed,False,far,interleaved,39,1472
anthropic,anthropic-pass_threshold@t2/005-t4-start,probe_trigger,proactive,E,emb,full,full,distributed,False,far,interleaved,42,1444
anthropic,anthropic-pass_threshold@t2/005-t4-start,probe_trigger,proactive,E,rrf,full,full,distributed,False,far,interleaved,40,1482
anthropic,anthropic-pass_threshold@t2/005-t4-middle,probe_trigger,proactive,window,-,none,none,distributed,False,far,interleaved,0,0
anthropic,anthropic-pass_threshold@t2/005-t4-middle,probe_trigger,proactive,oracle,-,full,full,distributed,False,far,interleaved,1,78
anthropic,anthropic-pass_threshold@t2/005-t4-middle,probe_trigger,proactive,A,bm25,partial,partial,distributed,False,far,interleaved,33,1497
anthropic,anthropic-pass_threshold@t2/005-t4-middle,probe_trigger,proactive,A,emb,partial,partial,distributed,False,far,interleaved,34,1495
anthropic,anthropic-pass_threshold@t2/005-t4-middle,probe_trigger,proactive,A,rrf,partial,partial,distributed,False,far,interleaved,33,1499
anthropic,anthropic-pass_threshold@t2/005-t4-middle,probe_trigger,proactive,B,bm25,partial,partial,distributed,False,far,interleaved,5,1379
anthropic,anthropic-pass_threshold@t2/005-t4-middle,probe_trigger,proactive,B,emb,full,full,distributed,False,far,interleaved,5,1324
anthropic,anthropic-pass_threshold@t2/005-t4-middle,probe_trigger,proactive,B,rrf,full,full,distributed,False,far,interleaved,5,1306
anthropic,anthropic-pass_threshold@t2/005-t4-middle,probe_trigger,proactive,C,bm25,partial,partial,distributed,False,far,interleaved,13,1479
anthropic,anthropic-pass_threshold@t2/005-t4-middle,probe_trigger,proactive,C,emb,full,full,distributed,False,far,interleaved,12,1461
anthropic,anthropic-pass_threshold@t2/005-t4-middle,probe_trigger,proactive,C,rrf,full,full,distributed,False,far,interleaved,12,1440
anthropic,anthropic-pass_threshold@t2/005-t4-middle,probe_trigger,proactive,Cstar,bm25,partial,partial,distributed,False,far,interleaved,19,1499
anthropic,anthropic-pass_threshold@t2/005-t4-middle,probe_trigger,proactive,Cstar,emb,full,full,distributed,False,far,interleaved,22,1427
anthropic,anthropic-pass_threshold@t2/005-t4-middle,probe_trigger,proactive,Cstar,rrf,full,full,distributed,False,far,interleaved,19,1473
anthropic,anthropic-pass_threshold@t2/005-t4-middle,probe_trigger,proactive,D,bm25,full,full,distributed,False,far,interleaved,5,1198
anthropic,anthropic-pass_threshold@t2/005-t4-middle,probe_trigger,proactive,D,emb,full,full,distributed,False,far,interleaved,6,1480
anthropic,anthropic-pass_threshold@t2/005-t4-middle,probe_trigger,proactive,D,rrf,full,full,distributed,False,far,interleaved,6,1355
anthropic,anthropic-pass_threshold@t2/005-t4-middle,probe_trigger,proactive,E,bm25,full,full,distributed,False,far,interleaved,39,1496
anthropic,anthropic-pass_threshold@t2/005-t4-middle,probe_trigger,proactive,E,emb,full,full,distributed,False,far,interleaved,44,1497
anthropic,anthropic-pass_threshold@t2/005-t4-middle,probe_trigger,proactive,E,rrf,full,full,distributed,False,far,interleaved,40,1454
anthropic,anthropic-pass_threshold@t2/005-t5-start,probe_trigger,proactive,window,-,none,none,distributed,False,cross,flat,0,0
anthropic,anthropic-pass_threshold@t2/005-t5-start,probe_trigger,proactive,oracle,-,full,full,distributed,False,cross,flat,1,78
anthropic,anthropic-pass_threshold@t2/005-t5-start,probe_trigger,proactive,A,bm25,partial,partial,distributed,False,cross,flat,34,1471
anthropic,anthropic-pass_threshold@t2/005-t5-start,probe_trigger,proactive,A,emb,partial,partial,distributed,False,cross,flat,33,1497
anthropic,anthropic-pass_threshold@t2/005-t5-start,probe_trigger,proactive,A,rrf,partial,partial,distributed,False,cross,flat,33,1486
anthropic,anthropic-pass_threshold@t2/005-t5-start,probe_trigger,proactive,B,bm25,none,none,distributed,False,cross,flat,5,1261
anthropic,anthropic-pass_threshold@t2/005-t5-start,probe_trigger,proactive,B,emb,none,none,distributed,False,cross,flat,5,1299
anthropic,anthropic-pass_threshold@t2/005-t5-start,probe_trigger,proactive,B,rrf,none,none,distributed,False,cross,flat,5,1261
anthropic,anthropic-pass_threshold@t2/005-t5-start,probe_trigger,proactive,C,bm25,none,none,distributed,False,cross,flat,12,1432
anthropic,anthropic-pass_threshold@t2/005-t5-start,probe_trigger,proactive,C,emb,full,full,distributed,False,cross,flat,11,1378
anthropic,anthropic-pass_threshold@t2/005-t5-start,probe_trigger,proactive,C,rrf,partial,partial,distributed,False,cross,flat,12,1452
anthropic,anthropic-pass_threshold@t2/005-t5-start,probe_trigger,proactive,Cstar,bm25,none,none,distributed,False,cross,flat,17,1465
anthropic,anthropic-pass_threshold@t2/005-t5-start,probe_trigger,proactive,Cstar,emb,partial,partial,distributed,False,cross,flat,22,1473
anthropic,anthropic-pass_threshold@t2/005-t5-start,probe_trigger,proactive,Cstar,rrf,none,none,distributed,False,cross,flat,14,1376
anthropic,anthropic-pass_threshold@t2/005-t5-start,probe_trigger,proactive,D,bm25,full,full,distributed,False,cross,flat,4,1244
anthropic,anthropic-pass_threshold@t2/005-t5-start,probe_trigger,proactive,D,emb,none,none,distributed,False,cross,flat,6,1299
anthropic,anthropic-pass_threshold@t2/005-t5-start,probe_trigger,proactive,D,rrf,full,full,distributed,False,cross,flat,4,1308
anthropic,anthropic-pass_threshold@t2/005-t5-start,probe_trigger,proactive,E,bm25,partial,partial,distributed,False,cross,flat,35,1475
anthropic,anthropic-pass_threshold@t2/005-t5-start,probe_trigger,proactive,E,emb,partial,partial,distributed,False,cross,flat,37,1460
anthropic,anthropic-pass_threshold@t2/005-t5-start,probe_trigger,proactive,E,rrf,partial,partial,distributed,False,cross,flat,36,1490
anthropic,anthropic-pass_threshold@t2/005-t5-middle,probe_trigger,proactive,window,-,none,none,distributed,False,cross,flat,0,0
anthropic,anthropic-pass_threshold@t2/005-t5-middle,probe_trigger,proactive,oracle,-,full,full,distributed,False,cross,flat,1,78
anthropic,anthropic-pass_threshold@t2/005-t5-middle,probe_trigger,proactive,A,bm25,partial,partial,distributed,False,cross,flat,32,1457
anthropic,anthropic-pass_threshold@t2/005-t5-middle,probe_trigger,proactive,A,emb,partial,partial,distributed,False,cross,flat,32,1469
anthropic,anthropic-pass_threshold@t2/005-t5-middle,probe_trigger,proactive,A,rrf,partial,partial,distributed,False,cross,flat,32,1477
anthropic,anthropic-pass_threshold@t2/005-t5-middle,probe_trigger,proactive,B,bm25,full,full,distributed,False,cross,flat,5,1321
anthropic,anthropic-pass_threshold@t2/005-t5-middle,probe_trigger,proactive,B,emb,full,full,distributed,False,cross,flat,5,1258
anthropic,anthropic-pass_threshold@t2/005-t5-middle,probe_trigger,proactive,B,rrf,full,full,distributed,False,cross,flat,5,1306
anthropic,anthropic-pass_threshold@t2/005-t5-middle,probe_trigger,proactive,C,bm25,partial,partial,distributed,False,cross,flat,12,1497
anthropic,anthropic-pass_threshold@t2/005-t5-middle,probe_trigger,proactive,C,emb,full,full,distributed,False,cross,flat,11,1444
anthropic,anthropic-pass_threshold@t2/005-t5-middle,probe_trigger,proactive,C,rrf,full,full,distributed,False,cross,flat,11,1436
anthropic,anthropic-pass_threshold@t2/005-t5-middle,probe_trigger,proactive,Cstar,bm25,full,full,distributed,False,cross,flat,15,1404
anthropic,anthropic-pass_threshold@t2/005-t5-middle,probe_trigger,proactive,Cstar,emb,full,full,distributed,False,cross,flat,17,1468
anthropic,anthropic-pass_threshold@t2/005-t5-middle,probe_trigger,proactive,Cstar,rrf,full,full,distributed,False,cross,flat,16,1465
anthropic,anthropic-pass_threshold@t2/005-t5-middle,probe_trigger,proactive,D,bm25,full,full,distributed,False,cross,flat,4,1395
anthropic,anthropic-pass_threshold@t2/005-t5-middle,probe_trigger,proactive,D,emb,full,full,distributed,False,cross,flat,5,1319
anthropic,anthropic-pass_threshold@t2/005-t5-middle,probe_trigger,proactive,D,rrf,full,full,distributed,False,cross,flat,5,1389
anthropic,anthropic-pass_threshold@t2/005-t5-middle,probe_trigger,proactive,E,bm25,full,full,distributed,False,cross,flat,40,1498
anthropic,anthropic-pass_threshold@t2/005-t5-middle,probe_trigger,proactive,E,emb,full,full,distributed,False,cross,flat,42,1455
anthropic,anthropic-pass_threshold@t2/005-t5-middle,probe_trigger,proactive,E,rrf,full,full,distributed,False,cross,flat,41,1499
anthropic,anthropic-item_count@t2/009-t3-start,probe_trigger,proactive,window,-,none,none,explicit,False,cross,threaded,0,0
anthropic,anthropic-item_count@t2/009-t3-start,probe_trigger,proactive,oracle,-,full,full,explicit,False,cross,threaded,1,55
anthropic,anthropic-item_count@t2/009-t3-start,probe_trigger,proactive,A,bm25,full,full,explicit,False,cross,threaded,33,1463
anthropic,anthropic-item_count@t2/009-t3-start,probe_trigger,proactive,A,emb,full,full,explicit,False,cross,threaded,33,1484
anthropic,anthropic-item_count@t2/009-t3-start,probe_trigger,proactive,A,rrf,full,full,explicit,False,cross,threaded,34,1493
anthropic,anthropic-item_count@t2/009-t3-start,probe_trigger,proactive,B,bm25,full,full,explicit,False,cross,threaded,5,1364
anthropic,anthropic-item_count@t2/009-t3-start,probe_trigger,proactive,B,emb,full,full,explicit,False,cross,threaded,5,1255
anthropic,anthropic-item_count@t2/009-t3-start,probe_trigger,proactive,B,rrf,full,full,explicit,False,cross,threaded,5,1335
anthropic,anthropic-item_count@t2/009-t3-start,probe_trigger,proactive,C,bm25,full,full,explicit,False,cross,threaded,10,1380
anthropic,anthropic-item_count@t2/009-t3-start,probe_trigger,proactive,C,emb,full,full,explicit,False,cross,threaded,11,1389
anthropic,anthropic-item_count@t2/009-t3-start,probe_trigger,proactive,C,rrf,full,full,explicit,False,cross,threaded,12,1489
anthropic,anthropic-item_count@t2/009-t3-start,probe_trigger,proactive,Cstar,bm25,none,none,explicit,False,cross,threaded,18,1375
anthropic,anthropic-item_count@t2/009-t3-start,probe_trigger,proactive,Cstar,emb,full,full,explicit,False,cross,threaded,22,1404
anthropic,anthropic-item_count@t2/009-t3-start,probe_trigger,proactive,Cstar,rrf,full,full,explicit,False,cross,threaded,19,1497
anthropic,anthropic-item_count@t2/009-t3-start,probe_trigger,proactive,D,bm25,full,full,explicit,False,cross,threaded,4,1436
anthropic,anthropic-item_count@t2/009-t3-start,probe_trigger,proactive,D,emb,none,none,explicit,False,cross,threaded,4,1297
anthropic,anthropic-item_count@t2/009-t3-start,probe_trigger,proactive,D,rrf,full,full,explicit,False,cross,threaded,4,1189
anthropic,anthropic-item_count@t2/009-t3-start,probe_trigger,proactive,E,bm25,full,full,explicit,False,cross,threaded,39,1477
anthropic,anthropic-item_count@t2/009-t3-start,probe_trigger,proactive,E,emb,full,full,explicit,False,cross,threaded,39,1490
anthropic,anthropic-item_count@t2/009-t3-start,probe_trigger,proactive,E,rrf,full,full,explicit,False,cross,threaded,39,1485
anthropic,anthropic-item_count@t2/009-t3-middle,probe_trigger,proactive,window,-,none,none,explicit,False,cross,threaded,0,0
anthropic,anthropic-item_count@t2/009-t3-middle,probe_trigger,proactive,oracle,-,full,full,explicit,False,cross,threaded,1,55
anthropic,anthropic-item_count@t2/009-t3-middle,probe_trigger,proactive,A,bm25,full,full,explicit,False,cross,threaded,33,1478
anthropic,anthropic-item_count@t2/009-t3-middle,probe_trigger,proactive,A,emb,full,full,explicit,False,cross,threaded,32,1467
anthropic,anthropic-item_count@t2/009-t3-middle,probe_trigger,proactive,A,rrf,full,full,explicit,False,cross,threaded,32,1487
anthropic,anthropic-item_count@t2/009-t3-middle,probe_trigger,proactive,B,bm25,none,none,explicit,False,cross,threaded,5,1347
anthropic,anthropic-item_count@t2/009-t3-middle,probe_trigger,proactive,B,emb,none,none,explicit,False,cross,threaded,5,1322
anthropic,anthropic-item_count@t2/009-t3-middle,probe_trigger,proactive,B,rrf,none,none,explicit,False,cross,threaded,5,1322
anthropic,anthropic-item_count@t2/009-t3-middle,probe_trigger,proactive,C,bm25,none,none,explicit,False,cross,threaded,11,1405
anthropic,anthropic-item_count@t2/009-t3-middle,probe_trigger,proactive,C,emb,full,full,explicit,False,cross,threaded,11,1374
anthropic,anthropic-item_count@t2/009-t3-middle,probe_trigger,proactive,C,rrf,none,none,explicit,False,cross,threaded,11,1396
anthropic,anthropic-item_count@t2/009-t3-middle,probe_trigger,proactive,Cstar,bm25,none,none,explicit,False,cross,threaded,15,1438
anthropic,anthropic-item_count@t2/009-t3-middle,probe_trigger,proactive,Cstar,emb,full,full,explicit,False,cross,threaded,18,1448
anthropic,anthropic-item_count@t2/009-t3-middle,probe_trigger,proactive,Cstar,rrf,none,none,explicit,False,cross,threaded,14,1481
anthropic,anthropic-item_count@t2/009-t3-middle,probe_trigger,proactive,D,bm25,full,full,explicit,False,cross,threaded,5,1350
anthropic,anthropic-item_count@t2/009-t3-middle,probe_trigger,proactive,D,emb,none,none,explicit,False,cross,threaded,4,1200
anthropic,anthropic-item_count@t2/009-t3-middle,probe_trigger,proactive,D,rrf,full,full,explicit,False,cross,threaded,4,1370
anthropic,anthropic-item_count@t2/009-t3-middle,probe_trigger,proactive,E,bm25,full,full,explicit,False,cross,threaded,39,1480
anthropic,anthropic-item_count@t2/009-t3-middle,probe_trigger,proactive,E,emb,full,full,explicit,False,cross,threaded,39,1480
anthropic,anthropic-item_count@t2/009-t3-middle,probe_trigger,proactive,E,rrf,full,full,explicit,False,cross,threaded,38,1468
anthropic,anthropic-item_count@t2/009-t4-start,probe_trigger,proactive,window,-,none,none,explicit,False,far,interleaved,0,0
anthropic,anthropic-item_count@t2/009-t4-start,probe_trigger,proactive,oracle,-,full,full,explicit,False,far,interleaved,1,55
anthropic,anthropic-item_count@t2/009-t4-start,probe_trigger,proactive,A,bm25,full,full,explicit,False,far,interleaved,34,1469
anthropic,anthropic-item_count@t2/009-t4-start,probe_trigger,proactive,A,emb,full,full,explicit,False,far,interleaved,34,1481
anthropic,anthropic-item_count@t2/009-t4-start,probe_trigger,proactive,A,rrf,full,full,explicit,False,far,interleaved,34,1475
anthropic,anthropic-item_count@t2/009-t4-start,probe_trigger,proactive,B,bm25,full,full,explicit,False,far,interleaved,5,1394
anthropic,anthropic-item_count@t2/009-t4-start,probe_trigger,proactive,B,emb,full,full,explicit,False,far,interleaved,5,1411
anthropic,anthropic-item_count@t2/009-t4-start,probe_trigger,proactive,B,rrf,full,full,explicit,False,far,interleaved,5,1411
anthropic,anthropic-item_count@t2/009-t4-start,probe_trigger,proactive,C,bm25,full,full,explicit,False,far,interleaved,11,1417
anthropic,anthropic-item_count@t2/009-t4-start,probe_trigger,proactive,C,emb,full,full,explicit,False,far,interleaved,11,1395
anthropic,anthropic-item_count@t2/009-t4-start,probe_trigger,proactive,C,rrf,full,full,explicit,False,far,interleaved,11,1471
anthropic,anthropic-item_count@t2/009-t4-start,probe_trigger,proactive,Cstar,bm25,full,full,explicit,False,far,interleaved,19,1459
anthropic,anthropic-item_count@t2/009-t4-start,probe_trigger,proactive,Cstar,emb,full,full,explicit,False,far,interleaved,21,1403
anthropic,anthropic-item_count@t2/009-t4-start,probe_trigger,proactive,Cstar,rrf,full,full,explicit,False,far,interleaved,19,1499
anthropic,anthropic-item_count@t2/009-t4-start,probe_trigger,proactive,D,bm25,full,full,explicit,False,far,interleaved,4,1360
anthropic,anthropic-item_count@t2/009-t4-start,probe_trigger,proactive,D,emb,full,full,explicit,False,far,interleaved,5,1399
anthropic,anthropic-item_count@t2/009-t4-start,probe_trigger,proactive,D,rrf,full,full,explicit,False,far,interleaved,3,1022
anthropic,anthropic-item_count@t2/009-t4-start,probe_trigger,proactive,E,bm25,full,full,explicit,False,far,interleaved,42,1460
anthropic,anthropic-item_count@t2/009-t4-start,probe_trigger,proactive,E,emb,full,full,explicit,False,far,interleaved,41,1492
anthropic,anthropic-item_count@t2/009-t4-start,probe_trigger,proactive,E,rrf,full,full,explicit,False,far,interleaved,39,1457
anthropic,anthropic-suite_version@t3/006-t4-start,probe_trigger,proactive,window,-,partial,partial,cross_ref,True,cross,interleaved,0,0
anthropic,anthropic-suite_version@t3/006-t4-start,probe_trigger,proactive,oracle,-,full,full,cross_ref,True,cross,interleaved,3,200
anthropic,anthropic-suite_version@t3/006-t4-start,probe_trigger,proactive,A,bm25,partial,partial,cross_ref,True,cross,interleaved,34,1496
anthropic,anthropic-suite_version@t3/006-t4-start,probe_trigger,proactive,A,emb,full,partial,cross_ref,True,cross,interleaved,34,1497
anthropic,anthropic-suite_version@t3/006-t4-start,probe_trigger,proactive,A,rrf,full,partial,cross_ref,True,cross,interleaved,33,1458
anthropic,anthropic-suite_version@t3/006-t4-start,probe_trigger,proactive,B,bm25,partial,partial,cross_ref,True,cross,interleaved,5,1385
anthropic,anthropic-suite_version@t3/006-t4-start,probe_trigger,proactive,B,emb,partial,partial,cross_ref,True,cross,interleaved,5,1381
anthropic,anthropic-suite_version@t3/006-t4-start,probe_trigger,proactive,B,rrf,partial,partial,cross_ref,True,cross,interleaved,5,1395
anthropic,anthropic-suite_version@t3/006-t4-start,probe_trigger,proactive,C,bm25,partial,partial,cross_ref,True,cross,interleaved,11,1454
anthropic,anthropic-suite_version@t3/006-t4-start,probe_trigger,proactive,C,emb,partial,partial,cross_ref,True,cross,interleaved,11,1451
anthropic,anthropic-suite_version@t3/006-t4-start,probe_trigger,proactive,C,rrf,partial,partial,cross_ref,True,cross,interleaved,11,1448
anthropic,anthropic-suite_version@t3/006-t4-start,probe_trigger,proactive,Cstar,bm25,partial,partial,cross_ref,True,cross,interleaved,19,1459
anthropic,anthropic-suite_version@t3/006-t4-start,probe_trigger,proactive,Cstar,emb,full,full,cross_ref,True,cross,interleaved,21,1470
anthropic,anthropic-suite_version@t3/006-t4-start,probe_trigger,proactive,Cstar,rrf,full,full,cross_ref,True,cross,interleaved,19,1493
anthropic,anthropic-suite_version@t3/006-t4-start,probe_trigger,proactive,D,bm25,partial,partial,cross_ref,True,cross,interleaved,3,1227
anthropic,anthropic-suite_version@t3/006-t4-start,probe_trigger,proactive,D,emb,partial,partial,cross_ref,True,cross,interleaved,3,1047
anthropic,anthropic-suite_version@t3/006-t4-start,probe_trigger,proactive,D,rrf,partial,partial,cross_ref,True,cross,interleaved,3,1106
anthropic,anthropic-suite_version@t3/006-t4-start,probe_trigger,proactive,E,bm25,full,full,cross_ref,True,cross,interleaved,40,1492
anthropic,anthropic-suite_version@t3/006-t4-start,probe_trigger,proactive,E,emb,full,full,cross_ref,True,cross,interleaved,41,1467
anthropic,anthropic-suite_version@t3/006-t4-start,probe_trigger,proactive,E,rrf,full,full,cross_ref,True,cross,interleaved,42,1498
anthropic,anthropic-suite_version@t3/006-t4-middle,probe_trigger,proactive,window,-,none,none,cross_ref,True,cross,interleaved,0,0
anthropic,anthropic-suite_version@t3/006-t4-middle,probe_trigger,proactive,oracle,-,full,full,cross_ref,True,cross,interleaved,3,200
anthropic,anthropic-suite_version@t3/006-t4-middle,probe_trigger,proactive,A,bm25,full,partial,cross_ref,True,cross,interleaved,32,1478
anthropic,anthropic-suite_version@t3/006-t4-middle,probe_trigger,proactive,A,emb,full,none,cross_ref,True,cross,interleaved,33,1468
anthropic,anthropic-suite_version@t3/006-t4-middle,probe_trigger,proactive,A,rrf,full,partial,cross_ref,True,cross,interleaved,33,1499
anthropic,anthropic-suite_version@t3/006-t4-middle,probe_trigger,proactive,B,bm25,full,full,cross_ref,True,cross,interleaved,5,1287
anthropic,anthropic-suite_version@t3/006-t4-middle,probe_trigger,proactive,B,emb,full,full,cross_ref,True,cross,interleaved,5,1311
anthropic,anthropic-suite_version@t3/006-t4-middle,probe_trigger,proactive,B,rrf,full,full,cross_ref,True,cross,interleaved,5,1269
anthropic,anthropic-suite_version@t3/006-t4-middle,probe_trigger,proactive,C,bm25,full,none,cross_ref,True,cross,interleaved,15,1443
anthropic,anthropic-suite_version@t3/006-t4-middle,probe_trigger,proactive,C,emb,full,none,cross_ref,True,cross,interleaved,14,1496
anthropic,anthropic-suite_version@t3/006-t4-middle,probe_trigger,proactive,C,rrf,full,none,cross_ref,True,cross,interleaved,14,1489
anthropic,anthropic-suite_version@t3/006-t4-middle,probe_trigger,proactive,Cstar,bm25,full,full,cross_ref,True,cross,interleaved,20,1397
anthropic,anthropic-suite_version@t3/006-t4-middle,probe_trigger,proactive,Cstar,emb,full,none,cross_ref,True,cross,interleaved,23,1470
anthropic,anthropic-suite_version@t3/006-t4-middle,probe_trigger,proactive,Cstar,rrf,full,full,cross_ref,True,cross,interleaved,21,1436
anthropic,anthropic-suite_version@t3/006-t4-middle,probe_trigger,proactive,D,bm25,full,partial,cross_ref,True,cross,interleaved,5,1322
anthropic,anthropic-suite_version@t3/006-t4-middle,probe_trigger,proactive,D,emb,full,none,cross_ref,True,cross,interleaved,5,1259
anthropic,anthropic-suite_version@t3/006-t4-middle,probe_trigger,proactive,D,rrf,full,none,cross_ref,True,cross,interleaved,5,1285
anthropic,anthropic-suite_version@t3/006-t4-middle,probe_trigger,proactive,E,bm25,full,full,cross_ref,True,cross,interleaved,40,1488
anthropic,anthropic-suite_version@t3/006-t4-middle,probe_trigger,proactive,E,emb,full,full,cross_ref,True,cross,interleaved,44,1472
anthropic,anthropic-suite_version@t3/006-t4-middle,probe_trigger,proactive,E,rrf,full,full,cross_ref,True,cross,interleaved,42,1481
anthropic,anthropic-suite_version@t3/006-t5-start,probe_trigger,proactive,window,-,none,none,cross_ref,True,far,flat,0,0
anthropic,anthropic-suite_version@t3/006-t5-start,probe_trigger,proactive,oracle,-,full,full,cross_ref,True,far,flat,4,223
anthropic,anthropic-suite_version@t3/006-t5-start,probe_trigger,proactive,A,bm25,full,none,cross_ref,True,far,flat,34,1467
anthropic,anthropic-suite_version@t3/006-t5-start,probe_trigger,proactive,A,emb,full,none,cross_ref,True,far,flat,33,1473
anthropic,anthropic-suite_version@t3/006-t5-start,probe_trigger,proactive,A,rrf,full,none,cross_ref,True,far,flat,34,1494
anthropic,anthropic-suite_version@t3/006-t5-start,probe_trigger,proactive,B,bm25,full,none,cross_ref,True,far,flat,5,1241
anthropic,anthropic-suite_version@t3/006-t5-start,probe_trigger,proactive,B,emb,full,partial,cross_ref,True,far,flat,6,1500
anthropic,anthropic-suite_version@t3/006-t5-start,probe_trigger,proactive,B,rrf,full,none,cross_ref,True,far,flat,5,1256
anthropic,anthropic-suite_version@t3/006-t5-start,probe_trigger,proactive,C,bm25,none,none,cross_ref,True,far,flat,13,1469
anthropic,anthropic-suite_version@t3/006-t5-start,probe_trigger,proactive,C,emb,full,none,cross_ref,True,far,flat,13,1425
anthropic,anthropic-suite_version@t3/006-t5-start,probe_trigger,proactive,C,rrf,full,none,cross_ref,True,far,flat,12,1396
anthropic,anthropic-suite_version@t3/006-t5-start,probe_trigger,proactive,Cstar,bm25,full,none,cross_ref,True,far,flat,19,1442
anthropic,anthropic-suite_version@t3/006-t5-start,probe_trigger,proactive,Cstar,emb,full,none,cross_ref,True,far,flat,24,1457
anthropic,anthropic-suite_version@t3/006-t5-start,probe_trigger,proactive,Cstar,rrf,full,none,cross_ref,True,far,flat,21,1359
anthropic,anthropic-suite_version@t3/006-t5-start,probe_trigger,proactive,D,bm25,full,none,cross_ref,True,far,flat,4,1155
anthropic,anthropic-suite_version@t3/006-t5-start,probe_trigger,proactive,D,emb,full,none,cross_ref,True,far,flat,5,1125
anthropic,anthropic-suite_version@t3/006-t5-start,probe_trigger,proactive,D,rrf,full,none,cross_ref,True,far,flat,4,1284
anthropic,anthropic-suite_version@t3/006-t5-start,probe_trigger,proactive,E,bm25,full,partial,cross_ref,True,far,flat,38,1475
anthropic,anthropic-suite_version@t3/006-t5-start,probe_trigger,proactive,E,emb,full,full,cross_ref,True,far,flat,40,1496
anthropic,anthropic-suite_version@t3/006-t5-start,probe_trigger,proactive,E,rrf,full,full,cross_ref,True,far,flat,37,1457
anthropic,anthropic-suite_version@t3/006-t5-middle,probe_trigger,proactive,window,-,none,none,cross_ref,True,far,flat,0,0
anthropic,anthropic-suite_version@t3/006-t5-middle,probe_trigger,proactive,oracle,-,full,full,cross_ref,True,far,flat,4,223
anthropic,anthropic-suite_version@t3/006-t5-middle,probe_trigger,proactive,A,bm25,partial,partial,cross_ref,True,far,flat,33,1493
anthropic,anthropic-suite_version@t3/006-t5-middle,probe_trigger,proactive,A,emb,full,full,cross_ref,True,far,flat,32,1468
anthropic,anthropic-suite_version@t3/006-t5-middle,probe_trigger,proactive,A,rrf,full,full,cross_ref,True,far,flat,32,1496
anthropic,anthropic-suite_version@t3/006-t5-middle,probe_trigger,proactive,B,bm25,none,none,cross_ref,True,far,flat,5,1298
anthropic,anthropic-suite_version@t3/006-t5-middle,probe_trigger,proactive,B,emb,full,full,cross_ref,True,far,flat,5,1331
anthropic,anthropic-suite_version@t3/006-t5-middle,probe_trigger,proactive,B,rrf,partial,partial,cross_ref,True,far,flat,5,1299
anthropic,anthropic-suite_version@t3/006-t5-middle,probe_trigger,proactive,C,bm25,none,none,cross_ref,True,far,flat,12,1487
anthropic,anthropic-suite_version@t3/006-t5-middle,probe_trigger,proactive,C,emb,none,none,cross_ref,True,far,flat,10,1376
anthropic,anthropic-suite_version@t3/006-t5-middle,probe_trigger,proactive,C,rrf,partial,partial,cross_ref,True,far,flat,11,1445
anthropic,anthropic-suite_version@t3/006-t5-middle,probe_trigger,proactive,Cstar,bm25,full,full,cross_ref,True,far,flat,18,1497
anthropic,anthropic-suite_version@t3/006-t5-middle,probe_trigger,proactive,Cstar,emb,full,full,cross_ref,True,far,flat,20,1460
anthropic,anthropic-suite_version@t3/006-t5-middle,probe_trigger,proactive,Cstar,rrf,full,full,cross_ref,True,far,flat,17,1487
anthropic,anthropic-suite_version@t3/006-t5-middle,probe_trigger,proactive,D,bm25,partial,partial,cross_ref,True,far,flat,4,1395
anthropic,anthropic-suite_version@t3/006-t5-middle,probe_trigger,proactive,D,emb,full,partial,cross_ref,True,far,flat,5,1447
anthropic,anthropic-suite_version@t3/006-t5-middle,probe_trigger,proactive,D,rrf,full,none,cross_ref,True,far,flat,4,1468
anthropic,anthropic-suite_version@t3/006-t5-middle,probe_trigger,proactive,E,bm25,full,full,cross_ref,True,far,flat,39,1472
anthropic,anthropic-suite_version@t3/006-t5-middle,probe_trigger,proactive,E,emb,full,full,cross_ref,True,far,flat,43,1493
anthropic,anthropic-suite_version@t3/006-t5-middle,probe_trigger,proactive,E,rrf,full,full,cross_ref,True,far,flat,41,1483
anthropic,anthropic-item_count@t4/007-t5-start,probe_trigger,proactive,window,-,none,none,correction,False,cross,flat,0,0
anthropic,anthropic-item_count@t4/007-t5-start,probe_trigger,proactive,oracle,-,full,full,correction,False,cross,flat,1,77
anthropic,anthropic-item_count@t4/007-t5-start,probe_trigger,proactive,A,bm25,partial,partial,correction,False,cross,flat,33,1454
anthropic,anthropic-item_count@t4/007-t5-start,probe_trigger,proactive,A,emb,partial,partial,correction,False,cross,flat,33,1480
anthropic,anthropic-item_count@t4/007-t5-start,probe_trigger,proactive,A,rrf,partial,partial,correction,False,cross,flat,33,1474
anthropic,anthropic-item_count@t4/007-t5-start,probe_trigger,proactive,B,bm25,none,none,correction,False,cross,flat,6,1491
anthropic,anthropic-item_count@t4/007-t5-start,probe_trigger,proactive,B,emb,none,none,correction,False,cross,flat,5,1263
anthropic,anthropic-item_count@t4/007-t5-start,probe_trigger,proactive,B,rrf,none,none,correction,False,cross,flat,6,1463
anthropic,anthropic-item_count@t4/007-t5-start,probe_trigger,proactive,C,bm25,none,none,correction,False,cross,flat,11,1379
anthropic,anthropic-item_count@t4/007-t5-start,probe_trigger,proactive,C,emb,partial,partial,correction,False,cross,flat,13,1495
anthropic,anthropic-item_count@t4/007-t5-start,probe_trigger,proactive,C,rrf,none,none,correction,False,cross,flat,12,1433
anthropic,anthropic-item_count@t4/007-t5-start,probe_trigger,proactive,Cstar,bm25,partial,partial,correction,False,cross,flat,18,1494
anthropic,anthropic-item_count@t4/007-t5-start,probe_trigger,proactive,Cstar,emb,full,full,correction,False,cross,flat,22,1491
anthropic,anthropic-item_count@t4/007-t5-start,probe_trigger,proactive,Cstar,rrf,full,full,correction,False,cross,flat,19,1471
anthropic,anthropic-item_count@t4/007-t5-start,probe_trigger,proactive,D,bm25,none,none,correction,False,cross,flat,4,1198
anthropic,anthropic-item_count@t4/007-t5-start,probe_trigger,proactive,D,emb,none,none,correction,False,cross,flat,6,1463
anthropic,anthropic-item_count@t4/007-t5-start,probe_trigger,proactive,D,rrf,none,none,correction,False,cross,flat,5,1291
anthropic,anthropic-item_count@t4/007-t5-start,probe_trigger,proactive,E,bm25,full,full,correction,False,cross,flat,38,1498
anthropic,anthropic-item_count@t4/007-t5-start,probe_trigger,proactive,E,emb,partial,partial,correction,False,cross,flat,39,1445
anthropic,anthropic-item_count@t4/007-t5-start,probe_trigger,proactive,E,rrf,partial,partial,correction,False,cross,flat,37,1465
anthropic,anthropic-item_count@t4/007-t5-middle,probe_trigger,proactive,window,-,none,none,correction,False,cross,flat,0,0
anthropic,anthropic-item_count@t4/007-t5-middle,probe_trigger,proactive,oracle,-,full,full,correction,False,cross,flat,1,77
anthropic,anthropic-item_count@t4/007-t5-middle,probe_trigger,proactive,A,bm25,partial,partial,correction,False,cross,flat,32,1472
anthropic,anthropic-item_count@t4/007-t5-middle,probe_trigger,proactive,A,emb,partial,partial,correction,False,cross,flat,33,1494
anthropic,anthropic-item_count@t4/007-t5-middle,probe_trigger,proactive,A,rrf,partial,partial,correction,False,cross,flat,32,1468
anthropic,anthropic-item_count@t4/007-t5-middle,probe_trigger,proactive,B,bm25,none,none,correction,False,cross,flat,5,1321
anthropic,anthropic-item_count@t4/007-t5-middle,probe_trigger,proactive,B,emb,none,none,correction,False,cross,flat,5,1308
anthropic,anthropic-item_count@t4/007-t5-middle,probe_trigger,proactive,B,rrf,none,none,correction,False,cross,flat,5,1318
anthropic,anthropic-item_count@t4/007-t5-middle,probe_trigger,proactive,C,bm25,none,none,correction,False,cross,flat,11,1426
anthropic,anthropic-item_count@t4/007-t5-middle,probe_trigger,proactive,C,emb,none,none,correction,False,cross,flat,10,1371
anthropic,anthropic-item_count@t4/007-t5-middle,probe_trigger,proactive,C,rrf,none,none,correction,False,cross,flat,10,1375
anthropic,anthropic-item_count@t4/007-t5-middle,probe_trigger,proactive,Cstar,bm25,none,none,correction,False,cross,flat,15,1468
anthropic,anthropic-item_count@t4/007-t5-middle,probe_trigger,proactive,Cstar,emb,full,full,correction,False,cross,flat,18,1473
anthropic,anthropic-item_count@t4/007-t5-middle,probe_trigger,proactive,Cstar,rrf,none,none,correction,False,cross,flat,15,1415
anthropic,anthropic-item_count@t4/007-t5-middle,probe_trigger,proactive,D,bm25,none,none,correction,False,cross,flat,4,1310
anthropic,anthropic-item_count@t4/007-t5-middle,probe_trigger,proactive,D,emb,none,none,correction,False,cross,flat,5,1319
anthropic,anthropic-item_count@t4/007-t5-middle,probe_trigger,proactive,D,rrf,none,none,correction,False,cross,flat,5,1302
anthropic,anthropic-item_count@t4/007-t5-middle,probe_trigger,proactive,E,bm25,full,full,correction,False,cross,flat,37,1433
anthropic,anthropic-item_count@t4/007-t5-middle,probe_trigger,proactive,E,emb,full,full,correction,False,cross,flat,42,1474
anthropic,anthropic-item_count@t4/007-t5-middle,probe_trigger,proactive,E,rrf,full,full,correction,False,cross,flat,41,1477
openai,openai-p02,plant,proactive,window,-,none,none,ellipsis,False,far,threaded,0,0
openai,openai-p02,plant,proactive,oracle,-,full,full,ellipsis,False,far,threaded,1,61
openai,openai-p02,plant,proactive,A,bm25,full,full,ellipsis,False,far,threaded,19,797
openai,openai-p02,plant,proactive,A,emb,full,full,ellipsis,False,far,threaded,19,797
openai,openai-p02,plant,proactive,A,rrf,full,full,ellipsis,False,far,threaded,19,797
openai,openai-p02,plant,proactive,B,bm25,full,full,ellipsis,False,far,threaded,5,1260
openai,openai-p02,plant,proactive,B,emb,full,full,ellipsis,False,far,threaded,5,1244
openai,openai-p02,plant,proactive,B,rrf,full,full,ellipsis,False,far,threaded,5,1260
openai,openai-p02,plant,proactive,C,bm25,full,full,ellipsis,False,far,threaded,12,1495
openai,openai-p02,plant,proactive,C,emb,full,full,ellipsis,False,far,threaded,12,1473
openai,openai-p02,plant,proactive,C,rrf,full,full,ellipsis,False,far,threaded,11,1391
openai,openai-p02,plant,proactive,Cstar,bm25,full,full,ellipsis,False,far,threaded,20,1382
openai,openai-p02,plant,proactive,Cstar,emb,full,full,ellipsis,False,far,threaded,20,1382
openai,openai-p02,plant,proactive,Cstar,rrf,full,full,ellipsis,False,far,threaded,20,1382
openai,openai-p02,plant,proactive,D,bm25,full,full,ellipsis,False,far,threaded,9,802
openai,openai-p02,plant,proactive,D,emb,full,full,ellipsis,False,far,threaded,9,802
openai,openai-p02,plant,proactive,D,rrf,full,full,ellipsis,False,far,threaded,9,802
openai,openai-p02,plant,proactive,E,bm25,full,full,ellipsis,False,far,threaded,26,810
openai,openai-p02,plant,proactive,E,emb,full,full,ellipsis,False,far,threaded,26,810
openai,openai-p02,plant,proactive,E,rrf,full,full,ellipsis,False,far,threaded,26,810
openai,openai-p02,plant,reactive,window,-,none,none,ellipsis,False,far,threaded,0,0
openai,openai-p02,plant,reactive,oracle,-,full,full,ellipsis,False,far,threaded,1,61
openai,openai-p02,plant,reactive,A,bm25,full,full,ellipsis,False,far,threaded,19,797
openai,openai-p02,plant,reactive,A,emb,full,full,ellipsis,False,far,threaded,19,797
openai,openai-p02,plant,reactive,A,rrf,full,full,ellipsis,False,far,threaded,19,797
openai,openai-p02,plant,reactive,B,bm25,full,full,ellipsis,False,far,threaded,5,1262
openai,openai-p02,plant,reactive,B,emb,full,full,ellipsis,False,far,threaded,5,1260
openai,openai-p02,plant,reactive,B,rrf,full,full,ellipsis,False,far,threaded,5,1257
openai,openai-p02,plant,reactive,C,bm25,full,full,ellipsis,False,far,threaded,12,1498
openai,openai-p02,plant,reactive,C,emb,full,full,ellipsis,False,far,threaded,12,1381
openai,openai-p02,plant,reactive,C,rrf,full,full,ellipsis,False,far,threaded,11,1377
openai,openai-p02,plant,reactive,Cstar,bm25,full,full,ellipsis,False,far,threaded,20,1382
openai,openai-p02,plant,reactive,Cstar,emb,full,full,ellipsis,False,far,threaded,20,1382
openai,openai-p02,plant,reactive,Cstar,rrf,full,full,ellipsis,False,far,threaded,20,1382
openai,openai-p02,plant,reactive,D,bm25,full,full,ellipsis,False,far,threaded,9,802
openai,openai-p02,plant,reactive,D,emb,full,full,ellipsis,False,far,threaded,9,802
openai,openai-p02,plant,reactive,D,rrf,full,full,ellipsis,False,far,threaded,9,802
openai,openai-p02,plant,reactive,E,bm25,full,full,ellipsis,False,far,threaded,26,810
openai,openai-p02,plant,reactive,E,emb,full,full,ellipsis,False,far,threaded,26,810
openai,openai-p02,plant,reactive,E,rrf,full,full,ellipsis,False,far,threaded,26,810
openai,openai-p04,plant,proactive,window,-,partial,partial,distributed,False,near,interleaved,0,0
openai,openai-p04,plant,proactive,oracle,-,full,full,distributed,False,near,interleaved,1,96
openai,openai-p04,plant,proactive,A,bm25,full,full,distributed,False,near,interleaved,34,1473
openai,openai-p04,plant,proactive,A,emb,full,full,distributed,False,near,interleaved,35,1496
openai,openai-p04,plant,proactive,A,rrf,full,full,distributed,False,near,interleaved,34,1464
openai,openai-p04,plant,proactive,B,bm25,full,full,distributed,False,near,interleaved,6,1469
openai,openai-p04,plant,proactive,B,emb,full,full,distributed,False,near,interleaved,5,1291
openai,openai-p04,plant,proactive,B,rrf,full,full,distributed,False,near,interleaved,5,1291
openai,openai-p04,plant,proactive,C,bm25,full,full,distributed,False,near,interleaved,12,1412
openai,openai-p04,plant,proactive,C,emb,full,full,distributed,False,near,interleaved,11,1468
openai,openai-p04,plant,proactive,C,rrf,full,full,distributed,False,near,interleaved,12,1422
openai,openai-p04,plant,proactive,Cstar,bm25,full,full,distributed,False,near,interleaved,17,1484
openai,openai-p04,plant,proactive,Cstar,emb,full,full,distributed,False,near,interleaved,18,1437
openai,openai-p04,plant,proactive,Cstar,rrf,full,full,distributed,False,near,interleaved,19,1500
openai,openai-p04,plant,proactive,D,bm25,full,full,distributed,False,near,interleaved,8,1385
openai,openai-p04,plant,proactive,D,emb,full,full,distributed,False,near,interleaved,8,1342
openai,openai-p04,plant,proactive,D,rrf,full,full,distributed,False,near,interleaved,8,1476
openai,openai-p04,plant,proactive,E,bm25,full,full,distributed,False,near,interleaved,44,1496
openai,openai-p04,plant,proactive,E,emb,full,full,distributed,False,near,interleaved,45,1488
openai,openai-p04,plant,proactive,E,rrf,full,full,distributed,False,near,interleaved,44,1488
openai,openai-p04,plant,reactive,window,-,partial,partial,distributed,False,near,interleaved,0,0
openai,openai-p04,plant,reactive,oracle,-,full,full,distributed,False,near,interleaved,1,96
openai,openai-p04,plant,reactive,A,bm25,full,full,distributed,False,near,interleaved,36,1498
openai,openai-p04,plant,reactive,A,emb,full,full,distributed,False,near,interleaved,36,1487
openai,openai-p04,plant,reactive,A,rrf,full,full,distributed,False,near,interleaved,36,1494
openai,openai-p04,plant,reactive,B,bm25,full,full,distributed,False,near,interleaved,5,1284
openai,openai-p04,plant,reactive,B,emb,full,full,distributed,False,near,interleaved,5,1317
openai,openai-p04,plant,reactive,B,rrf,full,full,distributed,False,near,interleaved,5,1320
openai,openai-p04,plant,reactive,C,bm25,full,full,distributed,False,near,interleaved,11,1399
openai,openai-p04,plant,reactive,C,emb,full,full,distributed,False,near,interleaved,13,1483
openai,openai-p04,plant,reactive,C,rrf,full,full,distributed,False,near,interleaved,12,1442
openai,openai-p04,plant,reactive,Cstar,bm25,full,full,distributed,False,near,interleaved,19,1478
openai,openai-p04,plant,reactive,Cstar,emb,full,full,distributed,False,near,interleaved,24,1480
openai,openai-p04,plant,reactive,Cstar,rrf,full,full,distributed,False,near,interleaved,20,1422
openai,openai-p04,plant,reactive,D,bm25,full,full,distributed,False,near,interleaved,9,1475
openai,openai-p04,plant,reactive,D,emb,full,full,distributed,False,near,interleaved,12,1465
openai,openai-p04,plant,reactive,D,rrf,full,full,distributed,False,near,interleaved,10,1360
openai,openai-p04,plant,reactive,E,bm25,full,full,distributed,False,near,interleaved,47,1500
openai,openai-p04,plant,reactive,E,emb,full,full,distributed,False,near,interleaved,47,1491
openai,openai-p04,plant,reactive,E,rrf,full,full,distributed,False,near,interleaved,48,1499
openai,openai-p05,plant,proactive,window,-,none,none,explicit,False,cross,threaded,0,0
openai,openai-p05,plant,proactive,oracle,-,full,full,explicit,False,cross,threaded,1,46
openai,openai-p05,plant,proactive,A,bm25,full,full,explicit,False,cross,threaded,35,1482
openai,openai-p05,plant,proactive,A,emb,full,full,explicit,False,cross,threaded,35,1473
openai,openai-p05,plant,proactive,A,rrf,full,full,explicit,False,cross,threaded,35,1496
openai,openai-p05,plant,proactive,B,bm25,full,full,explicit,False,cross,threaded,5,1284
openai,openai-p05,plant,proactive,B,emb,full,full,explicit,False,cross,threaded,5,1277
openai,openai-p05,plant,proactive,B,rrf,full,full,explicit,False,cross,threaded,6,1500
openai,openai-p05,plant,proactive,C,bm25,none,none,explicit,False,cross,threaded,11,1399
openai,openai-p05,plant,proactive,C,emb,none,none,explicit,False,cross,threaded,11,1432
openai,openai-p05,plant,proactive,C,rrf,none,none,explicit,False,cross,threaded,11,1377
openai,openai-p05,plant,proactive,Cstar,bm25,none,none,explicit,False,cross,threaded,21,1370
openai,openai-p05,plant,proactive,Cstar,emb,none,none,explicit,False,cross,threaded,22,1479
openai,openai-p05,plant,proactive,Cstar,rrf,none,none,explicit,False,cross,threaded,22,1462
openai,openai-p05,plant,proactive,D,bm25,full,full,explicit,False,cross,threaded,7,1346
openai,openai-p05,plant,proactive,D,emb,full,full,explicit,False,cross,threaded,9,1428
openai,openai-p05,plant,proactive,D,rrf,full,full,explicit,False,cross,threaded,8,1342
openai,openai-p05,plant,proactive,E,bm25,full,full,explicit,False,cross,threaded,46,1479
openai,openai-p05,plant,proactive,E,emb,full,full,explicit,False,cross,threaded,45,1490
openai,openai-p05,plant,proactive,E,rrf,full,full,explicit,False,cross,threaded,46,1491
openai,openai-p05,plant,reactive,window,-,none,none,explicit,False,cross,threaded,0,0
openai,openai-p05,plant,reactive,oracle,-,full,full,explicit,False,cross,threaded,1,46
openai,openai-p05,plant,reactive,A,bm25,full,full,explicit,False,cross,threaded,35,1472
openai,openai-p05,plant,reactive,A,emb,full,full,explicit,False,cross,threaded,36,1495
openai,openai-p05,plant,reactive,A,rrf,full,full,explicit,False,cross,threaded,35,1477
openai,openai-p05,plant,reactive,B,bm25,full,full,explicit,False,cross,threaded,5,1275
openai,openai-p05,plant,reactive,B,emb,full,full,explicit,False,cross,threaded,5,1291
openai,openai-p05,plant,reactive,B,rrf,full,full,explicit,False,cross,threaded,5,1244
openai,openai-p05,plant,reactive,C,bm25,full,full,explicit,False,cross,threaded,11,1397
openai,openai-p05,plant,reactive,C,emb,full,full,explicit,False,cross,threaded,13,1361
openai,openai-p05,plant,reactive,C,rrf,full,full,explicit,False,cross,threaded,12,1454
openai,openai-p05,plant,reactive,Cstar,bm25,full,full,explicit,False,cross,threaded,23,1460
openai,openai-p05,plant,reactive,Cstar,emb,full,full,explicit,False,cross,threaded,21,1489
openai,openai-p05,plant,reactive,Cstar,rrf,full,full,explicit,False,cross,threaded,21,1465
openai,openai-p05,plant,reactive,D,bm25,full,full,explicit,False,cross,threaded,8,1325
openai,openai-p05,plant,reactive,D,emb,full,full,explicit,False,cross,threaded,13,1439
openai,openai-p05,plant,reactive,D,rrf,full,full,explicit,False,cross,threaded,10,1362
openai,openai-p05,plant,reactive,E,bm25,full,full,explicit,False,cross,threaded,44,1470
openai,openai-p05,plant,reactive,E,emb,full,full,explicit,False,cross,threaded,47,1475
openai,openai-p05,plant,reactive,E,rrf,full,full,explicit,False,cross,threaded,46,1494
openai,openai-p06,plant,proactive,window,-,full,partial,cross_ref,True,near,interleaved,0,0
openai,openai-p06,plant,proactive,oracle,-,full,full,cross_ref,True,near,interleaved,2,154
openai,openai-p06,plant,proactive,A,bm25,full,full,cross_ref,True,near,interleaved,34,1485
openai,openai-p06,plant,proactive,A,emb,full,full,cross_ref,True,near,interleaved,34,1490
openai,openai-p06,plant,proactive,A,rrf,full,full,cross_ref,True,near,interleaved,34,1498
openai,openai-p06,plant,proactive,B,bm25,full,full,cross_ref,True,near,interleaved,5,1296
openai,openai-p06,plant,proactive,B,emb,full,full,cross_ref,True,near,interleaved,5,1301
openai,openai-p06,plant,proactive,B,rrf,full,full,cross_ref,True,near,interleaved,5,1301
openai,openai-p06,plant,proactive,C,bm25,full,partial,cross_ref,True,near,interleaved,12,1475
openai,openai-p06,plant,proactive,C,emb,full,full,cross_ref,True,near,interleaved,12,1498
openai,openai-p06,plant,proactive,C,rrf,full,partial,cross_ref,True,near,interleaved,11,1448
openai,openai-p06,plant,proactive,Cstar,bm25,full,full,cross_ref,True,near,interleaved,16,1412
openai,openai-p06,plant,proactive,Cstar,emb,full,full,cross_ref,True,near,interleaved,17,1396
openai,openai-p06,plant,proactive,Cstar,rrf,full,full,cross_ref,True,near,interleaved,17,1427
openai,openai-p06,plant,proactive,D,bm25,full,full,cross_ref,True,near,interleaved,7,1455
openai,openai-p06,plant,proactive,D,emb,full,full,cross_ref,True,near,interleaved,7,1336
openai,openai-p06,plant,proactive,D,rrf,full,full,cross_ref,True,near,interleaved,7,1486
openai,openai-p06,plant,proactive,E,bm25,full,full,cross_ref,True,near,interleaved,44,1491
openai,openai-p06,plant,proactive,E,emb,full,full,cross_ref,True,near,interleaved,45,1479
openai,openai-p06,plant,proactive,E,rrf,full,full,cross_ref,True,near,interleaved,44,1472
openai,openai-p06,plant,reactive,window,-,full,partial,cross_ref,True,near,interleaved,0,0
openai,openai-p06,plant,reactive,oracle,-,full,full,cross_ref,True,near,interleaved,2,154
openai,openai-p06,plant,reactive,A,bm25,full,full,cross_ref,True,near,interleaved,33,1455
openai,openai-p06,plant,reactive,A,emb,full,full,cross_ref,True,near,interleaved,34,1498
openai,openai-p06,plant,reactive,A,rrf,full,full,cross_ref,True,near,interleaved,33,1470
openai,openai-p06,plant,reactive,B,bm25,full,partial,cross_ref,True,near,interleaved,5,1302
openai,openai-p06,plant,reactive,B,emb,full,partial,cross_ref,True,near,interleaved,5,1325
openai,openai-p06,plant,reactive,B,rrf,full,partial,cross_ref,True,near,interleaved,5,1325
openai,openai-p06,plant,reactive,C,bm25,full,partial,cross_ref,True,near,interleaved,13,1429
openai,openai-p06,plant,reactive,C,emb,full,full,cross_ref,True,near,interleaved,13,1500
openai,openai-p06,plant,reactive,C,rrf,full,full,cross_ref,True,near,interleaved,14,1491
openai,openai-p06,plant,reactive,Cstar,bm25,full,full,cross_ref,True,near,interleaved,19,1463
openai,openai-p06,plant,reactive,Cstar,emb,full,full,cross_ref,True,near,interleaved,18,1496
openai,openai-p06,plant,reactive,Cstar,rrf,full,full,cross_ref,True,near,interleaved,19,1477
openai,openai-p06,plant,reactive,D,bm25,full,partial,cross_ref,True,near,interleaved,10,1441
openai,openai-p06,plant,reactive,D,emb,full,full,cross_ref,True,near,interleaved,12,1499
openai,openai-p06,plant,reactive,D,rrf,full,full,cross_ref,True,near,interleaved,10,1349
openai,openai-p06,plant,reactive,E,bm25,full,full,cross_ref,True,near,interleaved,45,1485
openai,openai-p06,plant,reactive,E,emb,full,full,cross_ref,True,near,interleaved,48,1471
openai,openai-p06,plant,reactive,E,rrf,full,full,cross_ref,True,near,interleaved,47,1476
openai,openai-p08,plant,proactive,window,-,none,none,correction,False,far,interleaved,0,0
openai,openai-p08,plant,proactive,oracle,-,full,full,correction,False,far,interleaved,1,91
openai,openai-p08,plant,proactive,A,bm25,partial,partial,correction,False,far,interleaved,34,1486
openai,openai-p08,plant,proactive,A,emb,full,full,correction,False,far,interleaved,35,1494
openai,openai-p08,plant,proactive,A,rrf,full,full,correction,False,far,interleaved,34,1500
openai,openai-p08,plant,proactive,B,bm25,full,full,correction,False,far,interleaved,6,1496
openai,openai-p08,plant,proactive,B,emb,full,full,correction,False,far,interleaved,6,1446
openai,openai-p08,plant,proactive,B,rrf,full,full,correction,False,far,interleaved,6,1496
openai,openai-p08,plant,proactive,C,bm25,full,full,correction,False,far,interleaved,11,1436
openai,openai-p08,plant,proactive,C,emb,full,full,correction,False,far,interleaved,12,1468
openai,openai-p08,plant,proactive,C,rrf,full,full,correction,False,far,interleaved,11,1419
openai,openai-p08,plant,proactive,Cstar,bm25,full,full,correction,False,far,interleaved,20,1458
openai,openai-p08,plant,proactive,Cstar,emb,full,full,correction,False,far,interleaved,17,1497
openai,openai-p08,plant,proactive,Cstar,rrf,full,full,correction,False,far,interleaved,18,1465
openai,openai-p08,plant,proactive,D,bm25,full,full,correction,False,far,interleaved,3,1236
openai,openai-p08,plant,proactive,D,emb,full,full,correction,False,far,interleaved,6,1356
openai,openai-p08,plant,proactive,D,rrf,full,full,correction,False,far,interleaved,5,1374
openai,openai-p08,plant,proactive,E,bm25,full,full,correction,False,far,interleaved,39,1488
openai,openai-p08,plant,proactive,E,emb,full,full,correction,False,far,interleaved,41,1499
openai,openai-p08,plant,proactive,E,rrf,full,full,correction,False,far,interleaved,40,1467
openai,openai-p08,plant,reactive,window,-,none,none,correction,False,far,interleaved,0,0
openai,openai-p08,plant,reactive,oracle,-,full,full,correction,False,far,interleaved,1,91
openai,openai-p08,plant,reactive,A,bm25,partial,partial,correction,False,far,interleaved,34,1467
openai,openai-p08,plant,reactive,A,emb,partial,partial,correction,False,far,interleaved,34,1460
openai,openai-p08,plant,reactive,A,rrf,full,full,correction,False,far,interleaved,34,1474
openai,openai-p08,plant,reactive,B,bm25,partial,partial,correction,False,far,interleaved,5,1247
openai,openai-p08,plant,reactive,B,emb,partial,partial,correction,False,far,interleaved,6,1461
openai,openai-p08,plant,reactive,B,rrf,partial,partial,correction,False,far,interleaved,6,1472
openai,openai-p08,plant,reactive,C,bm25,full,full,correction,False,far,interleaved,14,1499
openai,openai-p08,plant,reactive,C,emb,full,full,correction,False,far,interleaved,15,1486
openai,openai-p08,plant,reactive,C,rrf,full,full,correction,False,far,interleaved,14,1415
openai,openai-p08,plant,reactive,Cstar,bm25,full,full,correction,False,far,interleaved,24,1449
openai,openai-p08,plant,reactive,Cstar,emb,full,full,correction,False,far,interleaved,23,1458
openai,openai-p08,plant,reactive,Cstar,rrf,full,full,correction,False,far,interleaved,22,1439
openai,openai-p08,plant,reactive,D,bm25,partial,partial,correction,False,far,interleaved,4,1396
openai,openai-p08,plant,reactive,D,emb,partial,partial,correction,False,far,interleaved,7,1425
openai,openai-p08,plant,reactive,D,rrf,partial,partial,correction,False,far,interleaved,6,1359
openai,openai-p08,plant,reactive,E,bm25,full,full,correction,False,far,interleaved,42,1473
openai,openai-p08,plant,reactive,E,emb,full,full,correction,False,far,interleaved,46,1481
openai,openai-p08,plant,reactive,E,rrf,full,full,correction,False,far,interleaved,43,1475
openai,openai-p09,plant,proactive,window,-,none,none,explicit,False,cross,interleaved,0,0
openai,openai-p09,plant,proactive,oracle,-,full,full,explicit,False,cross,interleaved,1,50
openai,openai-p09,plant,proactive,A,bm25,none,none,explicit,False,cross,interleaved,35,1492
openai,openai-p09,plant,proactive,A,emb,full,full,explicit,False,cross,interleaved,35,1471
openai,openai-p09,plant,proactive,A,rrf,none,none,explicit,False,cross,interleaved,34,1457
openai,openai-p09,plant,proactive,B,bm25,none,none,explicit,False,cross,interleaved,6,1467
openai,openai-p09,plant,proactive,B,emb,none,none,explicit,False,cross,interleaved,6,1413
openai,openai-p09,plant,proactive,B,rrf,none,none,explicit,False,cross,interleaved,6,1482
openai,openai-p09,plant,proactive,C,bm25,none,none,explicit,False,cross,interleaved,11,1386
openai,openai-p09,plant,proactive,C,emb,none,none,explicit,False,cross,interleaved,12,1427
openai,openai-p09,plant,proactive,C,rrf,none,none,explicit,False,cross,interleaved,12,1490
openai,openai-p09,plant,proactive,Cstar,bm25,none,none,explicit,False,cross,interleaved,13,1437
openai,openai-p09,plant,proactive,Cstar,emb,none,none,explicit,False,cross,interleaved,18,1416
openai,openai-p09,plant,proactive,Cstar,rrf,none,none,explicit,False,cross,interleaved,16,1465
openai,openai-p09,plant,proactive,D,bm25,full,full,explicit,False,cross,interleaved,4,1418
openai,openai-p09,plant,proactive,D,emb,full,full,explicit,False,cross,interleaved,5,1327
openai,openai-p09,plant,proactive,D,rrf,full,full,explicit,False,cross,interleaved,4,1201
openai,openai-p09,plant,proactive,E,bm25,full,full,explicit,False,cross,interleaved,41,1493
openai,openai-p09,plant,proactive,E,emb,none,none,explicit,False,cross,interleaved,44,1494
openai,openai-p09,plant,proactive,E,rrf,full,full,explicit,False,cross,interleaved,42,1497
openai,openai-p09,plant,reactive,window,-,none,none,explicit,False,cross,interleaved,0,0
openai,openai-p09,plant,reactive,oracle,-,full,full,explicit,False,cross,interleaved,1,50
openai,openai-p09,plant,reactive,A,bm25,full,full,explicit,False,cross,interleaved,34,1478
openai,openai-p09,plant,reactive,A,emb,full,full,explicit,False,cross,interleaved,33,1470
openai,openai-p09,plant,reactive,A,rrf,full,full,explicit,False,cross,interleaved,34,1492
openai,openai-p09,plant,reactive,B,bm25,full,full,explicit,False,cross,interleaved,5,1307
openai,openai-p09,plant,reactive,B,emb,full,full,explicit,False,cross,interleaved,5,1293
openai,openai-p09,plant,reactive,B,rrf,full,full,explicit,False,cross,interleaved,5,1304
openai,openai-p09,plant,reactive,C,bm25,full,full,explicit,False,cross,interleaved,12,1407
openai,openai-p09,plant,reactive,C,emb,full,full,explicit,False,cross,interleaved,15,1493
openai,openai-p09,plant,reactive,C,rrf,full,full,explicit,False,cross,interleaved,13,1480
openai,openai-p09,plant,reactive,Cstar,bm25,full,full,explicit,False,cross,interleaved,22,1459
openai,openai-p09,plant,reactive,Cstar,emb,full,full,explicit,False,cross,interleaved,18,1401
openai,openai-p09,plant,reactive,Cstar,rrf,full,full,explicit,False,cross,interleaved,19,1442
openai,openai-p09,plant,reactive,D,bm25,full,full,explicit,False,cross,interleaved,5,1407
openai,openai-p09,plant,reactive,D,emb,full,full,explicit,False,cross,interleaved,7,1450
openai,openai-p09,plant,reactive,D,rrf,full,full,explicit,False,cross,interleaved,5,1407
openai,openai-p09,plant,reactive,E,bm25,full,full,explicit,False,cross,interleaved,41,1499
openai,openai-p09,plant,reactive,E,emb,full,full,explicit,False,cross,interleaved,42,1490
openai,openai-p09,plant,reactive,E,rrf,full,full,explicit,False,cross,interleaved,40,1498
openai,openai-p10,plant,proactive,window,-,none,none,explicit,False,cross,threaded,0,0
openai,openai-p10,plant,proactive,oracle,-,full,full,explicit,False,cross,threaded,1,51
openai,openai-p10,plant,proactive,A,bm25,none,none,explicit,False,cross,threaded,34,1486
openai,openai-p10,plant,proactive,A,emb,full,full,explicit,False,cross,threaded,34,1459
openai,openai-p10,plant,proactive,A,rrf,full,full,explicit,False,cross,threaded,34,1499
openai,openai-p10,plant,proactive,B,bm25,none,none,explicit,False,cross,threaded,6,1495
openai,openai-p10,plant,proactive,B,emb,full,full,explicit,False,cross,threaded,5,1290
openai,openai-p10,plant,proactive,B,rrf,full,full,explicit,False,cross,threaded,5,1281
openai,openai-p10,plant,proactive,C,bm25,none,none,explicit,False,cross,threaded,12,1498
openai,openai-p10,plant,proactive,C,emb,full,full,explicit,False,cross,threaded,11,1463
openai,openai-p10,plant,proactive,C,rrf,none,none,explicit,False,cross,threaded,11,1457
openai,openai-p10,plant,proactive,Cstar,bm25,none,none,explicit,False,cross,threaded,14,1487
openai,openai-p10,plant,proactive,Cstar,emb,full,full,explicit,False,cross,threaded,18,1460
openai,openai-p10,plant,proactive,Cstar,rrf,full,full,explicit,False,cross,threaded,13,1440
openai,openai-p10,plant,proactive,D,bm25,none,none,explicit,False,cross,threaded,4,1415
openai,openai-p10,plant,proactive,D,emb,full,full,explicit,False,cross,threaded,6,1224
openai,openai-p10,plant,proactive,D,rrf,none,none,explicit,False,cross,threaded,5,1459
openai,openai-p10,plant,proactive,E,bm25,none,none,explicit,False,cross,threaded,39,1484
openai,openai-p10,plant,proactive,E,emb,full,full,explicit,False,cross,threaded,41,1496
openai,openai-p10,plant,proactive,E,rrf,full,full,explicit,False,cross,threaded,38,1486
openai,openai-p10,plant,reactive,window,-,none,none,explicit,False,cross,threaded,0,0
openai,openai-p10,plant,reactive,oracle,-,full,full,explicit,False,cross,threaded,1,51
openai,openai-p10,plant,reactive,A,bm25,full,full,explicit,False,cross,threaded,33,1455
openai,openai-p10,plant,reactive,A,emb,full,full,explicit,False,cross,threaded,33,1467
openai,openai-p10,plant,reactive,A,rrf,full,full,explicit,False,cross,threaded,32,1442
openai,openai-p10,plant,reactive,B,bm25,full,full,explicit,False,cross,threaded,5,1317
openai,openai-p10,plant,reactive,B,emb,full,full,explicit,False,cross,threaded,5,1277
openai,openai-p10,plant,reactive,B,rrf,full,full,explicit,False,cross,threaded,5,1297
openai,openai-p10,plant,reactive,C,bm25,full,full,explicit,False,cross,threaded,14,1496
openai,openai-p10,plant,reactive,C,emb,full,full,explicit,False,cross,threaded,15,1489
openai,openai-p10,plant,reactive,C,rrf,full,full,explicit,False,cross,threaded,15,1488
openai,openai-p10,plant,reactive,Cstar,bm25,full,full,explicit,False,cross,threaded,19,1418
openai,openai-p10,plant,reactive,Cstar,emb,full,full,explicit,False,cross,threaded,20,1410
openai,openai-p10,plant,reactive,Cstar,rrf,full,full,explicit,False,cross,threaded,19,1498
openai,openai-p10,plant,reactive,D,bm25,full,full,explicit,False,cross,threaded,6,1360
openai,openai-p10,plant,reactive,D,emb,full,full,explicit,False,cross,threaded,12,1394
openai,openai-p10,plant,reactive,D,rrf,full,full,explicit,False,cross,threaded,8,1413
openai,openai-p10,plant,reactive,E,bm25,full,full,explicit,False,cross,threaded,43,1491
openai,openai-p10,plant,reactive,E,emb,full,full,explicit,False,cross,threaded,45,1480
openai,openai-p10,plant,reactive,E,rrf,full,full,explicit,False,cross,threaded,45,1474
openai,openai-p11,plant,proactive,window,-,none,none,correction,False,cross,interleaved,0,0
openai,openai-p11,plant,proactive,oracle,-,full,full,correction,False,cross,interleaved,1,91
openai,openai-p11,plant,proactive,A,bm25,partial,partial,correction,False,cross,interleaved,35,1485
openai,openai-p11,plant,proactive,A,emb,partial,partial,correction,False,cross,interleaved,35,1490
openai,openai-p11,plant,proactive,A,rrf,partial,partial,correction,False,cross,interleaved,34,1464
openai,openai-p11,plant,proactive,B,bm25,none,none,correction,False,cross,interleaved,5,1260
openai,openai-p11,plant,proactive,B,emb,none,none,correction,False,cross,interleaved,5,1281
openai,openai-p11,plant,proactive,B,rrf,none,none,correction,False,cross,interleaved,5,1288
openai,openai-p11,plant,proactive,C,bm25,none,none,correction,False,cross,interleaved,12,1457
openai,openai-p11,plant,proactive,C,emb,full,full,correction,False,cross,interleaved,12,1466
openai,openai-p11,plant,proactive,C,rrf,none,none,correction,False,cross,interleaved,12,1391
openai,openai-p11,plant,proactive,Cstar,bm25,none,none,correction,False,cross,interleaved,16,1451
openai,openai-p11,plant,proactive,Cstar,emb,full,full,correction,False,cross,interleaved,18,1480
openai,openai-p11,plant,proactive,Cstar,rrf,none,none,correction,False,cross,interleaved,17,1383
openai,openai-p11,plant,proactive,D,bm25,none,none,correction,False,cross,interleaved,4,1128
openai,openai-p11,plant,proactive,D,emb,partial,partial,correction,False,cross,interleaved,6,1363
openai,openai-p11,plant,proactive,D,rrf,partial,partial,correction,False,cross,interleaved,5,1491
openai,openai-p11,plant,proactive,E,bm25,full,full,correction,False,cross,interleaved,41,1496
openai,openai-p11,plant,proactive,E,emb,full,full,correction,False,cross,interleaved,41,1500
openai,openai-p11,plant,proactive,E,rrf,full,full,correction,False,cross,interleaved,39,1464
openai,openai-p11,plant,reactive,window,-,none,none,correction,False,cross,interleaved,0,0
openai,openai-p11,plant,reactive,oracle,-,full,full,correction,False,cross,interleaved,1,91
openai,openai-p11,plant,reactive,A,bm25,none,none,correction,False,cross,interleaved,35,1485
openai,openai-p11,plant,reactive,A,emb,partial,partial,correction,False,cross,interleaved,36,1474
openai,openai-p11,plant,reactive,A,rrf,partial,partial,correction,False,cross,interleaved,35,1477
openai,openai-p11,plant,reactive,B,bm25,partial,partial,correction,False,cross,interleaved,6,1457
openai,openai-p11,plant,reactive,B,emb,partial,partial,correction,False,cross,interleaved,6,1461
openai,openai-p11,plant,reactive,B,rrf,partial,partial,correction,False,cross,interleaved,6,1459
openai,openai-p11,plant,reactive,C,bm25,full,full,correction,False,cross,interleaved,13,1474
openai,openai-p11,plant,reactive,C,emb,full,full,correction,False,cross,interleaved,16,1483
openai,openai-p11,plant,reactive,C,rrf,full,full,correction,False,cross,interleaved,13,1385
openai,openai-p11,plant,reactive,Cstar,bm25,none,none,correction,False,cross,interleaved,21,1434
openai,openai-p11,plant,reactive,Cstar,emb,full,full,correction,False,cross,interleaved,20,1408
openai,openai-p11,plant,reactive,Cstar,rrf,full,full,correction,False,cross,interleaved,22,1425
openai,openai-p11,plant,reactive,D,bm25,partial,partial,correction,False,cross,interleaved,3,1156
openai,openai-p11,plant,reactive,D,emb,partial,partial,correction,False,cross,interleaved,7,1479
openai,openai-p11,plant,reactive,D,rrf,partial,partial,correction,False,cross,interleaved,4,1212
openai,openai-p11,plant,reactive,E,bm25,full,full,correction,False,cross,interleaved,41,1489
openai,openai-p11,plant,reactive,E,emb,full,full,correction,False,cross,interleaved,45,1477
openai,openai-p11,plant,reactive,E,rrf,full,full,correction,False,cross,interleaved,43,1481
openai,openai-renewal_deadline@t1/004-t2-start,probe_trigger,proactive,window,-,none,none,explicit,False,cross,interleaved,0,0
openai,openai-renewal_deadline@t1/004-t2-start,probe_trigger,proactive,oracle,-,full,full,explicit,False,cross,interleaved,1,51
openai,openai-renewal_deadline@t1/004-t2-start,probe_trigger,proactive,A,bm25,full,full,explicit,False,cross,interleaved,35,1488
openai,openai-renewal_deadline@t1/004-t2-start,probe_trigger,proactive,A,emb,full,full,explicit,False,cross,interleaved,34,1453
openai,openai-renewal_deadline@t1/004-t2-start,probe_trigger,proactive,A,rrf,full,full,explicit,False,cross,interleaved,35,1485
openai,openai-renewal_deadline@t1/004-t2-start,probe_trigger,proactive,B,bm25,full,full,explicit,False,cross,interleaved,5,1260
openai,openai-renewal_deadline@t1/004-t2-start,probe_trigger,proactive,B,emb,full,full,explicit,False,cross,interleaved,5,1258
openai,openai-renewal_deadline@t1/004-t2-start,probe_trigger,proactive,B,rrf,full,full,explicit,False,cross,interleaved,5,1260
openai,openai-renewal_deadline@t1/004-t2-start,probe_trigger,proactive,C,bm25,full,full,explicit,False,cross,interleaved,12,1466
openai,openai-renewal_deadline@t1/004-t2-start,probe_trigger,proactive,C,emb,full,full,explicit,False,cross,interleaved,12,1401
openai,openai-renewal_deadline@t1/004-t2-start,probe_trigger,proactive,C,rrf,full,full,explicit,False,cross,interleaved,12,1467
openai,openai-renewal_deadline@t1/004-t2-start,probe_trigger,proactive,Cstar,bm25,full,full,explicit,False,cross,interleaved,17,1387
openai,openai-renewal_deadline@t1/004-t2-start,probe_trigger,proactive,Cstar,emb,full,full,explicit,False,cross,interleaved,20,1491
openai,openai-renewal_deadline@t1/004-t2-start,probe_trigger,proactive,Cstar,rrf,full,full,explicit,False,cross,interleaved,19,1488
openai,openai-renewal_deadline@t1/004-t2-start,probe_trigger,proactive,D,bm25,full,full,explicit,False,cross,interleaved,12,1477
openai,openai-renewal_deadline@t1/004-t2-start,probe_trigger,proactive,D,emb,full,full,explicit,False,cross,interleaved,13,1450
openai,openai-renewal_deadline@t1/004-t2-start,probe_trigger,proactive,D,rrf,full,full,explicit,False,cross,interleaved,12,1477
openai,openai-renewal_deadline@t1/004-t2-start,probe_trigger,proactive,E,bm25,full,full,explicit,False,cross,interleaved,49,1492
openai,openai-renewal_deadline@t1/004-t2-start,probe_trigger,proactive,E,emb,full,full,explicit,False,cross,interleaved,47,1480
openai,openai-renewal_deadline@t1/004-t2-start,probe_trigger,proactive,E,rrf,full,full,explicit,False,cross,interleaved,48,1499
openai,openai-renewal_deadline@t1/004-t2-middle,probe_trigger,proactive,window,-,none,none,explicit,False,cross,interleaved,0,0
openai,openai-renewal_deadline@t1/004-t2-middle,probe_trigger,proactive,oracle,-,full,full,explicit,False,cross,interleaved,1,51
openai,openai-renewal_deadline@t1/004-t2-middle,probe_trigger,proactive,A,bm25,full,full,explicit,False,cross,interleaved,35,1484
openai,openai-renewal_deadline@t1/004-t2-middle,probe_trigger,proactive,A,emb,full,full,explicit,False,cross,interleaved,35,1477
openai,openai-renewal_deadline@t1/004-t2-middle,probe_trigger,proactive,A,rrf,full,full,explicit,False,cross,interleaved,35,1495
openai,openai-renewal_deadline@t1/004-t2-middle,probe_trigger,proactive,B,bm25,full,full,explicit,False,cross,interleaved,6,1471
openai,openai-renewal_deadline@t1/004-t2-middle,probe_trigger,proactive,B,emb,full,full,explicit,False,cross,interleaved,5,1261
openai,openai-renewal_deadline@t1/004-t2-middle,probe_trigger,proactive,B,rrf,full,full,explicit,False,cross,interleaved,6,1475
openai,openai-renewal_deadline@t1/004-t2-middle,probe_trigger,proactive,C,bm25,full,full,explicit,False,cross,interleaved,12,1465
openai,openai-renewal_deadline@t1/004-t2-middle,probe_trigger,proactive,C,emb,full,full,explicit,False,cross,interleaved,13,1428
openai,openai-renewal_deadline@t1/004-t2-middle,probe_trigger,proactive,C,rrf,full,full,explicit,False,cross,interleaved,12,1469
openai,openai-renewal_deadline@t1/004-t2-middle,probe_trigger,proactive,Cstar,bm25,full,full,explicit,False,cross,interleaved,18,1491
openai,openai-renewal_deadline@t1/004-t2-middle,probe_trigger,proactive,Cstar,emb,full,full,explicit,False,cross,interleaved,17,1364
openai,openai-renewal_deadline@t1/004-t2-middle,probe_trigger,proactive,Cstar,rrf,full,full,explicit,False,cross,interleaved,18,1448
openai,openai-renewal_deadline@t1/004-t2-middle,probe_trigger,proactive,D,bm25,full,full,explicit,False,cross,interleaved,10,1485
openai,openai-renewal_deadline@t1/004-t2-middle,probe_trigger,proactive,D,emb,full,full,explicit,False,cross,interleaved,11,1442
openai,openai-renewal_deadline@t1/004-t2-middle,probe_trigger,proactive,D,rrf,full,full,explicit,False,cross,interleaved,9,1389
openai,openai-renewal_deadline@t1/004-t2-middle,probe_trigger,proactive,E,bm25,full,full,explicit,False,cross,interleaved,47,1470
openai,openai-renewal_deadline@t1/004-t2-middle,probe_trigger,proactive,E,emb,full,full,explicit,False,cross,interleaved,45,1472
openai,openai-renewal_deadline@t1/004-t2-middle,probe_trigger,proactive,E,rrf,full,full,explicit,False,cross,interleaved,44,1469
openai,openai-renewal_deadline@t1/004-t3-start,probe_trigger,proactive,window,-,none,none,explicit,False,far,flat,0,0
openai,openai-renewal_deadline@t1/004-t3-start,probe_trigger,proactive,oracle,-,full,full,explicit,False,far,flat,1,51
openai,openai-renewal_deadline@t1/004-t3-start,probe_trigger,proactive,A,bm25,full,full,explicit,False,far,flat,35,1499
openai,openai-renewal_deadline@t1/004-t3-start,probe_trigger,proactive,A,emb,full,full,explicit,False,far,flat,35,1491
openai,openai-renewal_deadline@t1/004-t3-start,probe_trigger,proactive,A,rrf,full,full,explicit,False,far,flat,35,1480
openai,openai-renewal_deadline@t1/004-t3-start,probe_trigger,proactive,B,bm25,full,full,explicit,False,far,flat,5,1295
openai,openai-renewal_deadline@t1/004-t3-start,probe_trigger,proactive,B,emb,full,full,explicit,False,far,flat,5,1281
openai,openai-renewal_deadline@t1/004-t3-start,probe_trigger,proactive,B,rrf,full,full,explicit,False,far,flat,5,1284
openai,openai-renewal_deadline@t1/004-t3-start,probe_trigger,proactive,C,bm25,full,full,explicit,False,far,flat,11,1390
openai,openai-renewal_deadline@t1/004-t3-start,probe_trigger,proactive,C,emb,full,full,explicit,False,far,flat,11,1477
openai,openai-renewal_deadline@t1/004-t3-start,probe_trigger,proactive,C,rrf,full,full,explicit,False,far,flat,11,1461
openai,openai-renewal_deadline@t1/004-t3-start,probe_trigger,proactive,Cstar,bm25,full,full,explicit,False,far,flat,19,1468
openai,openai-renewal_deadline@t1/004-t3-start,probe_trigger,proactive,Cstar,emb,full,full,explicit,False,far,flat,21,1438
openai,openai-renewal_deadline@t1/004-t3-start,probe_trigger,proactive,Cstar,rrf,full,full,explicit,False,far,flat,19,1453
openai,openai-renewal_deadline@t1/004-t3-start,probe_trigger,proactive,D,bm25,full,full,explicit,False,far,flat,7,1301
openai,openai-renewal_deadline@t1/004-t3-start,probe_trigger,proactive,D,emb,full,full,explicit,False,far,flat,9,1499
openai,openai-renewal_deadline@t1/004-t3-start,probe_trigger,proactive,D,rrf,full,full,explicit,False,far,flat,8,1413
openai,openai-renewal_deadline@t1/004-t3-start,probe_trigger,proactive,E,bm25,full,full,explicit,False,far,flat,46,1485
openai,openai-renewal_deadline@t1/004-t3-start,probe_trigger,proactive,E,emb,full,full,explicit,False,far,flat,46,1478
openai,openai-renewal_deadline@t1/004-t3-start,probe_trigger,proactive,E,rrf,full,full,explicit,False,far,flat,46,1496
openai,openai-renewal_deadline@t1/004-t3-middle,probe_trigger,proactive,window,-,none,none,explicit,False,far,flat,0,0
openai,openai-renewal_deadline@t1/004-t3-middle,probe_trigger,proactive,oracle,-,full,full,explicit,False,far,flat,1,51
openai,openai-renewal_deadline@t1/004-t3-middle,probe_trigger,proactive,A,bm25,full,full,explicit,False,far,flat,33,1475
openai,openai-renewal_deadline@t1/004-t3-middle,probe_trigger,proactive,A,emb,full,full,explicit,False,far,flat,33,1472
openai,openai-renewal_deadline@t1/004-t3-middle,probe_trigger,proactive,A,rrf,full,full,explicit,False,far,flat,33,1475
openai,openai-renewal_deadline@t1/004-t3-middle,probe_trigger,proactive,B,bm25,full,full,explicit,False,far,flat,5,1311
openai,openai-renewal_deadline@t1/004-t3-middle,probe_trigger,proactive,B,emb,full,full,explicit,False,far,flat,5,1297
openai,openai-renewal_deadline@t1/004-t3-middle,probe_trigger,proactive,B,rrf,full,full,explicit,False,far,flat,5,1274
openai,openai-renewal_deadline@t1/004-t3-middle,probe_trigger,proactive,C,bm25,full,full,explicit,False,far,flat,11,1404
openai,openai-renewal_deadline@t1/004-t3-middle,probe_trigger,proactive,C,emb,full,full,explicit,False,far,flat,13,1493
openai,openai-renewal_deadline@t1/004-t3-middle,probe_trigger,proactive,C,rrf,full,full,explicit,False,far,flat,12,1390
openai,openai-renewal_deadline@t1/004-t3-middle,probe_trigger,proactive,Cstar,bm25,full,full,explicit,False,far,flat,15,1495
openai,openai-renewal_deadline@t1/004-t3-middle,probe_trigger,proactive,Cstar,emb,full,full,explicit,False,far,flat,17,1460
openai,openai-renewal_deadline@t1/004-t3-middle,probe_trigger,proactive,Cstar,rrf,full,full,explicit,False,far,flat,16,1461
openai,openai-renewal_deadline@t1/004-t3-middle,probe_trigger,proactive,D,bm25,full,full,explicit,False,far,flat,8,1492
openai,openai-renewal_deadline@t1/004-t3-middle,probe_trigger,proactive,D,emb,full,full,explicit,False,far,flat,10,1434
openai,openai-renewal_deadline@t1/004-t3-middle,probe_trigger,proactive,D,rrf,full,full,explicit,False,far,flat,9,1260
openai,openai-renewal_deadline@t1/004-t3-middle,probe_trigger,proactive,E,bm25,full,full,explicit,False,far,flat,43,1480
openai,openai-renewal_deadline@t1/004-t3-middle,probe_trigger,proactive,E,emb,full,full,explicit,False,far,flat,45,1479
openai,openai-renewal_deadline@t1/004-t3-middle,probe_trigger,proactive,E,rrf,full,full,explicit,False,far,flat,44,1471
openai,openai-renewal_deadline@t1/004-t4-start,probe_trigger,proactive,window,-,none,none,explicit,False,far,interleaved,0,0
openai,openai-renewal_deadline@t1/004-t4-start,probe_trigger,proactive,oracle,-,full,full,explicit,False,far,interleaved,1,51
openai,openai-renewal_deadline@t1/004-t4-start,probe_trigger,proactive,A,bm25,full,full,explicit,False,far,interleaved,33,1469
openai,openai-renewal_deadline@t1/004-t4-start,probe_trigger,proactive,A,emb,full,full,explicit,False,far,interleaved,33,1499
openai,openai-renewal_deadline@t1/004-t4-start,probe_trigger,proactive,A,rrf,full,full,explicit,False,far,interleaved,33,1479
openai,openai-renewal_deadline@t1/004-t4-start,probe_trigger,proactive,B,bm25,full,full,explicit,False,far,interleaved,5,1337
openai,openai-renewal_deadline@t1/004-t4-start,probe_trigger,proactive,B,emb,full,full,explicit,False,far,interleaved,5,1314
openai,openai-renewal_deadline@t1/004-t4-start,probe_trigger,proactive,B,rrf,full,full,explicit,False,far,interleaved,5,1325
openai,openai-renewal_deadline@t1/004-t4-start,probe_trigger,proactive,C,bm25,none,none,explicit,False,far,interleaved,11,1397
openai,openai-renewal_deadline@t1/004-t4-start,probe_trigger,proactive,C,emb,full,full,explicit,False,far,interleaved,12,1476
openai,openai-renewal_deadline@t1/004-t4-start,probe_trigger,proactive,C,rrf,full,full,explicit,False,far,interleaved,11,1385
openai,openai-renewal_deadline@t1/004-t4-start,probe_trigger,proactive,Cstar,bm25,full,full,explicit,False,far,interleaved,14,1412
openai,openai-renewal_deadline@t1/004-t4-start,probe_trigger,proactive,Cstar,emb,full,full,explicit,False,far,interleaved,15,1458
openai,openai-renewal_deadline@t1/004-t4-start,probe_trigger,proactive,Cstar,rrf,full,full,explicit,False,far,interleaved,14,1457
openai,openai-renewal_deadline@t1/004-t4-start,probe_trigger,proactive,D,bm25,none,none,explicit,False,far,interleaved,6,1388
openai,openai-renewal_deadline@t1/004-t4-start,probe_trigger,proactive,D,emb,full,full,explicit,False,far,interleaved,7,1158
openai,openai-renewal_deadline@t1/004-t4-start,probe_trigger,proactive,D,rrf,none,none,explicit,False,far,interleaved,6,1332
openai,openai-renewal_deadline@t1/004-t4-start,probe_trigger,proactive,E,bm25,full,full,explicit,False,far,interleaved,43,1440
openai,openai-renewal_deadline@t1/004-t4-start,probe_trigger,proactive,E,emb,full,full,explicit,False,far,interleaved,43,1490
openai,openai-renewal_deadline@t1/004-t4-start,probe_trigger,proactive,E,rrf,full,full,explicit,False,far,interleaved,42,1493
openai,openai-renewal_deadline@t1/004-t4-middle,probe_trigger,proactive,window,-,none,none,explicit,False,far,interleaved,0,0
openai,openai-renewal_deadline@t1/004-t4-middle,probe_trigger,proactive,oracle,-,full,full,explicit,False,far,interleaved,1,51
openai,openai-renewal_deadline@t1/004-t4-middle,probe_trigger,proactive,A,bm25,full,full,explicit,False,far,interleaved,34,1498
openai,openai-renewal_deadline@t1/004-t4-middle,probe_trigger,proactive,A,emb,full,full,explicit,False,far,interleaved,34,1498
openai,openai-renewal_deadline@t1/004-t4-middle,probe_trigger,proactive,A,rrf,full,full,explicit,False,far,interleaved,34,1495
openai,openai-renewal_deadline@t1/004-t4-middle,probe_trigger,proactive,B,bm25,full,full,explicit,False,far,interleaved,5,1309
openai,openai-renewal_deadline@t1/004-t4-middle,probe_trigger,proactive,B,emb,none,none,explicit,False,far,interleaved,5,1338
openai,openai-renewal_deadline@t1/004-t4-middle,probe_trigger,proactive,B,rrf,full,full,explicit,False,far,interleaved,5,1350
openai,openai-renewal_deadline@t1/004-t4-middle,probe_trigger,proactive,C,bm25,none,none,explicit,False,far,interleaved,11,1411
openai,openai-renewal_deadline@t1/004-t4-middle,probe_trigger,proactive,C,emb,none,none,explicit,False,far,interleaved,12,1493
openai,openai-renewal_deadline@t1/004-t4-middle,probe_trigger,proactive,C,rrf,none,none,explicit,False,far,interleaved,11,1442
openai,openai-renewal_deadline@t1/004-t4-middle,probe_trigger,proactive,Cstar,bm25,full,full,explicit,False,far,interleaved,14,1475
openai,openai-renewal_deadline@t1/004-t4-middle,probe_trigger,proactive,Cstar,emb,none,none,explicit,False,far,interleaved,16,1433
openai,openai-renewal_deadline@t1/004-t4-middle,probe_trigger,proactive,Cstar,rrf,full,full,explicit,False,far,interleaved,13,1441
openai,openai-renewal_deadline@t1/004-t4-middle,probe_trigger,proactive,D,bm25,none,none,explicit,False,far,interleaved,4,1177
openai,openai-renewal_deadline@t1/004-t4-middle,probe_trigger,proactive,D,emb,none,none,explicit,False,far,interleaved,7,1338
openai,openai-renewal_deadline@t1/004-t4-middle,probe_trigger,proactive,D,rrf,full,full,explicit,False,far,interleaved,6,1445
openai,openai-renewal_deadline@t1/004-t4-middle,probe_trigger,proactive,E,bm25,full,full,explicit,False,far,interleaved,42,1488
openai,openai-renewal_deadline@t1/004-t4-middle,probe_trigger,proactive,E,emb,full,full,explicit,False,far,interleaved,42,1483
openai,openai-renewal_deadline@t1/004-t4-middle,probe_trigger,proactive,E,rrf,full,full,explicit,False,far,interleaved,40,1465
openai,openai-renewal_deadline@t1/004-t5-start,probe_trigger,proactive,window,-,none,none,explicit,False,far,flat,0,0
openai,openai-renewal_deadline@t1/004-t5-start,probe_trigger,proactive,oracle,-,full,full,explicit,False,far,flat,1,51
openai,openai-renewal_deadline@t1/004-t5-start,probe_trigger,proactive,A,bm25,full,full,explicit,False,far,flat,34,1496
openai,openai-renewal_deadline@t1/004-t5-start,probe_trigger,proactive,A,emb,full,full,explicit,False,far,flat,34,1463
openai,openai-renewal_deadline@t1/004-t5-start,probe_trigger,proactive,A,rrf,full,full,explicit,False,far,flat,34,1489
openai,openai-renewal_deadline@t1/004-t5-start,probe_trigger,proactive,B,bm25,full,full,explicit,False,far,flat,6,1425
openai,openai-renewal_deadline@t1/004-t5-start,probe_trigger,proactive,B,emb,none,none,explicit,False,far,flat,6,1427
openai,openai-renewal_deadline@t1/004-t5-start,probe_trigger,proactive,B,rrf,none,none,explicit,False,far,flat,6,1414
openai,openai-renewal_deadline@t1/004-t5-start,probe_trigger,proactive,C,bm25,full,full,explicit,False,far,flat,11,1362
openai,openai-renewal_deadline@t1/004-t5-start,probe_trigger,proactive,C,emb,full,full,explicit,False,far,flat,13,1495
openai,openai-renewal_deadline@t1/004-t5-start,probe_trigger,proactive,C,rrf,full,full,explicit,False,far,flat,12,1479
openai,openai-renewal_deadline@t1/004-t5-start,probe_trigger,proactive,Cstar,bm25,full,full,explicit,False,far,flat,13,1410
openai,openai-renewal_deadline@t1/004-t5-start,probe_trigger,proactive,Cstar,emb,none,none,explicit,False,far,flat,20,1483
openai,openai-renewal_deadline@t1/004-t5-start,probe_trigger,proactive,Cstar,rrf,full,full,explicit,False,far,flat,15,1395
openai,openai-renewal_deadline@t1/004-t5-start,probe_trigger,proactive,D,bm25,none,none,explicit,False,far,flat,4,1418
openai,openai-renewal_deadline@t1/004-t5-start,probe_trigger,proactive,D,emb,none,none,explicit,False,far,flat,6,1498
openai,openai-renewal_deadline@t1/004-t5-start,probe_trigger,proactive,D,rrf,none,none,explicit,False,far,flat,4,1418
openai,openai-renewal_deadline@t1/004-t5-start,probe_trigger,proactive,E,bm25,full,full,explicit,False,far,flat,44,1474
openai,openai-renewal_deadline@t1/004-t5-start,probe_trigger,proactive,E,emb,full,full,explicit,False,far,flat,43,1494
openai,openai-renewal_deadline@t1/004-t5-start,probe_trigger,proactive,E,rrf,full,full,explicit,False,far,flat,42,1487
openai,openai-renewal_deadline@t1/004-t5-middle,probe_trigger,proactive,window,-,none,none,explicit,False,far,flat,0,0
openai,openai-renewal_deadline@t1/004-t5-middle,probe_trigger,proactive,oracle,-,full,full,explicit,False,far,flat,1,51
openai,openai-renewal_deadline@t1/004-t5-middle,probe_trigger,proactive,A,bm25,full,full,explicit,False,far,flat,34,1482
openai,openai-renewal_deadline@t1/004-t5-middle,probe_trigger,proactive,A,emb,full,full,explicit,False,far,flat,33,1464
openai,openai-renewal_deadline@t1/004-t5-middle,probe_trigger,proactive,A,rrf,full,full,explicit,False,far,flat,33,1474
openai,openai-renewal_deadline@t1/004-t5-middle,probe_trigger,proactive,B,bm25,full,full,explicit,False,far,flat,5,1271
openai,openai-renewal_deadline@t1/004-t5-middle,probe_trigger,proactive,B,emb,full,full,explicit,False,far,flat,5,1293
openai,openai-renewal_deadline@t1/004-t5-middle,probe_trigger,proactive,B,rrf,full,full,explicit,False,far,flat,5,1267
openai,openai-renewal_deadline@t1/004-t5-middle,probe_trigger,proactive,C,bm25,full,full,explicit,False,far,flat,12,1442
openai,openai-renewal_deadline@t1/004-t5-middle,probe_trigger,proactive,C,emb,full,full,explicit,False,far,flat,14,1370
openai,openai-renewal_deadline@t1/004-t5-middle,probe_trigger,proactive,C,rrf,full,full,explicit,False,far,flat,13,1428
openai,openai-renewal_deadline@t1/004-t5-middle,probe_trigger,proactive,Cstar,bm25,full,full,explicit,False,far,flat,16,1437
openai,openai-renewal_deadline@t1/004-t5-middle,probe_trigger,proactive,Cstar,emb,full,full,explicit,False,far,flat,20,1418
openai,openai-renewal_deadline@t1/004-t5-middle,probe_trigger,proactive,Cstar,rrf,full,full,explicit,False,far,flat,17,1416
openai,openai-renewal_deadline@t1/004-t5-middle,probe_trigger,proactive,D,bm25,full,full,explicit,False,far,flat,6,1500
openai,openai-renewal_deadline@t1/004-t5-middle,probe_trigger,proactive,D,emb,full,full,explicit,False,far,flat,10,1395
openai,openai-renewal_deadline@t1/004-t5-middle,probe_trigger,proactive,D,rrf,full,full,explicit,False,far,flat,7,1339
openai,openai-renewal_deadline@t1/004-t5-middle,probe_trigger,proactive,E,bm25,full,full,explicit,False,far,flat,41,1462
openai,openai-renewal_deadline@t1/004-t5-middle,probe_trigger,proactive,E,emb,full,full,explicit,False,far,flat,41,1487
openai,openai-renewal_deadline@t1/004-t5-middle,probe_trigger,proactive,E,rrf,full,full,explicit,False,far,flat,39,1472
openai,openai-discount@t1/009-t2-start,probe_trigger,proactive,window,-,none,none,ellipsis,False,cross,interleaved,0,0
openai,openai-discount@t1/009-t2-start,probe_trigger,proactive,oracle,-,full,full,ellipsis,False,cross,interleaved,1,61
openai,openai-discount@t1/009-t2-start,probe_trigger,proactive,A,bm25,full,full,ellipsis,False,cross,interleaved,35,1459
openai,openai-discount@t1/009-t2-start,probe_trigger,proactive,A,emb,full,full,ellipsis,False,cross,interleaved,36,1495
openai,openai-discount@t1/009-t2-start,probe_trigger,proactive,A,rrf,partial,partial,ellipsis,False,cross,interleaved,35,1481
openai,openai-discount@t1/009-t2-start,probe_trigger,proactive,B,bm25,full,full,ellipsis,False,cross,interleaved,5,1248
openai,openai-discount@t1/009-t2-start,probe_trigger,proactive,B,emb,full,full,ellipsis,False,cross,interleaved,5,1260
openai,openai-discount@t1/009-t2-start,probe_trigger,proactive,B,rrf,full,full,ellipsis,False,cross,interleaved,5,1263
openai,openai-discount@t1/009-t2-start,probe_trigger,proactive,C,bm25,full,full,ellipsis,False,cross,interleaved,11,1391
openai,openai-discount@t1/009-t2-start,probe_trigger,proactive,C,emb,full,full,ellipsis,False,cross,interleaved,11,1373
openai,openai-discount@t1/009-t2-start,probe_trigger,proactive,C,rrf,full,full,ellipsis,False,cross,interleaved,11,1467
openai,openai-discount@t1/009-t2-start,probe_trigger,proactive,Cstar,bm25,full,full,ellipsis,False,cross,interleaved,16,1442
openai,openai-discount@t1/009-t2-start,probe_trigger,proactive,Cstar,emb,full,full,ellipsis,False,cross,interleaved,20,1462
openai,openai-discount@t1/009-t2-start,probe_trigger,proactive,Cstar,rrf,full,full,ellipsis,False,cross,interleaved,19,1500
openai,openai-discount@t1/009-t2-start,probe_trigger,proactive,D,bm25,full,full,ellipsis,False,cross,interleaved,10,1357
openai,openai-discount@t1/009-t2-start,probe_trigger,proactive,D,emb,full,full,ellipsis,False,cross,interleaved,13,1450
openai,openai-discount@t1/009-t2-start,probe_trigger,proactive,D,rrf,full,full,ellipsis,False,cross,interleaved,11,1395
openai,openai-discount@t1/009-t2-start,probe_trigger,proactive,E,bm25,full,full,ellipsis,False,cross,interleaved,49,1487
openai,openai-discount@t1/009-t2-start,probe_trigger,proactive,E,emb,full,full,ellipsis,False,cross,interleaved,48,1484
openai,openai-discount@t1/009-t2-start,probe_trigger,proactive,E,rrf,full,full,ellipsis,False,cross,interleaved,49,1498
openai,openai-discount@t1/009-t2-middle,probe_trigger,proactive,window,-,none,none,ellipsis,False,cross,interleaved,0,0
openai,openai-discount@t1/009-t2-middle,probe_trigger,proactive,oracle,-,full,full,ellipsis,False,cross,interleaved,1,61
openai,openai-discount@t1/009-t2-middle,probe_trigger,proactive,A,bm25,partial,partial,ellipsis,False,cross,interleaved,35,1482
openai,openai-discount@t1/009-t2-middle,probe_trigger,proactive,A,emb,partial,partial,ellipsis,False,cross,interleaved,35,1477
openai,openai-discount@t1/009-t2-middle,probe_trigger,proactive,A,rrf,partial,partial,ellipsis,False,cross,interleaved,35,1481
openai,openai-discount@t1/009-t2-middle,probe_trigger,proactive,B,bm25,full,full,ellipsis,False,cross,interleaved,6,1455
openai,openai-discount@t1/009-t2-middle,probe_trigger,proactive,B,emb,full,full,ellipsis,False,cross,interleaved,5,1261
openai,openai-discount@t1/009-t2-middle,probe_trigger,proactive,B,rrf,full,full,ellipsis,False,cross,interleaved,6,1471
openai,openai-discount@t1/009-t2-middle,probe_trigger,proactive,C,bm25,partial,partial,ellipsis,False,cross,interleaved,12,1470
openai,openai-discount@t1/009-t2-middle,probe_trigger,proactive,C,emb,partial,partial,ellipsis,False,cross,interleaved,11,1393
openai,openai-discount@t1/009-t2-middle,probe_trigger,proactive,C,rrf,partial,partial,ellipsis,False,cross,interleaved,11,1377
openai,openai-discount@t1/009-t2-middle,probe_trigger,proactive,Cstar,bm25,full,full,ellipsis,False,cross,interleaved,21,1479
openai,openai-discount@t1/009-t2-middle,probe_trigger,proactive,Cstar,emb,full,full,ellipsis,False,cross,interleaved,17,1454
openai,openai-discount@t1/009-t2-middle,probe_trigger,proactive,Cstar,rrf,full,full,ellipsis,False,cross,interleaved,17,1485
openai,openai-discount@t1/009-t2-middle,probe_trigger,proactive,D,bm25,none,none,ellipsis,False,cross,interleaved,10,1409
openai,openai-discount@t1/009-t2-middle,probe_trigger,proactive,D,emb,none,none,ellipsis,False,cross,interleaved,9,1389
openai,openai-discount@t1/009-t2-middle,probe_trigger,proactive,D,rrf,none,none,ellipsis,False,cross,interleaved,9,1469
openai,openai-discount@t1/009-t2-middle,probe_trigger,proactive,E,bm25,full,full,ellipsis,False,cross,interleaved,46,1471
openai,openai-discount@t1/009-t2-middle,probe_trigger,proactive,E,emb,partial,partial,ellipsis,False,cross,interleaved,47,1493
openai,openai-discount@t1/009-t2-middle,probe_trigger,proactive,E,rrf,none,none,ellipsis,False,cross,interleaved,45,1466
openai,openai-discount@t1/009-t3-start,probe_trigger,proactive,window,-,none,none,ellipsis,False,far,flat,0,0
openai,openai-discount@t1/009-t3-start,probe_trigger,proactive,oracle,-,full,full,ellipsis,False,far,flat,1,61
openai,openai-discount@t1/009-t3-start,probe_trigger,proactive,A,bm25,partial,partial,ellipsis,False,far,flat,34,1457
openai,openai-discount@t1/009-t3-start,probe_trigger,proactive,A,emb,partial,partial,ellipsis,False,far,flat,35,1468
openai,openai-discount@t1/009-t3-start,probe_trigger,proactive,A,rrf,partial,partial,ellipsis,False,far,flat,35,1473
openai,openai-discount@t1/009-t3-start,probe_trigger,proactive,B,bm25,full,full,ellipsis,False,far,flat,5,1292
openai,openai-discount@t1/009-t3-start,probe_trigger,proactive,B,emb,full,full,ellipsis,False,far,flat,6,1491
openai,openai-discount@t1/009-t3-start,probe_trigger,proactive,B,rrf,full,full,ellipsis,False,far,flat,5,1243
openai,openai-discount@t1/009-t3-start,probe_trigger,proactive,C,bm25,full,full,ellipsis,False,far,flat,11,1407
openai,openai-discount@t1/009-t3-start,probe_trigger,proactive,C,emb,full,full,ellipsis,False,far,flat,11,1409
openai,openai-discount@t1/009-t3-start,probe_trigger,proactive,C,rrf,full,full,ellipsis,False,far,flat,11,1410
openai,openai-discount@t1/009-t3-start,probe_trigger,proactive,Cstar,bm25,full,full,ellipsis,False,far,flat,20,1473
openai,openai-discount@t1/009-t3-start,probe_trigger,proactive,Cstar,emb,full,full,ellipsis,False,far,flat,20,1492
openai,openai-discount@t1/009-t3-start,probe_trigger,proactive,Cstar,rrf,full,full,ellipsis,False,far,flat,20,1468
openai,openai-discount@t1/009-t3-start,probe_trigger,proactive,D,bm25,none,none,ellipsis,False,far,flat,7,1496
openai,openai-discount@t1/009-t3-start,probe_trigger,proactive,D,emb,full,full,ellipsis,False,far,flat,9,1403
openai,openai-discount@t1/009-t3-start,probe_trigger,proactive,D,rrf,full,full,ellipsis,False,far,flat,8,1267
openai,openai-discount@t1/009-t3-start,probe_trigger,proactive,E,bm25,full,full,ellipsis,False,far,flat,46,1498
openai,openai-discount@t1/009-t3-start,probe_trigger,proactive,E,emb,partial,partial,ellipsis,False,far,flat,45,1491
openai,openai-discount@t1/009-t3-start,probe_trigger,proactive,E,rrf,full,full,ellipsis,False,far,flat,45,1474
openai,openai-exec_contact@t1/013-t2-start,probe_trigger,proactive,window,-,none,none,explicit,False,cross,interleaved,0,0
openai,openai-exec_contact@t1/013-t2-start,probe_trigger,proactive,oracle,-,full,full,explicit,False,cross,interleaved,1,43
openai,openai-exec_contact@t1/013-t2-start,probe_trigger,proactive,A,bm25,full,full,explicit,False,cross,interleaved,35,1486
openai,openai-exec_contact@t1/013-t2-start,probe_trigger,proactive,A,emb,full,full,explicit,False,cross,interleaved,35,1481
openai,openai-exec_contact@t1/013-t2-start,probe_trigger,proactive,A,rrf,full,full,explicit,False,cross,interleaved,35,1490
openai,openai-exec_contact@t1/013-t2-start,probe_trigger,proactive,B,bm25,none,none,explicit,False,cross,interleaved,5,1294
openai,openai-exec_contact@t1/013-t2-start,probe_trigger,proactive,B,emb,full,full,explicit,False,cross,interleaved,5,1292
openai,openai-exec_contact@t1/013-t2-start,probe_trigger,proactive,B,rrf,full,full,explicit,False,cross,interleaved,5,1292
openai,openai-exec_contact@t1/013-t2-start,probe_trigger,proactive,C,bm25,full,full,explicit,False,cross,interleaved,12,1447
openai,openai-exec_contact@t1/013-t2-start,probe_trigger,proactive,C,emb,full,full,explicit,False,cross,interleaved,12,1431
openai,openai-exec_contact@t1/013-t2-start,probe_trigger,proactive,C,rrf,full,full,explicit,False,cross,interleaved,12,1460
openai,openai-exec_contact@t1/013-t2-start,probe_trigger,proactive,Cstar,bm25,full,full,explicit,False,cross,interleaved,19,1382
openai,openai-exec_contact@t1/013-t2-start,probe_trigger,proactive,Cstar,emb,full,full,explicit,False,cross,interleaved,20,1456
openai,openai-exec_contact@t1/013-t2-start,probe_trigger,proactive,Cstar,rrf,full,full,explicit,False,cross,interleaved,20,1490
openai,openai-exec_contact@t1/013-t2-start,probe_trigger,proactive,D,bm25,full,full,explicit,False,cross,interleaved,12,1455
openai,openai-exec_contact@t1/013-t2-start,probe_trigger,proactive,D,emb,full,full,explicit,False,cross,interleaved,12,1477
openai,openai-exec_contact@t1/013-t2-start,probe_trigger,proactive,D,rrf,full,full,explicit,False,cross,interleaved,12,1477
openai,openai-exec_contact@t1/013-t2-start,probe_trigger,proactive,E,bm25,full,full,explicit,False,cross,interleaved,48,1491
openai,openai-exec_contact@t1/013-t2-start,probe_trigger,proactive,E,emb,full,full,explicit,False,cross,interleaved,48,1480
openai,openai-exec_contact@t1/013-t2-start,probe_trigger,proactive,E,rrf,full,full,explicit,False,cross,interleaved,48,1494
openai,openai-exec_contact@t1/013-t2-middle,probe_trigger,proactive,window,-,none,none,explicit,False,cross,interleaved,0,0
openai,openai-exec_contact@t1/013-t2-middle,probe_trigger,proactive,oracle,-,full,full,explicit,False,cross,interleaved,1,43
openai,openai-exec_contact@t1/013-t2-middle,probe_trigger,proactive,A,bm25,full,full,explicit,False,cross,interleaved,35,1480
openai,openai-exec_contact@t1/013-t2-middle,probe_trigger,proactive,A,emb,none,none,explicit,False,cross,interleaved,35,1494
openai,openai-exec_contact@t1/013-t2-middle,probe_trigger,proactive,A,rrf,full,full,explicit,False,cross,interleaved,35,1479
openai,openai-exec_contact@t1/013-t2-middle,probe_trigger,proactive,B,bm25,full,full,explicit,False,cross,interleaved,6,1460
openai,openai-exec_contact@t1/013-t2-middle,probe_trigger,proactive,B,emb,full,full,explicit,False,cross,interleaved,6,1494
openai,openai-exec_contact@t1/013-t2-middle,probe_trigger,proactive,B,rrf,full,full,explicit,False,cross,interleaved,5,1234
openai,openai-exec_contact@t1/013-t2-middle,probe_trigger,proactive,C,bm25,full,full,explicit,False,cross,interleaved,13,1461
openai,openai-exec_contact@t1/013-t2-middle,probe_trigger,proactive,C,emb,none,none,explicit,False,cross,interleaved,12,1474
openai,openai-exec_contact@t1/013-t2-middle,probe_trigger,proactive,C,rrf,none,none,explicit,False,cross,interleaved,12,1456
openai,openai-exec_contact@t1/013-t2-middle,probe_trigger,proactive,Cstar,bm25,full,full,explicit,False,cross,interleaved,17,1381
openai,openai-exec_contact@t1/013-t2-middle,probe_trigger,proactive,Cstar,emb,none,none,explicit,False,cross,interleaved,16,1451
openai,openai-exec_contact@t1/013-t2-middle,probe_trigger,proactive,Cstar,rrf,none,none,explicit,False,cross,interleaved,16,1481
openai,openai-exec_contact@t1/013-t2-middle,probe_trigger,proactive,D,bm25,full,full,explicit,False,cross,interleaved,10,1477
openai,openai-exec_contact@t1/013-t2-middle,probe_trigger,proactive,D,emb,none,none,explicit,False,cross,interleaved,9,1389
openai,openai-exec_contact@t1/013-t2-middle,probe_trigger,proactive,D,rrf,full,full,explicit,False,cross,interleaved,10,1473
openai,openai-exec_contact@t1/013-t2-middle,probe_trigger,proactive,E,bm25,full,full,explicit,False,cross,interleaved,46,1500
openai,openai-exec_contact@t1/013-t2-middle,probe_trigger,proactive,E,emb,full,full,explicit,False,cross,interleaved,47,1485
openai,openai-exec_contact@t1/013-t2-middle,probe_trigger,proactive,E,rrf,full,full,explicit,False,cross,interleaved,45,1480
openai,openai-exec_contact@t1/013-t3-start,probe_trigger,proactive,window,-,none,none,explicit,False,far,flat,0,0
openai,openai-exec_contact@t1/013-t3-start,probe_trigger,proactive,oracle,-,full,full,explicit,False,far,flat,1,43
openai,openai-exec_contact@t1/013-t3-start,probe_trigger,proactive,A,bm25,full,full,explicit,False,far,flat,35,1485
openai,openai-exec_contact@t1/013-t3-start,probe_trigger,proactive,A,emb,full,full,explicit,False,far,flat,35,1461
openai,openai-exec_contact@t1/013-t3-start,probe_trigger,proactive,A,rrf,full,full,explicit,False,far,flat,35,1471
openai,openai-exec_contact@t1/013-t3-start,probe_trigger,proactive,B,bm25,full,full,explicit,False,far,flat,5,1305
openai,openai-exec_contact@t1/013-t3-start,probe_trigger,proactive,B,emb,full,full,explicit,False,far,flat,6,1461
openai,openai-exec_contact@t1/013-t3-start,probe_trigger,proactive,B,rrf,full,full,explicit,False,far,flat,5,1291
openai,openai-exec_contact@t1/013-t3-start,probe_trigger,proactive,C,bm25,full,full,explicit,False,far,flat,12,1493
openai,openai-exec_contact@t1/013-t3-start,probe_trigger,proactive,C,emb,none,none,explicit,False,far,flat,11,1441
openai,openai-exec_contact@t1/013-t3-start,probe_trigger,proactive,C,rrf,full,full,explicit,False,far,flat,11,1402
openai,openai-exec_contact@t1/013-t3-start,probe_trigger,proactive,Cstar,bm25,full,full,explicit,False,far,flat,19,1474
openai,openai-exec_contact@t1/013-t3-start,probe_trigger,proactive,Cstar,emb,none,none,explicit,False,far,flat,18,1489
openai,openai-exec_contact@t1/013-t3-start,probe_trigger,proactive,Cstar,rrf,full,full,explicit,False,far,flat,16,1464
openai,openai-exec_contact@t1/013-t3-start,probe_trigger,proactive,D,bm25,full,full,explicit,False,far,flat,8,1430
openai,openai-exec_contact@t1/013-t3-start,probe_trigger,proactive,D,emb,full,full,explicit,False,far,flat,10,1317
openai,openai-exec_contact@t1/013-t3-start,probe_trigger,proactive,D,rrf,full,full,explicit,False,far,flat,9,1268
openai,openai-exec_contact@t1/013-t3-start,probe_trigger,proactive,E,bm25,full,full,explicit,False,far,flat,46,1486
openai,openai-exec_contact@t1/013-t3-start,probe_trigger,proactive,E,emb,full,full,explicit,False,far,flat,45,1497
openai,openai-exec_contact@t1/013-t3-start,probe_trigger,proactive,E,rrf,full,full,explicit,False,far,flat,45,1500
openai,openai-exec_contact@t1/013-t3-middle,probe_trigger,proactive,window,-,none,none,explicit,False,far,flat,0,0
openai,openai-exec_contact@t1/013-t3-middle,probe_trigger,proactive,oracle,-,full,full,explicit,False,far,flat,1,43
openai,openai-exec_contact@t1/013-t3-middle,probe_trigger,proactive,A,bm25,full,full,explicit,False,far,flat,33,1499
openai,openai-exec_contact@t1/013-t3-middle,probe_trigger,proactive,A,emb,none,none,explicit,False,far,flat,33,1488
openai,openai-exec_contact@t1/013-t3-middle,probe_trigger,proactive,A,rrf,full,full,explicit,False,far,flat,33,1495
openai,openai-exec_contact@t1/013-t3-middle,probe_trigger,proactive,B,bm25,none,none,explicit,False,far,flat,5,1264
openai,openai-exec_contact@t1/013-t3-middle,probe_trigger,proactive,B,emb,full,full,explicit,False,far,flat,5,1312
openai,openai-exec_contact@t1/013-t3-middle,probe_trigger,proactive,B,rrf,none,none,explicit,False,far,flat,5,1311
openai,openai-exec_contact@t1/013-t3-middle,probe_trigger,proactive,C,bm25,full,full,explicit,False,far,flat,12,1406
openai,openai-exec_contact@t1/013-t3-middle,probe_trigger,proactive,C,emb,none,none,explicit,False,far,flat,13,1471
openai,openai-exec_contact@t1/013-t3-middle,probe_trigger,proactive,C,rrf,none,none,explicit,False,far,flat,12,1453
openai,openai-exec_contact@t1/013-t3-middle,probe_trigger,proactive,Cstar,bm25,none,none,explicit,False,far,flat,17,1488
openai,openai-exec_contact@t1/013-t3-middle,probe_trigger,proactive,Cstar,emb,none,none,explicit,False,far,flat,16,1415
openai,openai-exec_contact@t1/013-t3-middle,probe_trigger,proactive,Cstar,rrf,none,none,explicit,False,far,flat,16,1448
openai,openai-exec_contact@t1/013-t3-middle,probe_trigger,proactive,D,bm25,none,none,explicit,False,far,flat,8,1324
openai,openai-exec_contact@t1/013-t3-middle,probe_trigger,proactive,D,emb,none,none,explicit,False,far,flat,9,1340
openai,openai-exec_contact@t1/013-t3-middle,probe_trigger,proactive,D,rrf,none,none,explicit,False,far,flat,9,1410
openai,openai-exec_contact@t1/013-t3-middle,probe_trigger,proactive,E,bm25,full,full,explicit,False,far,flat,43,1498
openai,openai-exec_contact@t1/013-t3-middle,probe_trigger,proactive,E,emb,none,none,explicit,False,far,flat,43,1484
openai,openai-exec_contact@t1/013-t3-middle,probe_trigger,proactive,E,rrf,full,full,explicit,False,far,flat,44,1491
openai,openai-exec_contact@t1/013-t4-start,probe_trigger,proactive,window,-,none,none,explicit,False,far,interleaved,0,0
openai,openai-exec_contact@t1/013-t4-start,probe_trigger,proactive,oracle,-,full,full,explicit,False,far,interleaved,1,43
openai,openai-exec_contact@t1/013-t4-start,probe_trigger,proactive,A,bm25,full,full,explicit,False,far,interleaved,34,1498
openai,openai-exec_contact@t1/013-t4-start,probe_trigger,proactive,A,emb,none,none,explicit,False,far,interleaved,33,1453
openai,openai-exec_contact@t1/013-t4-start,probe_trigger,proactive,A,rrf,full,full,explicit,False,far,interleaved,33,1467
openai,openai-exec_contact@t1/013-t4-start,probe_trigger,proactive,B,bm25,none,none,explicit,False,far,interleaved,5,1361
openai,openai-exec_contact@t1/013-t4-start,probe_trigger,proactive,B,emb,full,full,explicit,False,far,interleaved,5,1301
openai,openai-exec_contact@t1/013-t4-start,probe_trigger,proactive,B,rrf,none,none,explicit,False,far,interleaved,5,1344
openai,openai-exec_contact@t1/013-t4-start,probe_trigger,proactive,C,bm25,none,none,explicit,False,far,interleaved,11,1486
openai,openai-exec_contact@t1/013-t4-start,probe_trigger,proactive,C,emb,none,none,explicit,False,far,interleaved,10,1364
openai,openai-exec_contact@t1/013-t4-start,probe_trigger,proactive,C,rrf,none,none,explicit,False,far,interleaved,11,1434
openai,openai-exec_contact@t1/013-t4-start,probe_trigger,proactive,Cstar,bm25,none,none,explicit,False,far,interleaved,15,1478
openai,openai-exec_contact@t1/013-t4-start,probe_trigger,proactive,Cstar,emb,none,none,explicit,False,far,interleaved,15,1453
openai,openai-exec_contact@t1/013-t4-start,probe_trigger,proactive,Cstar,rrf,none,none,explicit,False,far,interleaved,16,1427
openai,openai-exec_contact@t1/013-t4-start,probe_trigger,proactive,D,bm25,full,full,explicit,False,far,interleaved,6,1500
openai,openai-exec_contact@t1/013-t4-start,probe_trigger,proactive,D,emb,none,none,explicit,False,far,interleaved,6,1438
openai,openai-exec_contact@t1/013-t4-start,probe_trigger,proactive,D,rrf,none,none,explicit,False,far,interleaved,4,1350
openai,openai-exec_contact@t1/013-t4-start,probe_trigger,proactive,E,bm25,full,full,explicit,False,far,interleaved,43,1499
openai,openai-exec_contact@t1/013-t4-start,probe_trigger,proactive,E,emb,full,full,explicit,False,far,interleaved,42,1477
openai,openai-exec_contact@t1/013-t4-start,probe_trigger,proactive,E,rrf,full,full,explicit,False,far,interleaved,43,1494
openai,openai-rate_limit@t2/005-t3-start,probe_trigger,proactive,window,-,none,none,reaction,False,cross,flat,0,0
openai,openai-rate_limit@t2/005-t3-start,probe_trigger,proactive,oracle,-,full,full,reaction,False,cross,flat,1,49
openai,openai-rate_limit@t2/005-t3-start,probe_trigger,proactive,A,bm25,partial,partial,reaction,False,cross,flat,35,1492
openai,openai-rate_limit@t2/005-t3-start,probe_trigger,proactive,A,emb,partial,partial,reaction,False,cross,flat,35,1471
openai,openai-rate_limit@t2/005-t3-start,probe_trigger,proactive,A,rrf,partial,partial,reaction,False,cross,flat,35,1469
openai,openai-rate_limit@t2/005-t3-start,probe_trigger,proactive,B,bm25,none,none,reaction,False,cross,flat,5,1274
openai,openai-rate_limit@t2/005-t3-start,probe_trigger,proactive,B,emb,full,full,reaction,False,cross,flat,5,1233
openai,openai-rate_limit@t2/005-t3-start,probe_trigger,proactive,B,rrf,full,full,reaction,False,cross,flat,5,1246
openai,openai-rate_limit@t2/005-t3-start,probe_trigger,proactive,C,bm25,partial,partial,reaction,False,cross,flat,12,1479
openai,openai-rate_limit@t2/005-t3-start,probe_trigger,proactive,C,emb,partial,partial,reaction,False,cross,flat,11,1394
openai,openai-rate_limit@t2/005-t3-start,probe_trigger,proactive,C,rrf,partial,partial,reaction,False,cross,flat,11,1392
openai,openai-rate_limit@t2/005-t3-start,probe_trigger,proactive,Cstar,bm25,full,full,reaction,False,cross,flat,21,1384
openai,openai-rate_limit@t2/005-t3-start,probe_trigger,proactive,Cstar,emb,full,full,reaction,False,cross,flat,20,1466
openai,openai-rate_limit@t2/005-t3-start,probe_trigger,proactive,Cstar,rrf,full,full,reaction,False,cross,flat,21,1438
openai,openai-rate_limit@t2/005-t3-start,probe_trigger,proactive,D,bm25,none,none,reaction,False,cross,flat,7,1206
openai,openai-rate_limit@t2/005-t3-start,probe_trigger,proactive,D,emb,none,none,reaction,False,cross,flat,8,1413
openai,openai-rate_limit@t2/005-t3-start,probe_trigger,proactive,D,rrf,none,none,reaction,False,cross,flat,8,1413
openai,openai-rate_limit@t2/005-t3-start,probe_trigger,proactive,E,bm25,full,full,reaction,False,cross,flat,45,1463
openai,openai-rate_limit@t2/005-t3-start,probe_trigger,proactive,E,emb,full,full,reaction,False,cross,flat,45,1475
openai,openai-rate_limit@t2/005-t3-start,probe_trigger,proactive,E,rrf,full,full,reaction,False,cross,flat,44,1479
openai,openai-rate_limit@t2/005-t3-middle,probe_trigger,proactive,window,-,none,none,reaction,False,cross,flat,0,0
openai,openai-rate_limit@t2/005-t3-middle,probe_trigger,proactive,oracle,-,full,full,reaction,False,cross,flat,1,49
openai,openai-rate_limit@t2/005-t3-middle,probe_trigger,proactive,A,bm25,partial,partial,reaction,False,cross,flat,33,1474
openai,openai-rate_limit@t2/005-t3-middle,probe_trigger,proactive,A,emb,partial,partial,reaction,False,cross,flat,32,1466
openai,openai-rate_limit@t2/005-t3-middle,probe_trigger,proactive,A,rrf,partial,partial,reaction,False,cross,flat,32,1473
openai,openai-rate_limit@t2/005-t3-middle,probe_trigger,proactive,B,bm25,none,none,reaction,False,cross,flat,5,1315
openai,openai-rate_limit@t2/005-t3-middle,probe_trigger,proactive,B,emb,none,none,reaction,False,cross,flat,5,1301
openai,openai-rate_limit@t2/005-t3-middle,probe_trigger,proactive,B,rrf,none,none,reaction,False,cross,flat,5,1311
openai,openai-rate_limit@t2/005-t3-middle,probe_trigger,proactive,C,bm25,none,none,reaction,False,cross,flat,12,1464
openai,openai-rate_limit@t2/005-t3-middle,probe_trigger,proactive,C,emb,none,none,reaction,False,cross,flat,12,1469
openai,openai-rate_limit@t2/005-t3-middle,probe_trigger,proactive,C,rrf,none,none,reaction,False,cross,flat,11,1389
openai,openai-rate_limit@t2/005-t3-middle,probe_trigger,proactive,Cstar,bm25,none,none,reaction,False,cross,flat,15,1452
openai,openai-rate_limit@t2/005-t3-middle,probe_trigger,proactive,Cstar,emb,none,none,reaction,False,cross,flat,16,1415
openai,openai-rate_limit@t2/005-t3-middle,probe_trigger,proactive,Cstar,rrf,none,none,reaction,False,cross,flat,15,1411
openai,openai-rate_limit@t2/005-t3-middle,probe_trigger,proactive,D,bm25,none,none,reaction,False,cross,flat,9,1412
openai,openai-rate_limit@t2/005-t3-middle,probe_trigger,proactive,D,emb,none,none,reaction,False,cross,flat,8,1497
openai,openai-rate_limit@t2/005-t3-middle,probe_trigger,proactive,D,rrf,none,none,reaction,False,cross,flat,8,1464
openai,openai-rate_limit@t2/005-t3-middle,probe_trigger,proactive,E,bm25,none,none,reaction,False,cross,flat,44,1496
openai,openai-rate_limit@t2/005-t3-middle,probe_trigger,proactive,E,emb,partial,partial,reaction,False,cross,flat,42,1467
openai,openai-rate_limit@t2/005-t3-middle,probe_trigger,proactive,E,rrf,partial,partial,reaction,False,cross,flat,42,1481
openai,openai-rate_limit@t2/005-t4-start,probe_trigger,proactive,window,-,none,none,reaction,True,cross,interleaved,0,0
openai,openai-rate_limit@t2/005-t4-start,probe_trigger,proactive,oracle,-,full,full,reaction,True,cross,interleaved,2,91
openai,openai-rate_limit@t2/005-t4-start,probe_trigger,proactive,A,bm25,partial,partial,reaction,True,cross,interleaved,34,1490
openai,openai-rate_limit@t2/005-t4-start,probe_trigger,proactive,A,emb,full,partial,reaction,True,cross,interleaved,33,1454
openai,openai-rate_limit@t2/005-t4-start,probe_trigger,proactive,A,rrf,full,partial,reaction,True,cross,interleaved,33,1466
openai,openai-rate_limit@t2/005-t4-start,probe_trigger,proactive,B,bm25,full,none,reaction,True,cross,interleaved,5,1317
openai,openai-rate_limit@t2/005-t4-start,probe_trigger,proactive,B,emb,none,none,reaction,True,cross,interleaved,5,1310
openai,openai-rate_limit@t2/005-t4-start,probe_trigger,proactive,B,rrf,full,none,reaction,True,cross,interleaved,5,1314
openai,openai-rate_limit@t2/005-t4-start,probe_trigger,proactive,C,bm25,none,none,reaction,True,cross,interleaved,10,1397
openai,openai-rate_limit@t2/005-t4-start,probe_trigger,proactive,C,emb,none,none,reaction,True,cross,interleaved,11,1485
openai,openai-rate_limit@t2/005-t4-start,probe_trigger,proactive,C,rrf,none,none,reaction,True,cross,interleaved,10,1368
openai,openai-rate_limit@t2/005-t4-start,probe_trigger,proactive,Cstar,bm25,none,none,reaction,True,cross,interleaved,16,1476
openai,openai-rate_limit@t2/005-t4-start,probe_trigger,proactive,Cstar,emb,none,none,reaction,True,cross,interleaved,14,1482
openai,openai-rate_limit@t2/005-t4-start,probe_trigger,proactive,Cstar,rrf,none,none,reaction,True,cross,interleaved,15,1497
openai,openai-rate_limit@t2/005-t4-start,probe_trigger,proactive,D,bm25,full,none,reaction,True,cross,interleaved,4,1350
openai,openai-rate_limit@t2/005-t4-start,probe_trigger,proactive,D,emb,full,none,reaction,True,cross,interleaved,5,1183
openai,openai-rate_limit@t2/005-t4-start,probe_trigger,proactive,D,rrf,full,none,reaction,True,cross,interleaved,4,1350
openai,openai-rate_limit@t2/005-t4-start,probe_trigger,proactive,E,bm25,full,none,reaction,True,cross,interleaved,42,1474
openai,openai-rate_limit@t2/005-t4-start,probe_trigger,proactive,E,emb,full,partial,reaction,True,cross,interleaved,40,1494
openai,openai-rate_limit@t2/005-t4-start,probe_trigger,proactive,E,rrf,full,none,reaction,True,cross,interleaved,40,1499
openai,openai-rate_limit@t2/005-t4-middle,probe_trigger,proactive,window,-,none,none,reaction,True,cross,interleaved,0,0
openai,openai-rate_limit@t2/005-t4-middle,probe_trigger,proactive,oracle,-,full,full,reaction,True,cross,interleaved,2,91
openai,openai-rate_limit@t2/005-t4-middle,probe_trigger,proactive,A,bm25,none,none,reaction,True,cross,interleaved,34,1491
openai,openai-rate_limit@t2/005-t4-middle,probe_trigger,proactive,A,emb,partial,partial,reaction,True,cross,interleaved,34,1490
openai,openai-rate_limit@t2/005-t4-middle,probe_trigger,proactive,A,rrf,none,none,reaction,True,cross,interleaved,34,1490
openai,openai-rate_limit@t2/005-t4-middle,probe_trigger,proactive,B,bm25,none,none,reaction,True,cross,interleaved,5,1352
openai,openai-rate_limit@t2/005-t4-middle,probe_trigger,proactive,B,emb,none,none,reaction,True,cross,interleaved,5,1318
openai,openai-rate_limit@t2/005-t4-middle,probe_trigger,proactive,B,rrf,none,none,reaction,True,cross,interleaved,5,1329
openai,openai-rate_limit@t2/005-t4-middle,probe_trigger,proactive,C,bm25,none,none,reaction,True,cross,interleaved,11,1421
openai,openai-rate_limit@t2/005-t4-middle,probe_trigger,proactive,C,emb,none,none,reaction,True,cross,interleaved,11,1430
openai,openai-rate_limit@t2/005-t4-middle,probe_trigger,proactive,C,rrf,none,none,reaction,True,cross,interleaved,11,1437
openai,openai-rate_limit@t2/005-t4-middle,probe_trigger,proactive,Cstar,bm25,none,none,reaction,True,cross,interleaved,14,1498
openai,openai-rate_limit@t2/005-t4-middle,probe_trigger,proactive,Cstar,emb,none,none,reaction,True,cross,interleaved,15,1491
openai,openai-rate_limit@t2/005-t4-middle,probe_trigger,proactive,Cstar,rrf,none,none,reaction,True,cross,interleaved,13,1424
openai,openai-rate_limit@t2/005-t4-middle,probe_trigger,proactive,D,bm25,full,none,reaction,True,cross,interleaved,4,1236
openai,openai-rate_limit@t2/005-t4-middle,probe_trigger,proactive,D,emb,full,none,reaction,True,cross,interleaved,4,1213
openai,openai-rate_limit@t2/005-t4-middle,probe_trigger,proactive,D,rrf,full,none,reaction,True,cross,interleaved,4,1236
openai,openai-rate_limit@t2/005-t4-middle,probe_trigger,proactive,E,bm25,full,none,reaction,True,cross,interleaved,40,1482
openai,openai-rate_limit@t2/005-t4-middle,probe_trigger,proactive,E,emb,full,partial,reaction,True,cross,interleaved,39,1471
openai,openai-rate_limit@t2/005-t4-middle,probe_trigger,proactive,E,rrf,full,none,reaction,True,cross,interleaved,39,1478
openai,openai-rate_limit@t2/005-t5-start,probe_trigger,proactive,window,-,none,none,reaction,True,cross,flat,0,0
openai,openai-rate_limit@t2/005-t5-start,probe_trigger,proactive,oracle,-,full,full,reaction,True,cross,flat,2,91
openai,openai-rate_limit@t2/005-t5-start,probe_trigger,proactive,A,bm25,full,none,reaction,True,cross,flat,34,1492
openai,openai-rate_limit@t2/005-t5-start,probe_trigger,proactive,A,emb,partial,partial,reaction,True,cross,flat,36,1496
openai,openai-rate_limit@t2/005-t5-start,probe_trigger,proactive,A,rrf,partial,partial,reaction,True,cross,flat,35,1499
openai,openai-rate_limit@t2/005-t5-start,probe_trigger,proactive,B,bm25,none,none,reaction,True,cross,flat,6,1392
openai,openai-rate_limit@t2/005-t5-start,probe_trigger,proactive,B,emb,none,none,reaction,True,cross,flat,6,1412
openai,openai-rate_limit@t2/005-t5-start,probe_trigger,proactive,B,rrf,none,none,reaction,True,cross,flat,6,1395
openai,openai-rate_limit@t2/005-t5-start,probe_trigger,proactive,C,bm25,none,none,reaction,True,cross,flat,12,1491
openai,openai-rate_limit@t2/005-t5-start,probe_trigger,proactive,C,emb,none,none,reaction,True,cross,flat,12,1464
openai,openai-rate_limit@t2/005-t5-start,probe_trigger,proactive,C,rrf,none,none,reaction,True,cross,flat,12,1464
openai,openai-rate_limit@t2/005-t5-start,probe_trigger,proactive,Cstar,bm25,none,none,reaction,True,cross,flat,14,1450
openai,openai-rate_limit@t2/005-t5-start,probe_trigger,proactive,Cstar,emb,none,none,reaction,True,cross,flat,18,1458
openai,openai-rate_limit@t2/005-t5-start,probe_trigger,proactive,Cstar,rrf,none,none,reaction,True,cross,flat,14,1396
openai,openai-rate_limit@t2/005-t5-start,probe_trigger,proactive,D,bm25,none,none,reaction,True,cross,flat,4,1445
openai,openai-rate_limit@t2/005-t5-start,probe_trigger,proactive,D,emb,none,none,reaction,True,cross,flat,5,1375
openai,openai-rate_limit@t2/005-t5-start,probe_trigger,proactive,D,rrf,none,none,reaction,True,cross,flat,4,1445
openai,openai-rate_limit@t2/005-t5-start,probe_trigger,proactive,E,bm25,full,none,reaction,True,cross,flat,45,1493
openai,openai-rate_limit@t2/005-t5-start,probe_trigger,proactive,E,emb,partial,partial,reaction,True,cross,flat,44,1470
openai,openai-rate_limit@t2/005-t5-start,probe_trigger,proactive,E,rrf,full,partial,reaction,True,cross,flat,44,1457
openai,openai-rate_limit@t2/005-t5-middle,probe_trigger,proactive,window,-,none,none,reaction,True,cross,flat,0,0
openai,openai-rate_limit@t2/005-t5-middle,probe_trigger,proactive,oracle,-,full,full,reaction,True,cross,flat,2,91
openai,openai-rate_limit@t2/005-t5-middle,probe_trigger,proactive,A,bm25,partial,partial,reaction,True,cross,flat,34,1476
openai,openai-rate_limit@t2/005-t5-middle,probe_trigger,proactive,A,emb,full,partial,reaction,True,cross,flat,34,1475
openai,openai-rate_limit@t2/005-t5-middle,probe_trigger,proactive,A,rrf,full,partial,reaction,True,cross,flat,33,1461
openai,openai-rate_limit@t2/005-t5-middle,probe_trigger,proactive,B,bm25,none,none,reaction,True,cross,flat,5,1273
openai,openai-rate_limit@t2/005-t5-middle,probe_trigger,proactive,B,emb,full,none,reaction,True,cross,flat,5,1295
openai,openai-rate_limit@t2/005-t5-middle,probe_trigger,proactive,B,rrf,none,none,reaction,True,cross,flat,5,1263
openai,openai-rate_limit@t2/005-t5-middle,probe_trigger,proactive,C,bm25,none,none,reaction,True,cross,flat,12,1482
openai,openai-rate_limit@t2/005-t5-middle,probe_trigger,proactive,C,emb,full,none,reaction,True,cross,flat,12,1477
openai,openai-rate_limit@t2/005-t5-middle,probe_trigger,proactive,C,rrf,full,none,reaction,True,cross,flat,12,1468
openai,openai-rate_limit@t2/005-t5-middle,probe_trigger,proactive,Cstar,bm25,none,none,reaction,True,cross,flat,14,1476
openai,openai-rate_limit@t2/005-t5-middle,probe_trigger,proactive,Cstar,emb,full,none,reaction,True,cross,flat,20,1476
openai,openai-rate_limit@t2/005-t5-middle,probe_trigger,proactive,Cstar,rrf,full,none,reaction,True,cross,flat,15,1452
openai,openai-rate_limit@t2/005-t5-middle,probe_trigger,proactive,D,bm25,none,none,reaction,True,cross,flat,5,1416
openai,openai-rate_limit@t2/005-t5-middle,probe_trigger,proactive,D,emb,full,none,reaction,True,cross,flat,6,1290
openai,openai-rate_limit@t2/005-t5-middle,probe_trigger,proactive,D,rrf,full,none,reaction,True,cross,flat,6,1399
openai,openai-rate_limit@t2/005-t5-middle,probe_trigger,proactive,E,bm25,full,partial,reaction,True,cross,flat,38,1464
openai,openai-rate_limit@t2/005-t5-middle,probe_trigger,proactive,E,emb,full,partial,reaction,True,cross,flat,41,1498
openai,openai-rate_limit@t2/005-t5-middle,probe_trigger,proactive,E,rrf,full,partial,reaction,True,cross,flat,38,1490
openai,openai-retention@t2/010-t3-start,probe_trigger,proactive,window,-,none,none,distributed,False,cross,flat,0,0
openai,openai-retention@t2/010-t3-start,probe_trigger,proactive,oracle,-,full,full,distributed,False,cross,flat,1,96
openai,openai-retention@t2/010-t3-start,probe_trigger,proactive,A,bm25,partial,partial,distributed,False,cross,flat,35,1495
openai,openai-retention@t2/010-t3-start,probe_trigger,proactive,A,emb,partial,partial,distributed,False,cross,flat,35,1479
openai,openai-retention@t2/010-t3-start,probe_trigger,proactive,A,rrf,partial,partial,distributed,False,cross,flat,35,1499
openai,openai-retention@t2/010-t3-start,probe_trigger,proactive,B,bm25,full,full,distributed,False,cross,flat,5,1314
openai,openai-retention@t2/010-t3-start,probe_trigger,proactive,B,emb,none,none,distributed,False,cross,flat,5,1284
openai,openai-retention@t2/010-t3-start,probe_trigger,proactive,B,rrf,none,none,distributed,False,cross,flat,5,1291
openai,openai-retention@t2/010-t3-start,probe_trigger,proactive,C,bm25,partial,partial,distributed,False,cross,flat,11,1432
openai,openai-retention@t2/010-t3-start,probe_trigger,proactive,C,emb,none,none,distributed,False,cross,flat,11,1455
openai,openai-retention@t2/010-t3-start,probe_trigger,proactive,C,rrf,none,none,distributed,False,cross,flat,11,1395
openai,openai-retention@t2/010-t3-start,probe_trigger,proactive,Cstar,bm25,full,full,distributed,False,cross,flat,18,1483
openai,openai-retention@t2/010-t3-start,probe_trigger,proactive,Cstar,emb,partial,partial,distributed,False,cross,flat,19,1478
openai,openai-retention@t2/010-t3-start,probe_trigger,proactive,Cstar,rrf,partial,partial,distributed,False,cross,flat,17,1447
openai,openai-retention@t2/010-t3-start,probe_trigger,proactive,D,bm25,full,full,distributed,False,cross,flat,9,1426
openai,openai-retention@t2/010-t3-start,probe_trigger,proactive,D,emb,full,full,distributed,False,cross,flat,10,1478
openai,openai-retention@t2/010-t3-start,probe_trigger,proactive,D,rrf,full,full,distributed,False,cross,flat,9,1426
openai,openai-retention@t2/010-t3-start,probe_trigger,proactive,E,bm25,full,full,distributed,False,cross,flat,44,1479
openai,openai-retention@t2/010-t3-start,probe_trigger,proactive,E,emb,partial,partial,distributed,False,cross,flat,45,1500
openai,openai-retention@t2/010-t3-start,probe_trigger,proactive,E,rrf,full,full,distributed,False,cross,flat,45,1488
openai,openai-retention@t2/010-t3-middle,probe_trigger,proactive,window,-,none,none,distributed,False,cross,flat,0,0
openai,openai-retention@t2/010-t3-middle,probe_trigger,proactive,oracle,-,full,full,distributed,False,cross,flat,1,96
openai,openai-retention@t2/010-t3-middle,probe_trigger,proactive,A,bm25,full,full,distributed,False,cross,flat,33,1481
openai,openai-retention@t2/010-t3-middle,probe_trigger,proactive,A,emb,partial,partial,distributed,False,cross,flat,33,1491
openai,openai-retention@t2/010-t3-middle,probe_trigger,proactive,A,rrf,full,full,distributed,False,cross,flat,33,1495
openai,openai-retention@t2/010-t3-middle,probe_trigger,proactive,B,bm25,none,none,distributed,False,cross,flat,5,1311
openai,openai-retention@t2/010-t3-middle,probe_trigger,proactive,B,emb,none,none,distributed,False,cross,flat,5,1325
openai,openai-retention@t2/010-t3-middle,probe_trigger,proactive,B,rrf,none,none,distributed,False,cross,flat,5,1325
openai,openai-retention@t2/010-t3-middle,probe_trigger,proactive,C,bm25,partial,partial,distributed,False,cross,flat,11,1366
openai,openai-retention@t2/010-t3-middle,probe_trigger,proactive,C,emb,none,none,distributed,False,cross,flat,12,1357
openai,openai-retention@t2/010-t3-middle,probe_trigger,proactive,C,rrf,none,none,distributed,False,cross,flat,12,1433
openai,openai-retention@t2/010-t3-middle,probe_trigger,proactive,Cstar,bm25,full,full,distributed,False,cross,flat,17,1484
openai,openai-retention@t2/010-t3-middle,probe_trigger,proactive,Cstar,emb,partial,partial,distributed,False,cross,flat,16,1417
openai,openai-retention@t2/010-t3-middle,probe_trigger,proactive,Cstar,rrf,full,full,distributed,False,cross,flat,16,1456
openai,openai-retention@t2/010-t3-middle,probe_trigger,proactive,D,bm25,full,full,distributed,False,cross,flat,8,1490
openai,openai-retention@t2/010-t3-middle,probe_trigger,proactive,D,emb,none,none,distributed,False,cross,flat,8,1199
openai,openai-retention@t2/010-t3-middle,probe_trigger,proactive,D,rrf,full,full,distributed,False,cross,flat,8,1464
openai,openai-retention@t2/010-t3-middle,probe_trigger,proactive,E,bm25,full,full,distributed,False,cross,flat,43,1477
openai,openai-retention@t2/010-t3-middle,probe_trigger,proactive,E,emb,partial,partial,distributed,False,cross,flat,45,1486
openai,openai-retention@t2/010-t3-middle,probe_trigger,proactive,E,rrf,full,full,distributed,False,cross,flat,43,1484
openai,openai-retention@t2/010-t4-start,probe_trigger,proactive,window,-,none,none,distributed,False,cross,interleaved,0,0
openai,openai-retention@t2/010-t4-start,probe_trigger,proactive,oracle,-,full,full,distributed,False,cross,interleaved,1,96
openai,openai-retention@t2/010-t4-start,probe_trigger,proactive,A,bm25,full,full,distributed,False,cross,interleaved,34,1494
openai,openai-retention@t2/010-t4-start,probe_trigger,proactive,A,emb,none,none,distributed,False,cross,interleaved,32,1451
openai,openai-retention@t2/010-t4-start,probe_trigger,proactive,A,rrf,partial,partial,distributed,False,cross,interleaved,32,1471
openai,openai-retention@t2/010-t4-start,probe_trigger,proactive,B,bm25,none,none,distributed,False,cross,interleaved,5,1360
openai,openai-retention@t2/010-t4-start,probe_trigger,proactive,B,emb,none,none,distributed,False,cross,interleaved,5,1346
openai,openai-retention@t2/010-t4-start,probe_trigger,proactive,B,rrf,none,none,distributed,False,cross,interleaved,5,1361
openai,openai-retention@t2/010-t4-start,probe_trigger,proactive,C,bm25,none,none,distributed,False,cross,interleaved,11,1428
openai,openai-retention@t2/010-t4-start,probe_trigger,proactive,C,emb,none,none,distributed,False,cross,interleaved,10,1392
openai,openai-retention@t2/010-t4-start,probe_trigger,proactive,C,rrf,none,none,distributed,False,cross,interleaved,10,1362
openai,openai-retention@t2/010-t4-start,probe_trigger,proactive,Cstar,bm25,full,full,distributed,False,cross,interleaved,17,1499
openai,openai-retention@t2/010-t4-start,probe_trigger,proactive,Cstar,emb,none,none,distributed,False,cross,interleaved,14,1481
openai,openai-retention@t2/010-t4-start,probe_trigger,proactive,Cstar,rrf,none,none,distributed,False,cross,interleaved,16,1438
openai,openai-retention@t2/010-t4-start,probe_trigger,proactive,D,bm25,none,none,distributed,False,cross,interleaved,5,1416
openai,openai-retention@t2/010-t4-start,probe_trigger,proactive,D,emb,none,none,distributed,False,cross,interleaved,6,1460
openai,openai-retention@t2/010-t4-start,probe_trigger,proactive,D,rrf,none,none,distributed,False,cross,interleaved,5,1416
openai,openai-retention@t2/010-t4-start,probe_trigger,proactive,E,bm25,full,full,distributed,False,cross,interleaved,42,1486
openai,openai-retention@t2/010-t4-start,probe_trigger,proactive,E,emb,none,none,distributed,False,cross,interleaved,42,1491
openai,openai-retention@t2/010-t4-start,probe_trigger,proactive,E,rrf,full,full,distributed,False,cross,interleaved,41,1484
openai,openai-retention@t2/010-t4-middle,probe_trigger,proactive,window,-,none,none,distributed,False,cross,interleaved,0,0
openai,openai-retention@t2/010-t4-middle,probe_trigger,proactive,oracle,-,full,full,distributed,False,cross,interleaved,1,96
openai,openai-retention@t2/010-t4-middle,probe_trigger,proactive,A,bm25,partial,partial,distributed,False,cross,interleaved,33,1448
openai,openai-retention@t2/010-t4-middle,probe_trigger,proactive,A,emb,partial,partial,distributed,False,cross,interleaved,34,1489
openai,openai-retention@t2/010-t4-middle,probe_trigger,proactive,A,rrf,partial,partial,distributed,False,cross,interleaved,34,1494
openai,openai-retention@t2/010-t4-middle,probe_trigger,proactive,B,bm25,none,none,distributed,False,cross,interleaved,5,1352
openai,openai-retention@t2/010-t4-middle,probe_trigger,proactive,B,emb,none,none,distributed,False,cross,interleaved,5,1316
openai,openai-retention@t2/010-t4-middle,probe_trigger,proactive,B,rrf,none,none,distributed,False,cross,interleaved,5,1332
openai,openai-retention@t2/010-t4-middle,probe_trigger,proactive,C,bm25,none,none,distributed,False,cross,interleaved,11,1442
openai,openai-retention@t2/010-t4-middle,probe_trigger,proactive,C,emb,partial,partial,distributed,False,cross,interleaved,11,1419
openai,openai-retention@t2/010-t4-middle,probe_trigger,proactive,C,rrf,none,none,distributed,False,cross,interleaved,11,1433
openai,openai-retention@t2/010-t4-middle,probe_trigger,proactive,Cstar,bm25,none,none,distributed,False,cross,interleaved,14,1440
openai,openai-retention@t2/010-t4-middle,probe_trigger,proactive,Cstar,emb,partial,partial,distributed,False,cross,interleaved,14,1473
openai,openai-retention@t2/010-t4-middle,probe_trigger,proactive,Cstar,rrf,partial,partial,distributed,False,cross,interleaved,14,1493
openai,openai-retention@t2/010-t4-middle,probe_trigger,proactive,D,bm25,none,none,distributed,False,cross,interleaved,5,1351
openai,openai-retention@t2/010-t4-middle,probe_trigger,proactive,D,emb,none,none,distributed,False,cross,interleaved,7,1467
openai,openai-retention@t2/010-t4-middle,probe_trigger,proactive,D,rrf,none,none,distributed,False,cross,interleaved,5,1464
openai,openai-retention@t2/010-t4-middle,probe_trigger,proactive,E,bm25,full,full,distributed,False,cross,interleaved,41,1468
openai,openai-retention@t2/010-t4-middle,probe_trigger,proactive,E,emb,none,none,distributed,False,cross,interleaved,40,1463
openai,openai-retention@t2/010-t4-middle,probe_trigger,proactive,E,rrf,partial,partial,distributed,False,cross,interleaved,40,1463
openai,openai-retention@t2/010-t5-start,probe_trigger,proactive,window,-,none,none,distributed,False,cross,flat,0,0
openai,openai-retention@t2/010-t5-start,probe_trigger,proactive,oracle,-,full,full,distributed,False,cross,flat,1,96
openai,openai-retention@t2/010-t5-start,probe_trigger,proactive,A,bm25,partial,partial,distributed,False,cross,flat,33,1463
openai,openai-retention@t2/010-t5-start,probe_trigger,proactive,A,emb,none,none,distributed,False,cross,flat,35,1477
openai,openai-retention@t2/010-t5-start,probe_trigger,proactive,A,rrf,partial,partial,distributed,False,cross,flat,34,1467
openai,openai-retention@t2/010-t5-start,probe_trigger,proactive,B,bm25,none,none,distributed,False,cross,flat,6,1394
openai,openai-retention@t2/010-t5-start,probe_trigger,proactive,B,emb,none,none,distributed,False,cross,flat,6,1430
openai,openai-retention@t2/010-t5-start,probe_trigger,proactive,B,rrf,none,none,distributed,False,cross,flat,6,1412
openai,openai-retention@t2/010-t5-start,probe_trigger,proactive,C,bm25,none,none,distributed,False,cross,flat,11,1383
openai,openai-retention@t2/010-t5-start,probe_trigger,proactive,C,emb,none,none,distributed,False,cross,flat,12,1420
openai,openai-retention@t2/010-t5-start,probe_trigger,proactive,C,rrf,none,none,distributed,False,cross,flat,12,1473
openai,openai-retention@t2/010-t5-start,probe_trigger,proactive,Cstar,bm25,none,none,distributed,False,cross,flat,14,1434
openai,openai-retention@t2/010-t5-start,probe_trigger,proactive,Cstar,emb,none,none,distributed,False,cross,flat,19,1400
openai,openai-retention@t2/010-t5-start,probe_trigger,proactive,Cstar,rrf,none,none,distributed,False,cross,flat,14,1462
openai,openai-retention@t2/010-t5-start,probe_trigger,proactive,D,bm25,none,none,distributed,False,cross,flat,4,1445
openai,openai-retention@t2/010-t5-start,probe_trigger,proactive,D,emb,none,none,distributed,False,cross,flat,6,1498
openai,openai-retention@t2/010-t5-start,probe_trigger,proactive,D,rrf,none,none,distributed,False,cross,flat,4,1418
openai,openai-retention@t2/010-t5-start,probe_trigger,proactive,E,bm25,full,full,distributed,False,cross,flat,42,1486
openai,openai-retention@t2/010-t5-start,probe_trigger,proactive,E,emb,none,none,distributed,False,cross,flat,42,1464
openai,openai-retention@t2/010-t5-start,probe_trigger,proactive,E,rrf,none,none,distributed,False,cross,flat,42,1476
openai,openai-retention@t2/010-t5-middle,probe_trigger,proactive,window,-,none,none,distributed,False,cross,flat,0,0
openai,openai-retention@t2/010-t5-middle,probe_trigger,proactive,oracle,-,full,full,distributed,False,cross,flat,1,96
openai,openai-retention@t2/010-t5-middle,probe_trigger,proactive,A,bm25,partial,partial,distributed,False,cross,flat,32,1466
openai,openai-retention@t2/010-t5-middle,probe_trigger,proactive,A,emb,partial,partial,distributed,False,cross,flat,33,1477
openai,openai-retention@t2/010-t5-middle,probe_trigger,proactive,A,rrf,partial,partial,distributed,False,cross,flat,33,1489
openai,openai-retention@t2/010-t5-middle,probe_trigger,proactive,B,bm25,none,none,distributed,False,cross,flat,5,1271
openai,openai-retention@t2/010-t5-middle,probe_trigger,proactive,B,emb,none,none,distributed,False,cross,flat,5,1290
openai,openai-retention@t2/010-t5-middle,probe_trigger,proactive,B,rrf,none,none,distributed,False,cross,flat,5,1270
openai,openai-retention@t2/010-t5-middle,probe_trigger,proactive,C,bm25,partial,partial,distributed,False,cross,flat,11,1409
openai,openai-retention@t2/010-t5-middle,probe_trigger,proactive,C,emb,none,none,distributed,False,cross,flat,13,1461
openai,openai-retention@t2/010-t5-middle,probe_trigger,proactive,C,rrf,partial,partial,distributed,False,cross,flat,11,1381
openai,openai-retention@t2/010-t5-middle,probe_trigger,proactive,Cstar,bm25,none,none,distributed,False,cross,flat,17,1428
openai,openai-retention@t2/010-t5-middle,probe_trigger,proactive,Cstar,emb,partial,partial,distributed,False,cross,flat,18,1428
openai,openai-retention@t2/010-t5-middle,probe_trigger,proactive,Cstar,rrf,partial,partial,distributed,False,cross,flat,17,1462
openai,openai-retention@t2/010-t5-middle,probe_trigger,proactive,D,bm25,none,none,distributed,False,cross,flat,5,1406
openai,openai-retention@t2/010-t5-middle,probe_trigger,proactive,D,emb,none,none,distributed,False,cross,flat,11,1449
openai,openai-retention@t2/010-t5-middle,probe_trigger,proactive,D,rrf,none,none,distributed,False,cross,flat,7,1456
openai,openai-retention@t2/010-t5-middle,probe_trigger,proactive,E,bm25,full,full,distributed,False,cross,flat,38,1476
openai,openai-retention@t2/010-t5-middle,probe_trigger,proactive,E,emb,partial,partial,distributed,False,cross,flat,40,1461
openai,openai-retention@t2/010-t5-middle,probe_trigger,proactive,E,rrf,full,full,distributed,False,cross,flat,38,1487
openai,openai-discount@t3/007-t4-start,probe_trigger,proactive,window,-,none,none,cross_ref,True,far,interleaved,0,0
openai,openai-discount@t3/007-t4-start,probe_trigger,proactive,oracle,-,full,full,cross_ref,True,far,interleaved,2,154
openai,openai-discount@t3/007-t4-start,probe_trigger,proactive,A,bm25,full,full,cross_ref,True,far,interleaved,34,1482
openai,openai-discount@t3/007-t4-start,probe_trigger,proactive,A,emb,full,full,cross_ref,True,far,interleaved,33,1481
openai,openai-discount@t3/007-t4-start,probe_trigger,proactive,A,rrf,full,full,cross_ref,True,far,interleaved,33,1479
openai,openai-discount@t3/007-t4-start,probe_trigger,proactive,B,bm25,full,partial,cross_ref,True,far,interleaved,5,1342
openai,openai-discount@t3/007-t4-start,probe_trigger,proactive,B,emb,partial,partial,cross_ref,True,far,interleaved,5,1344
openai,openai-discount@t3/007-t4-start,probe_trigger,proactive,B,rrf,partial,partial,cross_ref,True,far,interleaved,5,1361
openai,openai-discount@t3/007-t4-start,probe_trigger,proactive,C,bm25,partial,partial,cross_ref,True,far,interleaved,10,1363
openai,openai-discount@t3/007-t4-start,probe_trigger,proactive,C,emb,none,none,cross_ref,True,far,interleaved,10,1397
openai,openai-discount@t3/007-t4-start,probe_trigger,proactive,C,rrf,partial,partial,cross_ref,True,far,interleaved,11,1488
openai,openai-discount@t3/007-t4-start,probe_trigger,proactive,Cstar,bm25,full,full,cross_ref,True,far,interleaved,16,1492
openai,openai-discount@t3/007-t4-start,probe_trigger,proactive,Cstar,emb,full,full,cross_ref,True,far,interleaved,14,1474
openai,openai-discount@t3/007-t4-start,probe_trigger,proactive,Cstar,rrf,full,full,cross_ref,True,far,interleaved,15,1487
openai,openai-discount@t3/007-t4-start,probe_trigger,proactive,D,bm25,full,partial,cross_ref,True,far,interleaved,6,1498
openai,openai-discount@t3/007-t4-start,probe_trigger,proactive,D,emb,full,full,cross_ref,True,far,interleaved,5,1478
openai,openai-discount@t3/007-t4-start,probe_trigger,proactive,D,rrf,full,full,cross_ref,True,far,interleaved,5,1478
openai,openai-discount@t3/007-t4-start,probe_trigger,proactive,E,bm25,full,full,cross_ref,True,far,interleaved,40,1467
openai,openai-discount@t3/007-t4-start,probe_trigger,proactive,E,emb,full,full,cross_ref,True,far,interleaved,40,1467
openai,openai-discount@t3/007-t4-start,probe_trigger,proactive,E,rrf,full,full,cross_ref,True,far,interleaved,40,1460
openai,openai-discount@t3/007-t4-middle,probe_trigger,proactive,window,-,none,none,cross_ref,True,far,interleaved,0,0
openai,openai-discount@t3/007-t4-middle,probe_trigger,proactive,oracle,-,full,full,cross_ref,True,far,interleaved,2,154
openai,openai-discount@t3/007-t4-middle,probe_trigger,proactive,A,bm25,none,none,cross_ref,True,far,interleaved,34,1472
openai,openai-discount@t3/007-t4-middle,probe_trigger,proactive,A,emb,full,full,cross_ref,True,far,interleaved,34,1496
openai,openai-discount@t3/007-t4-middle,probe_trigger,proactive,A,rrf,full,full,cross_ref,True,far,interleaved,34,1474
openai,openai-discount@t3/007-t4-middle,probe_trigger,proactive,B,bm25,none,none,cross_ref,True,far,interleaved,5,1352
openai,openai-discount@t3/007-t4-middle,probe_trigger,proactive,B,emb,none,none,cross_ref,True,far,interleaved,5,1332
openai,openai-discount@t3/007-t4-middle,probe_trigger,proactive,B,rrf,none,none,cross_ref,True,far,interleaved,5,1352
openai,openai-discount@t3/007-t4-middle,probe_trigger,proactive,C,bm25,none,none,cross_ref,True,far,interleaved,11,1456
openai,openai-discount@t3/007-t4-middle,probe_trigger,proactive,C,emb,partial,partial,cross_ref,True,far,interleaved,11,1382
openai,openai-discount@t3/007-t4-middle,probe_trigger,proactive,C,rrf,none,none,cross_ref,True,far,interleaved,11,1438
openai,openai-discount@t3/007-t4-middle,probe_trigger,proactive,Cstar,bm25,none,none,cross_ref,True,far,interleaved,14,1497
openai,openai-discount@t3/007-t4-middle,probe_trigger,proactive,Cstar,emb,full,full,cross_ref,True,far,interleaved,13,1444
openai,openai-discount@t3/007-t4-middle,probe_trigger,proactive,Cstar,rrf,partial,partial,cross_ref,True,far,interleaved,13,1469
openai,openai-discount@t3/007-t4-middle,probe_trigger,proactive,D,bm25,partial,partial,cross_ref,True,far,interleaved,4,1177
openai,openai-discount@t3/007-t4-middle,probe_trigger,proactive,D,emb,full,full,cross_ref,True,far,interleaved,4,1250
openai,openai-discount@t3/007-t4-middle,probe_trigger,proactive,D,rrf,partial,partial,cross_ref,True,far,interleaved,5,1243
openai,openai-discount@t3/007-t4-middle,probe_trigger,proactive,E,bm25,full,full,cross_ref,True,far,interleaved,42,1490
openai,openai-discount@t3/007-t4-middle,probe_trigger,proactive,E,emb,full,full,cross_ref,True,far,interleaved,40,1479
openai,openai-discount@t3/007-t4-middle,probe_trigger,proactive,E,rrf,full,full,cross_ref,True,far,interleaved,42,1496
openai,openai-discount@t3/007-t5-start,probe_trigger,proactive,window,-,none,none,cross_ref,True,far,flat,0,0
openai,openai-discount@t3/007-t5-start,probe_trigger,proactive,oracle,-,full,full,cross_ref,True,far,flat,2,154
openai,openai-discount@t3/007-t5-start,probe_trigger,proactive,A,bm25,none,none,cross_ref,True,far,flat,34,1462
openai,openai-discount@t3/007-t5-start,probe_trigger,proactive,A,emb,full,partial,cross_ref,True,far,flat,34,1496
openai,openai-discount@t3/007-t5-start,probe_trigger,proactive,A,rrf,full,partial,cross_ref,True,far,flat,34,1472
openai,openai-discount@t3/007-t5-start,probe_trigger,proactive,B,bm25,none,none,cross_ref,True,far,flat,6,1414
openai,openai-discount@t3/007-t5-start,probe_trigger,proactive,B,emb,none,none,cross_ref,True,far,flat,6,1447
openai,openai-discount@t3/007-t5-start,probe_trigger,proactive,B,rrf,none,none,cross_ref,True,far,flat,6,1414
openai,openai-discount@t3/007-t5-start,probe_trigger,proactive,C,bm25,none,none,cross_ref,True,far,flat,11,1356
openai,openai-discount@t3/007-t5-start,probe_trigger,proactive,C,emb,full,none,cross_ref,True,far,flat,12,1456
openai,openai-discount@t3/007-t5-start,probe_trigger,proactive,C,rrf,none,none,cross_ref,True,far,flat,12,1468
openai,openai-discount@t3/007-t5-start,probe_trigger,proactive,Cstar,bm25,none,none,cross_ref,True,far,flat,13,1413
openai,openai-discount@t3/007-t5-start,probe_trigger,proactive,Cstar,emb,full,none,cross_ref,True,far,flat,15,1438
openai,openai-discount@t3/007-t5-start,probe_trigger,proactive,Cstar,rrf,none,none,cross_ref,True,far,flat,13,1464
openai,openai-discount@t3/007-t5-start,probe_trigger,proactive,D,bm25,none,none,cross_ref,True,far,flat,4,1418
openai,openai-discount@t3/007-t5-start,probe_trigger,proactive,D,emb,none,none,cross_ref,True,far,flat,5,1389
openai,openai-discount@t3/007-t5-start,probe_trigger,proactive,D,rrf,none,none,cross_ref,True,far,flat,4,1418
openai,openai-discount@t3/007-t5-start,probe_trigger,proactive,E,bm25,full,full,cross_ref,True,far,flat,42,1476
openai,openai-discount@t3/007-t5-start,probe_trigger,proactive,E,emb,full,partial,cross_ref,True,far,flat,41,1467
openai,openai-discount@t3/007-t5-start,probe_trigger,proactive,E,rrf,full,partial,cross_ref,True,far,flat,41,1476
openai,openai-discount@t3/007-t5-middle,probe_trigger,proactive,window,-,none,none,cross_ref,True,far,flat,0,0
openai,openai-discount@t3/007-t5-middle,probe_trigger,proactive,oracle,-,full,full,cross_ref,True,far,flat,2,154
openai,openai-discount@t3/007-t5-middle,probe_trigger,proactive,A,bm25,full,partial,cross_ref,True,far,flat,34,1474
openai,openai-discount@t3/007-t5-middle,probe_trigger,proactive,A,emb,full,partial,cross_ref,True,far,flat,32,1470
openai,openai-discount@t3/007-t5-middle,probe_trigger,proactive,A,rrf,full,partial,cross_ref,True,far,flat,33,1473
openai,openai-discount@t3/007-t5-middle,probe_trigger,proactive,B,bm25,none,none,cross_ref,True,far,flat,5,1271
openai,openai-discount@t3/007-t5-middle,probe_trigger,proactive,B,emb,none,none,cross_ref,True,far,flat,5,1333
openai,openai-discount@t3/007-t5-middle,probe_trigger,proactive,B,rrf,none,none,cross_ref,True,far,flat,5,1314
openai,openai-discount@t3/007-t5-middle,probe_trigger,proactive,C,bm25,none,none,cross_ref,True,far,flat,12,1486
openai,openai-discount@t3/007-t5-middle,probe_trigger,proactive,C,emb,none,none,cross_ref,True,far,flat,11,1470
openai,openai-discount@t3/007-t5-middle,probe_trigger,proactive,C,rrf,none,none,cross_ref,True,far,flat,12,1482
openai,openai-discount@t3/007-t5-middle,probe_trigger,proactive,Cstar,bm25,full,full,cross_ref,True,far,flat,15,1500
openai,openai-discount@t3/007-t5-middle,probe_trigger,proactive,Cstar,emb,none,none,cross_ref,True,far,flat,15,1430
openai,openai-discount@t3/007-t5-middle,probe_trigger,proactive,Cstar,rrf,full,full,cross_ref,True,far,flat,14,1457
openai,openai-discount@t3/007-t5-middle,probe_trigger,proactive,D,bm25,full,partial,cross_ref,True,far,flat,5,1324
openai,openai-discount@t3/007-t5-middle,probe_trigger,proactive,D,emb,full,partial,cross_ref,True,far,flat,7,1494
openai,openai-discount@t3/007-t5-middle,probe_trigger,proactive,D,rrf,full,partial,cross_ref,True,far,flat,5,1330
openai,openai-discount@t3/007-t5-middle,probe_trigger,proactive,E,bm25,full,partial,cross_ref,True,far,flat,42,1489
openai,openai-discount@t3/007-t5-middle,probe_trigger,proactive,E,emb,full,partial,cross_ref,True,far,flat,41,1497
openai,openai-discount@t3/007-t5-middle,probe_trigger,proactive,E,rrf,full,partial,cross_ref,True,far,flat,39,1489
openai,openai-exec_contact@t4/007-t5-start,probe_trigger,proactive,window,-,none,none,correction,False,far,flat,0,0
openai,openai-exec_contact@t4/007-t5-start,probe_trigger,proactive,oracle,-,full,full,correction,False,far,flat,1,91
openai,openai-exec_contact@t4/007-t5-start,probe_trigger,proactive,A,bm25,partial,partial,correction,False,far,flat,33,1477
openai,openai-exec_contact@t4/007-t5-start,probe_trigger,proactive,A,emb,partial,partial,correction,False,far,flat,36,1489
openai,openai-exec_contact@t4/007-t5-start,probe_trigger,proactive,A,rrf,partial,partial,correction,False,far,flat,34,1473
openai,openai-exec_contact@t4/007-t5-start,probe_trigger,proactive,B,bm25,full,full,correction,False,far,flat,6,1404
openai,openai-exec_contact@t4/007-t5-start,probe_trigger,proactive,B,emb,partial,partial,correction,False,far,flat,6,1394
openai,openai-exec_contact@t4/007-t5-start,probe_trigger,proactive,B,rrf,partial,partial,correction,False,far,flat,6,1395
openai,openai-exec_contact@t4/007-t5-start,probe_trigger,proactive,C,bm25,full,full,correction,False,far,flat,12,1494
openai,openai-exec_contact@t4/007-t5-start,probe_trigger,proactive,C,emb,full,full,correction,False,far,flat,13,1456
openai,openai-exec_contact@t4/007-t5-start,probe_trigger,proactive,C,rrf,full,full,correction,False,far,flat,12,1427
openai,openai-exec_contact@t4/007-t5-start,probe_trigger,proactive,Cstar,bm25,full,full,correction,False,far,flat,14,1453
openai,openai-exec_contact@t4/007-t5-start,probe_trigger,proactive,Cstar,emb,full,full,correction,False,far,flat,17,1423
openai,openai-exec_contact@t4/007-t5-start,probe_trigger,proactive,Cstar,rrf,full,full,correction,False,far,flat,15,1469
openai,openai-exec_contact@t4/007-t5-start,probe_trigger,proactive,D,bm25,full,full,correction,False,far,flat,4,1445
openai,openai-exec_contact@t4/007-t5-start,probe_trigger,proactive,D,emb,full,full,correction,False,far,flat,6,1498
openai,openai-exec_contact@t4/007-t5-start,probe_trigger,proactive,D,rrf,full,full,correction,False,far,flat,4,1217
openai,openai-exec_contact@t4/007-t5-start,probe_trigger,proactive,E,bm25,full,full,correction,False,far,flat,45,1496
openai,openai-exec_contact@t4/007-t5-start,probe_trigger,proactive,E,emb,full,full,correction,False,far,flat,46,1499
openai,openai-exec_contact@t4/007-t5-start,probe_trigger,proactive,E,rrf,full,full,correction,False,far,flat,43,1458
openai,openai-exec_contact@t4/007-t5-middle,probe_trigger,proactive,window,-,none,none,correction,False,far,flat,0,0
openai,openai-exec_contact@t4/007-t5-middle,probe_trigger,proactive,oracle,-,full,full,correction,False,far,flat,1,91
openai,openai-exec_contact@t4/007-t5-middle,probe_trigger,proactive,A,bm25,partial,partial,correction,False,far,flat,34,1463
openai,openai-exec_contact@t4/007-t5-middle,probe_trigger,proactive,A,emb,partial,partial,correction,False,far,flat,34,1473
openai,openai-exec_contact@t4/007-t5-middle,probe_trigger,proactive,A,rrf,partial,partial,correction,False,far,flat,33,1481
openai,openai-exec_contact@t4/007-t5-middle,probe_trigger,proactive,B,bm25,partial,partial,correction,False,far,flat,6,1437
openai,openai-exec_contact@t4/007-t5-middle,probe_trigger,proactive,B,emb,none,none,correction,False,far,flat,5,1296
openai,openai-exec_contact@t4/007-t5-middle,probe_trigger,proactive,B,rrf,none,none,correction,False,far,flat,5,1274
openai,openai-exec_contact@t4/007-t5-middle,probe_trigger,proactive,C,bm25,full,full,correction,False,far,flat,12,1455
openai,openai-exec_contact@t4/007-t5-middle,probe_trigger,proactive,C,emb,partial,partial,correction,False,far,flat,12,1393
openai,openai-exec_contact@t4/007-t5-middle,probe_trigger,proactive,C,rrf,none,none,correction,False,far,flat,13,1488
openai,openai-exec_contact@t4/007-t5-middle,probe_trigger,proactive,Cstar,bm25,full,full,correction,False,far,flat,16,1378
openai,openai-exec_contact@t4/007-t5-middle,probe_trigger,proactive,Cstar,emb,full,full,correction,False,far,flat,18,1434
openai,openai-exec_contact@t4/007-t5-middle,probe_trigger,proactive,Cstar,rrf,full,full,correction,False,far,flat,16,1423
openai,openai-exec_contact@t4/007-t5-middle,probe_trigger,proactive,D,bm25,partial,partial,correction,False,far,flat,6,1490
openai,openai-exec_contact@t4/007-t5-middle,probe_trigger,proactive,D,emb,none,none,correction,False,far,flat,8,1426
openai,openai-exec_contact@t4/007-t5-middle,probe_trigger,proactive,D,rrf,none,none,correction,False,far,flat,6,1056
openai,openai-exec_contact@t4/007-t5-middle,probe_trigger,proactive,E,bm25,full,full,correction,False,far,flat,40,1489
openai,openai-exec_contact@t4/007-t5-middle,probe_trigger,proactive,E,emb,partial,partial,correction,False,far,flat,39,1489
openai,openai-exec_contact@t4/007-t5-middle,probe_trigger,proactive,E,rrf,partial,partial,correction,False,far,flat,38,1468
xai,xai-p01,plant,proactive,window,-,full,full,ellipsis,False,near,flat,0,0
xai,xai-p01,plant,proactive,oracle,-,full,full,ellipsis,False,near,flat,1,47
xai,xai-p01,plant,proactive,A,bm25,full,full,ellipsis,False,near,flat,3,125
xai,xai-p01,plant,proactive,A,emb,full,full,ellipsis,False,near,flat,3,125
xai,xai-p01,plant,proactive,A,rrf,full,full,ellipsis,False,near,flat,3,125
xai,xai-p01,plant,proactive,B,bm25,full,full,ellipsis,False,near,flat,1,270
xai,xai-p01,plant,proactive,B,emb,full,full,ellipsis,False,near,flat,1,270
xai,xai-p01,plant,proactive,B,rrf,full,full,ellipsis,False,near,flat,1,270
xai,xai-p01,plant,proactive,C,bm25,full,full,ellipsis,False,near,flat,7,770
xai,xai-p01,plant,proactive,C,emb,full,full,ellipsis,False,near,flat,7,770
xai,xai-p01,plant,proactive,C,rrf,full,full,ellipsis,False,near,flat,7,770
xai,xai-p01,plant,proactive,Cstar,bm25,full,full,ellipsis,False,near,flat,4,295
xai,xai-p01,plant,proactive,Cstar,emb,full,full,ellipsis,False,near,flat,4,295
xai,xai-p01,plant,proactive,Cstar,rrf,full,full,ellipsis,False,near,flat,4,295
xai,xai-p01,plant,proactive,D,bm25,full,full,ellipsis,False,near,flat,2,360
xai,xai-p01,plant,proactive,D,emb,full,full,ellipsis,False,near,flat,2,360
xai,xai-p01,plant,proactive,D,rrf,full,full,ellipsis,False,near,flat,2,360
xai,xai-p01,plant,proactive,E,bm25,full,full,ellipsis,False,near,flat,13,415
xai,xai-p01,plant,proactive,E,emb,full,full,ellipsis,False,near,flat,13,415
xai,xai-p01,plant,proactive,E,rrf,full,full,ellipsis,False,near,flat,13,415
xai,xai-p01,plant,reactive,window,-,full,full,ellipsis,False,near,flat,0,0
xai,xai-p01,plant,reactive,oracle,-,full,full,ellipsis,False,near,flat,1,47
xai,xai-p01,plant,reactive,A,bm25,full,full,ellipsis,False,near,flat,3,125
xai,xai-p01,plant,reactive,A,emb,full,full,ellipsis,False,near,flat,3,125
xai,xai-p01,plant,reactive,A,rrf,full,full,ellipsis,False,near,flat,3,125
xai,xai-p01,plant,reactive,B,bm25,full,full,ellipsis,False,near,flat,1,270
xai,xai-p01,plant,reactive,B,emb,full,full,ellipsis,False,near,flat,1,270
xai,xai-p01,plant,reactive,B,rrf,full,full,ellipsis,False,near,flat,1,270
xai,xai-p01,plant,reactive,C,bm25,full,full,ellipsis,False,near,flat,7,770
xai,xai-p01,plant,reactive,C,emb,full,full,ellipsis,False,near,flat,7,770
xai,xai-p01,plant,reactive,C,rrf,full,full,ellipsis,False,near,flat,7,770
xai,xai-p01,plant,reactive,Cstar,bm25,full,full,ellipsis,False,near,flat,4,295
xai,xai-p01,plant,reactive,Cstar,emb,full,full,ellipsis,False,near,flat,4,295
xai,xai-p01,plant,reactive,Cstar,rrf,full,full,ellipsis,False,near,flat,4,295
xai,xai-p01,plant,reactive,D,bm25,full,full,ellipsis,False,near,flat,2,360
xai,xai-p01,plant,reactive,D,emb,full,full,ellipsis,False,near,flat,2,360
xai,xai-p01,plant,reactive,D,rrf,full,full,ellipsis,False,near,flat,2,360
xai,xai-p01,plant,reactive,E,bm25,full,full,ellipsis,False,near,flat,13,415
xai,xai-p01,plant,reactive,E,emb,full,full,ellipsis,False,near,flat,13,415
xai,xai-p01,plant,reactive,E,rrf,full,full,ellipsis,False,near,flat,13,415
xai,xai-p03,plant,proactive,window,-,none,none,reaction,False,far,interleaved,0,0
xai,xai-p03,plant,proactive,oracle,-,full,full,reaction,False,far,interleaved,1,47
xai,xai-p03,plant,proactive,A,bm25,partial,partial,reaction,False,far,interleaved,36,1448
xai,xai-p03,plant,proactive,A,emb,partial,partial,reaction,False,far,interleaved,36,1494
xai,xai-p03,plant,proactive,A,rrf,partial,partial,reaction,False,far,interleaved,36,1478
xai,xai-p03,plant,proactive,B,bm25,none,none,reaction,False,far,interleaved,6,1449
xai,xai-p03,plant,proactive,B,emb,none,none,reaction,False,far,interleaved,6,1498
xai,xai-p03,plant,proactive,B,rrf,none,none,reaction,False,far,interleaved,6,1479
xai,xai-p03,plant,proactive,C,bm25,none,none,reaction,False,far,interleaved,11,1415
xai,xai-p03,plant,proactive,C,emb,none,none,reaction,False,far,interleaved,12,1432
xai,xai-p03,plant,proactive,C,rrf,none,none,reaction,False,far,interleaved,11,1389
xai,xai-p03,plant,proactive,Cstar,bm25,none,none,reaction,False,far,interleaved,19,1446
xai,xai-p03,plant,proactive,Cstar,emb,partial,partial,reaction,False,far,interleaved,25,1460
xai,xai-p03,plant,proactive,Cstar,rrf,none,none,reaction,False,far,interleaved,23,1492
xai,xai-p03,plant,proactive,D,bm25,none,none,reaction,False,far,interleaved,6,1415
xai,xai-p03,plant,proactive,D,emb,full,full,reaction,False,far,interleaved,11,1415
xai,xai-p03,plant,proactive,D,rrf,full,full,reaction,False,far,interleaved,8,1281
xai,xai-p03,plant,proactive,E,bm25,none,none,reaction,False,far,interleaved,46,1473
xai,xai-p03,plant,proactive,E,emb,partial,partial,reaction,False,far,interleaved,47,1472
xai,xai-p03,plant,proactive,E,rrf,partial,partial,reaction,False,far,interleaved,49,1491
xai,xai-p03,plant,reactive,window,-,none,none,reaction,False,far,interleaved,0,0
xai,xai-p03,plant,reactive,oracle,-,full,full,reaction,False,far,interleaved,1,47
xai,xai-p03,plant,reactive,A,bm25,partial,partial,reaction,False,far,interleaved,36,1480
xai,xai-p03,plant,reactive,A,emb,partial,partial,reaction,False,far,interleaved,36,1466
xai,xai-p03,plant,reactive,A,rrf,partial,partial,reaction,False,far,interleaved,36,1488
xai,xai-p03,plant,reactive,B,bm25,full,full,reaction,False,far,interleaved,6,1403
xai,xai-p03,plant,reactive,B,emb,full,full,reaction,False,far,interleaved,7,1500
xai,xai-p03,plant,reactive,B,rrf,full,full,reaction,False,far,interleaved,6,1446
xai,xai-p03,plant,reactive,C,bm25,full,full,reaction,False,far,interleaved,13,1401
xai,xai-p03,plant,reactive,C,emb,full,full,reaction,False,far,interleaved,16,1400
xai,xai-p03,plant,reactive,C,rrf,full,full,reaction,False,far,interleaved,15,1472
xai,xai-p03,plant,reactive,Cstar,bm25,full,full,reaction,False,far,interleaved,26,1489
xai,xai-p03,plant,reactive,Cstar,emb,full,full,reaction,False,far,interleaved,29,1437
xai,xai-p03,plant,reactive,Cstar,rrf,full,full,reaction,False,far,interleaved,26,1458
xai,xai-p03,plant,reactive,D,bm25,full,full,reaction,False,far,interleaved,10,1254
xai,xai-p03,plant,reactive,D,emb,full,full,reaction,False,far,interleaved,11,1443
xai,xai-p03,plant,reactive,D,rrf,full,full,reaction,False,far,interleaved,12,1445
xai,xai-p03,plant,reactive,E,bm25,full,full,reaction,False,far,interleaved,53,1472
xai,xai-p03,plant,reactive,E,emb,full,full,reaction,False,far,interleaved,50,1496
xai,xai-p03,plant,reactive,E,rrf,full,full,reaction,False,far,interleaved,51,1470
xai,xai-p04,plant,proactive,window,-,none,none,explicit,False,cross,flat,0,0
xai,xai-p04,plant,proactive,oracle,-,full,full,explicit,False,cross,flat,1,45
xai,xai-p04,plant,proactive,A,bm25,full,full,explicit,False,cross,flat,36,1473
xai,xai-p04,plant,proactive,A,emb,none,none,explicit,False,cross,flat,36,1496
xai,xai-p04,plant,proactive,A,rrf,full,full,explicit,False,cross,flat,36,1481
xai,xai-p04,plant,proactive,B,bm25,full,full,explicit,False,cross,flat,6,1492
xai,xai-p04,plant,proactive,B,emb,full,full,explicit,False,cross,flat,6,1483
xai,xai-p04,plant,proactive,B,rrf,full,full,explicit,False,cross,flat,6,1473
xai,xai-p04,plant,proactive,C,bm25,none,none,explicit,False,cross,flat,12,1475
xai,xai-p04,plant,proactive,C,emb,none,none,explicit,False,cross,flat,11,1422
xai,xai-p04,plant,proactive,C,rrf,none,none,explicit,False,cross,flat,11,1392
xai,xai-p04,plant,proactive,Cstar,bm25,full,full,explicit,False,cross,flat,21,1479
xai,xai-p04,plant,proactive,Cstar,emb,none,none,explicit,False,cross,flat,25,1455
xai,xai-p04,plant,proactive,Cstar,rrf,none,none,explicit,False,cross,flat,23,1474
xai,xai-p04,plant,proactive,D,bm25,none,none,explicit,False,cross,flat,5,1343
xai,xai-p04,plant,proactive,D,emb,none,none,explicit,False,cross,flat,7,1469
xai,xai-p04,plant,proactive,D,rrf,none,none,explicit,False,cross,flat,6,1485
xai,xai-p04,plant,proactive,E,bm25,none,none,explicit,False,cross,flat,46,1479
xai,xai-p04,plant,proactive,E,emb,none,none,explicit,False,cross,flat,49,1485
xai,xai-p04,plant,proactive,E,rrf,none,none,explicit,False,cross,flat,48,1499
xai,xai-p04,plant,reactive,window,-,none,none,explicit,False,cross,flat,0,0
xai,xai-p04,plant,reactive,oracle,-,full,full,explicit,False,cross,flat,1,45
xai,xai-p04,plant,reactive,A,bm25,full,full,explicit,False,cross,flat,36,1464
xai,xai-p04,plant,reactive,A,emb,full,full,explicit,False,cross,flat,36,1493
xai,xai-p04,plant,reactive,A,rrf,full,full,explicit,False,cross,flat,36,1487
xai,xai-p04,plant,reactive,B,bm25,full,full,explicit,False,cross,flat,6,1428
xai,xai-p04,plant,reactive,B,emb,full,full,explicit,False,cross,flat,6,1434
xai,xai-p04,plant,reactive,B,rrf,full,full,explicit,False,cross,flat,6,1442
xai,xai-p04,plant,reactive,C,bm25,full,full,explicit,False,cross,flat,13,1498
xai,xai-p04,plant,reactive,C,emb,full,full,explicit,False,cross,flat,14,1472
xai,xai-p04,plant,reactive,C,rrf,full,full,explicit,False,cross,flat,12,1421
xai,xai-p04,plant,reactive,Cstar,bm25,full,full,explicit,False,cross,flat,25,1463
xai,xai-p04,plant,reactive,Cstar,emb,full,full,explicit,False,cross,flat,24,1473
xai,xai-p04,plant,reactive,Cstar,rrf,full,full,explicit,False,cross,flat,25,1477
xai,xai-p04,plant,reactive,D,bm25,full,full,explicit,False,cross,flat,7,1275
xai,xai-p04,plant,reactive,D,emb,full,full,explicit,False,cross,flat,9,1426
xai,xai-p04,plant,reactive,D,rrf,full,full,explicit,False,cross,flat,7,1300
xai,xai-p04,plant,reactive,E,bm25,full,full,explicit,False,cross,flat,51,1486
xai,xai-p04,plant,reactive,E,emb,full,full,explicit,False,cross,flat,47,1493
xai,xai-p04,plant,reactive,E,rrf,full,full,explicit,False,cross,flat,48,1478
xai,xai-p05,plant,proactive,window,-,full,full,correction,True,near,threaded,0,0
xai,xai-p05,plant,proactive,oracle,-,full,full,correction,True,near,threaded,2,132
xai,xai-p05,plant,proactive,A,bm25,full,full,correction,True,near,threaded,36,1472
xai,xai-p05,plant,proactive,A,emb,full,full,correction,True,near,threaded,36,1499
xai,xai-p05,plant,proactive,A,rrf,full,full,correction,True,near,threaded,36,1487
xai,xai-p05,plant,proactive,B,bm25,full,full,correction,True,near,threaded,5,1305
xai,xai-p05,plant,proactive,B,emb,full,full,correction,True,near,threaded,5,1254
xai,xai-p05,plant,proactive,B,rrf,full,full,correction,True,near,threaded,5,1290
xai,xai-p05,plant,proactive,C,bm25,full,full,correction,True,near,threaded,11,1459
xai,xai-p05,plant,proactive,C,emb,full,full,correction,True,near,threaded,11,1408
xai,xai-p05,plant,proactive,C,rrf,full,full,correction,True,near,threaded,11,1441
xai,xai-p05,plant,proactive,Cstar,bm25,full,full,correction,True,near,threaded,23,1412
xai,xai-p05,plant,proactive,Cstar,emb,full,full,correction,True,near,threaded,26,1464
xai,xai-p05,plant,proactive,Cstar,rrf,full,full,correction,True,near,threaded,23,1492
xai,xai-p05,plant,proactive,D,bm25,full,full,correction,True,near,threaded,6,1348
xai,xai-p05,plant,proactive,D,emb,full,full,correction,True,near,threaded,7,1366
xai,xai-p05,plant,proactive,D,rrf,full,full,correction,True,near,threaded,6,1284
xai,xai-p05,plant,proactive,E,bm25,full,full,correction,True,near,threaded,47,1490
xai,xai-p05,plant,proactive,E,emb,full,full,correction,True,near,threaded,48,1485
xai,xai-p05,plant,proactive,E,rrf,full,full,correction,True,near,threaded,48,1485
xai,xai-p05,plant,reactive,window,-,full,full,correction,True,near,threaded,0,0
xai,xai-p05,plant,reactive,oracle,-,full,full,correction,True,near,threaded,2,132
xai,xai-p05,plant,reactive,A,bm25,full,full,correction,True,near,threaded,37,1498
xai,xai-p05,plant,reactive,A,emb,full,full,correction,True,near,threaded,36,1497
xai,xai-p05,plant,reactive,A,rrf,full,full,correction,True,near,threaded,35,1474
xai,xai-p05,plant,reactive,B,bm25,full,full,correction,True,near,threaded,6,1460
xai,xai-p05,plant,reactive,B,emb,full,full,correction,True,near,threaded,5,1310
xai,xai-p05,plant,reactive,B,rrf,full,full,correction,True,near,threaded,5,1264
xai,xai-p05,plant,reactive,C,bm25,full,full,correction,True,near,threaded,13,1407
xai,xai-p05,plant,reactive,C,emb,full,full,correction,True,near,threaded,12,1437
xai,xai-p05,plant,reactive,C,rrf,full,full,correction,True,near,threaded,13,1431
xai,xai-p05,plant,reactive,Cstar,bm25,full,full,correction,True,near,threaded,27,1474
xai,xai-p05,plant,reactive,Cstar,emb,full,full,correction,True,near,threaded,29,1460
xai,xai-p05,plant,reactive,Cstar,rrf,full,full,correction,True,near,threaded,28,1487
xai,xai-p05,plant,reactive,D,bm25,full,full,correction,True,near,threaded,10,1496
xai,xai-p05,plant,reactive,D,emb,full,full,correction,True,near,threaded,10,1485
xai,xai-p05,plant,reactive,D,rrf,full,full,correction,True,near,threaded,10,1367
xai,xai-p05,plant,reactive,E,bm25,full,full,correction,True,near,threaded,52,1499
xai,xai-p05,plant,reactive,E,emb,full,full,correction,True,near,threaded,51,1491
xai,xai-p05,plant,reactive,E,rrf,full,full,correction,True,near,threaded,50,1482
xai,xai-p07,plant,proactive,window,-,none,none,explicit,False,cross,threaded,0,0
xai,xai-p07,plant,proactive,oracle,-,full,full,explicit,False,cross,threaded,1,51
xai,xai-p07,plant,proactive,A,bm25,none,none,explicit,False,cross,threaded,36,1468
xai,xai-p07,plant,proactive,A,emb,none,none,explicit,False,cross,threaded,36,1500
xai,xai-p07,plant,proactive,A,rrf,none,none,explicit,False,cross,threaded,36,1465
xai,xai-p07,plant,proactive,B,bm25,none,none,explicit,False,cross,threaded,6,1429
xai,xai-p07,plant,proactive,B,emb,none,none,explicit,False,cross,threaded,6,1476
xai,xai-p07,plant,proactive,B,rrf,none,none,explicit,False,cross,threaded,6,1371
xai,xai-p07,plant,proactive,C,bm25,none,none,explicit,False,cross,threaded,12,1477
xai,xai-p07,plant,proactive,C,emb,none,none,explicit,False,cross,threaded,12,1453
xai,xai-p07,plant,proactive,C,rrf,none,none,explicit,False,cross,threaded,12,1422
xai,xai-p07,plant,proactive,Cstar,bm25,none,none,explicit,False,cross,threaded,21,1441
xai,xai-p07,plant,proactive,Cstar,emb,none,none,explicit,False,cross,threaded,26,1487
xai,xai-p07,plant,proactive,Cstar,rrf,none,none,explicit,False,cross,threaded,21,1482
xai,xai-p07,plant,proactive,D,bm25,none,none,explicit,False,cross,threaded,4,1225
xai,xai-p07,plant,proactive,D,emb,none,none,explicit,False,cross,threaded,5,1485
xai,xai-p07,plant,proactive,D,rrf,none,none,explicit,False,cross,threaded,4,1317
xai,xai-p07,plant,proactive,E,bm25,full,full,explicit,False,cross,threaded,45,1477
xai,xai-p07,plant,proactive,E,emb,none,none,explicit,False,cross,threaded,45,1496
xai,xai-p07,plant,proactive,E,rrf,none,none,explicit,False,cross,threaded,45,1455
xai,xai-p07,plant,reactive,window,-,none,none,explicit,False,cross,threaded,0,0
xai,xai-p07,plant,reactive,oracle,-,full,full,explicit,False,cross,threaded,1,51
xai,xai-p07,plant,reactive,A,bm25,full,full,explicit,False,cross,threaded,35,1469
xai,xai-p07,plant,reactive,A,emb,full,full,explicit,False,cross,threaded,34,1470
xai,xai-p07,plant,reactive,A,rrf,full,full,explicit,False,cross,threaded,35,1490
xai,xai-p07,plant,reactive,B,bm25,full,full,explicit,False,cross,threaded,6,1424
xai,xai-p07,plant,reactive,B,emb,none,none,explicit,False,cross,threaded,5,1277
xai,xai-p07,plant,reactive,B,rrf,full,full,explicit,False,cross,threaded,5,1251
xai,xai-p07,plant,reactive,C,bm25,full,full,explicit,False,cross,threaded,14,1465
xai,xai-p07,plant,reactive,C,emb,full,full,explicit,False,cross,threaded,13,1392
xai,xai-p07,plant,reactive,C,rrf,full,full,explicit,False,cross,threaded,13,1377
xai,xai-p07,plant,reactive,Cstar,bm25,full,full,explicit,False,cross,threaded,22,1431
xai,xai-p07,plant,reactive,Cstar,emb,full,full,explicit,False,cross,threaded,26,1490
xai,xai-p07,plant,reactive,Cstar,rrf,full,full,explicit,False,cross,threaded,25,1497
xai,xai-p07,plant,reactive,D,bm25,full,full,explicit,False,cross,threaded,6,1435
xai,xai-p07,plant,reactive,D,emb,full,full,explicit,False,cross,threaded,7,1353
xai,xai-p07,plant,reactive,D,rrf,full,full,explicit,False,cross,threaded,6,1050
xai,xai-p07,plant,reactive,E,bm25,full,full,explicit,False,cross,threaded,50,1496
xai,xai-p07,plant,reactive,E,emb,full,full,explicit,False,cross,threaded,50,1487
xai,xai-p07,plant,reactive,E,rrf,full,full,explicit,False,cross,threaded,49,1479
xai,xai-p08,plant,proactive,window,-,none,none,cross_ref,False,far,threaded,0,0
xai,xai-p08,plant,proactive,oracle,-,full,full,cross_ref,False,far,threaded,1,99
xai,xai-p08,plant,proactive,A,bm25,full,full,cross_ref,False,far,threaded,36,1474
xai,xai-p08,plant,proactive,A,emb,partial,partial,cross_ref,False,far,threaded,35,1484
xai,xai-p08,plant,proactive,A,rrf,full,full,cross_ref,False,far,threaded,36,1484
xai,xai-p08,plant,proactive,B,bm25,partial,partial,cross_ref,False,far,threaded,6,1409
xai,xai-p08,plant,proactive,B,emb,partial,partial,cross_ref,False,far,threaded,6,1443
xai,xai-p08,plant,proactive,B,rrf,partial,partial,cross_ref,False,far,threaded,6,1426
xai,xai-p08,plant,proactive,C,bm25,partial,partial,cross_ref,False,far,threaded,13,1488
xai,xai-p08,plant,proactive,C,emb,none,none,cross_ref,False,far,threaded,12,1394
xai,xai-p08,plant,proactive,C,rrf,partial,partial,cross_ref,False,far,threaded,13,1498
xai,xai-p08,plant,proactive,Cstar,bm25,full,full,cross_ref,False,far,threaded,21,1423
xai,xai-p08,plant,proactive,Cstar,emb,full,full,cross_ref,False,far,threaded,23,1398
xai,xai-p08,plant,proactive,Cstar,rrf,full,full,cross_ref,False,far,threaded,23,1500
xai,xai-p08,plant,proactive,D,bm25,full,full,cross_ref,False,far,threaded,4,1073
xai,xai-p08,plant,proactive,D,emb,full,full,cross_ref,False,far,threaded,7,1407
xai,xai-p08,plant,proactive,D,rrf,full,full,cross_ref,False,far,threaded,6,1296
xai,xai-p08,plant,proactive,E,bm25,full,full,cross_ref,False,far,threaded,45,1498
xai,xai-p08,plant,proactive,E,emb,full,full,cross_ref,False,far,threaded,41,1474
xai,xai-p08,plant,proactive,E,rrf,full,full,cross_ref,False,far,threaded,42,1481
xai,xai-p08,plant,reactive,window,-,none,none,cross_ref,False,far,threaded,0,0
xai,xai-p08,plant,reactive,oracle,-,full,full,cross_ref,False,far,threaded,1,99
xai,xai-p08,plant,reactive,A,bm25,full,full,cross_ref,False,far,threaded,36,1497
xai,xai-p08,plant,reactive,A,emb,full,full,cross_ref,False,far,threaded,36,1483
xai,xai-p08,plant,reactive,A,rrf,full,full,cross_ref,False,far,threaded,35,1468
xai,xai-p08,plant,reactive,B,bm25,full,full,cross_ref,False,far,threaded,6,1380
xai,xai-p08,plant,reactive,B,emb,full,full,cross_ref,False,far,threaded,7,1479
xai,xai-p08,plant,reactive,B,rrf,full,full,cross_ref,False,far,threaded,6,1406
xai,xai-p08,plant,reactive,C,bm25,full,full,cross_ref,False,far,threaded,14,1453
xai,xai-p08,plant,reactive,C,emb,full,full,cross_ref,False,far,threaded,17,1414
xai,xai-p08,plant,reactive,C,rrf,full,full,cross_ref,False,far,threaded,14,1404
xai,xai-p08,plant,reactive,Cstar,bm25,full,full,cross_ref,False,far,threaded,23,1449
xai,xai-p08,plant,reactive,Cstar,emb,full,full,cross_ref,False,far,threaded,28,1457
xai,xai-p08,plant,reactive,Cstar,rrf,full,full,cross_ref,False,far,threaded,23,1425
xai,xai-p08,plant,reactive,D,bm25,full,full,cross_ref,False,far,threaded,7,1362
xai,xai-p08,plant,reactive,D,emb,full,full,cross_ref,False,far,threaded,9,1333
xai,xai-p08,plant,reactive,D,rrf,full,full,cross_ref,False,far,threaded,7,1340
xai,xai-p08,plant,reactive,E,bm25,full,full,cross_ref,False,far,threaded,46,1493
xai,xai-p08,plant,reactive,E,emb,full,full,cross_ref,False,far,threaded,46,1486
xai,xai-p08,plant,reactive,E,rrf,full,full,cross_ref,False,far,threaded,47,1497
xai,xai-p10,plant,proactive,window,-,none,none,ellipsis,True,cross,interleaved,0,0
xai,xai-p10,plant,proactive,oracle,-,full,full,ellipsis,True,cross,interleaved,2,80
xai,xai-p10,plant,proactive,A,bm25,partial,partial,ellipsis,True,cross,interleaved,36,1487
xai,xai-p10,plant,proactive,A,emb,none,none,ellipsis,True,cross,interleaved,35,1467
xai,xai-p10,plant,proactive,A,rrf,partial,partial,ellipsis,True,cross,interleaved,36,1464
xai,xai-p10,plant,proactive,B,bm25,full,full,ellipsis,True,cross,interleaved,6,1342
xai,xai-p10,plant,proactive,B,emb,full,none,ellipsis,True,cross,interleaved,6,1423
xai,xai-p10,plant,proactive,B,rrf,full,none,ellipsis,True,cross,interleaved,6,1409
xai,xai-p10,plant,proactive,C,bm25,none,none,ellipsis,True,cross,interleaved,11,1418
xai,xai-p10,plant,proactive,C,emb,none,none,ellipsis,True,cross,interleaved,11,1376
xai,xai-p10,plant,proactive,C,rrf,none,none,ellipsis,True,cross,interleaved,11,1385
xai,xai-p10,plant,proactive,Cstar,bm25,full,full,ellipsis,True,cross,interleaved,22,1480
xai,xai-p10,plant,proactive,Cstar,emb,none,none,ellipsis,True,cross,interleaved,18,1469
xai,xai-p10,plant,proactive,Cstar,rrf,none,none,ellipsis,True,cross,interleaved,18,1420
xai,xai-p10,plant,proactive,D,bm25,partial,partial,ellipsis,True,cross,interleaved,4,1301
xai,xai-p10,plant,proactive,D,emb,none,none,ellipsis,True,cross,interleaved,5,1449
xai,xai-p10,plant,proactive,D,rrf,none,none,ellipsis,True,cross,interleaved,3,1108
xai,xai-p10,plant,proactive,E,bm25,full,partial,ellipsis,True,cross,interleaved,44,1479
xai,xai-p10,plant,proactive,E,emb,none,none,ellipsis,True,cross,interleaved,39,1489
xai,xai-p10,plant,proactive,E,rrf,full,none,ellipsis,True,cross,interleaved,41,1484
xai,xai-p10,plant,reactive,window,-,none,none,ellipsis,True,cross,interleaved,0,0
xai,xai-p10,plant,reactive,oracle,-,full,full,ellipsis,True,cross,interleaved,2,80
xai,xai-p10,plant,reactive,A,bm25,partial,partial,ellipsis,True,cross,interleaved,38,1497
xai,xai-p10,plant,reactive,A,emb,full,partial,ellipsis,True,cross,interleaved,38,1495
xai,xai-p10,plant,reactive,A,rrf,full,partial,ellipsis,True,cross,interleaved,38,1467
xai,xai-p10,plant,reactive,B,bm25,full,full,ellipsis,True,cross,interleaved,6,1287
xai,xai-p10,plant,reactive,B,emb,full,full,ellipsis,True,cross,interleaved,6,1280
xai,xai-p10,plant,reactive,B,rrf,full,full,ellipsis,True,cross,interleaved,6,1305
xai,xai-p10,plant,reactive,C,bm25,partial,partial,ellipsis,True,cross,interleaved,15,1444
xai,xai-p10,plant,reactive,C,emb,full,partial,ellipsis,True,cross,interleaved,16,1432
xai,xai-p10,plant,reactive,C,rrf,full,partial,ellipsis,True,cross,interleaved,14,1469
xai,xai-p10,plant,reactive,Cstar,bm25,full,full,ellipsis,True,cross,interleaved,26,1485
xai,xai-p10,plant,reactive,Cstar,emb,full,full,ellipsis,True,cross,interleaved,23,1472
xai,xai-p10,plant,reactive,Cstar,rrf,full,full,ellipsis,True,cross,interleaved,25,1500
xai,xai-p10,plant,reactive,D,bm25,full,partial,ellipsis,True,cross,interleaved,6,1439
xai,xai-p10,plant,reactive,D,emb,full,partial,ellipsis,True,cross,interleaved,5,1473
xai,xai-p10,plant,reactive,D,rrf,full,partial,ellipsis,True,cross,interleaved,5,1328
xai,xai-p10,plant,reactive,E,bm25,full,full,ellipsis,True,cross,interleaved,45,1464
xai,xai-p10,plant,reactive,E,emb,full,full,ellipsis,True,cross,interleaved,43,1467
xai,xai-p10,plant,reactive,E,rrf,full,full,ellipsis,True,cross,interleaved,45,1492
xai,xai-p11,plant,proactive,window,-,none,none,cross_ref,False,cross,threaded,0,0
xai,xai-p11,plant,proactive,oracle,-,full,full,cross_ref,False,cross,threaded,1,99
xai,xai-p11,plant,proactive,A,bm25,partial,partial,cross_ref,False,cross,threaded,36,1469
xai,xai-p11,plant,proactive,A,emb,none,none,cross_ref,False,cross,threaded,36,1481
xai,xai-p11,plant,proactive,A,rrf,partial,partial,cross_ref,False,cross,threaded,36,1473
xai,xai-p11,plant,proactive,B,bm25,none,none,cross_ref,False,cross,threaded,6,1370
xai,xai-p11,plant,proactive,B,emb,none,none,cross_ref,False,cross,threaded,5,1267
xai,xai-p11,plant,proactive,B,rrf,none,none,cross_ref,False,cross,threaded,6,1431
xai,xai-p11,plant,proactive,C,bm25,none,none,cross_ref,False,cross,threaded,13,1498
xai,xai-p11,plant,proactive,C,emb,none,none,cross_ref,False,cross,threaded,12,1462
xai,xai-p11,plant,proactive,C,rrf,none,none,cross_ref,False,cross,threaded,13,1489
xai,xai-p11,plant,proactive,Cstar,bm25,none,none,cross_ref,False,cross,threaded,23,1428
xai,xai-p11,plant,proactive,Cstar,emb,none,none,cross_ref,False,cross,threaded,25,1460
xai,xai-p11,plant,proactive,Cstar,rrf,none,none,cross_ref,False,cross,threaded,23,1466
xai,xai-p11,plant,proactive,D,bm25,partial,partial,cross_ref,False,cross,threaded,4,1362
xai,xai-p11,plant,proactive,D,emb,none,none,cross_ref,False,cross,threaded,4,1228
xai,xai-p11,plant,proactive,D,rrf,partial,partial,cross_ref,False,cross,threaded,4,1403
xai,xai-p11,plant,proactive,E,bm25,none,none,cross_ref,False,cross,threaded,46,1489
xai,xai-p11,plant,proactive,E,emb,full,full,cross_ref,False,cross,threaded,42,1480
xai,xai-p11,plant,proactive,E,rrf,full,full,cross_ref,False,cross,threaded,42,1477
xai,xai-p11,plant,reactive,window,-,none,none,cross_ref,False,cross,threaded,0,0
xai,xai-p11,plant,reactive,oracle,-,full,full,cross_ref,False,cross,threaded,1,99
xai,xai-p11,plant,reactive,A,bm25,full,full,cross_ref,False,cross,threaded,35,1459
xai,xai-p11,plant,reactive,A,emb,full,full,cross_ref,False,cross,threaded,36,1466
xai,xai-p11,plant,reactive,A,rrf,full,full,cross_ref,False,cross,threaded,36,1490
xai,xai-p11,plant,reactive,B,bm25,full,full,cross_ref,False,cross,threaded,6,1395
xai,xai-p11,plant,reactive,B,emb,full,full,cross_ref,False,cross,threaded,6,1462
xai,xai-p11,plant,reactive,B,rrf,full,full,cross_ref,False,cross,threaded,6,1443
xai,xai-p11,plant,reactive,C,bm25,full,full,cross_ref,False,cross,threaded,13,1493
xai,xai-p11,plant,reactive,C,emb,full,full,cross_ref,False,cross,threaded,16,1499
xai,xai-p11,plant,reactive,C,rrf,full,full,cross_ref,False,cross,threaded,13,1406
xai,xai-p11,plant,reactive,Cstar,bm25,full,full,cross_ref,False,cross,threaded,23,1496
xai,xai-p11,plant,reactive,Cstar,emb,full,full,cross_ref,False,cross,threaded,29,1466
xai,xai-p11,plant,reactive,Cstar,rrf,full,full,cross_ref,False,cross,threaded,24,1483
xai,xai-p11,plant,reactive,D,bm25,full,full,cross_ref,False,cross,threaded,7,1438
xai,xai-p11,plant,reactive,D,emb,full,full,cross_ref,False,cross,threaded,7,1403
xai,xai-p11,plant,reactive,D,rrf,full,full,cross_ref,False,cross,threaded,6,1350
xai,xai-p11,plant,reactive,E,bm25,full,full,cross_ref,False,cross,threaded,45,1487
xai,xai-p11,plant,reactive,E,emb,full,full,cross_ref,False,cross,threaded,46,1494
xai,xai-p11,plant,reactive,E,rrf,full,full,cross_ref,False,cross,threaded,47,1490
xai,xai-run_start@t1/005-t2-start,probe_trigger,proactive,window,-,none,none,explicit,False,cross,interleaved,0,0
xai,xai-run_start@t1/005-t2-start,probe_trigger,proactive,oracle,-,full,full,explicit,False,cross,interleaved,1,56
xai,xai-run_start@t1/005-t2-start,probe_trigger,proactive,A,bm25,full,full,explicit,False,cross,interleaved,36,1493
xai,xai-run_start@t1/005-t2-start,probe_trigger,proactive,A,emb,full,full,explicit,False,cross,interleaved,36,1470
xai,xai-run_start@t1/005-t2-start,probe_trigger,proactive,A,rrf,full,full,explicit,False,cross,interleaved,36,1464
xai,xai-run_start@t1/005-t2-start,probe_trigger,proactive,B,bm25,full,full,explicit,False,cross,interleaved,6,1472
xai,xai-run_start@t1/005-t2-start,probe_trigger,proactive,B,emb,full,full,explicit,False,cross,interleaved,5,1250
xai,xai-run_start@t1/005-t2-start,probe_trigger,proactive,B,rrf,full,full,explicit,False,cross,interleaved,5,1250
xai,xai-run_start@t1/005-t2-start,probe_trigger,proactive,C,bm25,full,full,explicit,False,cross,interleaved,12,1465
xai,xai-run_start@t1/005-t2-start,probe_trigger,proactive,C,emb,full,full,explicit,False,cross,interleaved,15,1478
xai,xai-run_start@t1/005-t2-start,probe_trigger,proactive,C,rrf,full,full,explicit,False,cross,interleaved,13,1493
xai,xai-run_start@t1/005-t2-start,probe_trigger,proactive,Cstar,bm25,full,full,explicit,False,cross,interleaved,26,1481
xai,xai-run_start@t1/005-t2-start,probe_trigger,proactive,Cstar,emb,full,full,explicit,False,cross,interleaved,29,1492
xai,xai-run_start@t1/005-t2-start,probe_trigger,proactive,Cstar,rrf,full,full,explicit,False,cross,interleaved,25,1463
xai,xai-run_start@t1/005-t2-start,probe_trigger,proactive,D,bm25,full,full,explicit,False,cross,interleaved,12,1484
xai,xai-run_start@t1/005-t2-start,probe_trigger,proactive,D,emb,full,full,explicit,False,cross,interleaved,12,1413
xai,xai-run_start@t1/005-t2-start,probe_trigger,proactive,D,rrf,full,full,explicit,False,cross,interleaved,12,1454
xai,xai-run_start@t1/005-t2-start,probe_trigger,proactive,E,bm25,full,full,explicit,False,cross,interleaved,47,1487
xai,xai-run_start@t1/005-t2-start,probe_trigger,proactive,E,emb,full,full,explicit,False,cross,interleaved,47,1472
xai,xai-run_start@t1/005-t2-start,probe_trigger,proactive,E,rrf,full,full,explicit,False,cross,interleaved,48,1493
xai,xai-run_start@t1/005-t2-middle,probe_trigger,proactive,window,-,full,none,explicit,True,cross,interleaved,0,0
xai,xai-run_start@t1/005-t2-middle,probe_trigger,proactive,oracle,-,full,full,explicit,True,cross,interleaved,2,90
xai,xai-run_start@t1/005-t2-middle,probe_trigger,proactive,A,bm25,full,full,explicit,True,cross,interleaved,36,1478
xai,xai-run_start@t1/005-t2-middle,probe_trigger,proactive,A,emb,full,full,explicit,True,cross,interleaved,35,1470
xai,xai-run_start@t1/005-t2-middle,probe_trigger,proactive,A,rrf,full,full,explicit,True,cross,interleaved,36,1483
xai,xai-run_start@t1/005-t2-middle,probe_trigger,proactive,B,bm25,full,full,explicit,True,cross,interleaved,6,1402
xai,xai-run_start@t1/005-t2-middle,probe_trigger,proactive,B,emb,full,none,explicit,True,cross,interleaved,5,1280
xai,xai-run_start@t1/005-t2-middle,probe_trigger,proactive,B,rrf,full,full,explicit,True,cross,interleaved,6,1449
xai,xai-run_start@t1/005-t2-middle,probe_trigger,proactive,C,bm25,full,full,explicit,True,cross,interleaved,12,1408
xai,xai-run_start@t1/005-t2-middle,probe_trigger,proactive,C,emb,full,full,explicit,True,cross,interleaved,11,1441
xai,xai-run_start@t1/005-t2-middle,probe_trigger,proactive,C,rrf,full,full,explicit,True,cross,interleaved,11,1469
xai,xai-run_start@t1/005-t2-middle,probe_trigger,proactive,Cstar,bm25,full,full,explicit,True,cross,interleaved,25,1420
xai,xai-run_start@t1/005-t2-middle,probe_trigger,proactive,Cstar,emb,full,full,explicit,True,cross,interleaved,26,1436
xai,xai-run_start@t1/005-t2-middle,probe_trigger,proactive,Cstar,rrf,full,full,explicit,True,cross,interleaved,24,1490
xai,xai-run_start@t1/005-t2-middle,probe_trigger,proactive,D,bm25,full,full,explicit,True,cross,interleaved,8,1454
xai,xai-run_start@t1/005-t2-middle,probe_trigger,proactive,D,emb,full,full,explicit,True,cross,interleaved,8,1445
xai,xai-run_start@t1/005-t2-middle,probe_trigger,proactive,D,rrf,full,full,explicit,True,cross,interleaved,8,1445
xai,xai-run_start@t1/005-t2-middle,probe_trigger,proactive,E,bm25,full,full,explicit,True,cross,interleaved,47,1496
xai,xai-run_start@t1/005-t2-middle,probe_trigger,proactive,E,emb,full,full,explicit,True,cross,interleaved,48,1485
xai,xai-run_start@t1/005-t2-middle,probe_trigger,proactive,E,rrf,full,full,explicit,True,cross,interleaved,48,1493
xai,xai-run_start@t1/005-t3-start,probe_trigger,proactive,window,-,none,none,explicit,True,far,threaded,0,0
xai,xai-run_start@t1/005-t3-start,probe_trigger,proactive,oracle,-,full,full,explicit,True,far,threaded,2,90
xai,xai-run_start@t1/005-t3-start,probe_trigger,proactive,A,bm25,full,full,explicit,True,far,threaded,37,1479
xai,xai-run_start@t1/005-t3-start,probe_trigger,proactive,A,emb,full,full,explicit,True,far,threaded,36,1496
xai,xai-run_start@t1/005-t3-start,probe_trigger,proactive,A,rrf,full,full,explicit,True,far,threaded,36,1464
xai,xai-run_start@t1/005-t3-start,probe_trigger,proactive,B,bm25,full,full,explicit,True,far,threaded,6,1466
xai,xai-run_start@t1/005-t3-start,probe_trigger,proactive,B,emb,full,full,explicit,True,far,threaded,6,1488
xai,xai-run_start@t1/005-t3-start,probe_trigger,proactive,B,rrf,full,full,explicit,True,far,threaded,6,1457
xai,xai-run_start@t1/005-t3-start,probe_trigger,proactive,C,bm25,none,none,explicit,True,far,threaded,12,1493
xai,xai-run_start@t1/005-t3-start,probe_trigger,proactive,C,emb,full,full,explicit,True,far,threaded,11,1417
xai,xai-run_start@t1/005-t3-start,probe_trigger,proactive,C,rrf,full,full,explicit,True,far,threaded,11,1389
xai,xai-run_start@t1/005-t3-start,probe_trigger,proactive,Cstar,bm25,none,none,explicit,True,far,threaded,21,1480
xai,xai-run_start@t1/005-t3-start,probe_trigger,proactive,Cstar,emb,full,full,explicit,True,far,threaded,25,1488
xai,xai-run_start@t1/005-t3-start,probe_trigger,proactive,Cstar,rrf,full,full,explicit,True,far,threaded,23,1461
xai,xai-run_start@t1/005-t3-start,probe_trigger,proactive,D,bm25,full,full,explicit,True,far,threaded,5,1195
xai,xai-run_start@t1/005-t3-start,probe_trigger,proactive,D,emb,full,full,explicit,True,far,threaded,9,1452
xai,xai-run_start@t1/005-t3-start,probe_trigger,proactive,D,rrf,full,full,explicit,True,far,threaded,6,1426
xai,xai-run_start@t1/005-t3-start,probe_trigger,proactive,E,bm25,full,full,explicit,True,far,threaded,46,1488
xai,xai-run_start@t1/005-t3-start,probe_trigger,proactive,E,emb,full,full,explicit,True,far,threaded,50,1468
xai,xai-run_start@t1/005-t3-start,probe_trigger,proactive,E,rrf,full,full,explicit,True,far,threaded,46,1475
xai,xai-node_alloc@t1/009-t2-start,probe_trigger,proactive,window,-,none,none,ellipsis,False,cross,interleaved,0,0
xai,xai-node_alloc@t1/009-t2-start,probe_trigger,proactive,oracle,-,full,full,ellipsis,False,cross,interleaved,1,47
xai,xai-node_alloc@t1/009-t2-start,probe_trigger,proactive,A,bm25,partial,partial,ellipsis,False,cross,interleaved,35,1457
xai,xai-node_alloc@t1/009-t2-start,probe_trigger,proactive,A,emb,full,full,ellipsis,False,cross,interleaved,36,1482
xai,xai-node_alloc@t1/009-t2-start,probe_trigger,proactive,A,rrf,full,full,ellipsis,False,cross,interleaved,36,1471
xai,xai-node_alloc@t1/009-t2-start,probe_trigger,proactive,B,bm25,full,full,ellipsis,False,cross,interleaved,5,1239
xai,xai-node_alloc@t1/009-t2-start,probe_trigger,proactive,B,emb,full,full,ellipsis,False,cross,interleaved,6,1483
xai,xai-node_alloc@t1/009-t2-start,probe_trigger,proactive,B,rrf,full,full,ellipsis,False,cross,interleaved,6,1472
xai,xai-node_alloc@t1/009-t2-start,probe_trigger,proactive,C,bm25,full,full,ellipsis,False,cross,interleaved,13,1394
xai,xai-node_alloc@t1/009-t2-start,probe_trigger,proactive,C,emb,full,full,ellipsis,False,cross,interleaved,15,1475
xai,xai-node_alloc@t1/009-t2-start,probe_trigger,proactive,C,rrf,full,full,ellipsis,False,cross,interleaved,13,1428
xai,xai-node_alloc@t1/009-t2-start,probe_trigger,proactive,Cstar,bm25,full,full,ellipsis,False,cross,interleaved,25,1479
xai,xai-node_alloc@t1/009-t2-start,probe_trigger,proactive,Cstar,emb,full,full,ellipsis,False,cross,interleaved,27,1473
xai,xai-node_alloc@t1/009-t2-start,probe_trigger,proactive,Cstar,rrf,full,full,ellipsis,False,cross,interleaved,26,1484
xai,xai-node_alloc@t1/009-t2-start,probe_trigger,proactive,D,bm25,full,full,ellipsis,False,cross,interleaved,12,1482
xai,xai-node_alloc@t1/009-t2-start,probe_trigger,proactive,D,emb,full,full,ellipsis,False,cross,interleaved,12,1484
xai,xai-node_alloc@t1/009-t2-start,probe_trigger,proactive,D,rrf,full,full,ellipsis,False,cross,interleaved,12,1484
xai,xai-node_alloc@t1/009-t2-start,probe_trigger,proactive,E,bm25,full,full,ellipsis,False,cross,interleaved,47,1487
xai,xai-node_alloc@t1/009-t2-start,probe_trigger,proactive,E,emb,full,full,ellipsis,False,cross,interleaved,47,1482
xai,xai-node_alloc@t1/009-t2-start,probe_trigger,proactive,E,rrf,full,full,ellipsis,False,cross,interleaved,47,1482
xai,xai-node_alloc@t1/009-t2-middle,probe_trigger,proactive,window,-,none,none,ellipsis,False,cross,interleaved,0,0
xai,xai-node_alloc@t1/009-t2-middle,probe_trigger,proactive,oracle,-,full,full,ellipsis,False,cross,interleaved,1,47
xai,xai-node_alloc@t1/009-t2-middle,probe_trigger,proactive,A,bm25,partial,partial,ellipsis,False,cross,interleaved,36,1483
xai,xai-node_alloc@t1/009-t2-middle,probe_trigger,proactive,A,emb,partial,partial,ellipsis,False,cross,interleaved,35,1478
xai,xai-node_alloc@t1/009-t2-middle,probe_trigger,proactive,A,rrf,partial,partial,ellipsis,False,cross,interleaved,35,1475
xai,xai-node_alloc@t1/009-t2-middle,probe_trigger,proactive,B,bm25,full,full,ellipsis,False,cross,interleaved,6,1383
xai,xai-node_alloc@t1/009-t2-middle,probe_trigger,proactive,B,emb,none,none,ellipsis,False,cross,interleaved,5,1281
xai,xai-node_alloc@t1/009-t2-middle,probe_trigger,proactive,B,rrf,none,none,ellipsis,False,cross,interleaved,6,1476
xai,xai-node_alloc@t1/009-t2-middle,probe_trigger,proactive,C,bm25,none,none,ellipsis,False,cross,interleaved,12,1438
xai,xai-node_alloc@t1/009-t2-middle,probe_trigger,proactive,C,emb,none,none,ellipsis,False,cross,interleaved,11,1447
xai,xai-node_alloc@t1/009-t2-middle,probe_trigger,proactive,C,rrf,none,none,ellipsis,False,cross,interleaved,11,1377
xai,xai-node_alloc@t1/009-t2-middle,probe_trigger,proactive,Cstar,bm25,none,none,ellipsis,False,cross,interleaved,26,1469
xai,xai-node_alloc@t1/009-t2-middle,probe_trigger,proactive,Cstar,emb,partial,partial,ellipsis,False,cross,interleaved,25,1497
xai,xai-node_alloc@t1/009-t2-middle,probe_trigger,proactive,Cstar,rrf,partial,partial,ellipsis,False,cross,interleaved,26,1487
xai,xai-node_alloc@t1/009-t2-middle,probe_trigger,proactive,D,bm25,full,full,ellipsis,False,cross,interleaved,9,1494
xai,xai-node_alloc@t1/009-t2-middle,probe_trigger,proactive,D,emb,full,full,ellipsis,False,cross,interleaved,9,1488
xai,xai-node_alloc@t1/009-t2-middle,probe_trigger,proactive,D,rrf,full,full,ellipsis,False,cross,interleaved,9,1445
xai,xai-node_alloc@t1/009-t2-middle,probe_trigger,proactive,E,bm25,partial,partial,ellipsis,False,cross,interleaved,46,1490
xai,xai-node_alloc@t1/009-t2-middle,probe_trigger,proactive,E,emb,full,full,ellipsis,False,cross,interleaved,48,1479
xai,xai-node_alloc@t1/009-t2-middle,probe_trigger,proactive,E,rrf,partial,partial,ellipsis,False,cross,interleaved,45,1476
xai,xai-node_alloc@t1/009-t3-start,probe_trigger,proactive,window,-,none,none,ellipsis,False,far,threaded,0,0
xai,xai-node_alloc@t1/009-t3-start,probe_trigger,proactive,oracle,-,full,full,ellipsis,False,far,threaded,1,47
xai,xai-node_alloc@t1/009-t3-start,probe_trigger,proactive,A,bm25,partial,partial,ellipsis,False,far,threaded,37,1479
xai,xai-node_alloc@t1/009-t3-start,probe_trigger,proactive,A,emb,partial,partial,ellipsis,False,far,threaded,36,1479
xai,xai-node_alloc@t1/009-t3-start,probe_trigger,proactive,A,rrf,partial,partial,ellipsis,False,far,threaded,37,1500
xai,xai-node_alloc@t1/009-t3-start,probe_trigger,proactive,B,bm25,none,none,ellipsis,False,far,threaded,6,1429
xai,xai-node_alloc@t1/009-t3-start,probe_trigger,proactive,B,emb,full,full,ellipsis,False,far,threaded,6,1470
xai,xai-node_alloc@t1/009-t3-start,probe_trigger,proactive,B,rrf,full,full,ellipsis,False,far,threaded,6,1438
xai,xai-node_alloc@t1/009-t3-start,probe_trigger,proactive,C,bm25,none,none,ellipsis,False,far,threaded,12,1442
xai,xai-node_alloc@t1/009-t3-start,probe_trigger,proactive,C,emb,none,none,ellipsis,False,far,threaded,11,1397
xai,xai-node_alloc@t1/009-t3-start,probe_trigger,proactive,C,rrf,none,none,ellipsis,False,far,threaded,11,1368
xai,xai-node_alloc@t1/009-t3-start,probe_trigger,proactive,Cstar,bm25,none,none,ellipsis,False,far,threaded,21,1466
xai,xai-node_alloc@t1/009-t3-start,probe_trigger,proactive,Cstar,emb,partial,partial,ellipsis,False,far,threaded,21,1458
xai,xai-node_alloc@t1/009-t3-start,probe_trigger,proactive,Cstar,rrf,none,none,ellipsis,False,far,threaded,21,1405
xai,xai-node_alloc@t1/009-t3-start,probe_trigger,proactive,D,bm25,full,full,ellipsis,False,far,threaded,5,1404
xai,xai-node_alloc@t1/009-t3-start,probe_trigger,proactive,D,emb,full,full,ellipsis,False,far,threaded,6,1426
xai,xai-node_alloc@t1/009-t3-start,probe_trigger,proactive,D,rrf,full,full,ellipsis,False,far,threaded,6,1415
xai,xai-node_alloc@t1/009-t3-start,probe_trigger,proactive,E,bm25,none,none,ellipsis,False,far,threaded,47,1471
xai,xai-node_alloc@t1/009-t3-start,probe_trigger,proactive,E,emb,partial,partial,ellipsis,False,far,threaded,46,1468
xai,xai-node_alloc@t1/009-t3-start,probe_trigger,proactive,E,rrf,none,none,ellipsis,False,far,threaded,47,1498
xai,xai-node_alloc@t1/009-t3-middle,probe_trigger,proactive,window,-,none,none,ellipsis,False,far,threaded,0,0
xai,xai-node_alloc@t1/009-t3-middle,probe_trigger,proactive,oracle,-,full,full,ellipsis,False,far,threaded,1,47
xai,xai-node_alloc@t1/009-t3-middle,probe_trigger,proactive,A,bm25,partial,partial,ellipsis,False,far,threaded,35,1464
xai,xai-node_alloc@t1/009-t3-middle,probe_trigger,proactive,A,emb,partial,partial,ellipsis,False,far,threaded,34,1465
xai,xai-node_alloc@t1/009-t3-middle,probe_trigger,proactive,A,rrf,partial,partial,ellipsis,False,far,threaded,34,1466
xai,xai-node_alloc@t1/009-t3-middle,probe_trigger,proactive,B,bm25,full,full,ellipsis,False,far,threaded,5,1303
xai,xai-node_alloc@t1/009-t3-middle,probe_trigger,proactive,B,emb,none,none,ellipsis,False,far,threaded,5,1318
xai,xai-node_alloc@t1/009-t3-middle,probe_trigger,proactive,B,rrf,none,none,ellipsis,False,far,threaded,5,1318
xai,xai-node_alloc@t1/009-t3-middle,probe_trigger,proactive,C,bm25,none,none,ellipsis,False,far,threaded,11,1474
xai,xai-node_alloc@t1/009-t3-middle,probe_trigger,proactive,C,emb,none,none,ellipsis,False,far,threaded,12,1423
xai,xai-node_alloc@t1/009-t3-middle,probe_trigger,proactive,C,rrf,none,none,ellipsis,False,far,threaded,11,1470
xai,xai-node_alloc@t1/009-t3-middle,probe_trigger,proactive,Cstar,bm25,full,full,ellipsis,False,far,threaded,22,1490
xai,xai-node_alloc@t1/009-t3-middle,probe_trigger,proactive,Cstar,emb,full,full,ellipsis,False,far,threaded,22,1421
xai,xai-node_alloc@t1/009-t3-middle,probe_trigger,proactive,Cstar,rrf,full,full,ellipsis,False,far,threaded,21,1464
xai,xai-node_alloc@t1/009-t3-middle,probe_trigger,proactive,D,bm25,full,full,ellipsis,False,far,threaded,8,1469
xai,xai-node_alloc@t1/009-t3-middle,probe_trigger,proactive,D,emb,full,full,ellipsis,False,far,threaded,9,1404
xai,xai-node_alloc@t1/009-t3-middle,probe_trigger,proactive,D,rrf,full,full,ellipsis,False,far,threaded,8,1429
xai,xai-node_alloc@t1/009-t3-middle,probe_trigger,proactive,E,bm25,full,full,ellipsis,False,far,threaded,49,1482
xai,xai-node_alloc@t1/009-t3-middle,probe_trigger,proactive,E,emb,full,full,ellipsis,False,far,threaded,43,1488
xai,xai-node_alloc@t1/009-t3-middle,probe_trigger,proactive,E,rrf,full,full,ellipsis,False,far,threaded,45,1478
xai,xai-node_alloc@t1/009-t4-start,probe_trigger,proactive,window,-,none,none,ellipsis,False,cross,interleaved,0,0
xai,xai-node_alloc@t1/009-t4-start,probe_trigger,proactive,oracle,-,full,full,ellipsis,False,cross,interleaved,1,47
xai,xai-node_alloc@t1/009-t4-start,probe_trigger,proactive,A,bm25,partial,partial,ellipsis,False,cross,interleaved,35,1466
xai,xai-node_alloc@t1/009-t4-start,probe_trigger,proactive,A,emb,partial,partial,ellipsis,False,cross,interleaved,35,1474
xai,xai-node_alloc@t1/009-t4-start,probe_trigger,proactive,A,rrf,partial,partial,ellipsis,False,cross,interleaved,35,1477
xai,xai-node_alloc@t1/009-t4-start,probe_trigger,proactive,B,bm25,none,none,ellipsis,False,cross,interleaved,6,1443
xai,xai-node_alloc@t1/009-t4-start,probe_trigger,proactive,B,emb,full,full,ellipsis,False,cross,interleaved,6,1473
xai,xai-node_alloc@t1/009-t4-start,probe_trigger,proactive,B,rrf,full,full,ellipsis,False,cross,interleaved,6,1439
xai,xai-node_alloc@t1/009-t4-start,probe_trigger,proactive,C,bm25,none,none,ellipsis,False,cross,interleaved,11,1443
xai,xai-node_alloc@t1/009-t4-start,probe_trigger,proactive,C,emb,none,none,ellipsis,False,cross,interleaved,11,1395
xai,xai-node_alloc@t1/009-t4-start,probe_trigger,proactive,C,rrf,none,none,ellipsis,False,cross,interleaved,12,1455
xai,xai-node_alloc@t1/009-t4-start,probe_trigger,proactive,Cstar,bm25,none,none,ellipsis,False,cross,interleaved,21,1489
xai,xai-node_alloc@t1/009-t4-start,probe_trigger,proactive,Cstar,emb,full,full,ellipsis,False,cross,interleaved,25,1469
xai,xai-node_alloc@t1/009-t4-start,probe_trigger,proactive,Cstar,rrf,none,none,ellipsis,False,cross,interleaved,21,1446
xai,xai-node_alloc@t1/009-t4-start,probe_trigger,proactive,D,bm25,full,full,ellipsis,False,cross,interleaved,4,1080
xai,xai-node_alloc@t1/009-t4-start,probe_trigger,proactive,D,emb,full,full,ellipsis,False,cross,interleaved,6,1440
xai,xai-node_alloc@t1/009-t4-start,probe_trigger,proactive,D,rrf,full,full,ellipsis,False,cross,interleaved,5,1387
xai,xai-node_alloc@t1/009-t4-start,probe_trigger,proactive,E,bm25,partial,partial,ellipsis,False,cross,interleaved,47,1482
xai,xai-node_alloc@t1/009-t4-start,probe_trigger,proactive,E,emb,partial,partial,ellipsis,False,cross,interleaved,45,1484
xai,xai-node_alloc@t1/009-t4-start,probe_trigger,proactive,E,rrf,partial,partial,ellipsis,False,cross,interleaved,48,1493
xai,xai-node_alloc@t1/009-t4-middle,probe_trigger,proactive,window,-,none,none,ellipsis,False,cross,interleaved,0,0
xai,xai-node_alloc@t1/009-t4-middle,probe_trigger,proactive,oracle,-,full,full,ellipsis,False,cross,interleaved,1,47
xai,xai-node_alloc@t1/009-t4-middle,probe_trigger,proactive,A,bm25,none,none,ellipsis,False,cross,interleaved,36,1490
xai,xai-node_alloc@t1/009-t4-middle,probe_trigger,proactive,A,emb,partial,partial,ellipsis,False,cross,interleaved,34,1464
xai,xai-node_alloc@t1/009-t4-middle,probe_trigger,proactive,A,rrf,partial,partial,ellipsis,False,cross,interleaved,35,1487
xai,xai-node_alloc@t1/009-t4-middle,probe_trigger,proactive,B,bm25,none,none,ellipsis,False,cross,interleaved,6,1460
xai,xai-node_alloc@t1/009-t4-middle,probe_trigger,proactive,B,emb,full,full,ellipsis,False,cross,interleaved,6,1464
xai,xai-node_alloc@t1/009-t4-middle,probe_trigger,proactive,B,rrf,full,full,ellipsis,False,cross,interleaved,6,1465
xai,xai-node_alloc@t1/009-t4-middle,probe_trigger,proactive,C,bm25,none,none,ellipsis,False,cross,interleaved,12,1462
xai,xai-node_alloc@t1/009-t4-middle,probe_trigger,proactive,C,emb,none,none,ellipsis,False,cross,interleaved,12,1500
xai,xai-node_alloc@t1/009-t4-middle,probe_trigger,proactive,C,rrf,none,none,ellipsis,False,cross,interleaved,12,1455
xai,xai-node_alloc@t1/009-t4-middle,probe_trigger,proactive,Cstar,bm25,none,none,ellipsis,False,cross,interleaved,19,1484
xai,xai-node_alloc@t1/009-t4-middle,probe_trigger,proactive,Cstar,emb,partial,partial,ellipsis,False,cross,interleaved,23,1402
xai,xai-node_alloc@t1/009-t4-middle,probe_trigger,proactive,Cstar,rrf,none,none,ellipsis,False,cross,interleaved,21,1466
xai,xai-node_alloc@t1/009-t4-middle,probe_trigger,proactive,D,bm25,none,none,ellipsis,False,cross,interleaved,4,1350
xai,xai-node_alloc@t1/009-t4-middle,probe_trigger,proactive,D,emb,none,none,ellipsis,False,cross,interleaved,7,1479
xai,xai-node_alloc@t1/009-t4-middle,probe_trigger,proactive,D,rrf,none,none,ellipsis,False,cross,interleaved,4,1328
xai,xai-node_alloc@t1/009-t4-middle,probe_trigger,proactive,E,bm25,none,none,ellipsis,False,cross,interleaved,45,1487
xai,xai-node_alloc@t1/009-t4-middle,probe_trigger,proactive,E,emb,full,full,ellipsis,False,cross,interleaved,43,1484
xai,xai-node_alloc@t1/009-t4-middle,probe_trigger,proactive,E,rrf,full,full,ellipsis,False,cross,interleaved,44,1465
xai,xai-node_alloc@t1/009-t5-start,probe_trigger,proactive,window,-,none,none,ellipsis,False,far,flat,0,0
xai,xai-node_alloc@t1/009-t5-start,probe_trigger,proactive,oracle,-,full,full,ellipsis,False,far,flat,1,47
xai,xai-node_alloc@t1/009-t5-start,probe_trigger,proactive,A,bm25,partial,partial,ellipsis,False,far,flat,36,1477
xai,xai-node_alloc@t1/009-t5-start,probe_trigger,proactive,A,emb,partial,partial,ellipsis,False,far,flat,36,1475
xai,xai-node_alloc@t1/009-t5-start,probe_trigger,proactive,A,rrf,partial,partial,ellipsis,False,far,flat,36,1476
xai,xai-node_alloc@t1/009-t5-start,probe_trigger,proactive,B,bm25,full,full,ellipsis,False,far,flat,6,1421
xai,xai-node_alloc@t1/009-t5-start,probe_trigger,proactive,B,emb,full,full,ellipsis,False,far,flat,6,1436
xai,xai-node_alloc@t1/009-t5-start,probe_trigger,proactive,B,rrf,full,full,ellipsis,False,far,flat,6,1438
xai,xai-node_alloc@t1/009-t5-start,probe_trigger,proactive,C,bm25,none,none,ellipsis,False,far,flat,11,1376
xai,xai-node_alloc@t1/009-t5-start,probe_trigger,proactive,C,emb,none,none,ellipsis,False,far,flat,11,1385
xai,xai-node_alloc@t1/009-t5-start,probe_trigger,proactive,C,rrf,none,none,ellipsis,False,far,flat,11,1378
xai,xai-node_alloc@t1/009-t5-start,probe_trigger,proactive,Cstar,bm25,none,none,ellipsis,False,far,flat,21,1443
xai,xai-node_alloc@t1/009-t5-start,probe_trigger,proactive,Cstar,emb,full,full,ellipsis,False,far,flat,24,1467
xai,xai-node_alloc@t1/009-t5-start,probe_trigger,proactive,Cstar,rrf,partial,partial,ellipsis,False,far,flat,22,1457
xai,xai-node_alloc@t1/009-t5-start,probe_trigger,proactive,D,bm25,none,none,ellipsis,False,far,flat,4,1383
xai,xai-node_alloc@t1/009-t5-start,probe_trigger,proactive,D,emb,none,none,ellipsis,False,far,flat,5,1214
xai,xai-node_alloc@t1/009-t5-start,probe_trigger,proactive,D,rrf,none,none,ellipsis,False,far,flat,5,1400
xai,xai-node_alloc@t1/009-t5-start,probe_trigger,proactive,E,bm25,partial,partial,ellipsis,False,far,flat,41,1493
xai,xai-node_alloc@t1/009-t5-start,probe_trigger,proactive,E,emb,partial,partial,ellipsis,False,far,flat,39,1459
xai,xai-node_alloc@t1/009-t5-start,probe_trigger,proactive,E,rrf,partial,partial,ellipsis,False,far,flat,38,1472
xai,xai-node_alloc@t1/009-t5-middle,probe_trigger,proactive,window,-,none,none,ellipsis,False,far,flat,0,0
xai,xai-node_alloc@t1/009-t5-middle,probe_trigger,proactive,oracle,-,full,full,ellipsis,False,far,flat,1,47
xai,xai-node_alloc@t1/009-t5-middle,probe_trigger,proactive,A,bm25,none,none,ellipsis,False,far,flat,36,1462
xai,xai-node_alloc@t1/009-t5-middle,probe_trigger,proactive,A,emb,partial,partial,ellipsis,False,far,flat,34,1466
xai,xai-node_alloc@t1/009-t5-middle,probe_trigger,proactive,A,rrf,partial,partial,ellipsis,False,far,flat,35,1463
xai,xai-node_alloc@t1/009-t5-middle,probe_trigger,proactive,B,bm25,none,none,ellipsis,False,far,flat,6,1333
xai,xai-node_alloc@t1/009-t5-middle,probe_trigger,proactive,B,emb,none,none,ellipsis,False,far,flat,6,1465
xai,xai-node_alloc@t1/009-t5-middle,probe_trigger,proactive,B,rrf,none,none,ellipsis,False,far,flat,6,1402
xai,xai-node_alloc@t1/009-t5-middle,probe_trigger,proactive,C,bm25,none,none,ellipsis,False,far,flat,11,1415
xai,xai-node_alloc@t1/009-t5-middle,probe_trigger,proactive,C,emb,none,none,ellipsis,False,far,flat,12,1496
xai,xai-node_alloc@t1/009-t5-middle,probe_trigger,proactive,C,rrf,none,none,ellipsis,False,far,flat,11,1376
xai,xai-node_alloc@t1/009-t5-middle,probe_trigger,proactive,Cstar,bm25,none,none,ellipsis,False,far,flat,20,1475
xai,xai-node_alloc@t1/009-t5-middle,probe_trigger,proactive,Cstar,emb,none,none,ellipsis,False,far,flat,21,1483
xai,xai-node_alloc@t1/009-t5-middle,probe_trigger,proactive,Cstar,rrf,none,none,ellipsis,False,far,flat,15,1477
xai,xai-node_alloc@t1/009-t5-middle,probe_trigger,proactive,D,bm25,none,none,ellipsis,False,far,flat,4,1233
xai,xai-node_alloc@t1/009-t5-middle,probe_trigger,proactive,D,emb,none,none,ellipsis,False,far,flat,5,1117
xai,xai-node_alloc@t1/009-t5-middle,probe_trigger,proactive,D,rrf,none,none,ellipsis,False,far,flat,3,1086
xai,xai-node_alloc@t1/009-t5-middle,probe_trigger,proactive,E,bm25,none,none,ellipsis,False,far,flat,43,1477
xai,xai-node_alloc@t1/009-t5-middle,probe_trigger,proactive,E,emb,none,none,ellipsis,False,far,flat,39,1491
xai,xai-node_alloc@t1/009-t5-middle,probe_trigger,proactive,E,rrf,none,none,ellipsis,False,far,flat,39,1476
xai,xai-rollback_rule@t1/013-t2-start,probe_trigger,proactive,window,-,none,none,distributed,False,cross,interleaved,0,0
xai,xai-rollback_rule@t1/013-t2-start,probe_trigger,proactive,oracle,-,full,full,distributed,False,cross,interleaved,1,74
xai,xai-rollback_rule@t1/013-t2-start,probe_trigger,proactive,A,bm25,partial,partial,distributed,False,cross,interleaved,35,1455
xai,xai-rollback_rule@t1/013-t2-start,probe_trigger,proactive,A,emb,partial,partial,distributed,False,cross,interleaved,36,1478
xai,xai-rollback_rule@t1/013-t2-start,probe_trigger,proactive,A,rrf,partial,partial,distributed,False,cross,interleaved,35,1474
xai,xai-rollback_rule@t1/013-t2-start,probe_trigger,proactive,B,bm25,full,full,distributed,False,cross,interleaved,7,1433
xai,xai-rollback_rule@t1/013-t2-start,probe_trigger,proactive,B,emb,full,full,distributed,False,cross,interleaved,6,1269
xai,xai-rollback_rule@t1/013-t2-start,probe_trigger,proactive,B,rrf,full,full,distributed,False,cross,interleaved,6,1287
xai,xai-rollback_rule@t1/013-t2-start,probe_trigger,proactive,C,bm25,full,full,distributed,False,cross,interleaved,13,1446
xai,xai-rollback_rule@t1/013-t2-start,probe_trigger,proactive,C,emb,full,full,distributed,False,cross,interleaved,12,1431
xai,xai-rollback_rule@t1/013-t2-start,probe_trigger,proactive,C,rrf,full,full,distributed,False,cross,interleaved,12,1425
xai,xai-rollback_rule@t1/013-t2-start,probe_trigger,proactive,Cstar,bm25,full,full,distributed,False,cross,interleaved,29,1461
xai,xai-rollback_rule@t1/013-t2-start,probe_trigger,proactive,Cstar,emb,full,full,distributed,False,cross,interleaved,26,1484
xai,xai-rollback_rule@t1/013-t2-start,probe_trigger,proactive,Cstar,rrf,full,full,distributed,False,cross,interleaved,28,1423
xai,xai-rollback_rule@t1/013-t2-start,probe_trigger,proactive,D,bm25,full,full,distributed,False,cross,interleaved,11,1442
xai,xai-rollback_rule@t1/013-t2-start,probe_trigger,proactive,D,emb,full,full,distributed,False,cross,interleaved,12,1455
xai,xai-rollback_rule@t1/013-t2-start,probe_trigger,proactive,D,rrf,full,full,distributed,False,cross,interleaved,12,1485
xai,xai-rollback_rule@t1/013-t2-start,probe_trigger,proactive,E,bm25,full,full,distributed,False,cross,interleaved,46,1490
xai,xai-rollback_rule@t1/013-t2-start,probe_trigger,proactive,E,emb,full,full,distributed,False,cross,interleaved,46,1474
xai,xai-rollback_rule@t1/013-t2-start,probe_trigger,proactive,E,rrf,full,full,distributed,False,cross,interleaved,46,1469
xai,xai-rollback_rule@t1/013-t2-middle,probe_trigger,proactive,window,-,none,none,distributed,False,cross,interleaved,0,0
xai,xai-rollback_rule@t1/013-t2-middle,probe_trigger,proactive,oracle,-,full,full,distributed,False,cross,interleaved,1,74
xai,xai-rollback_rule@t1/013-t2-middle,probe_trigger,proactive,A,bm25,full,full,distributed,False,cross,interleaved,36,1462
xai,xai-rollback_rule@t1/013-t2-middle,probe_trigger,proactive,A,emb,partial,partial,distributed,False,cross,interleaved,36,1495
xai,xai-rollback_rule@t1/013-t2-middle,probe_trigger,proactive,A,rrf,partial,partial,distributed,False,cross,interleaved,35,1464
xai,xai-rollback_rule@t1/013-t2-middle,probe_trigger,proactive,B,bm25,full,full,distributed,False,cross,interleaved,6,1435
xai,xai-rollback_rule@t1/013-t2-middle,probe_trigger,proactive,B,emb,full,full,distributed,False,cross,interleaved,6,1490
xai,xai-rollback_rule@t1/013-t2-middle,probe_trigger,proactive,B,rrf,full,full,distributed,False,cross,interleaved,6,1428
xai,xai-rollback_rule@t1/013-t2-middle,probe_trigger,proactive,C,bm25,full,full,distributed,False,cross,interleaved,13,1482
xai,xai-rollback_rule@t1/013-t2-middle,probe_trigger,proactive,C,emb,none,none,distributed,False,cross,interleaved,11,1383
xai,xai-rollback_rule@t1/013-t2-middle,probe_trigger,proactive,C,rrf,full,full,distributed,False,cross,interleaved,12,1451
xai,xai-rollback_rule@t1/013-t2-middle,probe_trigger,proactive,Cstar,bm25,full,full,distributed,False,cross,interleaved,26,1465
xai,xai-rollback_rule@t1/013-t2-middle,probe_trigger,proactive,Cstar,emb,full,full,distributed,False,cross,interleaved,27,1486
xai,xai-rollback_rule@t1/013-t2-middle,probe_trigger,proactive,Cstar,rrf,full,full,distributed,False,cross,interleaved,27,1464
xai,xai-rollback_rule@t1/013-t2-middle,probe_trigger,proactive,D,bm25,full,full,distributed,False,cross,interleaved,8,1460
xai,xai-rollback_rule@t1/013-t2-middle,probe_trigger,proactive,D,emb,full,full,distributed,False,cross,interleaved,9,1446
xai,xai-rollback_rule@t1/013-t2-middle,probe_trigger,proactive,D,rrf,full,full,distributed,False,cross,interleaved,9,1493
xai,xai-rollback_rule@t1/013-t2-middle,probe_trigger,proactive,E,bm25,full,full,distributed,False,cross,interleaved,47,1499
xai,xai-rollback_rule@t1/013-t2-middle,probe_trigger,proactive,E,emb,full,full,distributed,False,cross,interleaved,47,1488
xai,xai-rollback_rule@t1/013-t2-middle,probe_trigger,proactive,E,rrf,full,full,distributed,False,cross,interleaved,47,1494
xai,xai-rollback_rule@t1/013-t3-start,probe_trigger,proactive,window,-,none,none,distributed,False,far,threaded,0,0
xai,xai-rollback_rule@t1/013-t3-start,probe_trigger,proactive,oracle,-,full,full,distributed,False,far,threaded,1,74
xai,xai-rollback_rule@t1/013-t3-start,probe_trigger,proactive,A,bm25,partial,partial,distributed,False,far,threaded,37,1482
xai,xai-rollback_rule@t1/013-t3-start,probe_trigger,proactive,A,emb,partial,partial,distributed,False,far,threaded,36,1453
xai,xai-rollback_rule@t1/013-t3-start,probe_trigger,proactive,A,rrf,partial,partial,distributed,False,far,threaded,37,1497
xai,xai-rollback_rule@t1/013-t3-start,probe_trigger,proactive,B,bm25,full,full,distributed,False,far,threaded,6,1427
xai,xai-rollback_rule@t1/013-t3-start,probe_trigger,proactive,B,emb,full,full,distributed,False,far,threaded,6,1488
xai,xai-rollback_rule@t1/013-t3-start,probe_trigger,proactive,B,rrf,full,full,distributed,False,far,threaded,6,1480
xai,xai-rollback_rule@t1/013-t3-start,probe_trigger,proactive,C,bm25,none,none,distributed,False,far,threaded,12,1454
xai,xai-rollback_rule@t1/013-t3-start,probe_trigger,proactive,C,emb,none,none,distributed,False,far,threaded,11,1407
xai,xai-rollback_rule@t1/013-t3-start,probe_trigger,proactive,C,rrf,none,none,distributed,False,far,threaded,12,1452
xai,xai-rollback_rule@t1/013-t3-start,probe_trigger,proactive,Cstar,bm25,full,full,distributed,False,far,threaded,20,1463
xai,xai-rollback_rule@t1/013-t3-start,probe_trigger,proactive,Cstar,emb,full,full,distributed,False,far,threaded,24,1417
xai,xai-rollback_rule@t1/013-t3-start,probe_trigger,proactive,Cstar,rrf,full,full,distributed,False,far,threaded,22,1463
xai,xai-rollback_rule@t1/013-t3-start,probe_trigger,proactive,D,bm25,full,full,distributed,False,far,threaded,5,1472
xai,xai-rollback_rule@t1/013-t3-start,probe_trigger,proactive,D,emb,full,full,distributed,False,far,threaded,7,1456
xai,xai-rollback_rule@t1/013-t3-start,probe_trigger,proactive,D,rrf,full,full,distributed,False,far,threaded,7,1367
xai,xai-rollback_rule@t1/013-t3-start,probe_trigger,proactive,E,bm25,full,full,distributed,False,far,threaded,48,1498
xai,xai-rollback_rule@t1/013-t3-start,probe_trigger,proactive,E,emb,none,none,distributed,False,far,threaded,48,1499
xai,xai-rollback_rule@t1/013-t3-start,probe_trigger,proactive,E,rrf,full,full,distributed,False,far,threaded,47,1470
xai,xai-rollback_rule@t1/013-t3-middle,probe_trigger,proactive,window,-,none,none,distributed,False,far,threaded,0,0
xai,xai-rollback_rule@t1/013-t3-middle,probe_trigger,proactive,oracle,-,full,full,distributed,False,far,threaded,1,74
xai,xai-rollback_rule@t1/013-t3-middle,probe_trigger,proactive,A,bm25,partial,partial,distributed,False,far,threaded,35,1482
xai,xai-rollback_rule@t1/013-t3-middle,probe_trigger,proactive,A,emb,partial,partial,distributed,False,far,threaded,34,1482
xai,xai-rollback_rule@t1/013-t3-middle,probe_trigger,proactive,A,rrf,partial,partial,distributed,False,far,threaded,34,1485
xai,xai-rollback_rule@t1/013-t3-middle,probe_trigger,proactive,B,bm25,full,full,distributed,False,far,threaded,5,1334
xai,xai-rollback_rule@t1/013-t3-middle,probe_trigger,proactive,B,emb,full,full,distributed,False,far,threaded,5,1316
xai,xai-rollback_rule@t1/013-t3-middle,probe_trigger,proactive,B,rrf,full,full,distributed,False,far,threaded,5,1315
xai,xai-rollback_rule@t1/013-t3-middle,probe_trigger,proactive,C,bm25,none,none,distributed,False,far,threaded,11,1440
xai,xai-rollback_rule@t1/013-t3-middle,probe_trigger,proactive,C,emb,none,none,distributed,False,far,threaded,11,1480
xai,xai-rollback_rule@t1/013-t3-middle,probe_trigger,proactive,C,rrf,none,none,distributed,False,far,threaded,11,1451
xai,xai-rollback_rule@t1/013-t3-middle,probe_trigger,proactive,Cstar,bm25,full,full,distributed,False,far,threaded,21,1471
xai,xai-rollback_rule@t1/013-t3-middle,probe_trigger,proactive,Cstar,emb,full,full,distributed,False,far,threaded,23,1492
xai,xai-rollback_rule@t1/013-t3-middle,probe_trigger,proactive,Cstar,rrf,full,full,distributed,False,far,threaded,22,1455
xai,xai-rollback_rule@t1/013-t3-middle,probe_trigger,proactive,D,bm25,full,full,distributed,False,far,threaded,5,1280
xai,xai-rollback_rule@t1/013-t3-middle,probe_trigger,proactive,D,emb,full,full,distributed,False,far,threaded,7,1288
xai,xai-rollback_rule@t1/013-t3-middle,probe_trigger,proactive,D,rrf,full,full,distributed,False,far,threaded,6,1496
xai,xai-rollback_rule@t1/013-t3-middle,probe_trigger,proactive,E,bm25,partial,partial,distributed,False,far,threaded,46,1480
xai,xai-rollback_rule@t1/013-t3-middle,probe_trigger,proactive,E,emb,partial,partial,distributed,False,far,threaded,42,1478
xai,xai-rollback_rule@t1/013-t3-middle,probe_trigger,proactive,E,rrf,partial,partial,distributed,False,far,threaded,44,1490
xai,xai-rollback_rule@t1/013-t4-start,probe_trigger,proactive,window,-,none,none,distributed,False,cross,interleaved,0,0
xai,xai-rollback_rule@t1/013-t4-start,probe_trigger,proactive,oracle,-,full,full,distributed,False,cross,interleaved,1,74
xai,xai-rollback_rule@t1/013-t4-start,probe_trigger,proactive,A,bm25,none,none,distributed,False,cross,interleaved,36,1464
xai,xai-rollback_rule@t1/013-t4-start,probe_trigger,proactive,A,emb,partial,partial,distributed,False,cross,interleaved,35,1460
xai,xai-rollback_rule@t1/013-t4-start,probe_trigger,proactive,A,rrf,partial,partial,distributed,False,cross,interleaved,36,1497
xai,xai-rollback_rule@t1/013-t4-start,probe_trigger,proactive,B,bm25,none,none,distributed,False,cross,interleaved,6,1431
xai,xai-rollback_rule@t1/013-t4-start,probe_trigger,proactive,B,emb,none,none,distributed,False,cross,interleaved,6,1449
xai,xai-rollback_rule@t1/013-t4-start,probe_trigger,proactive,B,rrf,none,none,distributed,False,cross,interleaved,6,1421
xai,xai-rollback_rule@t1/013-t4-start,probe_trigger,proactive,C,bm25,none,none,distributed,False,cross,interleaved,11,1415
xai,xai-rollback_rule@t1/013-t4-start,probe_trigger,proactive,C,emb,none,none,distributed,False,cross,interleaved,12,1395
xai,xai-rollback_rule@t1/013-t4-start,probe_trigger,proactive,C,rrf,none,none,distributed,False,cross,interleaved,12,1447
xai,xai-rollback_rule@t1/013-t4-start,probe_trigger,proactive,Cstar,bm25,none,none,distributed,False,cross,interleaved,23,1481
xai,xai-rollback_rule@t1/013-t4-start,probe_trigger,proactive,Cstar,emb,none,none,distributed,False,cross,interleaved,24,1458
xai,xai-rollback_rule@t1/013-t4-start,probe_trigger,proactive,Cstar,rrf,none,none,distributed,False,cross,interleaved,23,1487
xai,xai-rollback_rule@t1/013-t4-start,probe_trigger,proactive,D,bm25,none,none,distributed,False,cross,interleaved,5,1211
xai,xai-rollback_rule@t1/013-t4-start,probe_trigger,proactive,D,emb,none,none,distributed,False,cross,interleaved,4,1403
xai,xai-rollback_rule@t1/013-t4-start,probe_trigger,proactive,D,rrf,none,none,distributed,False,cross,interleaved,4,1403
xai,xai-rollback_rule@t1/013-t4-start,probe_trigger,proactive,E,bm25,full,full,distributed,False,cross,interleaved,47,1494
xai,xai-rollback_rule@t1/013-t4-start,probe_trigger,proactive,E,emb,none,none,distributed,False,cross,interleaved,45,1461
xai,xai-rollback_rule@t1/013-t4-start,probe_trigger,proactive,E,rrf,full,full,distributed,False,cross,interleaved,45,1466
xai,xai-rollback_rule@t1/013-t4-middle,probe_trigger,proactive,window,-,none,none,distributed,False,cross,interleaved,0,0
xai,xai-rollback_rule@t1/013-t4-middle,probe_trigger,proactive,oracle,-,full,full,distributed,False,cross,interleaved,1,74
xai,xai-rollback_rule@t1/013-t4-middle,probe_trigger,proactive,A,bm25,partial,partial,distributed,False,cross,interleaved,36,1480
xai,xai-rollback_rule@t1/013-t4-middle,probe_trigger,proactive,A,emb,partial,partial,distributed,False,cross,interleaved,35,1488
xai,xai-rollback_rule@t1/013-t4-middle,probe_trigger,proactive,A,rrf,partial,partial,distributed,False,cross,interleaved,35,1470
xai,xai-rollback_rule@t1/013-t4-middle,probe_trigger,proactive,B,bm25,full,full,distributed,False,cross,interleaved,6,1395
xai,xai-rollback_rule@t1/013-t4-middle,probe_trigger,proactive,B,emb,full,full,distributed,False,cross,interleaved,6,1443
xai,xai-rollback_rule@t1/013-t4-middle,probe_trigger,proactive,B,rrf,full,full,distributed,False,cross,interleaved,6,1426
xai,xai-rollback_rule@t1/013-t4-middle,probe_trigger,proactive,C,bm25,none,none,distributed,False,cross,interleaved,12,1385
xai,xai-rollback_rule@t1/013-t4-middle,probe_trigger,proactive,C,emb,full,full,distributed,False,cross,interleaved,12,1405
xai,xai-rollback_rule@t1/013-t4-middle,probe_trigger,proactive,C,rrf,none,none,distributed,False,cross,interleaved,12,1441
xai,xai-rollback_rule@t1/013-t4-middle,probe_trigger,proactive,Cstar,bm25,full,full,distributed,False,cross,interleaved,23,1467
xai,xai-rollback_rule@t1/013-t4-middle,probe_trigger,proactive,Cstar,emb,full,full,distributed,False,cross,interleaved,21,1373
xai,xai-rollback_rule@t1/013-t4-middle,probe_trigger,proactive,Cstar,rrf,full,full,distributed,False,cross,interleaved,22,1491
xai,xai-rollback_rule@t1/013-t4-middle,probe_trigger,proactive,D,bm25,none,none,distributed,False,cross,interleaved,4,1085
xai,xai-rollback_rule@t1/013-t4-middle,probe_trigger,proactive,D,emb,none,none,distributed,False,cross,interleaved,4,1328
xai,xai-rollback_rule@t1/013-t4-middle,probe_trigger,proactive,D,rrf,none,none,distributed,False,cross,interleaved,4,1073
xai,xai-rollback_rule@t1/013-t4-middle,probe_trigger,proactive,E,bm25,full,full,distributed,False,cross,interleaved,44,1460
xai,xai-rollback_rule@t1/013-t4-middle,probe_trigger,proactive,E,emb,full,full,distributed,False,cross,interleaved,41,1495
xai,xai-rollback_rule@t1/013-t4-middle,probe_trigger,proactive,E,rrf,full,full,distributed,False,cross,interleaved,42,1475
xai,xai-rollback_rule@t1/013-t5-start,probe_trigger,proactive,window,-,none,none,distributed,False,far,flat,0,0
xai,xai-rollback_rule@t1/013-t5-start,probe_trigger,proactive,oracle,-,full,full,distributed,False,far,flat,1,74
xai,xai-rollback_rule@t1/013-t5-start,probe_trigger,proactive,A,bm25,partial,partial,distributed,False,far,flat,36,1476
xai,xai-rollback_rule@t1/013-t5-start,probe_trigger,proactive,A,emb,partial,partial,distributed,False,far,flat,36,1487
xai,xai-rollback_rule@t1/013-t5-start,probe_trigger,proactive,A,rrf,partial,partial,distributed,False,far,flat,35,1459
xai,xai-rollback_rule@t1/013-t5-start,probe_trigger,proactive,B,bm25,full,full,distributed,False,far,flat,6,1459
xai,xai-rollback_rule@t1/013-t5-start,probe_trigger,proactive,B,emb,full,full,distributed,False,far,flat,5,1254
xai,xai-rollback_rule@t1/013-t5-start,probe_trigger,proactive,B,rrf,full,full,distributed,False,far,flat,5,1253
xai,xai-rollback_rule@t1/013-t5-start,probe_trigger,proactive,C,bm25,none,none,distributed,False,far,flat,11,1379
xai,xai-rollback_rule@t1/013-t5-start,probe_trigger,proactive,C,emb,none,none,distributed,False,far,flat,11,1391
xai,xai-rollback_rule@t1/013-t5-start,probe_trigger,proactive,C,rrf,none,none,distributed,False,far,flat,11,1387
xai,xai-rollback_rule@t1/013-t5-start,probe_trigger,proactive,Cstar,bm25,full,full,distributed,False,far,flat,22,1481
xai,xai-rollback_rule@t1/013-t5-start,probe_trigger,proactive,Cstar,emb,full,full,distributed,False,far,flat,26,1467
xai,xai-rollback_rule@t1/013-t5-start,probe_trigger,proactive,Cstar,rrf,full,full,distributed,False,far,flat,23,1471
xai,xai-rollback_rule@t1/013-t5-start,probe_trigger,proactive,D,bm25,none,none,distributed,False,far,flat,4,1383
xai,xai-rollback_rule@t1/013-t5-start,probe_trigger,proactive,D,emb,full,full,distributed,False,far,flat,6,1498
xai,xai-rollback_rule@t1/013-t5-start,probe_trigger,proactive,D,rrf,full,full,distributed,False,far,flat,4,1119
xai,xai-rollback_rule@t1/013-t5-start,probe_trigger,proactive,E,bm25,full,full,distributed,False,far,flat,41,1495
xai,xai-rollback_rule@t1/013-t5-start,probe_trigger,proactive,E,emb,none,none,distributed,False,far,flat,38,1485
xai,xai-rollback_rule@t1/013-t5-start,probe_trigger,proactive,E,rrf,full,full,distributed,False,far,flat,37,1477
xai,xai-rollback_rule@t1/013-t5-middle,probe_trigger,proactive,window,-,none,none,distributed,False,far,flat,0,0
xai,xai-rollback_rule@t1/013-t5-middle,probe_trigger,proactive,oracle,-,full,full,distributed,False,far,flat,1,74
xai,xai-rollback_rule@t1/013-t5-middle,probe_trigger,proactive,A,bm25,partial,partial,distributed,False,far,flat,37,1485
xai,xai-rollback_rule@t1/013-t5-middle,probe_trigger,proactive,A,emb,partial,partial,distributed,False,far,flat,36,1479
xai,xai-rollback_rule@t1/013-t5-middle,probe_trigger,proactive,A,rrf,partial,partial,distributed,False,far,flat,36,1464
xai,xai-rollback_rule@t1/013-t5-middle,probe_trigger,proactive,B,bm25,none,none,distributed,False,far,flat,6,1358
xai,xai-rollback_rule@t1/013-t5-middle,probe_trigger,proactive,B,emb,full,full,distributed,False,far,flat,6,1411
xai,xai-rollback_rule@t1/013-t5-middle,probe_trigger,proactive,B,rrf,none,none,distributed,False,far,flat,6,1386
xai,xai-rollback_rule@t1/013-t5-middle,probe_trigger,proactive,C,bm25,none,none,distributed,False,far,flat,11,1380
xai,xai-rollback_rule@t1/013-t5-middle,probe_trigger,proactive,C,emb,none,none,distributed,False,far,flat,12,1450
xai,xai-rollback_rule@t1/013-t5-middle,probe_trigger,proactive,C,rrf,none,none,distributed,False,far,flat,12,1460
xai,xai-rollback_rule@t1/013-t5-middle,probe_trigger,proactive,Cstar,bm25,full,full,distributed,False,far,flat,20,1466
xai,xai-rollback_rule@t1/013-t5-middle,probe_trigger,proactive,Cstar,emb,full,full,distributed,False,far,flat,20,1466
xai,xai-rollback_rule@t1/013-t5-middle,probe_trigger,proactive,Cstar,rrf,full,full,distributed,False,far,flat,18,1495
xai,xai-rollback_rule@t1/013-t5-middle,probe_trigger,proactive,D,bm25,none,none,distributed,False,far,flat,4,1400
xai,xai-rollback_rule@t1/013-t5-middle,probe_trigger,proactive,D,emb,full,full,distributed,False,far,flat,5,1427
xai,xai-rollback_rule@t1/013-t5-middle,probe_trigger,proactive,D,rrf,none,none,distributed,False,far,flat,4,1239
xai,xai-rollback_rule@t1/013-t5-middle,probe_trigger,proactive,E,bm25,full,full,distributed,False,far,flat,43,1478
xai,xai-rollback_rule@t1/013-t5-middle,probe_trigger,proactive,E,emb,full,full,distributed,False,far,flat,39,1461
xai,xai-rollback_rule@t1/013-t5-middle,probe_trigger,proactive,E,rrf,full,full,distributed,False,far,flat,40,1454
xai,xai-ckpt_cadence@t2/004-t3-start,probe_trigger,proactive,window,-,none,none,reaction,False,cross,threaded,0,0
xai,xai-ckpt_cadence@t2/004-t3-start,probe_trigger,proactive,oracle,-,full,full,reaction,False,cross,threaded,1,47
xai,xai-ckpt_cadence@t2/004-t3-start,probe_trigger,proactive,A,bm25,partial,partial,reaction,False,cross,threaded,37,1467
xai,xai-ckpt_cadence@t2/004-t3-start,probe_trigger,proactive,A,emb,partial,partial,reaction,False,cross,threaded,36,1460
xai,xai-ckpt_cadence@t2/004-t3-start,probe_trigger,proactive,A,rrf,partial,partial,reaction,False,cross,threaded,37,1500
xai,xai-ckpt_cadence@t2/004-t3-start,probe_trigger,proactive,B,bm25,full,full,reaction,False,cross,threaded,6,1444
xai,xai-ckpt_cadence@t2/004-t3-start,probe_trigger,proactive,B,emb,full,full,reaction,False,cross,threaded,6,1459
xai,xai-ckpt_cadence@t2/004-t3-start,probe_trigger,proactive,B,rrf,full,full,reaction,False,cross,threaded,6,1468
xai,xai-ckpt_cadence@t2/004-t3-start,probe_trigger,proactive,C,bm25,none,none,reaction,False,cross,threaded,12,1450
xai,xai-ckpt_cadence@t2/004-t3-start,probe_trigger,proactive,C,emb,none,none,reaction,False,cross,threaded,11,1400
xai,xai-ckpt_cadence@t2/004-t3-start,probe_trigger,proactive,C,rrf,none,none,reaction,False,cross,threaded,12,1475
xai,xai-ckpt_cadence@t2/004-t3-start,probe_trigger,proactive,Cstar,bm25,none,none,reaction,False,cross,threaded,21,1392
xai,xai-ckpt_cadence@t2/004-t3-start,probe_trigger,proactive,Cstar,emb,none,none,reaction,False,cross,threaded,24,1474
xai,xai-ckpt_cadence@t2/004-t3-start,probe_trigger,proactive,Cstar,rrf,none,none,reaction,False,cross,threaded,22,1498
xai,xai-ckpt_cadence@t2/004-t3-start,probe_trigger,proactive,D,bm25,none,none,reaction,False,cross,threaded,4,1194
xai,xai-ckpt_cadence@t2/004-t3-start,probe_trigger,proactive,D,emb,full,full,reaction,False,cross,threaded,7,1455
xai,xai-ckpt_cadence@t2/004-t3-start,probe_trigger,proactive,D,rrf,full,full,reaction,False,cross,threaded,6,1415
xai,xai-ckpt_cadence@t2/004-t3-start,probe_trigger,proactive,E,bm25,full,full,reaction,False,cross,threaded,48,1496
xai,xai-ckpt_cadence@t2/004-t3-start,probe_trigger,proactive,E,emb,none,none,reaction,False,cross,threaded,49,1500
xai,xai-ckpt_cadence@t2/004-t3-start,probe_trigger,proactive,E,rrf,none,none,reaction,False,cross,threaded,46,1469
xai,xai-ckpt_cadence@t2/004-t3-middle,probe_trigger,proactive,window,-,none,none,reaction,False,cross,threaded,0,0
xai,xai-ckpt_cadence@t2/004-t3-middle,probe_trigger,proactive,oracle,-,full,full,reaction,False,cross,threaded,1,47
xai,xai-ckpt_cadence@t2/004-t3-middle,probe_trigger,proactive,A,bm25,partial,partial,reaction,False,cross,threaded,35,1487
xai,xai-ckpt_cadence@t2/004-t3-middle,probe_trigger,proactive,A,emb,none,none,reaction,False,cross,threaded,34,1494
xai,xai-ckpt_cadence@t2/004-t3-middle,probe_trigger,proactive,A,rrf,none,none,reaction,False,cross,threaded,34,1472
xai,xai-ckpt_cadence@t2/004-t3-middle,probe_trigger,proactive,B,bm25,none,none,reaction,False,cross,threaded,5,1321
xai,xai-ckpt_cadence@t2/004-t3-middle,probe_trigger,proactive,B,emb,none,none,reaction,False,cross,threaded,5,1318
xai,xai-ckpt_cadence@t2/004-t3-middle,probe_trigger,proactive,B,rrf,none,none,reaction,False,cross,threaded,5,1315
xai,xai-ckpt_cadence@t2/004-t3-middle,probe_trigger,proactive,C,bm25,none,none,reaction,False,cross,threaded,11,1463
xai,xai-ckpt_cadence@t2/004-t3-middle,probe_trigger,proactive,C,emb,none,none,reaction,False,cross,threaded,12,1411
xai,xai-ckpt_cadence@t2/004-t3-middle,probe_trigger,proactive,C,rrf,none,none,reaction,False,cross,threaded,11,1456
xai,xai-ckpt_cadence@t2/004-t3-middle,probe_trigger,proactive,Cstar,bm25,none,none,reaction,False,cross,threaded,21,1496
xai,xai-ckpt_cadence@t2/004-t3-middle,probe_trigger,proactive,Cstar,emb,none,none,reaction,False,cross,threaded,24,1459
xai,xai-ckpt_cadence@t2/004-t3-middle,probe_trigger,proactive,Cstar,rrf,none,none,reaction,False,cross,threaded,21,1476
xai,xai-ckpt_cadence@t2/004-t3-middle,probe_trigger,proactive,D,bm25,full,full,reaction,False,cross,threaded,6,1442
xai,xai-ckpt_cadence@t2/004-t3-middle,probe_trigger,proactive,D,emb,none,none,reaction,False,cross,threaded,6,1120
xai,xai-ckpt_cadence@t2/004-t3-middle,probe_trigger,proactive,D,rrf,full,full,reaction,False,cross,threaded,7,1294
xai,xai-ckpt_cadence@t2/004-t3-middle,probe_trigger,proactive,E,bm25,full,full,reaction,False,cross,threaded,46,1464
xai,xai-ckpt_cadence@t2/004-t3-middle,probe_trigger,proactive,E,emb,none,none,reaction,False,cross,threaded,42,1474
xai,xai-ckpt_cadence@t2/004-t3-middle,probe_trigger,proactive,E,rrf,none,none,reaction,False,cross,threaded,43,1490
xai,xai-ckpt_cadence@t2/004-t4-start,probe_trigger,proactive,window,-,none,none,reaction,False,far,interleaved,0,0
xai,xai-ckpt_cadence@t2/004-t4-start,probe_trigger,proactive,oracle,-,full,full,reaction,False,far,interleaved,1,47
xai,xai-ckpt_cadence@t2/004-t4-start,probe_trigger,proactive,A,bm25,partial,partial,reaction,False,far,interleaved,36,1489
xai,xai-ckpt_cadence@t2/004-t4-start,probe_trigger,proactive,A,emb,partial,partial,reaction,False,far,interleaved,35,1469
xai,xai-ckpt_cadence@t2/004-t4-start,probe_trigger,proactive,A,rrf,partial,partial,reaction,False,far,interleaved,36,1478
xai,xai-ckpt_cadence@t2/004-t4-start,probe_trigger,proactive,B,bm25,full,full,reaction,False,far,interleaved,6,1394
xai,xai-ckpt_cadence@t2/004-t4-start,probe_trigger,proactive,B,emb,none,none,reaction,False,far,interleaved,6,1465
xai,xai-ckpt_cadence@t2/004-t4-start,probe_trigger,proactive,B,rrf,full,full,reaction,False,far,interleaved,6,1420
xai,xai-ckpt_cadence@t2/004-t4-start,probe_trigger,proactive,C,bm25,full,full,reaction,False,far,interleaved,12,1474
xai,xai-ckpt_cadence@t2/004-t4-start,probe_trigger,proactive,C,emb,none,none,reaction,False,far,interleaved,11,1375
xai,xai-ckpt_cadence@t2/004-t4-start,probe_trigger,proactive,C,rrf,none,none,reaction,False,far,interleaved,12,1458
xai,xai-ckpt_cadence@t2/004-t4-start,probe_trigger,proactive,Cstar,bm25,full,full,reaction,False,far,interleaved,22,1499
xai,xai-ckpt_cadence@t2/004-t4-start,probe_trigger,proactive,Cstar,emb,partial,partial,reaction,False,far,interleaved,26,1461
xai,xai-ckpt_cadence@t2/004-t4-start,probe_trigger,proactive,Cstar,rrf,full,full,reaction,False,far,interleaved,24,1445
xai,xai-ckpt_cadence@t2/004-t4-start,probe_trigger,proactive,D,bm25,full,full,reaction,False,far,interleaved,5,1211
xai,xai-ckpt_cadence@t2/004-t4-start,probe_trigger,proactive,D,emb,none,none,reaction,False,far,interleaved,5,1379
xai,xai-ckpt_cadence@t2/004-t4-start,probe_trigger,proactive,D,rrf,full,full,reaction,False,far,interleaved,6,1467
xai,xai-ckpt_cadence@t2/004-t4-start,probe_trigger,proactive,E,bm25,full,full,reaction,False,far,interleaved,48,1486
xai,xai-ckpt_cadence@t2/004-t4-start,probe_trigger,proactive,E,emb,full,full,reaction,False,far,interleaved,48,1481
xai,xai-ckpt_cadence@t2/004-t4-start,probe_trigger,proactive,E,rrf,full,full,reaction,False,far,interleaved,49,1493
xai,xai-fabric_oncall@t2/008-t3-start,probe_trigger,proactive,window,-,none,none,ellipsis,True,cross,threaded,0,0
xai,xai-fabric_oncall@t2/008-t3-start,probe_trigger,proactive,oracle,-,full,full,ellipsis,True,cross,threaded,2,80
xai,xai-fabric_oncall@t2/008-t3-start,probe_trigger,proactive,A,bm25,partial,partial,ellipsis,True,cross,threaded,37,1478
xai,xai-fabric_oncall@t2/008-t3-start,probe_trigger,proactive,A,emb,full,partial,ellipsis,True,cross,threaded,37,1485
xai,xai-fabric_oncall@t2/008-t3-start,probe_trigger,proactive,A,rrf,full,partial,ellipsis,True,cross,threaded,37,1477
xai,xai-fabric_oncall@t2/008-t3-start,probe_trigger,proactive,B,bm25,full,full,ellipsis,True,cross,threaded,6,1312
xai,xai-fabric_oncall@t2/008-t3-start,probe_trigger,proactive,B,emb,full,none,ellipsis,True,cross,threaded,6,1454
xai,xai-fabric_oncall@t2/008-t3-start,probe_trigger,proactive,B,rrf,full,full,ellipsis,True,cross,threaded,6,1385
xai,xai-fabric_oncall@t2/008-t3-start,probe_trigger,proactive,C,bm25,partial,partial,ellipsis,True,cross,threaded,13,1427
xai,xai-fabric_oncall@t2/008-t3-start,probe_trigger,proactive,C,emb,none,none,ellipsis,True,cross,threaded,12,1483
xai,xai-fabric_oncall@t2/008-t3-start,probe_trigger,proactive,C,rrf,none,none,ellipsis,True,cross,threaded,12,1459
xai,xai-fabric_oncall@t2/008-t3-start,probe_trigger,proactive,Cstar,bm25,full,full,ellipsis,True,cross,threaded,23,1460
xai,xai-fabric_oncall@t2/008-t3-start,probe_trigger,proactive,Cstar,emb,full,partial,ellipsis,True,cross,threaded,23,1446
xai,xai-fabric_oncall@t2/008-t3-start,probe_trigger,proactive,Cstar,rrf,full,full,ellipsis,True,cross,threaded,23,1448
xai,xai-fabric_oncall@t2/008-t3-start,probe_trigger,proactive,D,bm25,full,partial,ellipsis,True,cross,threaded,5,1230
xai,xai-fabric_oncall@t2/008-t3-start,probe_trigger,proactive,D,emb,full,none,ellipsis,True,cross,threaded,6,1494
xai,xai-fabric_oncall@t2/008-t3-start,probe_trigger,proactive,D,rrf,full,partial,ellipsis,True,cross,threaded,7,1481
xai,xai-fabric_oncall@t2/008-t3-start,probe_trigger,proactive,E,bm25,full,full,ellipsis,True,cross,threaded,48,1480
xai,xai-fabric_oncall@t2/008-t3-start,probe_trigger,proactive,E,emb,full,full,ellipsis,True,cross,threaded,50,1495
xai,xai-fabric_oncall@t2/008-t3-start,probe_trigger,proactive,E,rrf,full,full,ellipsis,True,cross,threaded,48,1492
xai,xai-fabric_oncall@t2/008-t3-middle,probe_trigger,proactive,window,-,none,none,ellipsis,True,cross,threaded,0,0
xai,xai-fabric_oncall@t2/008-t3-middle,probe_trigger,proactive,oracle,-,full,full,ellipsis,True,cross,threaded,2,80
xai,xai-fabric_oncall@t2/008-t3-middle,probe_trigger,proactive,A,bm25,partial,partial,ellipsis,True,cross,threaded,35,1467
xai,xai-fabric_oncall@t2/008-t3-middle,probe_trigger,proactive,A,emb,none,none,ellipsis,True,cross,threaded,34,1468
xai,xai-fabric_oncall@t2/008-t3-middle,probe_trigger,proactive,A,rrf,partial,partial,ellipsis,True,cross,threaded,35,1487
xai,xai-fabric_oncall@t2/008-t3-middle,probe_trigger,proactive,B,bm25,none,none,ellipsis,True,cross,threaded,5,1321
xai,xai-fabric_oncall@t2/008-t3-middle,probe_trigger,proactive,B,emb,none,none,ellipsis,True,cross,threaded,5,1304
xai,xai-fabric_oncall@t2/008-t3-middle,probe_trigger,proactive,B,rrf,none,none,ellipsis,True,cross,threaded,5,1324
xai,xai-fabric_oncall@t2/008-t3-middle,probe_trigger,proactive,C,bm25,none,none,ellipsis,True,cross,threaded,11,1461
xai,xai-fabric_oncall@t2/008-t3-middle,probe_trigger,proactive,C,emb,none,none,ellipsis,True,cross,threaded,12,1469
xai,xai-fabric_oncall@t2/008-t3-middle,probe_trigger,proactive,C,rrf,none,none,ellipsis,True,cross,threaded,11,1470
xai,xai-fabric_oncall@t2/008-t3-middle,probe_trigger,proactive,Cstar,bm25,full,full,ellipsis,True,cross,threaded,22,1442
xai,xai-fabric_oncall@t2/008-t3-middle,probe_trigger,proactive,Cstar,emb,none,none,ellipsis,True,cross,threaded,22,1477
xai,xai-fabric_oncall@t2/008-t3-middle,probe_trigger,proactive,Cstar,rrf,none,none,ellipsis,True,cross,threaded,20,1458
xai,xai-fabric_oncall@t2/008-t3-middle,probe_trigger,proactive,D,bm25,none,none,ellipsis,True,cross,threaded,6,1453
xai,xai-fabric_oncall@t2/008-t3-middle,probe_trigger,proactive,D,emb,none,none,ellipsis,True,cross,threaded,6,1364
xai,xai-fabric_oncall@t2/008-t3-middle,probe_trigger,proactive,D,rrf,none,none,ellipsis,True,cross,threaded,5,1400
xai,xai-fabric_oncall@t2/008-t3-middle,probe_trigger,proactive,E,bm25,full,full,ellipsis,True,cross,threaded,49,1481
xai,xai-fabric_oncall@t2/008-t3-middle,probe_trigger,proactive,E,emb,full,full,ellipsis,True,cross,threaded,45,1481
xai,xai-fabric_oncall@t2/008-t3-middle,probe_trigger,proactive,E,rrf,full,full,ellipsis,True,cross,threaded,46,1496
xai,xai-fabric_oncall@t2/008-t4-start,probe_trigger,proactive,window,-,full,none,ellipsis,True,far,interleaved,0,0
xai,xai-fabric_oncall@t2/008-t4-start,probe_trigger,proactive,oracle,-,full,full,ellipsis,True,far,interleaved,2,80
xai,xai-fabric_oncall@t2/008-t4-start,probe_trigger,proactive,A,bm25,full,partial,ellipsis,True,far,interleaved,37,1490
xai,xai-fabric_oncall@t2/008-t4-start,probe_trigger,proactive,A,emb,full,partial,ellipsis,True,far,interleaved,36,1467
xai,xai-fabric_oncall@t2/008-t4-start,probe_trigger,proactive,A,rrf,full,partial,ellipsis,True,far,interleaved,36,1492
xai,xai-fabric_oncall@t2/008-t4-start,probe_trigger,proactive,B,bm25,full,full,ellipsis,True,far,interleaved,6,1410
xai,xai-fabric_oncall@t2/008-t4-start,probe_trigger,proactive,B,emb,full,full,ellipsis,True,far,interleaved,6,1378
xai,xai-fabric_oncall@t2/008-t4-start,probe_trigger,proactive,B,rrf,full,full,ellipsis,True,far,interleaved,6,1362
xai,xai-fabric_oncall@t2/008-t4-start,probe_trigger,proactive,C,bm25,full,partial,ellipsis,True,far,interleaved,11,1400
xai,xai-fabric_oncall@t2/008-t4-start,probe_trigger,proactive,C,emb,full,partial,ellipsis,True,far,interleaved,13,1469
xai,xai-fabric_oncall@t2/008-t4-start,probe_trigger,proactive,C,rrf,full,partial,ellipsis,True,far,interleaved,12,1470
xai,xai-fabric_oncall@t2/008-t4-start,probe_trigger,proactive,Cstar,bm25,full,none,ellipsis,True,far,interleaved,22,1447
xai,xai-fabric_oncall@t2/008-t4-start,probe_trigger,proactive,Cstar,emb,full,full,ellipsis,True,far,interleaved,24,1467
xai,xai-fabric_oncall@t2/008-t4-start,probe_trigger,proactive,Cstar,rrf,full,full,ellipsis,True,far,interleaved,22,1386
xai,xai-fabric_oncall@t2/008-t4-start,probe_trigger,proactive,D,bm25,full,none,ellipsis,True,far,interleaved,4,1182
xai,xai-fabric_oncall@t2/008-t4-start,probe_trigger,proactive,D,emb,full,partial,ellipsis,True,far,interleaved,5,1251
xai,xai-fabric_oncall@t2/008-t4-start,probe_trigger,proactive,D,rrf,full,none,ellipsis,True,far,interleaved,4,1182
xai,xai-fabric_oncall@t2/008-t4-start,probe_trigger,proactive,E,bm25,full,full,ellipsis,True,far,interleaved,48,1493
xai,xai-fabric_oncall@t2/008-t4-start,probe_trigger,proactive,E,emb,full,full,ellipsis,True,far,interleaved,48,1500
xai,xai-fabric_oncall@t2/008-t4-start,probe_trigger,proactive,E,rrf,full,full,ellipsis,True,far,interleaved,47,1487
xai,xai-fabric_oncall@t2/008-t4-middle,probe_trigger,proactive,window,-,none,none,ellipsis,True,far,interleaved,0,0
xai,xai-fabric_oncall@t2/008-t4-middle,probe_trigger,proactive,oracle,-,full,full,ellipsis,True,far,interleaved,2,80
xai,xai-fabric_oncall@t2/008-t4-middle,probe_trigger,proactive,A,bm25,partial,partial,ellipsis,True,far,interleaved,37,1494
xai,xai-fabric_oncall@t2/008-t4-middle,probe_trigger,proactive,A,emb,full,none,ellipsis,True,far,interleaved,35,1461
xai,xai-fabric_oncall@t2/008-t4-middle,probe_trigger,proactive,A,rrf,partial,partial,ellipsis,True,far,interleaved,36,1499
xai,xai-fabric_oncall@t2/008-t4-middle,probe_trigger,proactive,B,bm25,full,none,ellipsis,True,far,interleaved,6,1448
xai,xai-fabric_oncall@t2/008-t4-middle,probe_trigger,proactive,B,emb,full,none,ellipsis,True,far,interleaved,5,1254
xai,xai-fabric_oncall@t2/008-t4-middle,probe_trigger,proactive,B,rrf,full,none,ellipsis,True,far,interleaved,6,1474
xai,xai-fabric_oncall@t2/008-t4-middle,probe_trigger,proactive,C,bm25,none,none,ellipsis,True,far,interleaved,12,1396
xai,xai-fabric_oncall@t2/008-t4-middle,probe_trigger,proactive,C,emb,none,none,ellipsis,True,far,interleaved,12,1474
xai,xai-fabric_oncall@t2/008-t4-middle,probe_trigger,proactive,C,rrf,none,none,ellipsis,True,far,interleaved,12,1440
xai,xai-fabric_oncall@t2/008-t4-middle,probe_trigger,proactive,Cstar,bm25,none,none,ellipsis,True,far,interleaved,18,1495
xai,xai-fabric_oncall@t2/008-t4-middle,probe_trigger,proactive,Cstar,emb,none,none,ellipsis,True,far,interleaved,25,1496
xai,xai-fabric_oncall@t2/008-t4-middle,probe_trigger,proactive,Cstar,rrf,none,none,ellipsis,True,far,interleaved,21,1411
xai,xai-fabric_oncall@t2/008-t4-middle,probe_trigger,proactive,D,bm25,none,none,ellipsis,True,far,interleaved,4,1350
xai,xai-fabric_oncall@t2/008-t4-middle,probe_trigger,proactive,D,emb,none,none,ellipsis,True,far,interleaved,4,1199
xai,xai-fabric_oncall@t2/008-t4-middle,probe_trigger,proactive,D,rrf,none,none,ellipsis,True,far,interleaved,3,1156
xai,xai-fabric_oncall@t2/008-t4-middle,probe_trigger,proactive,E,bm25,full,partial,ellipsis,True,far,interleaved,46,1500
xai,xai-fabric_oncall@t2/008-t4-middle,probe_trigger,proactive,E,emb,full,full,ellipsis,True,far,interleaved,44,1497
xai,xai-fabric_oncall@t2/008-t4-middle,probe_trigger,proactive,E,rrf,full,full,ellipsis,True,far,interleaved,45,1494
xai,xai-fabric_oncall@t2/008-t5-start,probe_trigger,proactive,window,-,none,none,ellipsis,True,cross,flat,0,0
xai,xai-fabric_oncall@t2/008-t5-start,probe_trigger,proactive,oracle,-,full,full,ellipsis,True,cross,flat,2,80
xai,xai-fabric_oncall@t2/008-t5-start,probe_trigger,proactive,A,bm25,partial,partial,ellipsis,True,cross,flat,36,1463
xai,xai-fabric_oncall@t2/008-t5-start,probe_trigger,proactive,A,emb,full,none,ellipsis,True,cross,flat,36,1469
xai,xai-fabric_oncall@t2/008-t5-start,probe_trigger,proactive,A,rrf,partial,partial,ellipsis,True,cross,flat,37,1468
xai,xai-fabric_oncall@t2/008-t5-start,probe_trigger,proactive,B,bm25,full,full,ellipsis,True,cross,flat,6,1391
xai,xai-fabric_oncall@t2/008-t5-start,probe_trigger,proactive,B,emb,none,none,ellipsis,True,cross,flat,6,1492
xai,xai-fabric_oncall@t2/008-t5-start,probe_trigger,proactive,B,rrf,none,none,ellipsis,True,cross,flat,6,1461
xai,xai-fabric_oncall@t2/008-t5-start,probe_trigger,proactive,C,bm25,none,none,ellipsis,True,cross,flat,11,1414
xai,xai-fabric_oncall@t2/008-t5-start,probe_trigger,proactive,C,emb,none,none,ellipsis,True,cross,flat,11,1398
xai,xai-fabric_oncall@t2/008-t5-start,probe_trigger,proactive,C,rrf,none,none,ellipsis,True,cross,flat,11,1393
xai,xai-fabric_oncall@t2/008-t5-start,probe_trigger,proactive,Cstar,bm25,partial,partial,ellipsis,True,cross,flat,23,1491
xai,xai-fabric_oncall@t2/008-t5-start,probe_trigger,proactive,Cstar,emb,none,none,ellipsis,True,cross,flat,27,1472
xai,xai-fabric_oncall@t2/008-t5-start,probe_trigger,proactive,Cstar,rrf,partial,partial,ellipsis,True,cross,flat,23,1430
xai,xai-fabric_oncall@t2/008-t5-start,probe_trigger,proactive,D,bm25,none,none,ellipsis,True,cross,flat,3,1221
xai,xai-fabric_oncall@t2/008-t5-start,probe_trigger,proactive,D,emb,none,none,ellipsis,True,cross,flat,4,1373
xai,xai-fabric_oncall@t2/008-t5-start,probe_trigger,proactive,D,rrf,none,none,ellipsis,True,cross,flat,3,1221
xai,xai-fabric_oncall@t2/008-t5-start,probe_trigger,proactive,E,bm25,partial,partial,ellipsis,True,cross,flat,41,1466
xai,xai-fabric_oncall@t2/008-t5-start,probe_trigger,proactive,E,emb,full,full,ellipsis,True,cross,flat,41,1474
xai,xai-fabric_oncall@t2/008-t5-start,probe_trigger,proactive,E,rrf,partial,partial,ellipsis,True,cross,flat,40,1475
xai,xai-fabric_oncall@t2/008-t5-middle,probe_trigger,proactive,window,-,none,none,ellipsis,True,cross,flat,0,0
xai,xai-fabric_oncall@t2/008-t5-middle,probe_trigger,proactive,oracle,-,full,full,ellipsis,True,cross,flat,2,80
xai,xai-fabric_oncall@t2/008-t5-middle,probe_trigger,proactive,A,bm25,partial,partial,ellipsis,True,cross,flat,37,1499
xai,xai-fabric_oncall@t2/008-t5-middle,probe_trigger,proactive,A,emb,full,none,ellipsis,True,cross,flat,36,1497
xai,xai-fabric_oncall@t2/008-t5-middle,probe_trigger,proactive,A,rrf,partial,partial,ellipsis,True,cross,flat,35,1469
xai,xai-fabric_oncall@t2/008-t5-middle,probe_trigger,proactive,B,bm25,full,full,ellipsis,True,cross,flat,6,1278
xai,xai-fabric_oncall@t2/008-t5-middle,probe_trigger,proactive,B,emb,full,none,ellipsis,True,cross,flat,6,1406
xai,xai-fabric_oncall@t2/008-t5-middle,probe_trigger,proactive,B,rrf,full,full,ellipsis,True,cross,flat,6,1356
xai,xai-fabric_oncall@t2/008-t5-middle,probe_trigger,proactive,C,bm25,partial,partial,ellipsis,True,cross,flat,13,1474
xai,xai-fabric_oncall@t2/008-t5-middle,probe_trigger,proactive,C,emb,none,none,ellipsis,True,cross,flat,12,1433
xai,xai-fabric_oncall@t2/008-t5-middle,probe_trigger,proactive,C,rrf,none,none,ellipsis,True,cross,flat,12,1488
xai,xai-fabric_oncall@t2/008-t5-middle,probe_trigger,proactive,Cstar,bm25,full,full,ellipsis,True,cross,flat,20,1432
xai,xai-fabric_oncall@t2/008-t5-middle,probe_trigger,proactive,Cstar,emb,none,none,ellipsis,True,cross,flat,19,1475
xai,xai-fabric_oncall@t2/008-t5-middle,probe_trigger,proactive,Cstar,rrf,partial,partial,ellipsis,True,cross,flat,18,1464
xai,xai-fabric_oncall@t2/008-t5-middle,probe_trigger,proactive,D,bm25,full,partial,ellipsis,True,cross,flat,5,1269
xai,xai-fabric_oncall@t2/008-t5-middle,probe_trigger,proactive,D,emb,none,none,ellipsis,True,cross,flat,5,1449
xai,xai-fabric_oncall@t2/008-t5-middle,probe_trigger,proactive,D,rrf,full,none,ellipsis,True,cross,flat,4,1400
xai,xai-fabric_oncall@t2/008-t5-middle,probe_trigger,proactive,E,bm25,full,full,ellipsis,True,cross,flat,43,1500
xai,xai-fabric_oncall@t2/008-t5-middle,probe_trigger,proactive,E,emb,full,none,ellipsis,True,cross,flat,40,1486
xai,xai-fabric_oncall@t2/008-t5-middle,probe_trigger,proactive,E,rrf,full,full,ellipsis,True,cross,flat,40,1476
xai,xai-run_start@t3/008-t4-start,probe_trigger,proactive,window,-,none,none,correction,True,cross,interleaved,0,0
xai,xai-run_start@t3/008-t4-start,probe_trigger,proactive,oracle,-,full,full,correction,True,cross,interleaved,2,132
xai,xai-run_start@t3/008-t4-start,probe_trigger,proactive,A,bm25,partial,partial,correction,True,cross,interleaved,36,1500
xai,xai-run_start@t3/008-t4-start,probe_trigger,proactive,A,emb,full,full,correction,True,cross,interleaved,35,1459
xai,xai-run_start@t3/008-t4-start,probe_trigger,proactive,A,rrf,full,partial,correction,True,cross,interleaved,35,1476
xai,xai-run_start@t3/008-t4-start,probe_trigger,proactive,B,bm25,none,none,correction,True,cross,interleaved,6,1428
xai,xai-run_start@t3/008-t4-start,probe_trigger,proactive,B,emb,none,none,correction,True,cross,interleaved,5,1284
xai,xai-run_start@t3/008-t4-start,probe_trigger,proactive,B,rrf,full,full,correction,True,cross,interleaved,6,1467
xai,xai-run_start@t3/008-t4-start,probe_trigger,proactive,C,bm25,none,none,correction,True,cross,interleaved,12,1460
xai,xai-run_start@t3/008-t4-start,probe_trigger,proactive,C,emb,full,full,correction,True,cross,interleaved,12,1457
xai,xai-run_start@t3/008-t4-start,probe_trigger,proactive,C,rrf,none,none,correction,True,cross,interleaved,12,1474
xai,xai-run_start@t3/008-t4-start,probe_trigger,proactive,Cstar,bm25,full,full,correction,True,cross,interleaved,21,1473
xai,xai-run_start@t3/008-t4-start,probe_trigger,proactive,Cstar,emb,full,full,correction,True,cross,interleaved,23,1470
xai,xai-run_start@t3/008-t4-start,probe_trigger,proactive,Cstar,rrf,full,full,correction,True,cross,interleaved,21,1466
xai,xai-run_start@t3/008-t4-start,probe_trigger,proactive,D,bm25,none,none,correction,True,cross,interleaved,4,1182
xai,xai-run_start@t3/008-t4-start,probe_trigger,proactive,D,emb,full,partial,correction,True,cross,interleaved,6,1430
xai,xai-run_start@t3/008-t4-start,probe_trigger,proactive,D,rrf,full,partial,correction,True,cross,interleaved,5,1387
xai,xai-run_start@t3/008-t4-start,probe_trigger,proactive,E,bm25,full,full,correction,True,cross,interleaved,47,1480
xai,xai-run_start@t3/008-t4-start,probe_trigger,proactive,E,emb,full,full,correction,True,cross,interleaved,48,1480
xai,xai-run_start@t3/008-t4-start,probe_trigger,proactive,E,rrf,full,full,correction,True,cross,interleaved,47,1492
xai,xai-run_start@t3/008-t4-middle,probe_trigger,proactive,window,-,full,none,correction,True,cross,interleaved,0,0
xai,xai-run_start@t3/008-t4-middle,probe_trigger,proactive,oracle,-,full,full,correction,True,cross,interleaved,3,166
xai,xai-run_start@t3/008-t4-middle,probe_trigger,proactive,A,bm25,full,partial,correction,True,cross,interleaved,36,1472
xai,xai-run_start@t3/008-t4-middle,probe_trigger,proactive,A,emb,full,partial,correction,True,cross,interleaved,34,1486
xai,xai-run_start@t3/008-t4-middle,probe_trigger,proactive,A,rrf,full,partial,correction,True,cross,interleaved,34,1463
xai,xai-run_start@t3/008-t4-middle,probe_trigger,proactive,B,bm25,full,full,correction,True,cross,interleaved,6,1461
xai,xai-run_start@t3/008-t4-middle,probe_trigger,proactive,B,emb,full,full,correction,True,cross,interleaved,5,1271
xai,xai-run_start@t3/008-t4-middle,probe_trigger,proactive,B,rrf,full,full,correction,True,cross,interleaved,6,1484
xai,xai-run_start@t3/008-t4-middle,probe_trigger,proactive,C,bm25,full,partial,correction,True,cross,interleaved,12,1447
xai,xai-run_start@t3/008-t4-middle,probe_trigger,proactive,C,emb,full,full,correction,True,cross,interleaved,11,1392
xai,xai-run_start@t3/008-t4-middle,probe_trigger,proactive,C,rrf,full,full,correction,True,cross,interleaved,12,1478
xai,xai-run_start@t3/008-t4-middle,probe_trigger,proactive,Cstar,bm25,full,none,correction,True,cross,interleaved,20,1495
xai,xai-run_start@t3/008-t4-middle,probe_trigger,proactive,Cstar,emb,full,full,correction,True,cross,interleaved,23,1487
xai,xai-run_start@t3/008-t4-middle,probe_trigger,proactive,Cstar,rrf,full,full,correction,True,cross,interleaved,20,1484
xai,xai-run_start@t3/008-t4-middle,probe_trigger,proactive,D,bm25,full,none,correction,True,cross,interleaved,4,1350
xai,xai-run_start@t3/008-t4-middle,probe_trigger,proactive,D,emb,full,partial,correction,True,cross,interleaved,4,1340
xai,xai-run_start@t3/008-t4-middle,probe_trigger,proactive,D,rrf,full,partial,correction,True,cross,interleaved,4,1340
xai,xai-run_start@t3/008-t4-middle,probe_trigger,proactive,E,bm25,full,full,correction,True,cross,interleaved,44,1492
xai,xai-run_start@t3/008-t4-middle,probe_trigger,proactive,E,emb,full,full,correction,True,cross,interleaved,43,1476
xai,xai-run_start@t3/008-t4-middle,probe_trigger,proactive,E,rrf,full,full,correction,True,cross,interleaved,41,1475
xai,xai-run_start@t3/008-t5-start,probe_trigger,proactive,window,-,none,none,correction,True,far,flat,0,0
xai,xai-run_start@t3/008-t5-start,probe_trigger,proactive,oracle,-,full,full,correction,True,far,flat,3,166
xai,xai-run_start@t3/008-t5-start,probe_trigger,proactive,A,bm25,none,none,correction,True,far,flat,37,1476
xai,xai-run_start@t3/008-t5-start,probe_trigger,proactive,A,emb,full,none,correction,True,far,flat,35,1458
xai,xai-run_start@t3/008-t5-start,probe_trigger,proactive,A,rrf,full,none,correction,True,far,flat,36,1472
xai,xai-run_start@t3/008-t5-start,probe_trigger,proactive,B,bm25,none,none,correction,True,far,flat,6,1454
xai,xai-run_start@t3/008-t5-start,probe_trigger,proactive,B,emb,none,none,correction,True,far,flat,5,1241
xai,xai-run_start@t3/008-t5-start,probe_trigger,proactive,B,rrf,none,none,correction,True,far,flat,6,1495
xai,xai-run_start@t3/008-t5-start,probe_trigger,proactive,C,bm25,none,none,correction,True,far,flat,12,1450
xai,xai-run_start@t3/008-t5-start,probe_trigger,proactive,C,emb,none,none,correction,True,far,flat,11,1455
xai,xai-run_start@t3/008-t5-start,probe_trigger,proactive,C,rrf,none,none,correction,True,far,flat,11,1443
xai,xai-run_start@t3/008-t5-start,probe_trigger,proactive,Cstar,bm25,none,none,correction,True,far,flat,23,1448
xai,xai-run_start@t3/008-t5-start,probe_trigger,proactive,Cstar,emb,full,full,correction,True,far,flat,21,1492
xai,xai-run_start@t3/008-t5-start,probe_trigger,proactive,Cstar,rrf,none,none,correction,True,far,flat,23,1490
xai,xai-run_start@t3/008-t5-start,probe_trigger,proactive,D,bm25,full,none,correction,True,far,flat,4,1343
xai,xai-run_start@t3/008-t5-start,probe_trigger,proactive,D,emb,full,partial,correction,True,far,flat,4,1373
xai,xai-run_start@t3/008-t5-start,probe_trigger,proactive,D,rrf,full,partial,correction,True,far,flat,4,1373
xai,xai-run_start@t3/008-t5-start,probe_trigger,proactive,E,bm25,full,full,correction,True,far,flat,40,1467
xai,xai-run_start@t3/008-t5-start,probe_trigger,proactive,E,emb,full,full,correction,True,far,flat,41,1478
xai,xai-run_start@t3/008-t5-start,probe_trigger,proactive,E,rrf,full,full,correction,True,far,flat,40,1484
xai,xai-run_start@t3/008-t5-middle,probe_trigger,proactive,window,-,none,none,correction,True,far,flat,0,0
xai,xai-run_start@t3/008-t5-middle,probe_trigger,proactive,oracle,-,full,full,correction,True,far,flat,3,166
xai,xai-run_start@t3/008-t5-middle,probe_trigger,proactive,A,bm25,full,none,correction,True,far,flat,36,1483
xai,xai-run_start@t3/008-t5-middle,probe_trigger,proactive,A,emb,none,none,correction,True,far,flat,35,1478
xai,xai-run_start@t3/008-t5-middle,probe_trigger,proactive,A,rrf,full,none,correction,True,far,flat,35,1491
xai,xai-run_start@t3/008-t5-middle,probe_trigger,proactive,B,bm25,full,full,correction,True,far,flat,6,1333
xai,xai-run_start@t3/008-t5-middle,probe_trigger,proactive,B,emb,full,none,correction,True,far,flat,6,1412
xai,xai-run_start@t3/008-t5-middle,probe_trigger,proactive,B,rrf,none,none,correction,True,far,flat,6,1406
xai,xai-run_start@t3/008-t5-middle,probe_trigger,proactive,C,bm25,none,none,correction,True,far,flat,12,1448
xai,xai-run_start@t3/008-t5-middle,probe_trigger,proactive,C,emb,none,none,correction,True,far,flat,12,1492
xai,xai-run_start@t3/008-t5-middle,probe_trigger,proactive,C,rrf,none,none,correction,True,far,flat,12,1498
xai,xai-run_start@t3/008-t5-middle,probe_trigger,proactive,Cstar,bm25,full,none,correction,True,far,flat,20,1481
xai,xai-run_start@t3/008-t5-middle,probe_trigger,proactive,Cstar,emb,none,none,correction,True,far,flat,21,1493
xai,xai-run_start@t3/008-t5-middle,probe_trigger,proactive,Cstar,rrf,none,none,correction,True,far,flat,15,1417
xai,xai-run_start@t3/008-t5-middle,probe_trigger,proactive,D,bm25,full,none,correction,True,far,flat,4,1245
xai,xai-run_start@t3/008-t5-middle,probe_trigger,proactive,D,emb,full,none,correction,True,far,flat,5,1449
xai,xai-run_start@t3/008-t5-middle,probe_trigger,proactive,D,rrf,full,none,correction,True,far,flat,4,1415
xai,xai-run_start@t3/008-t5-middle,probe_trigger,proactive,E,bm25,full,full,correction,True,far,flat,44,1483
xai,xai-run_start@t3/008-t5-middle,probe_trigger,proactive,E,emb,full,full,correction,True,far,flat,39,1495
xai,xai-run_start@t3/008-t5-middle,probe_trigger,proactive,E,rrf,full,full,correction,True,far,flat,39,1470
xai,xai-ckpt_cadence@t4/005-t5-start,probe_trigger,proactive,window,-,partial,partial,cross_ref,False,cross,flat,0,0
xai,xai-ckpt_cadence@t4/005-t5-start,probe_trigger,proactive,oracle,-,full,full,cross_ref,False,cross,flat,1,99
xai,xai-ckpt_cadence@t4/005-t5-start,probe_trigger,proactive,A,bm25,full,full,cross_ref,False,cross,flat,35,1462
xai,xai-ckpt_cadence@t4/005-t5-start,probe_trigger,proactive,A,emb,full,full,cross_ref,False,cross,flat,36,1479
xai,xai-ckpt_cadence@t4/005-t5-start,probe_trigger,proactive,A,rrf,full,full,cross_ref,False,cross,flat,36,1491
xai,xai-ckpt_cadence@t4/005-t5-start,probe_trigger,proactive,B,bm25,full,full,cross_ref,False,cross,flat,6,1423
xai,xai-ckpt_cadence@t4/005-t5-start,probe_trigger,proactive,B,emb,partial,partial,cross_ref,False,cross,flat,6,1467
xai,xai-ckpt_cadence@t4/005-t5-start,probe_trigger,proactive,B,rrf,full,full,cross_ref,False,cross,flat,6,1464
xai,xai-ckpt_cadence@t4/005-t5-start,probe_trigger,proactive,C,bm25,full,full,cross_ref,False,cross,flat,11,1452
xai,xai-ckpt_cadence@t4/005-t5-start,probe_trigger,proactive,C,emb,partial,partial,cross_ref,False,cross,flat,11,1405
xai,xai-ckpt_cadence@t4/005-t5-start,probe_trigger,proactive,C,rrf,full,full,cross_ref,False,cross,flat,11,1471
xai,xai-ckpt_cadence@t4/005-t5-start,probe_trigger,proactive,Cstar,bm25,full,full,cross_ref,False,cross,flat,21,1497
xai,xai-ckpt_cadence@t4/005-t5-start,probe_trigger,proactive,Cstar,emb,full,full,cross_ref,False,cross,flat,24,1479
xai,xai-ckpt_cadence@t4/005-t5-start,probe_trigger,proactive,Cstar,rrf,full,full,cross_ref,False,cross,flat,22,1463
xai,xai-ckpt_cadence@t4/005-t5-start,probe_trigger,proactive,D,bm25,full,full,cross_ref,False,cross,flat,4,1446
xai,xai-ckpt_cadence@t4/005-t5-start,probe_trigger,proactive,D,emb,full,full,cross_ref,False,cross,flat,5,1438
xai,xai-ckpt_cadence@t4/005-t5-start,probe_trigger,proactive,D,rrf,full,full,cross_ref,False,cross,flat,4,1216
xai,xai-ckpt_cadence@t4/005-t5-start,probe_trigger,proactive,E,bm25,full,full,cross_ref,False,cross,flat,41,1472
xai,xai-ckpt_cadence@t4/005-t5-start,probe_trigger,proactive,E,emb,full,full,cross_ref,False,cross,flat,39,1464
xai,xai-ckpt_cadence@t4/005-t5-start,probe_trigger,proactive,E,rrf,full,full,cross_ref,False,cross,flat,39,1496
xai,xai-ckpt_cadence@t4/005-t5-middle,probe_trigger,proactive,window,-,none,none,cross_ref,False,cross,flat,0,0
xai,xai-ckpt_cadence@t4/005-t5-middle,probe_trigger,proactive,oracle,-,full,full,cross_ref,False,cross,flat,1,99
xai,xai-ckpt_cadence@t4/005-t5-middle,probe_trigger,proactive,A,bm25,full,full,cross_ref,False,cross,flat,35,1472
xai,xai-ckpt_cadence@t4/005-t5-middle,probe_trigger,proactive,A,emb,full,full,cross_ref,False,cross,flat,35,1490
xai,xai-ckpt_cadence@t4/005-t5-middle,probe_trigger,proactive,A,rrf,full,full,cross_ref,False,cross,flat,35,1480
xai,xai-ckpt_cadence@t4/005-t5-middle,probe_trigger,proactive,B,bm25,partial,partial,cross_ref,False,cross,flat,6,1373
xai,xai-ckpt_cadence@t4/005-t5-middle,probe_trigger,proactive,B,emb,none,none,cross_ref,False,cross,flat,6,1434
xai,xai-ckpt_cadence@t4/005-t5-middle,probe_trigger,proactive,B,rrf,partial,partial,cross_ref,False,cross,flat,6,1391
xai,xai-ckpt_cadence@t4/005-t5-middle,probe_trigger,proactive,C,bm25,partial,partial,cross_ref,False,cross,flat,11,1419
xai,xai-ckpt_cadence@t4/005-t5-middle,probe_trigger,proactive,C,emb,partial,partial,cross_ref,False,cross,flat,12,1498
xai,xai-ckpt_cadence@t4/005-t5-middle,probe_trigger,proactive,C,rrf,partial,partial,cross_ref,False,cross,flat,11,1412
xai,xai-ckpt_cadence@t4/005-t5-middle,probe_trigger,proactive,Cstar,bm25,full,full,cross_ref,False,cross,flat,17,1453
xai,xai-ckpt_cadence@t4/005-t5-middle,probe_trigger,proactive,Cstar,emb,full,full,cross_ref,False,cross,flat,18,1469
xai,xai-ckpt_cadence@t4/005-t5-middle,probe_trigger,proactive,Cstar,rrf,full,full,cross_ref,False,cross,flat,18,1496
xai,xai-ckpt_cadence@t4/005-t5-middle,probe_trigger,proactive,D,bm25,partial,partial,cross_ref,False,cross,flat,4,1403
xai,xai-ckpt_cadence@t4/005-t5-middle,probe_trigger,proactive,D,emb,partial,partial,cross_ref,False,cross,flat,5,1172
xai,xai-ckpt_cadence@t4/005-t5-middle,probe_trigger,proactive,D,rrf,partial,partial,cross_ref,False,cross,flat,4,1239
xai,xai-ckpt_cadence@t4/005-t5-middle,probe_trigger,proactive,E,bm25,full,full,cross_ref,False,cross,flat,43,1499
xai,xai-ckpt_cadence@t4/005-t5-middle,probe_trigger,proactive,E,emb,full,full,cross_ref,False,cross,flat,38,1465
xai,xai-ckpt_cadence@t4/005-t5-middle,probe_trigger,proactive,E,rrf,full,full,cross_ref,False,cross,flat,39,1456
