ws,query_id,kind,mode,cluster,form,cond,delivery_full,mrr,tokens,n_chunks,latency_ms,rr_new
ando,ando-p01,plant,proactive,ando-pricing_model,distributed,D1,True,0.0,300,3,0.6012500380165875,0
ando,ando-p01,plant,proactive,ando-pricing_model,distributed,D4,True,0.0,300,3,436.6622079978697,0
ando,ando-p01,plant,proactive,ando-pricing_model,distributed,Z4,True,0.0,343,2,458.03308399626985,0
ando,ando-p01,plant,proactive,ando-pricing_model,distributed,L4,True,0.0,323,3,442.25412502419204,0
ando,ando-p01,plant,proactive,ando-pricing_model,distributed,L6,True,0.0,323,3,435.96499995328486,0
ando,ando-p01,plant,proactive,ando-pricing_model,distributed,E1,True,0.0,337,14,0.5346249672584236,0
ando,ando-p01,plant,proactive,ando-pricing_model,distributed,E4,True,0.0,337,14,453.8642920088023,0
ando,ando-p01,plant,proactive,ando-pricing_model,distributed,D5,True,0.0,300,3,448.76891700550914,713
ando,ando-p01,plant,reactive,ando-pricing_model,distributed,D1,True,0.0,300,3,0.17512496560811996,0
ando,ando-p01,plant,reactive,ando-pricing_model,distributed,D4,True,0.0,300,3,460.6826659874059,0
ando,ando-p01,plant,reactive,ando-pricing_model,distributed,Z4,True,0.0,343,2,432.55812500137836,0
ando,ando-p01,plant,reactive,ando-pricing_model,distributed,L4,True,0.0,323,3,460.9748339862563,0
ando,ando-p01,plant,reactive,ando-pricing_model,distributed,L6,True,0.0,323,3,429.85916702309623,0
ando,ando-p01,plant,reactive,ando-pricing_model,distributed,E1,True,0.0,337,14,0.18037500558421016,0
ando,ando-p01,plant,reactive,ando-pricing_model,distributed,E4,True,0.0,337,14,430.147459032014,0
ando,ando-p03,plant,proactive,ando-launch_date,explicit,D1,True,0.2,749,7,0.5855000345036387,0
ando,ando-p03,plant,proactive,ando-launch_date,explicit,D4,True,0.2,749,7,455.54024999728426,0
ando,ando-p03,plant,proactive,ando-launch_date,explicit,Z4,True,0.5,1025,4,441.28254102542996,0
ando,ando-p03,plant,proactive,ando-launch_date,explicit,L4,True,0.2,802,7,458.54974997928366,0
ando,ando-p03,plant,proactive,ando-launch_date,explicit,L6,True,0.2,802,7,434.04404196189716,0
ando,ando-p03,plant,proactive,ando-launch_date,explicit,E1,True,0.14285714285714285,698,27,0.6375419907271862,0
ando,ando-p03,plant,proactive,ando-launch_date,explicit,E4,True,0.5,698,27,431.25887494534254,0
ando,ando-p03,plant,proactive,ando-launch_date,explicit,D5,True,0.2,749,7,453.65508302347735,0
ando,ando-p03,plant,reactive,ando-launch_date,explicit,D1,True,1.0,749,7,0.29933301266282797,0
ando,ando-p03,plant,reactive,ando-launch_date,explicit,D4,True,0.5,749,7,432.64595803339034,0
ando,ando-p03,plant,reactive,ando-launch_date,explicit,Z4,True,1.0,1025,4,454.0989579982124,0
ando,ando-p03,plant,reactive,ando-launch_date,explicit,L4,True,0.5,802,7,432.1939589572139,0
ando,ando-p03,plant,reactive,ando-launch_date,explicit,L6,True,0.5,802,7,465.2327909716405,0
ando,ando-p03,plant,reactive,ando-launch_date,explicit,E1,True,1.0,698,27,0.29562501003965735,0
ando,ando-p03,plant,reactive,ando-launch_date,explicit,E4,True,1.0,698,27,430.639166967012,0
ando,ando-p05,plant,proactive,ando-dm_policy,explicit,D1,True,0.5,1451,6,1.261750003322959,0
ando,ando-p05,plant,proactive,ando-dm_policy,explicit,D4,True,1.0,1379,6,464.3964589922689,0
ando,ando-p05,plant,proactive,ando-dm_policy,explicit,Z4,True,1.0,1494,4,431.5599580295384,0
ando,ando-p05,plant,proactive,ando-dm_policy,explicit,L4,True,1.0,1431,6,431.9738750346005,0
ando,ando-p05,plant,proactive,ando-dm_policy,explicit,L6,True,1.0,1431,6,453.4726249985397,0
ando,ando-p05,plant,proactive,ando-dm_policy,explicit,E1,True,0.3333333333333333,1483,42,1.7428340506739914,0
ando,ando-p05,plant,proactive,ando-dm_policy,explicit,E4,True,0.2,1486,44,431.91762501373887,0
ando,ando-p05,plant,proactive,ando-dm_policy,explicit,D5,True,0.5,1496,7,502.7367500006221,0
ando,ando-p05,plant,reactive,ando-dm_policy,explicit,D1,True,0.5,1441,7,0.883833970874548,0
ando,ando-p05,plant,reactive,ando-dm_policy,explicit,D4,True,1.0,1445,6,495.66279200371355,0
ando,ando-p05,plant,reactive,ando-dm_policy,explicit,Z4,True,1.0,1494,4,642.6152500207536,0
ando,ando-p05,plant,reactive,ando-dm_policy,explicit,L4,True,1.0,1431,6,445.2852500253357,0
ando,ando-p05,plant,reactive,ando-dm_policy,explicit,L6,True,1.0,1499,6,498.82766598602757,0
ando,ando-p05,plant,reactive,ando-dm_policy,explicit,E1,True,0.25,1500,49,0.9991669794544578,0
ando,ando-p05,plant,reactive,ando-dm_policy,explicit,E4,True,1.0,1492,49,556.2912080204114,0
ando,ando-p06,plant,proactive,ando-ando-p06,explicit,D1,False,0.14285714285714285,1498,6,1.4274579589255154,0
ando,ando-p06,plant,proactive,ando-ando-p06,explicit,D4,False,0.1,1401,6,511.41895801993087,0
ando,ando-p06,plant,proactive,ando-ando-p06,explicit,Z4,False,0.14285714285714285,1010,3,483.15258300863206,0
ando,ando-p06,plant,proactive,ando-ando-p06,explicit,L4,False,0.1,1451,6,491.7370830080472,0
ando,ando-p06,plant,proactive,ando-ando-p06,explicit,L6,False,0.1,1451,6,491.0800000070594,0
ando,ando-p06,plant,proactive,ando-ando-p06,explicit,E1,True,0.08333333333333333,1489,47,2.0942080300301313,0
ando,ando-p06,plant,proactive,ando-ando-p06,explicit,E4,True,0.05555555555555555,1478,47,452.1399579825811,0
ando,ando-p06,plant,proactive,ando-ando-p06,explicit,D5,False,0.1111111111111111,1401,6,461.52454195544124,0
ando,ando-p06,plant,reactive,ando-ando-p06,explicit,D1,True,1.0,1073,6,0.9505840134806931,0
ando,ando-p06,plant,reactive,ando-ando-p06,explicit,D4,True,1.0,1242,7,443.3537499862723,0
ando,ando-p06,plant,reactive,ando-ando-p06,explicit,Z4,True,1.0,1415,4,496.070499997586,0
ando,ando-p06,plant,reactive,ando-ando-p06,explicit,L4,True,1.0,1479,7,530.8915000059642,0
ando,ando-p06,plant,reactive,ando-ando-p06,explicit,L6,True,1.0,1302,7,488.152917008847,0
ando,ando-p06,plant,reactive,ando-ando-p06,explicit,E1,True,1.0,1480,45,1.4547500177286565,0
ando,ando-p06,plant,reactive,ando-ando-p06,explicit,E4,True,1.0,1496,44,1012.7832500147633,0
ando,ando-p07,plant,proactive,ando-launch_date,correction,D1,True,0.0,1074,5,2.1966660278849304,0
ando,ando-p07,plant,proactive,ando-launch_date,correction,D4,True,0.0,1433,9,670.2141660498455,0
ando,ando-p07,plant,proactive,ando-launch_date,correction,Z4,True,0.0,1275,4,521.2889999966137,0
ando,ando-p07,plant,proactive,ando-launch_date,correction,L4,True,0.0,1192,8,470.3420419828035,0
ando,ando-p07,plant,proactive,ando-launch_date,correction,L6,True,0.0,1379,8,461.09679201617837,0
ando,ando-p07,plant,proactive,ando-launch_date,correction,E1,True,1.0,1489,45,2.289708994794637,0
ando,ando-p07,plant,proactive,ando-launch_date,correction,E4,True,0.5,1474,46,512.804041034542,0
ando,ando-p07,plant,proactive,ando-launch_date,correction,D5,True,0.0,1374,8,490.29720801627263,0
ando,ando-p07,plant,reactive,ando-launch_date,correction,D1,True,0.0,1456,11,1.1902090045623481,0
ando,ando-p07,plant,reactive,ando-launch_date,correction,D4,True,0.0,1407,10,623.9107080036774,0
ando,ando-p07,plant,reactive,ando-launch_date,correction,Z4,True,0.0,1426,5,511.9325830019079,0
ando,ando-p07,plant,reactive,ando-launch_date,correction,L4,True,0.0,1313,9,512.8838749951683,0
ando,ando-p07,plant,reactive,ando-launch_date,correction,L6,True,0.0,1481,10,505.2467919886112,0
ando,ando-p07,plant,reactive,ando-launch_date,correction,E1,True,0.01818181818181818,1479,49,1.3561670202761889,0
ando,ando-p07,plant,reactive,ando-launch_date,correction,E4,True,0.015151515151515152,1488,55,526.8857500050217,0
ando,ando-p08,plant,proactive,ando-series_a,reaction,D1,True,0.3333333333333333,1126,6,2.058457990642637,0
ando,ando-p08,plant,proactive,ando-series_a,reaction,D4,False,0.08333333333333333,1484,8,465.26670799357817,0
ando,ando-p08,plant,proactive,ando-series_a,reaction,Z4,False,0.08333333333333333,1147,4,500.01366599462926,0
ando,ando-p08,plant,proactive,ando-series_a,reaction,L4,False,0.08333333333333333,1482,7,464.86483298940584,0
ando,ando-p08,plant,proactive,ando-series_a,reaction,L6,False,0.08333333333333333,1317,7,441.5355420205742,0
ando,ando-p08,plant,proactive,ando-series_a,reaction,E1,True,0.06666666666666667,1492,51,3.019583993591368,0
ando,ando-p08,plant,proactive,ando-series_a,reaction,E4,True,0.03333333333333333,1480,54,479.5692500192672,0
ando,ando-p08,plant,proactive,ando-series_a,reaction,D5,True,1.0,1487,9,440.85299997823313,0
ando,ando-p08,plant,reactive,ando-series_a,reaction,D1,True,1.0,1463,8,1.5827910392545164,0
ando,ando-p08,plant,reactive,ando-series_a,reaction,D4,True,1.0,1219,7,526.3160840258934,0
ando,ando-p08,plant,reactive,ando-series_a,reaction,Z4,True,1.0,1133,4,524.7272500419058,0
ando,ando-p08,plant,reactive,ando-series_a,reaction,L4,True,1.0,1277,7,512.4727920047008,0
ando,ando-p08,plant,reactive,ando-series_a,reaction,L6,True,1.0,1277,7,867.1232079504989,0
ando,ando-p08,plant,reactive,ando-series_a,reaction,E1,True,1.0,1481,49,4.149792017415166,0
ando,ando-p08,plant,reactive,ando-series_a,reaction,E4,True,1.0,1492,54,485.53529201308265,0
ando,ando-p10,plant,proactive,ando-and341_owner,correction,D1,True,1.0,1471,7,2.6250419905409217,0
ando,ando-p10,plant,proactive,ando-and341_owner,correction,D4,True,0.25,1355,5,486.4569169585593,0
ando,ando-p10,plant,proactive,ando-and341_owner,correction,Z4,True,0.25,1352,4,507.17483303742483,0
ando,ando-p10,plant,proactive,ando-and341_owner,correction,L4,True,0.25,1356,4,468.89100002590567,0
ando,ando-p10,plant,proactive,ando-and341_owner,correction,L6,True,0.25,1400,5,484.0318339993246,0
ando,ando-p10,plant,proactive,ando-and341_owner,correction,E1,True,0.25,1500,40,4.122290993109345,0
ando,ando-p10,plant,proactive,ando-and341_owner,correction,E4,True,0.037037037037037035,1478,41,450.8968750014901,0
ando,ando-p10,plant,proactive,ando-and341_owner,correction,D5,True,0.25,1292,6,466.8985410244204,0
ando,ando-p10,plant,reactive,ando-and341_owner,correction,D1,True,0.5,1381,10,2.1509589860215783,0
ando,ando-p10,plant,reactive,ando-and341_owner,correction,D4,True,0.5,1346,6,487.9121250123717,0
ando,ando-p10,plant,reactive,ando-and341_owner,correction,Z4,True,0.3333333333333333,1479,5,487.996292009484,0
ando,ando-p10,plant,reactive,ando-and341_owner,correction,L4,True,0.5,1459,9,554.1885840357281,0
ando,ando-p10,plant,reactive,ando-and341_owner,correction,L6,True,0.5,1399,6,438.8706250465475,0
ando,ando-p10,plant,reactive,ando-and341_owner,correction,E1,True,0.16666666666666666,1489,46,2.441874996293336,0
ando,ando-p10,plant,reactive,ando-and341_owner,correction,E4,True,0.2,1481,44,479.9391249543987,0
ando,ando-p12,plant,proactive,ando-ando-p12,explicit,D1,False,0.041666666666666664,1366,6,2.7424170402809978,0
ando,ando-p12,plant,proactive,ando-ando-p12,explicit,D4,False,0.043478260869565216,1299,5,444.89245902514085,0
ando,ando-p12,plant,proactive,ando-ando-p12,explicit,Z4,False,0.125,1426,4,467.64308400452137,0
ando,ando-p12,plant,proactive,ando-ando-p12,explicit,L4,False,0.037037037037037035,1351,5,453.6152079817839,0
ando,ando-p12,plant,proactive,ando-ando-p12,explicit,L6,False,0.043478260869565216,1351,5,478.3249580068514,0
ando,ando-p12,plant,proactive,ando-ando-p12,explicit,E1,True,0.043478260869565216,1480,44,3.3220829791389406,0
ando,ando-p12,plant,proactive,ando-ando-p12,explicit,E4,True,1.0,1471,45,645.8649159758352,0
ando,ando-p12,plant,proactive,ando-ando-p12,explicit,D5,False,0.041666666666666664,1477,6,484.5563330454752,0
ando,ando-p12,plant,reactive,ando-ando-p12,explicit,D1,True,1.0,1491,8,2.9331670375540853,0
ando,ando-p12,plant,reactive,ando-ando-p12,explicit,D4,True,0.5,1493,7,474.3146669934504,0
ando,ando-p12,plant,reactive,ando-ando-p12,explicit,Z4,True,1.0,1463,4,442.44779099244624,0
ando,ando-p12,plant,reactive,ando-ando-p12,explicit,L4,False,0.1111111111111111,1418,6,488.8219590066001,0
ando,ando-p12,plant,reactive,ando-ando-p12,explicit,L6,True,0.5,1213,5,458.9128749794327,0
ando,ando-p12,plant,reactive,ando-ando-p12,explicit,E1,True,1.0,1488,45,3.0314999748952687,0
ando,ando-p12,plant,reactive,ando-ando-p12,explicit,E4,True,1.0,1481,42,472.1362079726532,0
ando,ando-p13,plant,proactive,ando-pricing_model,cross_ref,D1,False,0.14285714285714285,1351,4,2.9985830187797546,0
ando,ando-p13,plant,proactive,ando-pricing_model,cross_ref,D4,False,0.07692307692307693,1326,7,441.99479202507064,0
ando,ando-p13,plant,proactive,ando-pricing_model,cross_ref,Z4,False,0.1111111111111111,1365,4,664.932832994964,0
ando,ando-p13,plant,proactive,ando-pricing_model,cross_ref,L4,False,0.1,1275,6,444.29750001290813,0
ando,ando-p13,plant,proactive,ando-pricing_model,cross_ref,L6,False,0.07692307692307693,1392,7,470.38954199524596,0
ando,ando-p13,plant,proactive,ando-pricing_model,cross_ref,E1,False,0.010526315789473684,1489,43,4.733125038910657,0
ando,ando-p13,plant,proactive,ando-pricing_model,cross_ref,E4,False,0.018518518518518517,1470,47,464.79512500809506,0
ando,ando-p13,plant,proactive,ando-pricing_model,cross_ref,D5,False,0.05555555555555555,1261,6,439.8625830071978,0
ando,ando-p13,plant,reactive,ando-pricing_model,cross_ref,D1,True,0.14285714285714285,1495,11,2.5155419716611505,0
ando,ando-p13,plant,reactive,ando-pricing_model,cross_ref,D4,False,0.14285714285714285,1325,8,495.7243339740671,0
ando,ando-p13,plant,reactive,ando-pricing_model,cross_ref,Z4,False,0.5,1394,4,460.17416700487956,0
ando,ando-p13,plant,reactive,ando-pricing_model,cross_ref,L4,False,0.14285714285714285,1055,7,477.3928750073537,0
ando,ando-p13,plant,reactive,ando-pricing_model,cross_ref,L6,False,0.14285714285714285,1394,8,437.77216697344556,0
ando,ando-p13,plant,reactive,ando-pricing_model,cross_ref,E1,True,1.0,1492,50,2.7512499946169555,0
ando,ando-p13,plant,reactive,ando-pricing_model,cross_ref,E4,True,1.0,1485,52,476.20479098986834,0
ando,ando-p14,plant,proactive,ando-waitlist_email_owner,ellipsis,D1,True,0.5,1478,7,2.946708002127707,0
ando,ando-p14,plant,proactive,ando-waitlist_email_owner,ellipsis,D4,True,0.14285714285714285,1481,8,445.67220797762275,0
ando,ando-p14,plant,proactive,ando-waitlist_email_owner,ellipsis,Z4,True,0.5,1370,4,451.80579100269824,0
ando,ando-p14,plant,proactive,ando-waitlist_email_owner,ellipsis,L4,True,0.14285714285714285,1346,7,506.76004198612645,0
ando,ando-p14,plant,proactive,ando-waitlist_email_owner,ellipsis,L6,True,0.14285714285714285,1346,7,454.6300420188345,0
ando,ando-p14,plant,proactive,ando-waitlist_email_owner,ellipsis,E1,True,0.2,1476,42,4.422667028848082,0
ando,ando-p14,plant,proactive,ando-waitlist_email_owner,ellipsis,E4,True,0.16666666666666666,1500,40,485.999415977858,0
ando,ando-p14,plant,proactive,ando-waitlist_email_owner,ellipsis,D5,True,0.1111111111111111,1295,5,444.9197920039296,0
ando,ando-p14,plant,reactive,ando-waitlist_email_owner,ellipsis,D1,True,1.0,1043,10,2.452750049997121,0
ando,ando-p14,plant,reactive,ando-waitlist_email_owner,ellipsis,D4,True,1.0,1335,8,552.8270420036279,0
ando,ando-p14,plant,reactive,ando-waitlist_email_owner,ellipsis,Z4,True,1.0,1328,5,438.961207983084,0
ando,ando-p14,plant,reactive,ando-waitlist_email_owner,ellipsis,L4,True,1.0,1403,8,517.1677499893121,0
ando,ando-p14,plant,reactive,ando-waitlist_email_owner,ellipsis,L6,True,1.0,1403,8,458.54879199760035,0
ando,ando-p14,plant,reactive,ando-waitlist_email_owner,ellipsis,E1,True,1.0,1476,51,3.221082966774702,0
ando,ando-p14,plant,reactive,ando-waitlist_email_owner,ellipsis,E4,True,1.0,1472,52,514.270875020884,0
ando,ando-p15,plant,proactive,ando-dm_policy,explicit,D1,True,0.25,1357,5,5.732999998144805,0
ando,ando-p15,plant,proactive,ando-dm_policy,explicit,D4,True,1.0,1436,5,508.7816250161268,0
ando,ando-p15,plant,proactive,ando-dm_policy,explicit,Z4,True,1.0,1378,4,497.87525000283495,0
ando,ando-p15,plant,proactive,ando-dm_policy,explicit,L4,True,0.5,1485,5,460.27275000233203,0
ando,ando-p15,plant,proactive,ando-dm_policy,explicit,L6,True,1.0,1485,5,447.7952089509927,0
ando,ando-p15,plant,proactive,ando-dm_policy,explicit,E1,True,0.07142857142857142,1491,38,5.167875031474978,0
ando,ando-p15,plant,proactive,ando-dm_policy,explicit,E4,True,0.25,1468,38,481.7892500432208,0
ando,ando-p15,plant,proactive,ando-dm_policy,explicit,D5,True,0.3333333333333333,1117,5,438.23349999729544,0
ando,ando-p15,plant,reactive,ando-dm_policy,explicit,D1,True,0.3333333333333333,1421,8,2.4990419624373317,0
ando,ando-p15,plant,reactive,ando-dm_policy,explicit,D4,True,1.0,1453,6,463.3586669806391,0
ando,ando-p15,plant,reactive,ando-dm_policy,explicit,Z4,True,1.0,1291,4,457.76641700649634,0
ando,ando-p15,plant,reactive,ando-dm_policy,explicit,L4,True,1.0,1349,5,438.74595896340907,0
ando,ando-p15,plant,reactive,ando-dm_policy,explicit,L6,True,1.0,1349,5,466.5762920049019,0
ando,ando-p15,plant,reactive,ando-dm_policy,explicit,E1,True,0.16666666666666666,1475,44,3.0010410118848085,0
ando,ando-p15,plant,reactive,ando-dm_policy,explicit,E4,True,1.0,1495,42,447.05500005511567,0
ando,ando-p16,plant,proactive,ando-and341_owner,correction,D1,True,0.5,1297,5,14.596083026845008,0
ando,ando-p16,plant,proactive,ando-and341_owner,correction,D4,True,0.5,1429,7,629.9580839695409,0
ando,ando-p16,plant,proactive,ando-and341_owner,correction,Z4,False,0.1111111111111111,1293,5,513.7295000022277,0
ando,ando-p16,plant,proactive,ando-and341_owner,correction,L4,True,1.0,1490,7,508.3627909771167,0
ando,ando-p16,plant,proactive,ando-and341_owner,correction,L6,True,0.5,1490,7,463.1364170345478,0
ando,ando-p16,plant,proactive,ando-and341_owner,correction,E1,False,0.023255813953488372,1498,43,5.04720798926428,0
ando,ando-p16,plant,proactive,ando-and341_owner,correction,E4,False,0.023809523809523808,1475,42,768.6334580066614,0
ando,ando-p16,plant,proactive,ando-and341_owner,correction,D5,True,1.0,1468,8,461.58875001128763,0
ando,ando-p16,plant,reactive,ando-and341_owner,correction,D1,True,0.5,1428,8,2.615666948258877,0
ando,ando-p16,plant,reactive,ando-and341_owner,correction,D4,True,0.5,1489,6,683.1490410258994,0
ando,ando-p16,plant,reactive,ando-and341_owner,correction,Z4,False,0.25,1438,5,713.6649169842713,0
ando,ando-p16,plant,reactive,ando-and341_owner,correction,L4,True,0.5,1418,7,694.2244170350023,0
ando,ando-p16,plant,reactive,ando-and341_owner,correction,L6,True,0.5,1206,5,488.64841600880027,0
ando,ando-p16,plant,reactive,ando-and341_owner,correction,E1,True,0.16666666666666666,1471,46,3.1597919878549874,0
ando,ando-p16,plant,reactive,ando-and341_owner,correction,E4,True,0.2,1495,45,439.2246250063181,0
ando,ando-launch_date@t1/006-t2-start,probe_trigger,proactive,ando-launch_date,explicit,D1,True,0.2,1436,12,0.6169999833218753,0
ando,ando-launch_date@t1/006-t2-start,probe_trigger,proactive,ando-launch_date,explicit,D4,True,0.1,1436,12,470.14570800820366,0
ando,ando-launch_date@t1/006-t2-start,probe_trigger,proactive,ando-launch_date,explicit,Z4,True,1.0,1484,7,441.7614170233719,0
ando,ando-launch_date@t1/006-t2-start,probe_trigger,proactive,ando-launch_date,explicit,L4,True,0.09090909090909091,1407,11,485.6196250184439,0
ando,ando-launch_date@t1/006-t2-start,probe_trigger,proactive,ando-launch_date,explicit,L6,True,0.1,1407,11,466.23958298005164,0
ando,ando-launch_date@t1/006-t2-start,probe_trigger,proactive,ando-launch_date,explicit,E1,True,1.0,1427,52,0.66166598116979,0
ando,ando-launch_date@t1/006-t2-start,probe_trigger,proactive,ando-launch_date,explicit,E4,True,1.0,1427,52,441.6344169876538,0
ando,ando-launch_date@t1/006-t2-middle,probe_trigger,proactive,ando-launch_date,explicit,D1,True,0.16666666666666666,1471,9,1.0945420362986624,0
ando,ando-launch_date@t1/006-t2-middle,probe_trigger,proactive,ando-launch_date,explicit,D4,False,0.07142857142857142,1427,9,462.583500018809,0
ando,ando-launch_date@t1/006-t2-middle,probe_trigger,proactive,ando-launch_date,explicit,Z4,True,0.25,1281,5,443.18745902273804,0
ando,ando-launch_date@t1/006-t2-middle,probe_trigger,proactive,ando-launch_date,explicit,L4,False,0.07142857142857142,1361,8,466.0853339591995,0
ando,ando-launch_date@t1/006-t2-middle,probe_trigger,proactive,ando-launch_date,explicit,L6,False,0.07142857142857142,1361,8,440.88762503815815,0
ando,ando-launch_date@t1/006-t2-middle,probe_trigger,proactive,ando-launch_date,explicit,E1,True,0.125,1482,47,1.514374976977706,0
ando,ando-launch_date@t1/006-t2-middle,probe_trigger,proactive,ando-launch_date,explicit,E4,True,0.04,1482,46,440.1164999580942,0
ando,ando-launch_date@t1/006-t3-start,probe_trigger,proactive,ando-launch_date,explicit,D1,False,0.125,1436,6,1.2795829679816961,0
ando,ando-launch_date@t1/006-t3-start,probe_trigger,proactive,ando-launch_date,explicit,D4,True,0.14285714285714285,1428,7,458.72979203704745,0
ando,ando-launch_date@t1/006-t3-start,probe_trigger,proactive,ando-launch_date,explicit,Z4,True,0.3333333333333333,1142,3,458.8922919938341,0
ando,ando-launch_date@t1/006-t3-start,probe_trigger,proactive,ando-launch_date,explicit,L4,True,0.14285714285714285,1486,7,465.7684579724446,0
ando,ando-launch_date@t1/006-t3-start,probe_trigger,proactive,ando-launch_date,explicit,L6,True,0.14285714285714285,1486,7,445.08883298840374,0
ando,ando-launch_date@t1/006-t3-start,probe_trigger,proactive,ando-launch_date,explicit,E1,True,0.3333333333333333,1486,46,1.7071670154109597,0
ando,ando-launch_date@t1/006-t3-start,probe_trigger,proactive,ando-launch_date,explicit,E4,True,0.058823529411764705,1492,48,481.72458296176046,0
ando,ando-series_a@t1/010-t2-start,probe_trigger,proactive,ando-series_a,reaction,D1,True,1.0,1436,12,0.7214589859358966,0
ando,ando-series_a@t1/010-t2-start,probe_trigger,proactive,ando-series_a,reaction,D4,True,0.25,1436,12,539.2546669463627,0
ando,ando-series_a@t1/010-t2-start,probe_trigger,proactive,ando-series_a,reaction,Z4,True,0.3333333333333333,1484,7,484.5983329578303,0
ando,ando-series_a@t1/010-t2-start,probe_trigger,proactive,ando-series_a,reaction,L4,True,0.25,1500,11,461.67833398794755,0
ando,ando-series_a@t1/010-t2-start,probe_trigger,proactive,ando-series_a,reaction,L6,True,0.25,1500,11,460.48704197164625,0
ando,ando-series_a@t1/010-t2-start,probe_trigger,proactive,ando-series_a,reaction,E1,True,1.0,1427,52,0.676166033372283,0
ando,ando-series_a@t1/010-t2-start,probe_trigger,proactive,ando-series_a,reaction,E4,True,0.16666666666666666,1427,52,462.12691598339006,0
ando,ando-series_a@t1/010-t2-middle,probe_trigger,proactive,ando-series_a,reaction,D1,True,0.25,1430,10,1.0743329767137766,0
ando,ando-series_a@t1/010-t2-middle,probe_trigger,proactive,ando-series_a,reaction,D4,True,0.14285714285714285,1319,8,436.88200000906363,0
ando,ando-series_a@t1/010-t2-middle,probe_trigger,proactive,ando-series_a,reaction,Z4,False,0.1111111111111111,1281,5,459.5054590026848,0
ando,ando-series_a@t1/010-t2-middle,probe_trigger,proactive,ando-series_a,reaction,L4,True,0.14285714285714285,1385,8,440.26887498330325,0
ando,ando-series_a@t1/010-t2-middle,probe_trigger,proactive,ando-series_a,reaction,L6,True,0.14285714285714285,1385,8,456.7457080120221,0
ando,ando-series_a@t1/010-t2-middle,probe_trigger,proactive,ando-series_a,reaction,E1,True,0.09090909090909091,1498,46,1.5259579522535205,0
ando,ando-series_a@t1/010-t2-middle,probe_trigger,proactive,ando-series_a,reaction,E4,True,0.03225806451612903,1492,46,437.00108298799023,0
ando,ando-series_a@t1/010-t3-start,probe_trigger,proactive,ando-series_a,reaction,D1,True,0.16666666666666666,1441,6,1.270791981369257,0
ando,ando-series_a@t1/010-t3-start,probe_trigger,proactive,ando-series_a,reaction,D4,False,0.125,1428,7,478.7458329810761,0
ando,ando-series_a@t1/010-t3-start,probe_trigger,proactive,ando-series_a,reaction,Z4,True,0.3333333333333333,1248,4,438.45833296654746,0
ando,ando-series_a@t1/010-t3-start,probe_trigger,proactive,ando-series_a,reaction,L4,False,0.1,1441,7,448.4085829462856,0
ando,ando-series_a@t1/010-t3-start,probe_trigger,proactive,ando-series_a,reaction,L6,False,0.125,1486,7,460.2068340172991,0
ando,ando-series_a@t1/010-t3-start,probe_trigger,proactive,ando-series_a,reaction,E1,True,0.25,1477,47,1.722958986647427,0
ando,ando-series_a@t1/010-t3-start,probe_trigger,proactive,ando-series_a,reaction,E4,True,0.030303030303030304,1474,48,434.3360000057146,0
ando,ando-series_a@t1/010-t3-middle,probe_trigger,proactive,ando-series_a,reaction,D1,True,0.2,1354,6,1.539749966468662,0
ando,ando-series_a@t1/010-t3-middle,probe_trigger,proactive,ando-series_a,reaction,D4,False,0.09090909090909091,1494,7,454.7550000133924,0
ando,ando-series_a@t1/010-t3-middle,probe_trigger,proactive,ando-series_a,reaction,Z4,False,0.06666666666666667,1275,4,442.3527920152992,0
ando,ando-series_a@t1/010-t3-middle,probe_trigger,proactive,ando-series_a,reaction,L4,False,0.07692307692307693,1438,6,483.33762504626065,0
ando,ando-series_a@t1/010-t3-middle,probe_trigger,proactive,ando-series_a,reaction,L6,False,0.09090909090909091,1395,6,440.1436669868417,0
ando,ando-series_a@t1/010-t3-middle,probe_trigger,proactive,ando-series_a,reaction,E1,True,0.06666666666666667,1489,45,2.224624971859157,0
ando,ando-series_a@t1/010-t3-middle,probe_trigger,proactive,ando-series_a,reaction,E4,False,0.030303030303030304,1489,47,488.3381660329178,0
ando,ando-series_a@t1/010-t4-start,probe_trigger,proactive,ando-series_a,reaction,D1,True,0.125,1481,8,1.9694999791681767,0
ando,ando-series_a@t1/010-t4-start,probe_trigger,proactive,ando-series_a,reaction,D4,True,0.16666666666666666,1365,9,529.9310419941321,0
ando,ando-series_a@t1/010-t4-start,probe_trigger,proactive,ando-series_a,reaction,Z4,False,0.16666666666666666,1334,4,459.8244579974562,0
ando,ando-series_a@t1/010-t4-start,probe_trigger,proactive,ando-series_a,reaction,L4,True,0.16666666666666666,1434,9,471.6773339896463,0
ando,ando-series_a@t1/010-t4-start,probe_trigger,proactive,ando-series_a,reaction,L6,True,0.16666666666666666,1434,9,489.48633403051645,0
ando,ando-series_a@t1/010-t4-start,probe_trigger,proactive,ando-series_a,reaction,E1,True,0.07142857142857142,1495,48,2.097165968734771,0
ando,ando-series_a@t1/010-t4-start,probe_trigger,proactive,ando-series_a,reaction,E4,True,0.125,1484,48,499.14254201576114,0
ando,ando-series_a@t1/010-t4-middle,probe_trigger,proactive,ando-series_a,reaction,D1,True,0.3333333333333333,1411,6,2.0812920411117375,0
ando,ando-series_a@t1/010-t4-middle,probe_trigger,proactive,ando-series_a,reaction,D4,False,0.04,1423,7,447.6249589934014,0
ando,ando-series_a@t1/010-t4-middle,probe_trigger,proactive,ando-series_a,reaction,Z4,False,0.045454545454545456,1142,3,478.6927499808371,0
ando,ando-series_a@t1/010-t4-middle,probe_trigger,proactive,ando-series_a,reaction,L4,False,0.038461538461538464,1421,9,446.2998749804683,0
ando,ando-series_a@t1/010-t4-middle,probe_trigger,proactive,ando-series_a,reaction,L6,False,0.04,1478,7,442.27791600860655,0
ando,ando-series_a@t1/010-t4-middle,probe_trigger,proactive,ando-series_a,reaction,E1,True,0.25,1487,46,2.9529579915106297,0
ando,ando-series_a@t1/010-t4-middle,probe_trigger,proactive,ando-series_a,reaction,E4,True,0.03571428571428571,1498,47,462.2339999768883,0
ando,ando-series_a@t1/010-t5-start,probe_trigger,proactive,ando-series_a,reaction,D1,False,0.06666666666666667,1427,5,2.311917021870613,0
ando,ando-series_a@t1/010-t5-start,probe_trigger,proactive,ando-series_a,reaction,D4,False,0.1111111111111111,1301,6,447.2643749904819,0
ando,ando-series_a@t1/010-t5-start,probe_trigger,proactive,ando-series_a,reaction,Z4,False,0.05,1187,3,461.4200000069104,0
ando,ando-series_a@t1/010-t5-start,probe_trigger,proactive,ando-series_a,reaction,L4,False,0.1111111111111111,1359,6,471.6472080326639,0
ando,ando-series_a@t1/010-t5-start,probe_trigger,proactive,ando-series_a,reaction,L6,False,0.1111111111111111,1359,6,482.9721659771167,0
ando,ando-series_a@t1/010-t5-start,probe_trigger,proactive,ando-series_a,reaction,E1,True,0.1111111111111111,1487,45,3.1820000149309635,0
ando,ando-series_a@t1/010-t5-start,probe_trigger,proactive,ando-series_a,reaction,E4,True,0.030303030303030304,1491,47,444.054750027135,0
ando,ando-series_a@t1/010-t5-middle,probe_trigger,proactive,ando-series_a,reaction,D1,False,0.03225806451612903,1499,6,2.504791016690433,0
ando,ando-series_a@t1/010-t5-middle,probe_trigger,proactive,ando-series_a,reaction,D4,False,0.02631578947368421,1343,5,467.4138340051286,0
ando,ando-series_a@t1/010-t5-middle,probe_trigger,proactive,ando-series_a,reaction,Z4,False,0.037037037037037035,1251,4,440.71983301546425,0
ando,ando-series_a@t1/010-t5-middle,probe_trigger,proactive,ando-series_a,reaction,L4,False,0.030303030303030304,1165,4,464.75383394863456,0
ando,ando-series_a@t1/010-t5-middle,probe_trigger,proactive,ando-series_a,reaction,L6,False,0.030303030303030304,1165,4,523.5579999862239,0
ando,ando-series_a@t1/010-t5-middle,probe_trigger,proactive,ando-series_a,reaction,E1,False,0.012345679012345678,1499,42,3.793416020926088,0
ando,ando-series_a@t1/010-t5-middle,probe_trigger,proactive,ando-series_a,reaction,E4,False,0.0043859649122807015,1487,42,454.74533300148323,0
ando,ando-series_a@t1/010-t6-start,probe_trigger,proactive,ando-series_a,reaction,D1,False,0.058823529411764705,1481,9,2.5670419563539326,0
ando,ando-series_a@t1/010-t6-start,probe_trigger,proactive,ando-series_a,reaction,D4,False,0.05555555555555555,1357,10,520.8805829752237,0
ando,ando-series_a@t1/010-t6-start,probe_trigger,proactive,ando-series_a,reaction,Z4,False,0.041666666666666664,1338,5,696.2857080507092,0
ando,ando-series_a@t1/010-t6-start,probe_trigger,proactive,ando-series_a,reaction,L4,False,0.043478260869565216,1325,9,511.1064579687081,0
ando,ando-series_a@t1/010-t6-start,probe_trigger,proactive,ando-series_a,reaction,L6,False,0.05555555555555555,1442,10,461.78208297351375,0
ando,ando-series_a@t1/010-t6-start,probe_trigger,proactive,ando-series_a,reaction,E1,True,0.02857142857142857,1481,51,3.2478749635629356,0
ando,ando-series_a@t1/010-t6-start,probe_trigger,proactive,ando-series_a,reaction,E4,False,0.005405405405405406,1485,50,436.9086250080727,0
ando,ando-series_a@t1/010-t6-middle,probe_trigger,proactive,ando-series_a,reaction,D1,False,0.02857142857142857,1127,4,3.033125016372651,0
ando,ando-series_a@t1/010-t6-middle,probe_trigger,proactive,ando-series_a,reaction,D4,False,0.025,1149,5,483.48462500143796,0
ando,ando-series_a@t1/010-t6-middle,probe_trigger,proactive,ando-series_a,reaction,Z4,False,0.05,1485,5,450.6548329954967,0
ando,ando-series_a@t1/010-t6-middle,probe_trigger,proactive,ando-series_a,reaction,L4,False,0.02564102564102564,1195,5,465.6739170313813,0
ando,ando-series_a@t1/010-t6-middle,probe_trigger,proactive,ando-series_a,reaction,L6,False,0.02564102564102564,1195,5,457.0074169896543,0
ando,ando-series_a@t1/010-t6-middle,probe_trigger,proactive,ando-series_a,reaction,E1,False,0.0136986301369863,1455,45,4.626334004569799,0
ando,ando-series_a@t1/010-t6-middle,probe_trigger,proactive,ando-series_a,reaction,E4,False,0.0036231884057971015,1471,44,512.0777919655666,0
ando,ando-waitlist_email_owner@t1/014-t2-start,probe_trigger,proactive,ando-waitlist_email_owner,ellipsis,D1,True,0.3333333333333333,1436,12,0.6985830259509385,0
ando,ando-waitlist_email_owner@t1/014-t2-start,probe_trigger,proactive,ando-waitlist_email_owner,ellipsis,D4,True,0.25,1436,12,447.7126669953577,0
ando,ando-waitlist_email_owner@t1/014-t2-start,probe_trigger,proactive,ando-waitlist_email_owner,ellipsis,Z4,True,0.5,1484,7,547.5124170188792,0
ando,ando-waitlist_email_owner@t1/014-t2-start,probe_trigger,proactive,ando-waitlist_email_owner,ellipsis,L4,True,0.25,1442,11,469.4981250213459,0
ando,ando-waitlist_email_owner@t1/014-t2-start,probe_trigger,proactive,ando-waitlist_email_owner,ellipsis,L6,True,0.25,1442,11,456.8920419551432,0
ando,ando-waitlist_email_owner@t1/014-t2-start,probe_trigger,proactive,ando-waitlist_email_owner,ellipsis,E1,True,0.3333333333333333,1427,52,0.6700839730910957,0
ando,ando-waitlist_email_owner@t1/014-t2-start,probe_trigger,proactive,ando-waitlist_email_owner,ellipsis,E4,True,0.3333333333333333,1427,52,469.034957990516,0
ando,ando-waitlist_email_owner@t1/014-t2-middle,probe_trigger,proactive,ando-waitlist_email_owner,ellipsis,D1,True,0.16666666666666666,1447,9,1.095042040105909,0
ando,ando-waitlist_email_owner@t1/014-t2-middle,probe_trigger,proactive,ando-waitlist_email_owner,ellipsis,D4,True,0.16666666666666666,1411,9,432.23783298162743,0
ando,ando-waitlist_email_owner@t1/014-t2-middle,probe_trigger,proactive,ando-waitlist_email_owner,ellipsis,Z4,True,0.5,1302,4,469.2679999861866,0
ando,ando-waitlist_email_owner@t1/014-t2-middle,probe_trigger,proactive,ando-waitlist_email_owner,ellipsis,L4,True,0.16666666666666666,1486,9,448.17387498915195,0
ando,ando-waitlist_email_owner@t1/014-t2-middle,probe_trigger,proactive,ando-waitlist_email_owner,ellipsis,L6,True,0.16666666666666666,1486,9,463.1953330244869,0
ando,ando-waitlist_email_owner@t1/014-t2-middle,probe_trigger,proactive,ando-waitlist_email_owner,ellipsis,E1,True,0.16666666666666666,1488,45,1.5244159731082618,0
ando,ando-waitlist_email_owner@t1/014-t2-middle,probe_trigger,proactive,ando-waitlist_email_owner,ellipsis,E4,True,0.05555555555555555,1484,48,433.6862500058487,0
ando,ando-waitlist_email_owner@t1/014-t3-start,probe_trigger,proactive,ando-waitlist_email_owner,ellipsis,D1,True,0.2,1360,6,1.300542033277452,0
ando,ando-waitlist_email_owner@t1/014-t3-start,probe_trigger,proactive,ando-waitlist_email_owner,ellipsis,D4,True,1.0,1428,7,461.32000000216067,0
ando,ando-waitlist_email_owner@t1/014-t3-start,probe_trigger,proactive,ando-waitlist_email_owner,ellipsis,Z4,True,1.0,1142,3,482.1515000076033,0
ando,ando-waitlist_email_owner@t1/014-t3-start,probe_trigger,proactive,ando-waitlist_email_owner,ellipsis,L4,True,1.0,1331,6,451.4756249845959,0
ando,ando-waitlist_email_owner@t1/014-t3-start,probe_trigger,proactive,ando-waitlist_email_owner,ellipsis,L6,True,1.0,1486,7,482.23037499701604,0
ando,ando-waitlist_email_owner@t1/014-t3-start,probe_trigger,proactive,ando-waitlist_email_owner,ellipsis,E1,True,0.14285714285714285,1491,46,1.7151670181192458,0
ando,ando-waitlist_email_owner@t1/014-t3-start,probe_trigger,proactive,ando-waitlist_email_owner,ellipsis,E4,True,0.16666666666666666,1500,47,466.6057910071686,0
ando,ando-waitlist_email_owner@t1/014-t3-middle,probe_trigger,proactive,ando-waitlist_email_owner,ellipsis,D1,True,1.0,1418,7,1.577374991029501,0
ando,ando-waitlist_email_owner@t1/014-t3-middle,probe_trigger,proactive,ando-waitlist_email_owner,ellipsis,D4,True,1.0,1343,8,468.74416701029986,0
ando,ando-waitlist_email_owner@t1/014-t3-middle,probe_trigger,proactive,ando-waitlist_email_owner,ellipsis,Z4,True,1.0,1275,4,437.7752500004135,0
ando,ando-waitlist_email_owner@t1/014-t3-middle,probe_trigger,proactive,ando-waitlist_email_owner,ellipsis,L4,True,0.25,1210,7,433.0445829546079,0
ando,ando-waitlist_email_owner@t1/014-t3-middle,probe_trigger,proactive,ando-waitlist_email_owner,ellipsis,L6,True,1.0,1410,8,458.3501670276746,0
ando,ando-waitlist_email_owner@t1/014-t3-middle,probe_trigger,proactive,ando-waitlist_email_owner,ellipsis,E1,True,1.0,1487,43,2.1700409706681967,0
ando,ando-waitlist_email_owner@t1/014-t3-middle,probe_trigger,proactive,ando-waitlist_email_owner,ellipsis,E4,True,0.3333333333333333,1471,46,434.256499982439,0
ando,ando-waitlist_email_owner@t1/014-t4-start,probe_trigger,proactive,ando-waitlist_email_owner,ellipsis,D1,True,0.3333333333333333,1349,7,1.5942499740049243,0
ando,ando-waitlist_email_owner@t1/014-t4-start,probe_trigger,proactive,ando-waitlist_email_owner,ellipsis,D4,True,0.16666666666666666,1349,10,458.65554199554026,0
ando,ando-waitlist_email_owner@t1/014-t4-start,probe_trigger,proactive,ando-waitlist_email_owner,ellipsis,Z4,True,0.2,1453,6,439.0607500099577,0
ando,ando-waitlist_email_owner@t1/014-t4-start,probe_trigger,proactive,ando-waitlist_email_owner,ellipsis,L4,True,0.1111111111111111,1442,10,456.38625003630295,0
ando,ando-waitlist_email_owner@t1/014-t4-start,probe_trigger,proactive,ando-waitlist_email_owner,ellipsis,L6,True,0.16666666666666666,1430,10,435.1882920018397,0
ando,ando-waitlist_email_owner@t1/014-t4-start,probe_trigger,proactive,ando-waitlist_email_owner,ellipsis,E1,True,0.3333333333333333,1489,46,2.004791982471943,0
ando,ando-waitlist_email_owner@t1/014-t4-start,probe_trigger,proactive,ando-waitlist_email_owner,ellipsis,E4,True,0.1111111111111111,1485,52,463.83329102536663,0
ando,ando-waitlist_email_owner@t1/014-t4-middle,probe_trigger,proactive,ando-waitlist_email_owner,ellipsis,D1,False,0.1111111111111111,1491,6,2.0956670050509274,0
ando,ando-waitlist_email_owner@t1/014-t4-middle,probe_trigger,proactive,ando-waitlist_email_owner,ellipsis,D4,True,0.3333333333333333,1455,8,437.0210829656571,0
ando,ando-waitlist_email_owner@t1/014-t4-middle,probe_trigger,proactive,ando-waitlist_email_owner,ellipsis,Z4,True,1.0,1362,4,435.13129197526723,0
ando,ando-waitlist_email_owner@t1/014-t4-middle,probe_trigger,proactive,ando-waitlist_email_owner,ellipsis,L4,True,0.14285714285714285,1192,9,499.24087501131,0
ando,ando-waitlist_email_owner@t1/014-t4-middle,probe_trigger,proactive,ando-waitlist_email_owner,ellipsis,L6,True,0.3333333333333333,1318,7,467.8779999958351,0
ando,ando-waitlist_email_owner@t1/014-t4-middle,probe_trigger,proactive,ando-waitlist_email_owner,ellipsis,E1,True,0.2,1462,46,2.9305419884622097,0
ando,ando-waitlist_email_owner@t1/014-t4-middle,probe_trigger,proactive,ando-waitlist_email_owner,ellipsis,E4,True,0.14285714285714285,1486,43,1384.6266660257243,0
ando,ando-waitlist_email_owner@t1/014-t5-start,probe_trigger,proactive,ando-waitlist_email_owner,ellipsis,D1,False,0.08333333333333333,1202,4,2.6158749824389815,0
ando,ando-waitlist_email_owner@t1/014-t5-start,probe_trigger,proactive,ando-waitlist_email_owner,ellipsis,D4,False,0.125,1393,7,472.71558397915214,0
ando,ando-waitlist_email_owner@t1/014-t5-start,probe_trigger,proactive,ando-waitlist_email_owner,ellipsis,Z4,True,0.25,1275,4,643.7515410361812,0
ando,ando-waitlist_email_owner@t1/014-t5-start,probe_trigger,proactive,ando-waitlist_email_owner,ellipsis,L4,False,0.125,1450,7,492.073709028773,0
ando,ando-waitlist_email_owner@t1/014-t5-start,probe_trigger,proactive,ando-waitlist_email_owner,ellipsis,L6,False,0.125,1450,7,467.19204203691334,0
ando,ando-waitlist_email_owner@t1/014-t5-start,probe_trigger,proactive,ando-waitlist_email_owner,ellipsis,E1,True,0.2,1498,46,3.553625021595508,0
ando,ando-waitlist_email_owner@t1/014-t5-start,probe_trigger,proactive,ando-waitlist_email_owner,ellipsis,E4,True,0.25,1480,45,560.0937500130385,0
ando,ando-waitlist_email_owner@t1/014-t5-middle,probe_trigger,proactive,ando-waitlist_email_owner,ellipsis,D1,False,0.125,1367,5,2.708125044591725,0
ando,ando-waitlist_email_owner@t1/014-t5-middle,probe_trigger,proactive,ando-waitlist_email_owner,ellipsis,D4,False,0.08333333333333333,1489,7,514.2772500403225,0
ando,ando-waitlist_email_owner@t1/014-t5-middle,probe_trigger,proactive,ando-waitlist_email_owner,ellipsis,Z4,False,0.14285714285714285,1453,5,516.2359169917181,0
ando,ando-waitlist_email_owner@t1/014-t5-middle,probe_trigger,proactive,ando-waitlist_email_owner,ellipsis,L4,False,0.08333333333333333,1499,6,503.88979201670736,0
ando,ando-waitlist_email_owner@t1/014-t5-middle,probe_trigger,proactive,ando-waitlist_email_owner,ellipsis,L6,False,0.08333333333333333,1499,6,474.9612919986248,0
ando,ando-waitlist_email_owner@t1/014-t5-middle,probe_trigger,proactive,ando-waitlist_email_owner,ellipsis,E1,False,0.07692307692307693,1485,41,3.8120420067571104,0
ando,ando-waitlist_email_owner@t1/014-t5-middle,probe_trigger,proactive,ando-waitlist_email_owner,ellipsis,E4,False,0.04,1488,43,445.2387500205077,0
ando,ando-waitlist_email_owner@t1/014-t6-start,probe_trigger,proactive,ando-waitlist_email_owner,ellipsis,D1,True,0.14285714285714285,1490,9,2.506999997422099,0
ando,ando-waitlist_email_owner@t1/014-t6-start,probe_trigger,proactive,ando-waitlist_email_owner,ellipsis,D4,True,0.125,1477,10,472.43054100545123,0
ando,ando-waitlist_email_owner@t1/014-t6-start,probe_trigger,proactive,ando-waitlist_email_owner,ellipsis,Z4,True,0.2,1453,6,446.7747919843532,0
ando,ando-waitlist_email_owner@t1/014-t6-start,probe_trigger,proactive,ando-waitlist_email_owner,ellipsis,L4,False,0.07142857142857142,1299,9,437.33445898396894,0
ando,ando-waitlist_email_owner@t1/014-t6-start,probe_trigger,proactive,ando-waitlist_email_owner,ellipsis,L6,True,0.125,1397,9,465.11191700119525,0
ando,ando-waitlist_email_owner@t1/014-t6-start,probe_trigger,proactive,ando-waitlist_email_owner,ellipsis,E1,True,0.3333333333333333,1469,47,3.142041969113052,0
ando,ando-waitlist_email_owner@t1/014-t6-start,probe_trigger,proactive,ando-waitlist_email_owner,ellipsis,E4,True,0.1111111111111111,1496,53,443.6790000181645,0
ando,ando-waitlist_email_owner@t1/014-t6-middle,probe_trigger,proactive,ando-waitlist_email_owner,ellipsis,D1,False,0.06666666666666667,1411,4,3.018875024281442,0
ando,ando-waitlist_email_owner@t1/014-t6-middle,probe_trigger,proactive,ando-waitlist_email_owner,ellipsis,D4,False,0.1,1417,6,481.05587501777336,0
ando,ando-waitlist_email_owner@t1/014-t6-middle,probe_trigger,proactive,ando-waitlist_email_owner,ellipsis,Z4,False,0.16666666666666666,1285,5,449.9897080240771,0
ando,ando-waitlist_email_owner@t1/014-t6-middle,probe_trigger,proactive,ando-waitlist_email_owner,ellipsis,L4,False,0.1111111111111111,1475,6,491.1958340089768,0
ando,ando-waitlist_email_owner@t1/014-t6-middle,probe_trigger,proactive,ando-waitlist_email_owner,ellipsis,L6,False,0.1,1475,6,500.2961659920402,0
ando,ando-waitlist_email_owner@t1/014-t6-middle,probe_trigger,proactive,ando-waitlist_email_owner,ellipsis,E1,True,0.06666666666666667,1482,44,4.651458992157131,0
ando,ando-waitlist_email_owner@t1/014-t6-middle,probe_trigger,proactive,ando-waitlist_email_owner,ellipsis,E4,True,0.03125,1470,43,566.1739999777637,0
ando,ando-pricing_model@t1/017-t2-start,probe_trigger,proactive,ando-pricing_model,distributed,D1,True,0.3333333333333333,1436,12,0.6006659823469818,0
ando,ando-pricing_model@t1/017-t2-start,probe_trigger,proactive,ando-pricing_model,distributed,D4,True,1.0,1436,12,491.5656669763848,0
ando,ando-pricing_model@t1/017-t2-start,probe_trigger,proactive,ando-pricing_model,distributed,Z4,True,1.0,1484,7,501.46020797546953,0
ando,ando-pricing_model@t1/017-t2-start,probe_trigger,proactive,ando-pricing_model,distributed,L4,True,1.0,1421,11,569.1657499992289,0
ando,ando-pricing_model@t1/017-t2-start,probe_trigger,proactive,ando-pricing_model,distributed,L6,True,1.0,1421,11,467.0027919928543,0
ando,ando-pricing_model@t1/017-t2-start,probe_trigger,proactive,ando-pricing_model,distributed,E1,True,0.16666666666666666,1427,52,0.6356660160236061,0
ando,ando-pricing_model@t1/017-t2-start,probe_trigger,proactive,ando-pricing_model,distributed,E4,True,0.5,1427,52,523.6717919469811,0
ando,ando-pricing_model@t1/017-t2-middle,probe_trigger,proactive,ando-pricing_model,distributed,D1,False,0.1111111111111111,1471,9,1.1335409944877028,0
ando,ando-pricing_model@t1/017-t2-middle,probe_trigger,proactive,ando-pricing_model,distributed,D4,False,0.2,1378,8,527.7702919556759,0
ando,ando-pricing_model@t1/017-t2-middle,probe_trigger,proactive,ando-pricing_model,distributed,Z4,False,0.2,1130,4,472.2477499744855,0
ando,ando-pricing_model@t1/017-t2-middle,probe_trigger,proactive,ando-pricing_model,distributed,L4,False,0.2,1444,8,529.6616250416264,0
ando,ando-pricing_model@t1/017-t2-middle,probe_trigger,proactive,ando-pricing_model,distributed,L6,False,0.2,1444,8,467.17683400493115,0
ando,ando-pricing_model@t1/017-t2-middle,probe_trigger,proactive,ando-pricing_model,distributed,E1,True,0.0625,1492,46,1.6244169673882425,0
ando,ando-pricing_model@t1/017-t2-middle,probe_trigger,proactive,ando-pricing_model,distributed,E4,True,0.125,1469,47,477.85520897014067,0
ando,ando-pricing_model@t1/017-t3-start,probe_trigger,proactive,ando-pricing_model,distributed,D1,False,0.3333333333333333,1220,5,1.3326670159585774,0
ando,ando-pricing_model@t1/017-t3-start,probe_trigger,proactive,ando-pricing_model,distributed,D4,False,0.07692307692307693,1280,5,448.51412501884624,0
ando,ando-pricing_model@t1/017-t3-start,probe_trigger,proactive,ando-pricing_model,distributed,Z4,True,1.0,1142,3,669.2692920332775,0
ando,ando-pricing_model@t1/017-t3-start,probe_trigger,proactive,ando-pricing_model,distributed,L4,False,0.09090909090909091,1278,5,479.3632500222884,0
ando,ando-pricing_model@t1/017-t3-start,probe_trigger,proactive,ando-pricing_model,distributed,L6,False,0.07692307692307693,1323,5,541.6724999668077,0
ando,ando-pricing_model@t1/017-t3-start,probe_trigger,proactive,ando-pricing_model,distributed,E1,True,0.041666666666666664,1491,46,1.8216249882243574,0
ando,ando-pricing_model@t1/017-t3-start,probe_trigger,proactive,ando-pricing_model,distributed,E4,False,0.017857142857142856,1492,47,516.4817910408601,0
ando,ando-pricing_model@t1/017-t3-middle,probe_trigger,proactive,ando-pricing_model,distributed,D1,False,1.0,1284,8,1.576291979290545,0
ando,ando-pricing_model@t1/017-t3-middle,probe_trigger,proactive,ando-pricing_model,distributed,D4,False,1.0,1227,7,455.53566701710224,0
ando,ando-pricing_model@t1/017-t3-middle,probe_trigger,proactive,ando-pricing_model,distributed,Z4,True,1.0,1275,4,473.4542919904925,0
ando,ando-pricing_model@t1/017-t3-middle,probe_trigger,proactive,ando-pricing_model,distributed,L4,False,1.0,1387,7,441.59475003834814,0
ando,ando-pricing_model@t1/017-t3-middle,probe_trigger,proactive,ando-pricing_model,distributed,L6,False,1.0,1285,7,460.2364169550128,0
ando,ando-pricing_model@t1/017-t3-middle,probe_trigger,proactive,ando-pricing_model,distributed,E1,True,0.16666666666666666,1476,45,2.208458026871085,0
ando,ando-pricing_model@t1/017-t3-middle,probe_trigger,proactive,ando-pricing_model,distributed,E4,True,0.2,1472,45,500.18008303595707,0
ando,ando-pricing_model@t1/017-t4-start,probe_trigger,proactive,ando-pricing_model,distributed,D1,False,0.045454545454545456,1251,7,1.8187080277130008,0
ando,ando-pricing_model@t1/017-t4-start,probe_trigger,proactive,ando-pricing_model,distributed,D4,False,0.09090909090909091,1421,8,473.2731250114739,0
ando,ando-pricing_model@t1/017-t4-start,probe_trigger,proactive,ando-pricing_model,distributed,Z4,False,0.2,1103,4,434.8890410037711,0
ando,ando-pricing_model@t1/017-t4-start,probe_trigger,proactive,ando-pricing_model,distributed,L4,False,0.1,1489,8,466.6688749566674,0
ando,ando-pricing_model@t1/017-t4-start,probe_trigger,proactive,ando-pricing_model,distributed,L6,False,0.09090909090909091,1489,8,500.82325004041195,0
ando,ando-pricing_model@t1/017-t4-start,probe_trigger,proactive,ando-pricing_model,distributed,E1,False,0.020833333333333332,1495,46,2.9333330458030105,0
ando,ando-pricing_model@t1/017-t4-start,probe_trigger,proactive,ando-pricing_model,distributed,E4,False,0.06666666666666667,1492,50,582.8515409957618,0
ando,ando-dm_policy@t2/005-t3-start,probe_trigger,proactive,ando-dm_policy,explicit,D1,False,0.125,1420,5,1.37645797803998,0
ando,ando-dm_policy@t2/005-t3-start,probe_trigger,proactive,ando-dm_policy,explicit,D4,True,0.3333333333333333,1310,5,527.3927919915877,0
ando,ando-dm_policy@t2/005-t3-start,probe_trigger,proactive,ando-dm_policy,explicit,Z4,True,0.25,1494,4,445.30574994860217,0
ando,ando-dm_policy@t2/005-t3-start,probe_trigger,proactive,ando-dm_policy,explicit,L4,True,0.2,1473,5,475.1131670200266,0
ando,ando-dm_policy@t2/005-t3-start,probe_trigger,proactive,ando-dm_policy,explicit,L6,True,0.3333333333333333,1353,5,441.7272499995306,0
ando,ando-dm_policy@t2/005-t3-start,probe_trigger,proactive,ando-dm_policy,explicit,E1,False,0.01694915254237288,1490,45,1.7194589599967003,0
ando,ando-dm_policy@t2/005-t3-start,probe_trigger,proactive,ando-dm_policy,explicit,E4,True,0.16666666666666666,1483,45,461.7887500207871,0
ando,ando-dm_policy@t2/005-t3-middle,probe_trigger,proactive,ando-dm_policy,explicit,D1,False,0.16666666666666666,1249,5,1.5292500029318035,0
ando,ando-dm_policy@t2/005-t3-middle,probe_trigger,proactive,ando-dm_policy,explicit,D4,True,1.0,1494,7,450.97108400659636,0
ando,ando-dm_policy@t2/005-t3-middle,probe_trigger,proactive,ando-dm_policy,explicit,Z4,True,0.3333333333333333,1275,4,438.23420797707513,0
ando,ando-dm_policy@t2/005-t3-middle,probe_trigger,proactive,ando-dm_policy,explicit,L4,True,0.3333333333333333,1085,6,465.98783403169364,0
ando,ando-dm_policy@t2/005-t3-middle,probe_trigger,proactive,ando-dm_policy,explicit,L6,True,1.0,1085,6,431.00841698469594,0
ando,ando-dm_policy@t2/005-t3-middle,probe_trigger,proactive,ando-dm_policy,explicit,E1,True,0.03125,1485,44,2.2292499779723585,0
ando,ando-dm_policy@t2/005-t3-middle,probe_trigger,proactive,ando-dm_policy,explicit,E4,True,0.16666666666666666,1500,46,478.57475001364946,0
ando,ando-dm_policy@t2/005-t4-start,probe_trigger,proactive,ando-dm_policy,explicit,D1,True,0.5,1304,6,1.604249991942197,0
ando,ando-dm_policy@t2/005-t4-start,probe_trigger,proactive,ando-dm_policy,explicit,D4,True,1.0,1347,7,455.61420801095665,0
ando,ando-dm_policy@t2/005-t4-start,probe_trigger,proactive,ando-dm_policy,explicit,Z4,True,1.0,1362,4,447.3545419750735,0
ando,ando-dm_policy@t2/005-t4-start,probe_trigger,proactive,ando-dm_policy,explicit,L4,True,0.3333333333333333,1409,7,461.6913750069216,0
ando,ando-dm_policy@t2/005-t4-start,probe_trigger,proactive,ando-dm_policy,explicit,L6,True,1.0,1409,7,444.58066701190546,0
ando,ando-dm_policy@t2/005-t4-start,probe_trigger,proactive,ando-dm_policy,explicit,E1,True,0.1,1464,42,1.9171249587088823,0
ando,ando-dm_policy@t2/005-t4-start,probe_trigger,proactive,ando-dm_policy,explicit,E4,True,1.0,1488,43,456.9707910413854,0
ando,ando-dm_policy@t2/005-t4-middle,probe_trigger,proactive,ando-dm_policy,explicit,D1,False,0.1111111111111111,1490,6,2.066959044896066,0
ando,ando-dm_policy@t2/005-t4-middle,probe_trigger,proactive,ando-dm_policy,explicit,D4,True,1.0,1423,7,443.84100002935156,0
ando,ando-dm_policy@t2/005-t4-middle,probe_trigger,proactive,ando-dm_policy,explicit,Z4,True,1.0,1142,3,465.9214589628391,0
ando,ando-dm_policy@t2/005-t4-middle,probe_trigger,proactive,ando-dm_policy,explicit,L4,True,0.5,1390,8,455.66899998812005,0
ando,ando-dm_policy@t2/005-t4-middle,probe_trigger,proactive,ando-dm_policy,explicit,L6,True,1.0,1478,7,560.2628339547664,0
ando,ando-dm_policy@t2/005-t4-middle,probe_trigger,proactive,ando-dm_policy,explicit,E1,False,0.022222222222222223,1498,44,3.0022919527255,0
ando,ando-dm_policy@t2/005-t4-middle,probe_trigger,proactive,ando-dm_policy,explicit,E4,True,0.3333333333333333,1470,42,525.0788750126958,0
ando,ando-dm_policy@t2/005-t5-start,probe_trigger,proactive,ando-dm_policy,explicit,D1,True,0.3333333333333333,1441,5,2.347540983464569,0
ando,ando-dm_policy@t2/005-t5-start,probe_trigger,proactive,ando-dm_policy,explicit,D4,True,1.0,1435,8,442.0782079687342,0
ando,ando-dm_policy@t2/005-t5-start,probe_trigger,proactive,ando-dm_policy,explicit,Z4,True,1.0,1187,3,491.94629199337214,0
ando,ando-dm_policy@t2/005-t5-start,probe_trigger,proactive,ando-dm_policy,explicit,L4,True,1.0,1304,7,545.3691250295378,0
ando,ando-dm_policy@t2/005-t5-start,probe_trigger,proactive,ando-dm_policy,explicit,L6,True,1.0,1304,7,510.7877919799648,0
ando,ando-dm_policy@t2/005-t5-start,probe_trigger,proactive,ando-dm_policy,explicit,E1,True,0.06666666666666667,1486,43,3.4521250054240227,0
ando,ando-dm_policy@t2/005-t5-start,probe_trigger,proactive,ando-dm_policy,explicit,E4,True,1.0,1463,42,444.35554201481864,0
ando,ando-dm_policy@t2/005-t5-middle,probe_trigger,proactive,ando-dm_policy,explicit,D1,False,0.14285714285714285,1437,6,2.5152500020340085,0
ando,ando-dm_policy@t2/005-t5-middle,probe_trigger,proactive,ando-dm_policy,explicit,D4,False,0.07142857142857142,1381,6,474.74933299236,0
ando,ando-dm_policy@t2/005-t5-middle,probe_trigger,proactive,ando-dm_policy,explicit,Z4,False,0.1111111111111111,1251,4,458.17762496881187,0
ando,ando-dm_policy@t2/005-t5-middle,probe_trigger,proactive,ando-dm_policy,explicit,L4,False,0.07142857142857142,1435,6,478.3367909840308,0
ando,ando-dm_policy@t2/005-t5-middle,probe_trigger,proactive,ando-dm_policy,explicit,L6,False,0.07142857142857142,1435,6,472.27058303542435,0
ando,ando-dm_policy@t2/005-t5-middle,probe_trigger,proactive,ando-dm_policy,explicit,E1,True,0.037037037037037035,1496,42,4.076084005646408,0
ando,ando-dm_policy@t2/005-t5-middle,probe_trigger,proactive,ando-dm_policy,explicit,E4,True,0.02857142857142857,1487,42,451.62379200337455,0
ando,ando-dm_policy@t2/005-t6-start,probe_trigger,proactive,ando-dm_policy,explicit,D1,True,0.5,1418,9,2.61629099259153,0
ando,ando-dm_policy@t2/005-t6-start,probe_trigger,proactive,ando-dm_policy,explicit,D4,True,1.0,1453,6,471.12645901506767,0
ando,ando-dm_policy@t2/005-t6-start,probe_trigger,proactive,ando-dm_policy,explicit,Z4,True,1.0,1271,5,541.4763749577105,0
ando,ando-dm_policy@t2/005-t6-start,probe_trigger,proactive,ando-dm_policy,explicit,L4,True,1.0,1288,5,552.2071669693105,0
ando,ando-dm_policy@t2/005-t6-start,probe_trigger,proactive,ando-dm_policy,explicit,L6,True,1.0,1288,5,439.1125420224853,0
ando,ando-dm_policy@t2/005-t6-start,probe_trigger,proactive,ando-dm_policy,explicit,E1,True,0.16666666666666666,1498,48,3.4221250098198652,0
ando,ando-dm_policy@t2/005-t6-start,probe_trigger,proactive,ando-dm_policy,explicit,E4,True,1.0,1480,42,503.02416703198105,0
ando,ando-dm_policy@t2/005-t6-middle,probe_trigger,proactive,ando-dm_policy,explicit,D1,False,0.037037037037037035,1434,6,3.0337499920278788,0
ando,ando-dm_policy@t2/005-t6-middle,probe_trigger,proactive,ando-dm_policy,explicit,D4,False,0.030303030303030304,1413,7,524.6488749980927,0
ando,ando-dm_policy@t2/005-t6-middle,probe_trigger,proactive,ando-dm_policy,explicit,Z4,False,0.16666666666666666,1259,4,462.8110839985311,0
ando,ando-dm_policy@t2/005-t6-middle,probe_trigger,proactive,ando-dm_policy,explicit,L4,False,0.030303030303030304,1257,5,496.9199589686468,0
ando,ando-dm_policy@t2/005-t6-middle,probe_trigger,proactive,ando-dm_policy,explicit,L6,False,0.030303030303030304,1257,5,565.7897079945542,0
ando,ando-dm_policy@t2/005-t6-middle,probe_trigger,proactive,ando-dm_policy,explicit,E1,True,0.034482758620689655,1497,43,4.740832955576479,0
ando,ando-dm_policy@t2/005-t6-middle,probe_trigger,proactive,ando-dm_policy,explicit,E4,False,0.02,1499,43,616.1580000189133,0
ando,ando-and341_owner@t2/011-t3-start,probe_trigger,proactive,ando-and341_owner,ellipsis,D1,False,0.16666666666666666,1384,6,1.2880419963039458,0
ando,ando-and341_owner@t2/011-t3-start,probe_trigger,proactive,ando-and341_owner,ellipsis,D4,False,0.1111111111111111,1280,5,448.75729200430214,0
ando,ando-and341_owner@t2/011-t3-start,probe_trigger,proactive,ando-and341_owner,ellipsis,Z4,False,0.16666666666666666,1142,3,483.58924995409325,0
ando,ando-and341_owner@t2/011-t3-start,probe_trigger,proactive,ando-and341_owner,ellipsis,L4,False,0.125,1323,5,449.70295898383483,0
ando,ando-and341_owner@t2/011-t3-start,probe_trigger,proactive,ando-and341_owner,ellipsis,L6,False,0.1111111111111111,1323,5,449.67825000640005,0
ando,ando-and341_owner@t2/011-t3-start,probe_trigger,proactive,ando-and341_owner,ellipsis,E1,True,0.5,1480,48,1.7631250084377825,0
ando,ando-and341_owner@t2/011-t3-start,probe_trigger,proactive,ando-and341_owner,ellipsis,E4,True,0.2,1469,46,457.100041967351,0
ando,ando-and341_owner@t2/011-t3-middle,probe_trigger,proactive,ando-and341_owner,ellipsis,D1,False,0.5,1443,7,1.5307500143535435,0
ando,ando-and341_owner@t2/011-t3-middle,probe_trigger,proactive,ando-and341_owner,ellipsis,D4,False,0.07142857142857142,1388,9,441.0397500032559,0
ando,ando-and341_owner@t2/011-t3-middle,probe_trigger,proactive,ando-and341_owner,ellipsis,Z4,False,0.09090909090909091,1275,4,462.0398749830201,0
ando,ando-and341_owner@t2/011-t3-middle,probe_trigger,proactive,ando-and341_owner,ellipsis,L4,False,0.07692307692307693,1210,7,434.59941603941843,0
ando,ando-and341_owner@t2/011-t3-middle,probe_trigger,proactive,ando-and341_owner,ellipsis,L6,False,0.07142857142857142,1463,9,538.1075410405174,0
ando,ando-and341_owner@t2/011-t3-middle,probe_trigger,proactive,ando-and341_owner,ellipsis,E1,True,0.5,1486,45,2.596208010800183,0
ando,ando-and341_owner@t2/011-t3-middle,probe_trigger,proactive,ando-and341_owner,ellipsis,E4,True,0.16666666666666666,1493,47,463.26675004092976,0
ando,ando-and341_owner@t2/011-t4-start,probe_trigger,proactive,ando-and341_owner,ellipsis,D1,True,1.0,1364,8,1.7097079544328153,0
ando,ando-and341_owner@t2/011-t4-start,probe_trigger,proactive,ando-and341_owner,ellipsis,D4,False,0.14285714285714285,1439,8,470.1262089656666,0
ando,ando-and341_owner@t2/011-t4-start,probe_trigger,proactive,ando-and341_owner,ellipsis,Z4,False,0.25,1273,6,480.56816699681804,0
ando,ando-and341_owner@t2/011-t4-start,probe_trigger,proactive,ando-and341_owner,ellipsis,L4,False,0.2,1450,7,455.1866249530576,0
ando,ando-and341_owner@t2/011-t4-start,probe_trigger,proactive,ando-and341_owner,ellipsis,L6,False,0.14285714285714285,1343,7,474.6139169437811,0
ando,ando-and341_owner@t2/011-t4-start,probe_trigger,proactive,ando-and341_owner,ellipsis,E1,True,1.0,1469,49,1.903583004605025,0
ando,ando-and341_owner@t2/011-t4-start,probe_trigger,proactive,ando-and341_owner,ellipsis,E4,True,1.0,1470,51,455.9905829955824,0
ando,ando-and341_owner@t2/011-t4-middle,probe_trigger,proactive,ando-and341_owner,ellipsis,D1,False,0.09090909090909091,1296,5,2.316624973900616,0
ando,ando-and341_owner@t2/011-t4-middle,probe_trigger,proactive,ando-and341_owner,ellipsis,D4,False,0.14285714285714285,1312,7,468.598541978281,0
ando,ando-and341_owner@t2/011-t4-middle,probe_trigger,proactive,ando-and341_owner,ellipsis,Z4,False,0.07142857142857142,1379,4,440.41354197543114,0
ando,ando-and341_owner@t2/011-t4-middle,probe_trigger,proactive,ando-and341_owner,ellipsis,L4,False,0.2,1452,8,471.71541600255296,0
ando,ando-and341_owner@t2/011-t4-middle,probe_trigger,proactive,ando-and341_owner,ellipsis,L6,False,0.14285714285714285,1366,7,445.0377910397947,0
ando,ando-and341_owner@t2/011-t4-middle,probe_trigger,proactive,ando-and341_owner,ellipsis,E1,False,0.2,1478,45,2.892750024329871,0
ando,ando-and341_owner@t2/011-t4-middle,probe_trigger,proactive,ando-and341_owner,ellipsis,E4,True,1.0,1477,45,441.07937498483807,0
ando,ando-and341_owner@t2/011-t5-start,probe_trigger,proactive,ando-and341_owner,ellipsis,D1,False,0.1,1398,5,2.338249993044883,0
ando,ando-and341_owner@t2/011-t5-start,probe_trigger,proactive,ando-and341_owner,ellipsis,D4,False,0.045454545454545456,1488,9,468.19491701899096,0
ando,ando-and341_owner@t2/011-t5-start,probe_trigger,proactive,ando-and341_owner,ellipsis,Z4,False,0.0625,1142,3,442.17754201963544,0
ando,ando-and341_owner@t2/011-t5-start,probe_trigger,proactive,ando-and341_owner,ellipsis,L4,False,0.043478260869565216,1361,8,465.3798750368878,0
ando,ando-and341_owner@t2/011-t5-start,probe_trigger,proactive,ando-and341_owner,ellipsis,L6,False,0.043478260869565216,1361,8,441.0902920062654,0
ando,ando-and341_owner@t2/011-t5-start,probe_trigger,proactive,ando-and341_owner,ellipsis,E1,True,0.5,1488,45,3.4388750209473073,0
ando,ando-and341_owner@t2/011-t5-start,probe_trigger,proactive,ando-and341_owner,ellipsis,E4,False,1.0,1477,43,436.6944169742055,0
ando,ando-launch_date@t3/009-t4-start,probe_trigger,proactive,ando-launch_date,correction,D1,True,0.2,1496,8,1.603832992259413,0
ando,ando-launch_date@t3/009-t4-start,probe_trigger,proactive,ando-launch_date,correction,D4,True,0.5,1260,7,460.12983401305974,0
ando,ando-launch_date@t3/009-t4-start,probe_trigger,proactive,ando-launch_date,correction,Z4,True,0.3333333333333333,1496,7,433.6025830125436,0
ando,ando-launch_date@t3/009-t4-start,probe_trigger,proactive,ando-launch_date,correction,L4,True,0.5,1402,7,458.63208395894617,0
ando,ando-launch_date@t3/009-t4-start,probe_trigger,proactive,ando-launch_date,correction,L6,True,0.5,1322,7,437.39883304806426,0
ando,ando-launch_date@t3/009-t4-start,probe_trigger,proactive,ando-launch_date,correction,E1,True,1.0,1479,48,1.9402910256758332,0
ando,ando-launch_date@t3/009-t4-start,probe_trigger,proactive,ando-launch_date,correction,E4,True,0.25,1486,46,434.50333405053243,0
ando,ando-launch_date@t3/009-t4-middle,probe_trigger,proactive,ando-launch_date,correction,D1,True,0.5,1477,5,2.072207978926599,0
ando,ando-launch_date@t3/009-t4-middle,probe_trigger,proactive,ando-launch_date,correction,D4,True,0.25,1409,9,466.22554102214053,0
ando,ando-launch_date@t3/009-t4-middle,probe_trigger,proactive,ando-launch_date,correction,Z4,False,0.1,1362,4,435.3442080318928,0
ando,ando-launch_date@t3/009-t4-middle,probe_trigger,proactive,ando-launch_date,correction,L4,True,0.16666666666666666,1340,8,466.4820830221288,0
ando,ando-launch_date@t3/009-t4-middle,probe_trigger,proactive,ando-launch_date,correction,L6,True,0.25,1478,9,439.6820000256412,0
ando,ando-launch_date@t3/009-t4-middle,probe_trigger,proactive,ando-launch_date,correction,E1,True,0.25,1488,47,2.8925000224262476,0
ando,ando-launch_date@t3/009-t4-middle,probe_trigger,proactive,ando-launch_date,correction,E4,False,0.038461538461538464,1477,46,463.24633300537243,0
ando,ando-launch_date@t3/009-t5-start,probe_trigger,proactive,ando-launch_date,correction,D1,False,0.2,1248,4,2.29199999012053,0
ando,ando-launch_date@t3/009-t5-start,probe_trigger,proactive,ando-launch_date,correction,D4,False,0.1,1242,9,438.3687090012245,0
ando,ando-launch_date@t3/009-t5-start,probe_trigger,proactive,ando-launch_date,correction,Z4,False,0.1111111111111111,1424,4,445.62679197406396,0
ando,ando-launch_date@t3/009-t5-start,probe_trigger,proactive,ando-launch_date,correction,L4,False,0.1,1319,9,468.79450004780665,0
ando,ando-launch_date@t3/009-t5-start,probe_trigger,proactive,ando-launch_date,correction,L6,False,0.1,1319,9,451.9252920290455,0
ando,ando-launch_date@t3/009-t5-start,probe_trigger,proactive,ando-launch_date,correction,E1,True,0.027777777777777776,1483,45,3.310540982056409,0
ando,ando-launch_date@t3/009-t5-start,probe_trigger,proactive,ando-launch_date,correction,E4,True,0.047619047619047616,1476,44,484.092291968409,0
ando,ando-launch_date@t3/009-t5-middle,probe_trigger,proactive,ando-launch_date,correction,D1,False,0.16666666666666666,1094,5,2.510958001948893,0
ando,ando-launch_date@t3/009-t5-middle,probe_trigger,proactive,ando-launch_date,correction,D4,True,0.5,1355,5,444.7845420218073,0
ando,ando-launch_date@t3/009-t5-middle,probe_trigger,proactive,ando-launch_date,correction,Z4,False,0.1,1262,4,523.5778749920428,0
ando,ando-launch_date@t3/009-t5-middle,probe_trigger,proactive,ando-launch_date,correction,L4,True,0.5,1400,5,444.719040999189,0
ando,ando-launch_date@t3/009-t5-middle,probe_trigger,proactive,ando-launch_date,correction,L6,True,0.5,1400,5,486.4521250128746,0
ando,ando-launch_date@t3/009-t5-middle,probe_trigger,proactive,ando-launch_date,correction,E1,True,0.06666666666666667,1498,43,3.8820000481791794,0
ando,ando-launch_date@t3/009-t5-middle,probe_trigger,proactive,ando-launch_date,correction,E4,True,0.08333333333333333,1485,43,447.883750020992,0
ando,ando-launch_date@t3/009-t6-start,probe_trigger,proactive,ando-launch_date,correction,D1,True,0.5,1482,7,2.502333023585379,0
ando,ando-launch_date@t3/009-t6-start,probe_trigger,proactive,ando-launch_date,correction,D4,True,0.5,1499,9,506.7292500170879,0
ando,ando-launch_date@t3/009-t6-start,probe_trigger,proactive,ando-launch_date,correction,Z4,True,0.5,1406,6,493.0905420333147,0
ando,ando-launch_date@t3/009-t6-start,probe_trigger,proactive,ando-launch_date,correction,L4,True,0.5,1416,8,440.78754202928394,0
ando,ando-launch_date@t3/009-t6-start,probe_trigger,proactive,ando-launch_date,correction,L6,True,0.5,1416,8,479.6682499581948,0
ando,ando-launch_date@t3/009-t6-start,probe_trigger,proactive,ando-launch_date,correction,E1,True,0.5,1488,45,3.1312089995481074,0
ando,ando-launch_date@t3/009-t6-start,probe_trigger,proactive,ando-launch_date,correction,E4,True,0.5,1492,48,440.22074999520555,0
ando,ando-launch_date@t3/009-t6-middle,probe_trigger,proactive,ando-launch_date,correction,D1,False,0.2,1224,4,3.010125015862286,0
ando,ando-launch_date@t3/009-t6-middle,probe_trigger,proactive,ando-launch_date,correction,D4,False,0.06666666666666667,1253,6,469.6819999953732,0
ando,ando-launch_date@t3/009-t6-middle,probe_trigger,proactive,ando-launch_date,correction,Z4,False,0.045454545454545456,1390,4,441.5495409630239,0
ando,ando-launch_date@t3/009-t6-middle,probe_trigger,proactive,ando-launch_date,correction,L4,False,0.06666666666666667,1306,6,468.25658302986994,0
ando,ando-launch_date@t3/009-t6-middle,probe_trigger,proactive,ando-launch_date,correction,L6,False,0.06666666666666667,1306,6,441.39312498737127,0
ando,ando-launch_date@t3/009-t6-middle,probe_trigger,proactive,ando-launch_date,correction,E1,True,0.07142857142857142,1467,41,4.480416013393551,0
ando,ando-launch_date@t3/009-t6-middle,probe_trigger,proactive,ando-launch_date,correction,E4,True,0.03125,1499,44,437.09550000494346,0
ando,ando-pricing_model@t4/006-t5-start,probe_trigger,proactive,ando-pricing_model,cross_ref,D1,False,0.14285714285714285,1340,5,2.3084160056896508,0
ando,ando-pricing_model@t4/006-t5-start,probe_trigger,proactive,ando-pricing_model,cross_ref,D4,False,0.5,1469,9,455.7092079776339,0
ando,ando-pricing_model@t4/006-t5-start,probe_trigger,proactive,ando-pricing_model,cross_ref,Z4,False,0.5,1142,3,436.4273750106804,0
ando,ando-pricing_model@t4/006-t5-start,probe_trigger,proactive,ando-pricing_model,cross_ref,L4,False,0.5,1495,8,468.8574169995263,0
ando,ando-pricing_model@t4/006-t5-start,probe_trigger,proactive,ando-pricing_model,cross_ref,L6,False,0.5,1495,8,435.9276670147665,0
ando,ando-pricing_model@t4/006-t5-start,probe_trigger,proactive,ando-pricing_model,cross_ref,E1,True,0.07692307692307693,1496,42,3.398041008040309,0
ando,ando-pricing_model@t4/006-t5-start,probe_trigger,proactive,ando-pricing_model,cross_ref,E4,True,0.09090909090909091,1495,44,475.13404197525233,0
ando,ando-pricing_model@t4/006-t5-middle,probe_trigger,proactive,ando-pricing_model,cross_ref,D1,False,0.07692307692307693,1352,6,2.77970900060609,0
ando,ando-pricing_model@t4/006-t5-middle,probe_trigger,proactive,ando-pricing_model,cross_ref,D4,False,0.14285714285714285,1243,5,520.4153329832479,0
ando,ando-pricing_model@t4/006-t5-middle,probe_trigger,proactive,ando-pricing_model,cross_ref,Z4,False,0.5,1411,4,510.1320000248961,0
ando,ando-pricing_model@t4/006-t5-middle,probe_trigger,proactive,ando-pricing_model,cross_ref,L4,False,0.14285714285714285,1290,5,455.53562499117106,0
ando,ando-pricing_model@t4/006-t5-middle,probe_trigger,proactive,ando-pricing_model,cross_ref,L6,False,0.14285714285714285,1290,5,452.1113330265507,0
ando,ando-pricing_model@t4/006-t5-middle,probe_trigger,proactive,ando-pricing_model,cross_ref,E1,True,0.14285714285714285,1468,43,4.733457986731082,0
ando,ando-pricing_model@t4/006-t5-middle,probe_trigger,proactive,ando-pricing_model,cross_ref,E4,False,0.034482758620689655,1485,43,476.4229589491151,0
ando,ando-pricing_model@t4/006-t6-start,probe_trigger,proactive,ando-pricing_model,cross_ref,D1,False,0.07142857142857142,1378,7,2.4972090031951666,0
ando,ando-pricing_model@t4/006-t6-start,probe_trigger,proactive,ando-pricing_model,cross_ref,D4,False,0.125,1292,7,448.5733750043437,0
ando,ando-pricing_model@t4/006-t6-start,probe_trigger,proactive,ando-pricing_model,cross_ref,Z4,False,0.16666666666666666,1352,5,470.203208969906,0
ando,ando-pricing_model@t4/006-t6-start,probe_trigger,proactive,ando-pricing_model,cross_ref,L4,False,0.125,1328,7,464.5851249806583,0
ando,ando-pricing_model@t4/006-t6-start,probe_trigger,proactive,ando-pricing_model,cross_ref,L6,False,0.14285714285714285,1266,7,513.4852089686319,0
ando,ando-pricing_model@t4/006-t6-start,probe_trigger,proactive,ando-pricing_model,cross_ref,E1,True,0.25,1481,44,3.1267920276150107,0
ando,ando-pricing_model@t4/006-t6-start,probe_trigger,proactive,ando-pricing_model,cross_ref,E4,True,1.0,1497,49,451.47516700671986,0
ando,ando-pricing_model@t4/006-t6-middle,probe_trigger,proactive,ando-pricing_model,cross_ref,D1,False,0.1111111111111111,1224,4,2.9901250381954014,0
ando,ando-pricing_model@t4/006-t6-middle,probe_trigger,proactive,ando-pricing_model,cross_ref,D4,False,0.16666666666666666,1385,5,556.2765830545686,0
ando,ando-pricing_model@t4/006-t6-middle,probe_trigger,proactive,ando-pricing_model,cross_ref,Z4,False,0.25,1320,4,444.12033300613984,0
ando,ando-pricing_model@t4/006-t6-middle,probe_trigger,proactive,ando-pricing_model,cross_ref,L4,False,0.16666666666666666,1433,5,455.9460420277901,0
ando,ando-pricing_model@t4/006-t6-middle,probe_trigger,proactive,ando-pricing_model,cross_ref,L6,False,0.16666666666666666,1433,5,541.7208339786157,0
ando,ando-pricing_model@t4/006-t6-middle,probe_trigger,proactive,ando-pricing_model,cross_ref,E1,False,0.04,1500,44,4.455875023268163,0
ando,ando-pricing_model@t4/006-t6-middle,probe_trigger,proactive,ando-pricing_model,cross_ref,E4,False,0.0070921985815602835,1498,43,451.9509579986334,0
ando,ando-and341_owner@t5/005-t6-start,probe_trigger,proactive,ando-and341_owner,correction,D1,True,1.0,1351,7,2.5456250295974314,0
ando,ando-and341_owner@t5/005-t6-start,probe_trigger,proactive,ando-and341_owner,correction,D4,True,0.3333333333333333,1496,8,477.50095900846645,0
ando,ando-and341_owner@t5/005-t6-start,probe_trigger,proactive,ando-and341_owner,correction,Z4,True,1.0,1074,3,438.69183299830183,0
ando,ando-and341_owner@t5/005-t6-start,probe_trigger,proactive,ando-and341_owner,correction,L4,True,0.5,1396,7,516.3082500221208,0
ando,ando-and341_owner@t5/005-t6-start,probe_trigger,proactive,ando-and341_owner,correction,L6,True,0.5,1396,7,457.8147499705665,0
ando,ando-and341_owner@t5/005-t6-start,probe_trigger,proactive,ando-and341_owner,correction,E1,True,0.2,1491,44,3.1532919965684414,0
ando,ando-and341_owner@t5/005-t6-start,probe_trigger,proactive,ando-and341_owner,correction,E4,True,0.5,1466,42,438.2913750014268,0
ando,ando-and341_owner@t5/005-t6-middle,probe_trigger,proactive,ando-and341_owner,correction,D1,False,0.16666666666666666,1335,5,2.9961250256747007,0
ando,ando-and341_owner@t5/005-t6-middle,probe_trigger,proactive,ando-and341_owner,correction,D4,True,1.0,1316,4,472.00670797610655,0
ando,ando-and341_owner@t5/005-t6-middle,probe_trigger,proactive,ando-and341_owner,correction,Z4,False,0.25,1044,4,487.12783301016316,0
ando,ando-and341_owner@t5/005-t6-middle,probe_trigger,proactive,ando-and341_owner,correction,L4,True,1.0,1359,4,598.4632920008153,0
ando,ando-and341_owner@t5/005-t6-middle,probe_trigger,proactive,ando-and341_owner,correction,L6,True,1.0,1359,4,558.8426250033081,0
ando,ando-and341_owner@t5/005-t6-middle,probe_trigger,proactive,ando-and341_owner,correction,E1,True,0.125,1498,43,4.520749964285642,0
ando,ando-and341_owner@t5/005-t6-middle,probe_trigger,proactive,ando-and341_owner,correction,E4,False,0.038461538461538464,1495,43,514.72112495685,0
anthropic,anthropic-p01,plant,proactive,anthropic-paper_deadline,reaction,D1,True,0.0,122,1,0.5107920151203871,0
anthropic,anthropic-p01,plant,proactive,anthropic-paper_deadline,reaction,D4,True,0.0,122,1,514.9965829914436,0
anthropic,anthropic-p01,plant,proactive,anthropic-paper_deadline,reaction,Z4,True,1.0,441,1,485.16241600736976,0
anthropic,anthropic-p01,plant,proactive,anthropic-paper_deadline,reaction,L4,True,0.0,134,1,540.7047909684479,0
anthropic,anthropic-p01,plant,proactive,anthropic-paper_deadline,reaction,L6,True,0.0,134,1,549.5175830437802,0
anthropic,anthropic-p01,plant,proactive,anthropic-paper_deadline,reaction,E1,True,0.0,274,10,0.5481249536387622,0
anthropic,anthropic-p01,plant,proactive,anthropic-paper_deadline,reaction,E4,True,0.0,274,10,592.2161660273559,0
anthropic,anthropic-p01,plant,proactive,anthropic-paper_deadline,reaction,D5,True,0.0,122,1,12185.23612502031,1
anthropic,anthropic-p01,plant,reactive,anthropic-paper_deadline,reaction,D1,True,0.0,122,1,0.4450840060599148,0
anthropic,anthropic-p01,plant,reactive,anthropic-paper_deadline,reaction,D4,True,0.0,122,1,490.6755000120029,0
anthropic,anthropic-p01,plant,reactive,anthropic-paper_deadline,reaction,Z4,True,1.0,441,1,469.5067920256406,0
anthropic,anthropic-p01,plant,reactive,anthropic-paper_deadline,reaction,L4,True,0.0,134,1,456.3945830450393,0
anthropic,anthropic-p01,plant,reactive,anthropic-paper_deadline,reaction,L6,True,0.0,134,1,442.54095799988136,0
anthropic,anthropic-p01,plant,reactive,anthropic-paper_deadline,reaction,E1,True,0.0,274,10,0.1884579542092979,0
anthropic,anthropic-p01,plant,reactive,anthropic-paper_deadline,reaction,E4,True,0.0,274,10,642.389666987583,0
anthropic,anthropic-p03,plant,proactive,anthropic-pass_threshold,distributed,D1,False,0.25,1137,3,1.3158749788999557,0
anthropic,anthropic-p03,plant,proactive,anthropic-pass_threshold,distributed,D4,True,0.3333333333333333,1161,3,543.7587919877842,0
anthropic,anthropic-p03,plant,proactive,anthropic-pass_threshold,distributed,Z4,True,0.3333333333333333,1480,4,464.6654590032995,0
anthropic,anthropic-p03,plant,proactive,anthropic-pass_threshold,distributed,L4,True,0.3333333333333333,1190,3,466.85795800294727,0
anthropic,anthropic-p03,plant,proactive,anthropic-pass_threshold,distributed,L6,True,0.3333333333333333,1190,3,522.5257499841973,0
anthropic,anthropic-p03,plant,proactive,anthropic-pass_threshold,distributed,E1,True,0.16666666666666666,1476,38,7.896208029706031,0
anthropic,anthropic-p03,plant,proactive,anthropic-pass_threshold,distributed,E4,True,0.16666666666666666,1468,39,532.2351250215434,0
anthropic,anthropic-p03,plant,proactive,anthropic-pass_threshold,distributed,D5,True,0.3333333333333333,1499,4,1755.984541028738,12
anthropic,anthropic-p03,plant,reactive,anthropic-pass_threshold,distributed,D1,True,1.0,1390,3,7.429749995935708,0
anthropic,anthropic-p03,plant,reactive,anthropic-pass_threshold,distributed,D4,True,1.0,1444,5,522.6999999722466,0
anthropic,anthropic-p03,plant,reactive,anthropic-pass_threshold,distributed,Z4,True,1.0,1365,3,450.77470800606534,0
anthropic,anthropic-p03,plant,reactive,anthropic-pass_threshold,distributed,L4,True,1.0,1377,5,673.0640840250999,0
anthropic,anthropic-p03,plant,reactive,anthropic-pass_threshold,distributed,L6,True,1.0,1487,5,446.32091699168086,0
anthropic,anthropic-p03,plant,reactive,anthropic-pass_threshold,distributed,E1,True,1.0,1489,42,1.080332964193076,0
anthropic,anthropic-p03,plant,reactive,anthropic-pass_threshold,distributed,E4,True,1.0,1493,44,480.11895798845217,0
anthropic,anthropic-p05,plant,proactive,anthropic-suite_version,cross_ref,D1,True,0.3333333333333333,1353,5,1.720291969832033,0
anthropic,anthropic-p05,plant,proactive,anthropic-suite_version,cross_ref,D4,True,0.3333333333333333,1304,5,450.1918330206536,0
anthropic,anthropic-p05,plant,proactive,anthropic-suite_version,cross_ref,Z4,True,1.0,1408,4,450.98554197466,0
anthropic,anthropic-p05,plant,proactive,anthropic-suite_version,cross_ref,L4,True,0.3333333333333333,1344,5,440.1034999755211,0
anthropic,anthropic-p05,plant,proactive,anthropic-suite_version,cross_ref,L6,True,0.3333333333333333,1344,5,442.5311660161242,0
anthropic,anthropic-p05,plant,proactive,anthropic-suite_version,cross_ref,E1,True,0.5,1490,41,2.6805000379681587,0
anthropic,anthropic-p05,plant,proactive,anthropic-suite_version,cross_ref,E4,True,0.0625,1474,40,526.913334033452,0
anthropic,anthropic-p05,plant,proactive,anthropic-suite_version,cross_ref,D5,True,0.3333333333333333,1200,5,2137.904917006381,17
anthropic,anthropic-p05,plant,reactive,anthropic-suite_version,cross_ref,D1,True,0.5,1437,4,2.3100419784896076,0
anthropic,anthropic-p05,plant,reactive,anthropic-suite_version,cross_ref,D4,True,1.0,1031,3,679.673750011716,0
anthropic,anthropic-p05,plant,reactive,anthropic-suite_version,cross_ref,Z4,True,0.3333333333333333,1463,3,443.02649999735877,0
anthropic,anthropic-p05,plant,reactive,anthropic-suite_version,cross_ref,L4,True,1.0,1295,3,453.23316601570696,0
anthropic,anthropic-p05,plant,reactive,anthropic-suite_version,cross_ref,L6,True,1.0,1058,3,444.5324170519598,0
anthropic,anthropic-p05,plant,reactive,anthropic-suite_version,cross_ref,E1,True,1.0,1493,43,1.4900419628247619,0
anthropic,anthropic-p05,plant,reactive,anthropic-suite_version,cross_ref,E4,True,0.5,1484,46,474.76837498834357,0
anthropic,anthropic-p06,plant,proactive,anthropic-anthropic-p06,explicit,D1,False,0.0625,1075,3,2.1167080267332494,0
anthropic,anthropic-p06,plant,proactive,anthropic-anthropic-p06,explicit,D4,False,0.05555555555555555,1491,5,479.9317920114845,0
anthropic,anthropic-p06,plant,proactive,anthropic-anthropic-p06,explicit,Z4,True,0.3333333333333333,1187,3,458.633792004548,0
anthropic,anthropic-p06,plant,proactive,anthropic-anthropic-p06,explicit,L4,False,0.05555555555555555,1233,4,473.88208302436396,0
anthropic,anthropic-p06,plant,proactive,anthropic-anthropic-p06,explicit,L6,False,0.05555555555555555,1233,4,560.4360830038786,0
anthropic,anthropic-p06,plant,proactive,anthropic-anthropic-p06,explicit,E1,True,0.2,1483,36,2.8069160180166364,0
anthropic,anthropic-p06,plant,proactive,anthropic-anthropic-p06,explicit,E4,True,0.0625,1489,37,449.64041700586677,0
anthropic,anthropic-p06,plant,proactive,anthropic-anthropic-p06,explicit,D5,False,0.05555555555555555,1491,5,2527.9103750362992,23
anthropic,anthropic-p06,plant,reactive,anthropic-anthropic-p06,explicit,D1,True,0.5,1220,6,2.0505000138655305,0
anthropic,anthropic-p06,plant,reactive,anthropic-anthropic-p06,explicit,D4,True,1.0,1210,4,512.9835830302909,0
anthropic,anthropic-p06,plant,reactive,anthropic-anthropic-p06,explicit,Z4,True,1.0,1191,3,488.5824999655597,0
anthropic,anthropic-p06,plant,reactive,anthropic-anthropic-p06,explicit,L4,True,0.5,1247,4,603.3107080147602,0
anthropic,anthropic-p06,plant,reactive,anthropic-anthropic-p06,explicit,L6,True,1.0,1247,4,465.02566599519923,0
anthropic,anthropic-p06,plant,reactive,anthropic-anthropic-p06,explicit,E1,True,1.0,1491,49,1.7534170183353126,0
anthropic,anthropic-p06,plant,reactive,anthropic-anthropic-p06,explicit,E4,True,1.0,1460,45,475.5954999709502,0
anthropic,anthropic-p08,plant,proactive,anthropic-item_count,correction,D1,True,1.0,1442,4,2.810875012073666,0
anthropic,anthropic-p08,plant,proactive,anthropic-item_count,correction,D4,True,0.5,1481,6,517.9832079447806,0
anthropic,anthropic-p08,plant,proactive,anthropic-item_count,correction,Z4,True,1.0,1240,3,731.9103750050999,0
anthropic,anthropic-p08,plant,proactive,anthropic-item_count,correction,L4,True,0.5,1289,5,452.2370419581421,0
anthropic,anthropic-p08,plant,proactive,anthropic-item_count,correction,L6,True,0.5,1289,5,530.9920830186456,0
anthropic,anthropic-p08,plant,proactive,anthropic-item_count,correction,E1,True,1.0,1471,35,3.707875031977892,0
anthropic,anthropic-p08,plant,proactive,anthropic-item_count,correction,E4,True,1.0,1462,37,528.3167500165291,0
anthropic,anthropic-p08,plant,proactive,anthropic-item_count,correction,D5,True,1.0,1245,5,3105.835249996744,25
anthropic,anthropic-p08,plant,reactive,anthropic-item_count,correction,D1,False,0.25,1242,4,4.8581669689156115,0
anthropic,anthropic-p08,plant,reactive,anthropic-item_count,correction,D4,False,0.2,1354,4,644.8352499864995,0
anthropic,anthropic-p08,plant,reactive,anthropic-item_count,correction,Z4,True,0.3333333333333333,1378,4,519.1064579994418,0
anthropic,anthropic-p08,plant,reactive,anthropic-item_count,correction,L4,False,0.2,1392,4,468.9974170178175,0
anthropic,anthropic-p08,plant,reactive,anthropic-item_count,correction,L6,False,0.2,1392,4,608.5819590371102,0
anthropic,anthropic-p08,plant,reactive,anthropic-item_count,correction,E1,True,0.16666666666666666,1494,43,2.269082993734628,0
anthropic,anthropic-p08,plant,reactive,anthropic-item_count,correction,E4,True,0.3333333333333333,1496,44,457.18962501268834,0
anthropic,anthropic-p09,plant,proactive,anthropic-compute_owner,ellipsis,D1,True,1.0,1253,5,2.564458001870662,0
anthropic,anthropic-p09,plant,proactive,anthropic-compute_owner,ellipsis,D4,False,0.25,1315,3,492.52500000875443,0
anthropic,anthropic-p09,plant,proactive,anthropic-compute_owner,ellipsis,Z4,False,1.0,1476,3,475.9493339806795,0
anthropic,anthropic-p09,plant,proactive,anthropic-compute_owner,ellipsis,L4,True,0.5,1412,4,553.4972500172444,0
anthropic,anthropic-p09,plant,proactive,anthropic-compute_owner,ellipsis,L6,False,0.25,1341,3,502.6762079796754,0
anthropic,anthropic-p09,plant,proactive,anthropic-compute_owner,ellipsis,E1,True,0.5,1483,42,3.9160000160336494,0
anthropic,anthropic-p09,plant,proactive,anthropic-compute_owner,ellipsis,E4,True,0.05555555555555555,1495,42,462.37879199907184,0
anthropic,anthropic-p09,plant,proactive,anthropic-compute_owner,ellipsis,D5,True,1.0,1137,4,2848.973209038377,26
anthropic,anthropic-p09,plant,reactive,anthropic-compute_owner,ellipsis,D1,True,1.0,1334,5,11.979750008322299,0
anthropic,anthropic-p09,plant,reactive,anthropic-compute_owner,ellipsis,D4,True,1.0,1473,5,535.0036249728873,0
anthropic,anthropic-p09,plant,reactive,anthropic-compute_owner,ellipsis,Z4,True,1.0,1227,3,649.6507090050727,0
anthropic,anthropic-p09,plant,reactive,anthropic-compute_owner,ellipsis,L4,True,1.0,1382,5,499.53112500952557,0
anthropic,anthropic-p09,plant,reactive,anthropic-compute_owner,ellipsis,L6,True,1.0,1248,4,467.9951249854639,0
anthropic,anthropic-p09,plant,reactive,anthropic-compute_owner,ellipsis,E1,True,1.0,1475,45,2.3989579640328884,0
anthropic,anthropic-p09,plant,reactive,anthropic-compute_owner,ellipsis,E4,True,1.0,1463,48,484.87870895769447,0
anthropic,anthropic-p10,plant,proactive,anthropic-pass_threshold,distributed,D1,False,0.125,1495,4,2.712916990276426,0
anthropic,anthropic-p10,plant,proactive,anthropic-pass_threshold,distributed,D4,False,0.2,1034,3,460.67216602386907,0
anthropic,anthropic-p10,plant,proactive,anthropic-pass_threshold,distributed,Z4,False,0.2,1401,4,464.3355410080403,0
anthropic,anthropic-p10,plant,proactive,anthropic-pass_threshold,distributed,L4,False,0.2,1063,3,451.23408298240975,0
anthropic,anthropic-p10,plant,proactive,anthropic-pass_threshold,distributed,L6,False,0.2,1063,3,448.57979204971343,0
anthropic,anthropic-p10,plant,proactive,anthropic-pass_threshold,distributed,E1,True,0.125,1479,41,3.927790967281908,0
anthropic,anthropic-p10,plant,proactive,anthropic-pass_threshold,distributed,E4,True,0.043478260869565216,1487,43,701.2861659750342,0
anthropic,anthropic-p10,plant,proactive,anthropic-pass_threshold,distributed,D5,False,0.16666666666666666,1116,4,3001.7559159896336,27
anthropic,anthropic-p10,plant,reactive,anthropic-pass_threshold,distributed,D1,True,1.0,1366,3,4.23541700001806,0
anthropic,anthropic-p10,plant,reactive,anthropic-pass_threshold,distributed,D4,True,1.0,1019,4,503.2810830161907,0
anthropic,anthropic-p10,plant,reactive,anthropic-pass_threshold,distributed,Z4,True,1.0,1364,3,456.9769590161741,0
anthropic,anthropic-p10,plant,reactive,anthropic-pass_threshold,distributed,L4,True,1.0,1442,5,454.93529102532193,0
anthropic,anthropic-p10,plant,reactive,anthropic-pass_threshold,distributed,L6,True,1.0,1054,4,470.15033301431686,0
anthropic,anthropic-p10,plant,reactive,anthropic-pass_threshold,distributed,E1,True,1.0,1489,46,2.898917009588331,0
anthropic,anthropic-p10,plant,reactive,anthropic-pass_threshold,distributed,E4,True,1.0,1465,47,486.1617499846034,0
anthropic,anthropic-p11,plant,proactive,anthropic-item_count,correction,D1,False,0.07142857142857142,1051,3,2.7223749784752727,0
anthropic,anthropic-p11,plant,proactive,anthropic-item_count,correction,D4,False,0.14285714285714285,1377,6,460.2162499795668,0
anthropic,anthropic-p11,plant,proactive,anthropic-item_count,correction,Z4,False,0.125,1124,3,456.72925002872944,0
anthropic,anthropic-p11,plant,proactive,anthropic-item_count,correction,L4,False,0.14285714285714285,1429,6,686.4871249999851,0
anthropic,anthropic-p11,plant,proactive,anthropic-item_count,correction,L6,False,0.14285714285714285,1429,6,482.6130419969559,0
anthropic,anthropic-p11,plant,proactive,anthropic-item_count,correction,E1,True,1.0,1482,39,4.369541013147682,0
anthropic,anthropic-p11,plant,proactive,anthropic-item_count,correction,E4,True,0.043478260869565216,1453,40,491.81983404560015,0
anthropic,anthropic-p11,plant,proactive,anthropic-item_count,correction,D5,False,0.16666666666666666,1234,5,3692.4093749839813,30
anthropic,anthropic-p11,plant,reactive,anthropic-item_count,correction,D1,False,0.25,1242,4,2.6400830247439444,0
anthropic,anthropic-p11,plant,reactive,anthropic-item_count,correction,D4,False,0.16666666666666666,1145,4,521.9141659908928,0
anthropic,anthropic-p11,plant,reactive,anthropic-item_count,correction,Z4,True,0.3333333333333333,1378,4,494.2576250177808,0
anthropic,anthropic-p11,plant,reactive,anthropic-item_count,correction,L4,False,0.2,1392,4,475.6037920014933,0
anthropic,anthropic-p11,plant,reactive,anthropic-item_count,correction,L6,False,0.16666666666666666,1179,4,459.66808299999684,0
anthropic,anthropic-p11,plant,reactive,anthropic-item_count,correction,E1,True,0.16666666666666666,1484,44,2.7262920048087835,0
anthropic,anthropic-p11,plant,reactive,anthropic-item_count,correction,E4,True,0.3333333333333333,1475,44,643.2224999880418,0
anthropic,anthropic-paper_deadline@t1/005-t2-start,probe_trigger,proactive,anthropic-paper_deadline,reaction,D1,True,1.0,1172,6,0.6382499705068767,0
anthropic,anthropic-paper_deadline@t1/005-t2-start,probe_trigger,proactive,anthropic-paper_deadline,reaction,D4,True,1.0,1470,7,490.30887498520315,0
anthropic,anthropic-paper_deadline@t1/005-t2-start,probe_trigger,proactive,anthropic-paper_deadline,reaction,Z4,True,1.0,1424,3,475.89175001485273,0
anthropic,anthropic-paper_deadline@t1/005-t2-start,probe_trigger,proactive,anthropic-paper_deadline,reaction,L4,True,1.0,1351,6,445.49341598758474,0
anthropic,anthropic-paper_deadline@t1/005-t2-start,probe_trigger,proactive,anthropic-paper_deadline,reaction,L6,True,1.0,1351,6,464.501750015188,0
anthropic,anthropic-paper_deadline@t1/005-t2-start,probe_trigger,proactive,anthropic-paper_deadline,reaction,E1,True,1.0,1470,44,0.7136249914765358,0
anthropic,anthropic-paper_deadline@t1/005-t2-start,probe_trigger,proactive,anthropic-paper_deadline,reaction,E4,True,1.0,1494,44,444.2727499990724,0
anthropic,anthropic-paper_deadline@t1/005-t2-middle,probe_trigger,proactive,anthropic-paper_deadline,reaction,D1,False,0.1111111111111111,1102,4,1.0490420390851796,0
anthropic,anthropic-paper_deadline@t1/005-t2-middle,probe_trigger,proactive,anthropic-paper_deadline,reaction,D4,False,0.1111111111111111,1278,4,478.4210000070743,0
anthropic,anthropic-paper_deadline@t1/005-t2-middle,probe_trigger,proactive,anthropic-paper_deadline,reaction,Z4,True,1.0,1352,3,467.7109579788521,0
anthropic,anthropic-paper_deadline@t1/005-t2-middle,probe_trigger,proactive,anthropic-paper_deadline,reaction,L4,False,0.1111111111111111,1314,4,481.3565409858711,0
anthropic,anthropic-paper_deadline@t1/005-t2-middle,probe_trigger,proactive,anthropic-paper_deadline,reaction,L6,False,0.1111111111111111,1314,4,671.1169999907725,0
anthropic,anthropic-paper_deadline@t1/005-t2-middle,probe_trigger,proactive,anthropic-paper_deadline,reaction,E1,True,0.125,1484,41,4.2316659819334745,0
anthropic,anthropic-paper_deadline@t1/005-t2-middle,probe_trigger,proactive,anthropic-paper_deadline,reaction,E4,True,0.058823529411764705,1473,43,452.11799995740876,0
anthropic,anthropic-paper_deadline@t1/005-t3-start,probe_trigger,proactive,anthropic-paper_deadline,reaction,D1,False,0.2,1213,3,1.4869169681333005,0
anthropic,anthropic-paper_deadline@t1/005-t3-start,probe_trigger,proactive,anthropic-paper_deadline,reaction,D4,False,0.08333333333333333,1061,3,452.38750003045425,0
anthropic,anthropic-paper_deadline@t1/005-t3-start,probe_trigger,proactive,anthropic-paper_deadline,reaction,Z4,False,0.2,1147,3,564.9250000133179,0
anthropic,anthropic-paper_deadline@t1/005-t3-start,probe_trigger,proactive,anthropic-paper_deadline,reaction,L4,False,0.08333333333333333,1085,3,462.2683330089785,0
anthropic,anthropic-paper_deadline@t1/005-t3-start,probe_trigger,proactive,anthropic-paper_deadline,reaction,L6,False,0.08333333333333333,1085,3,478.8725419784896,0
anthropic,anthropic-paper_deadline@t1/005-t3-start,probe_trigger,proactive,anthropic-paper_deadline,reaction,E1,True,0.3333333333333333,1484,40,2.050417009741068,0
anthropic,anthropic-paper_deadline@t1/005-t3-start,probe_trigger,proactive,anthropic-paper_deadline,reaction,E4,True,0.04,1492,41,535.5073329992592,0
anthropic,anthropic-paper_deadline@t1/005-t3-middle,probe_trigger,proactive,anthropic-paper_deadline,reaction,D1,False,0.09090909090909091,1173,4,1.6733750235289335,0
anthropic,anthropic-paper_deadline@t1/005-t3-middle,probe_trigger,proactive,anthropic-paper_deadline,reaction,D4,False,0.06666666666666667,1173,4,485.93762499513105,0
anthropic,anthropic-paper_deadline@t1/005-t3-middle,probe_trigger,proactive,anthropic-paper_deadline,reaction,Z4,False,0.125,1363,4,468.37512496858835,0
anthropic,anthropic-paper_deadline@t1/005-t3-middle,probe_trigger,proactive,anthropic-paper_deadline,reaction,L4,False,0.06666666666666667,1208,4,691.4069589693099,0
anthropic,anthropic-paper_deadline@t1/005-t3-middle,probe_trigger,proactive,anthropic-paper_deadline,reaction,L6,False,0.06666666666666667,1208,4,488.61579096410424,0
anthropic,anthropic-paper_deadline@t1/005-t3-middle,probe_trigger,proactive,anthropic-paper_deadline,reaction,E1,True,0.125,1467,40,2.5935840094462037,0
anthropic,anthropic-paper_deadline@t1/005-t3-middle,probe_trigger,proactive,anthropic-paper_deadline,reaction,E4,True,0.03333333333333333,1463,39,486.66433402104303,0
anthropic,anthropic-paper_deadline@t1/005-t4-start,probe_trigger,proactive,anthropic-paper_deadline,reaction,D1,False,0.125,1207,3,2.400500001385808,0
anthropic,anthropic-paper_deadline@t1/005-t4-start,probe_trigger,proactive,anthropic-paper_deadline,reaction,D4,False,0.045454545454545456,1291,3,524.547667009756,0
anthropic,anthropic-paper_deadline@t1/005-t4-start,probe_trigger,proactive,anthropic-paper_deadline,reaction,Z4,False,0.16666666666666666,1188,3,480.51925003528595,0
anthropic,anthropic-paper_deadline@t1/005-t4-start,probe_trigger,proactive,anthropic-paper_deadline,reaction,L4,False,0.045454545454545456,1319,3,497.92837497079745,0
anthropic,anthropic-paper_deadline@t1/005-t4-start,probe_trigger,proactive,anthropic-paper_deadline,reaction,L6,False,0.045454545454545456,1319,3,503.43979202443734,0
anthropic,anthropic-paper_deadline@t1/005-t4-start,probe_trigger,proactive,anthropic-paper_deadline,reaction,E1,True,0.25,1470,38,2.8429999947547913,0
anthropic,anthropic-paper_deadline@t1/005-t4-start,probe_trigger,proactive,anthropic-paper_deadline,reaction,E4,True,0.03125,1486,38,478.23116701329127,0
anthropic,anthropic-paper_deadline@t1/005-t4-middle,probe_trigger,proactive,anthropic-paper_deadline,reaction,D1,False,0.09090909090909091,1428,5,2.4643749929964542,0
anthropic,anthropic-paper_deadline@t1/005-t4-middle,probe_trigger,proactive,anthropic-paper_deadline,reaction,D4,False,0.041666666666666664,1357,5,672.8787080501206,0
anthropic,anthropic-paper_deadline@t1/005-t4-middle,probe_trigger,proactive,anthropic-paper_deadline,reaction,Z4,True,0.3333333333333333,1374,3,460.804249974899,0
anthropic,anthropic-paper_deadline@t1/005-t4-middle,probe_trigger,proactive,anthropic-paper_deadline,reaction,L4,False,0.041666666666666664,1385,5,447.1506249974482,0
anthropic,anthropic-paper_deadline@t1/005-t4-middle,probe_trigger,proactive,anthropic-paper_deadline,reaction,L6,False,0.041666666666666664,1404,5,458.42833298956975,0
anthropic,anthropic-paper_deadline@t1/005-t4-middle,probe_trigger,proactive,anthropic-paper_deadline,reaction,E1,True,0.16666666666666666,1460,38,3.021499956957996,0
anthropic,anthropic-paper_deadline@t1/005-t4-middle,probe_trigger,proactive,anthropic-paper_deadline,reaction,E4,True,0.03125,1484,40,451.74545800546184,0
anthropic,anthropic-paper_deadline@t1/005-t5-start,probe_trigger,proactive,anthropic-paper_deadline,reaction,D1,False,0.047619047619047616,1328,4,2.390792011283338,0
anthropic,anthropic-paper_deadline@t1/005-t5-start,probe_trigger,proactive,anthropic-paper_deadline,reaction,D4,False,0.037037037037037035,1201,6,446.45845802733675,0
anthropic,anthropic-paper_deadline@t1/005-t5-start,probe_trigger,proactive,anthropic-paper_deadline,reaction,Z4,False,0.1111111111111111,1402,3,461.17479202803224,0
anthropic,anthropic-paper_deadline@t1/005-t5-start,probe_trigger,proactive,anthropic-paper_deadline,reaction,L4,False,0.03571428571428571,1257,6,475.87349999230355,0
anthropic,anthropic-paper_deadline@t1/005-t5-start,probe_trigger,proactive,anthropic-paper_deadline,reaction,L6,False,0.03571428571428571,1257,6,602.2667500074022,0
anthropic,anthropic-paper_deadline@t1/005-t5-start,probe_trigger,proactive,anthropic-paper_deadline,reaction,E1,True,0.05555555555555555,1497,38,3.8905410328879952,0
anthropic,anthropic-paper_deadline@t1/005-t5-start,probe_trigger,proactive,anthropic-paper_deadline,reaction,E4,True,0.041666666666666664,1467,38,460.12875001179054,0
anthropic,anthropic-paper_deadline@t1/005-t5-middle,probe_trigger,proactive,anthropic-paper_deadline,reaction,D1,False,0.04,1395,4,2.6545419823378325,0
anthropic,anthropic-paper_deadline@t1/005-t5-middle,probe_trigger,proactive,anthropic-paper_deadline,reaction,D4,False,0.038461538461538464,1366,3,466.7484170058742,0
anthropic,anthropic-paper_deadline@t1/005-t5-middle,probe_trigger,proactive,anthropic-paper_deadline,reaction,Z4,True,0.3333333333333333,1365,3,455.2489999914542,0
anthropic,anthropic-paper_deadline@t1/005-t5-middle,probe_trigger,proactive,anthropic-paper_deadline,reaction,L4,False,0.037037037037037035,1395,3,464.56679195398465,0
anthropic,anthropic-paper_deadline@t1/005-t5-middle,probe_trigger,proactive,anthropic-paper_deadline,reaction,L6,False,0.037037037037037035,1395,3,461.6368749993853,0
anthropic,anthropic-paper_deadline@t1/005-t5-middle,probe_trigger,proactive,anthropic-paper_deadline,reaction,E1,True,0.14285714285714285,1493,40,4.160916025284678,0
anthropic,anthropic-paper_deadline@t1/005-t5-middle,probe_trigger,proactive,anthropic-paper_deadline,reaction,E4,True,0.07692307692307693,1478,37,444.6531669818796,0
anthropic,anthropic-suite_version@t1/008-t2-start,probe_trigger,proactive,anthropic-suite_version,explicit,D1,True,0.5,1294,6,0.610999995842576,0
anthropic,anthropic-suite_version@t1/008-t2-start,probe_trigger,proactive,anthropic-suite_version,explicit,D4,True,1.0,1470,7,444.0497920149937,0
anthropic,anthropic-suite_version@t1/008-t2-start,probe_trigger,proactive,anthropic-suite_version,explicit,Z4,True,1.0,1424,3,440.8291250001639,0
anthropic,anthropic-suite_version@t1/008-t2-start,probe_trigger,proactive,anthropic-suite_version,explicit,L4,True,1.0,1351,6,551.2462499900721,0
anthropic,anthropic-suite_version@t1/008-t2-start,probe_trigger,proactive,anthropic-suite_version,explicit,L6,True,1.0,1351,6,442.98895803513005,0
anthropic,anthropic-suite_version@t1/008-t2-start,probe_trigger,proactive,anthropic-suite_version,explicit,E1,True,1.0,1483,44,0.7142500253394246,0
anthropic,anthropic-suite_version@t1/008-t2-start,probe_trigger,proactive,anthropic-suite_version,explicit,E4,True,1.0,1497,45,443.8989170012064,0
anthropic,anthropic-suite_version@t1/008-t2-middle,probe_trigger,proactive,anthropic-suite_version,explicit,D1,True,0.5,1447,5,1.0214170324616134,0
anthropic,anthropic-suite_version@t1/008-t2-middle,probe_trigger,proactive,anthropic-suite_version,explicit,D4,True,1.0,1278,4,441.7087909532711,0
anthropic,anthropic-suite_version@t1/008-t2-middle,probe_trigger,proactive,anthropic-suite_version,explicit,Z4,True,1.0,1352,3,462.17816695570946,0
anthropic,anthropic-suite_version@t1/008-t2-middle,probe_trigger,proactive,anthropic-suite_version,explicit,L4,True,1.0,1314,4,452.2904999903403,0
anthropic,anthropic-suite_version@t1/008-t2-middle,probe_trigger,proactive,anthropic-suite_version,explicit,L6,True,1.0,1314,4,461.1686249845661,0
anthropic,anthropic-suite_version@t1/008-t2-middle,probe_trigger,proactive,anthropic-suite_version,explicit,E1,True,0.5,1471,42,1.5581670450046659,0
anthropic,anthropic-suite_version@t1/008-t2-middle,probe_trigger,proactive,anthropic-suite_version,explicit,E4,True,1.0,1500,45,460.61362500768155,0
anthropic,anthropic-suite_version@t1/008-t3-start,probe_trigger,proactive,anthropic-suite_version,explicit,D1,False,0.16666666666666666,1213,3,1.5460409922525287,0
anthropic,anthropic-suite_version@t1/008-t3-start,probe_trigger,proactive,anthropic-suite_version,explicit,D4,False,0.14285714285714285,1061,3,462.0598329929635,0
anthropic,anthropic-suite_version@t1/008-t3-start,probe_trigger,proactive,anthropic-suite_version,explicit,Z4,False,0.2,1147,3,555.3628750494681,0
anthropic,anthropic-suite_version@t1/008-t3-start,probe_trigger,proactive,anthropic-suite_version,explicit,L4,False,0.14285714285714285,1085,3,452.48333300696686,0
anthropic,anthropic-suite_version@t1/008-t3-start,probe_trigger,proactive,anthropic-suite_version,explicit,L6,False,0.14285714285714285,1085,3,469.0968749928288,0
anthropic,anthropic-suite_version@t1/008-t3-start,probe_trigger,proactive,anthropic-suite_version,explicit,E1,True,0.14285714285714285,1483,39,1.8890000064857304,0
anthropic,anthropic-suite_version@t1/008-t3-start,probe_trigger,proactive,anthropic-suite_version,explicit,E4,True,1.0,1496,39,505.6034589651972,0
anthropic,anthropic-compute_owner@t1/012-t2-start,probe_trigger,proactive,anthropic-compute_owner,ellipsis,D1,True,1.0,1463,6,0.726416998077184,0
anthropic,anthropic-compute_owner@t1/012-t2-start,probe_trigger,proactive,anthropic-compute_owner,ellipsis,D4,True,0.5,1165,7,476.6725420486182,0
anthropic,anthropic-compute_owner@t1/012-t2-start,probe_trigger,proactive,anthropic-compute_owner,ellipsis,Z4,True,1.0,1424,3,452.1277080057189,0
anthropic,anthropic-compute_owner@t1/012-t2-start,probe_trigger,proactive,anthropic-compute_owner,ellipsis,L4,True,0.5,1223,7,447.86579097853974,0
anthropic,anthropic-compute_owner@t1/012-t2-start,probe_trigger,proactive,anthropic-compute_owner,ellipsis,L6,True,0.5,1223,7,468.11529202386737,0
anthropic,anthropic-compute_owner@t1/012-t2-start,probe_trigger,proactive,anthropic-compute_owner,ellipsis,E1,True,1.0,1489,46,0.7261669961735606,0
anthropic,anthropic-compute_owner@t1/012-t2-start,probe_trigger,proactive,anthropic-compute_owner,ellipsis,E4,True,1.0,1466,45,757.8567499876954,0
anthropic,anthropic-compute_owner@t1/012-t2-middle,probe_trigger,proactive,anthropic-compute_owner,ellipsis,D1,True,0.25,1409,5,1.059749978594482,0
anthropic,anthropic-compute_owner@t1/012-t2-middle,probe_trigger,proactive,anthropic-compute_owner,ellipsis,D4,False,0.125,1494,4,468.29912497196347,0
anthropic,anthropic-compute_owner@t1/012-t2-middle,probe_trigger,proactive,anthropic-compute_owner,ellipsis,Z4,False,1.0,1352,3,461.65062504587695,0
anthropic,anthropic-compute_owner@t1/012-t2-middle,probe_trigger,proactive,anthropic-compute_owner,ellipsis,L4,False,0.125,1180,3,458.7809580261819,0
anthropic,anthropic-compute_owner@t1/012-t2-middle,probe_trigger,proactive,anthropic-compute_owner,ellipsis,L6,False,0.125,1180,3,441.0835420130752,0
anthropic,anthropic-compute_owner@t1/012-t2-middle,probe_trigger,proactive,anthropic-compute_owner,ellipsis,E1,True,0.25,1492,42,1.5182089991867542,0
anthropic,anthropic-compute_owner@t1/012-t2-middle,probe_trigger,proactive,anthropic-compute_owner,ellipsis,E4,True,0.5,1499,43,445.1635419973172,0
anthropic,anthropic-compute_owner@t1/012-t3-start,probe_trigger,proactive,anthropic-compute_owner,ellipsis,D1,True,0.5,1379,5,1.4400830259546638,0
anthropic,anthropic-compute_owner@t1/012-t3-start,probe_trigger,proactive,anthropic-compute_owner,ellipsis,D4,False,0.08333333333333333,1061,3,452.2442090092227,0
anthropic,anthropic-compute_owner@t1/012-t3-start,probe_trigger,proactive,anthropic-compute_owner,ellipsis,Z4,False,0.3333333333333333,1147,3,462.5689170206897,0
anthropic,anthropic-compute_owner@t1/012-t3-start,probe_trigger,proactive,anthropic-compute_owner,ellipsis,L4,False,0.08333333333333333,1085,3,496.86695798300207,0
anthropic,anthropic-compute_owner@t1/012-t3-start,probe_trigger,proactive,anthropic-compute_owner,ellipsis,L6,False,0.08333333333333333,1085,3,732.1412499877624,0
anthropic,anthropic-compute_owner@t1/012-t3-start,probe_trigger,proactive,anthropic-compute_owner,ellipsis,E1,True,1.0,1495,37,1.9285829621367157,0
anthropic,anthropic-compute_owner@t1/012-t3-start,probe_trigger,proactive,anthropic-compute_owner,ellipsis,E4,True,0.06666666666666667,1498,39,465.90924996417016,0
anthropic,anthropic-compute_owner@t1/012-t3-middle,probe_trigger,proactive,anthropic-compute_owner,ellipsis,D1,False,0.1111111111111111,1173,4,1.6086249961517751,0
anthropic,anthropic-compute_owner@t1/012-t3-middle,probe_trigger,proactive,anthropic-compute_owner,ellipsis,D4,False,0.07142857142857142,1173,4,442.2940409858711,0
anthropic,anthropic-compute_owner@t1/012-t3-middle,probe_trigger,proactive,anthropic-compute_owner,ellipsis,Z4,False,0.14285714285714285,1078,4,451.7118749790825,0
anthropic,anthropic-compute_owner@t1/012-t3-middle,probe_trigger,proactive,anthropic-compute_owner,ellipsis,L4,False,0.07142857142857142,1208,4,517.140542040579,0
anthropic,anthropic-compute_owner@t1/012-t3-middle,probe_trigger,proactive,anthropic-compute_owner,ellipsis,L6,False,0.07142857142857142,1208,4,466.9090419774875,0
anthropic,anthropic-compute_owner@t1/012-t3-middle,probe_trigger,proactive,anthropic-compute_owner,ellipsis,E1,True,0.1111111111111111,1482,41,2.6754169957712293,0
anthropic,anthropic-compute_owner@t1/012-t3-middle,probe_trigger,proactive,anthropic-compute_owner,ellipsis,E4,True,0.037037037037037035,1500,39,480.2438330370933,0
anthropic,anthropic-compute_owner@t1/012-t4-start,probe_trigger,proactive,anthropic-compute_owner,ellipsis,D1,True,0.25,1393,5,2.0793750300072134,0
anthropic,anthropic-compute_owner@t1/012-t4-start,probe_trigger,proactive,anthropic-compute_owner,ellipsis,D4,False,0.2,1227,3,531.2560410238802,0
anthropic,anthropic-compute_owner@t1/012-t4-start,probe_trigger,proactive,anthropic-compute_owner,ellipsis,Z4,True,0.3333333333333333,1188,3,681.4277500379831,0
anthropic,anthropic-compute_owner@t1/012-t4-start,probe_trigger,proactive,anthropic-compute_owner,ellipsis,L4,True,0.3333333333333333,1269,4,447.6204999955371,0
anthropic,anthropic-compute_owner@t1/012-t4-start,probe_trigger,proactive,anthropic-compute_owner,ellipsis,L6,False,0.2,1252,3,483.3369170082733,0
anthropic,anthropic-compute_owner@t1/012-t4-start,probe_trigger,proactive,anthropic-compute_owner,ellipsis,E1,True,0.2,1479,40,2.8976670000702143,0
anthropic,anthropic-compute_owner@t1/012-t4-start,probe_trigger,proactive,anthropic-compute_owner,ellipsis,E4,True,0.2,1467,42,468.1420829729177,0
anthropic,anthropic-compute_owner@t1/012-t4-middle,probe_trigger,proactive,anthropic-compute_owner,ellipsis,D1,False,0.1,1440,5,2.0616669789887965,0
anthropic,anthropic-compute_owner@t1/012-t4-middle,probe_trigger,proactive,anthropic-compute_owner,ellipsis,D4,False,0.14285714285714285,1414,5,453.8340840372257,0
anthropic,anthropic-compute_owner@t1/012-t4-middle,probe_trigger,proactive,anthropic-compute_owner,ellipsis,Z4,True,0.3333333333333333,1313,3,459.6877919975668,0
anthropic,anthropic-compute_owner@t1/012-t4-middle,probe_trigger,proactive,anthropic-compute_owner,ellipsis,L4,True,0.25,1462,6,447.87762500345707,0
anthropic,anthropic-compute_owner@t1/012-t4-middle,probe_trigger,proactive,anthropic-compute_owner,ellipsis,L6,False,0.14285714285714285,1458,5,442.18404102139175,0
anthropic,anthropic-compute_owner@t1/012-t4-middle,probe_trigger,proactive,anthropic-compute_owner,ellipsis,E1,True,1.0,1493,39,2.976957999635488,0
anthropic,anthropic-compute_owner@t1/012-t4-middle,probe_trigger,proactive,anthropic-compute_owner,ellipsis,E4,True,0.16666666666666666,1446,39,494.3624580046162,0
anthropic,anthropic-compute_owner@t1/012-t5-start,probe_trigger,proactive,anthropic-compute_owner,ellipsis,D1,True,1.0,1440,6,2.4436250096186996,0
anthropic,anthropic-compute_owner@t1/012-t5-start,probe_trigger,proactive,anthropic-compute_owner,ellipsis,D4,True,0.038461538461538464,1432,7,749.1626670234837,0
anthropic,anthropic-compute_owner@t1/012-t5-start,probe_trigger,proactive,anthropic-compute_owner,ellipsis,Z4,True,0.5,1284,3,453.7287090206519,0
anthropic,anthropic-compute_owner@t1/012-t5-start,probe_trigger,proactive,anthropic-compute_owner,ellipsis,L4,True,0.03571428571428571,1494,7,453.5990000003949,0
anthropic,anthropic-compute_owner@t1/012-t5-start,probe_trigger,proactive,anthropic-compute_owner,ellipsis,L6,True,0.03571428571428571,1494,7,533.7559159961529,0
anthropic,anthropic-compute_owner@t1/012-t5-start,probe_trigger,proactive,anthropic-compute_owner,ellipsis,E1,True,1.0,1455,37,8.461416990030557,0
anthropic,anthropic-compute_owner@t1/012-t5-start,probe_trigger,proactive,anthropic-compute_owner,ellipsis,E4,True,0.041666666666666664,1488,40,539.2090830137022,0
anthropic,anthropic-compute_owner@t1/012-t5-middle,probe_trigger,proactive,anthropic-compute_owner,ellipsis,D1,True,0.2,1439,5,2.616457990370691,0
anthropic,anthropic-compute_owner@t1/012-t5-middle,probe_trigger,proactive,anthropic-compute_owner,ellipsis,D4,False,0.0625,1410,3,468.31666701473296,0
anthropic,anthropic-compute_owner@t1/012-t5-middle,probe_trigger,proactive,anthropic-compute_owner,ellipsis,Z4,False,0.1,1429,3,454.26108402898535,0
anthropic,anthropic-compute_owner@t1/012-t5-middle,probe_trigger,proactive,anthropic-compute_owner,ellipsis,L4,False,0.058823529411764705,1436,3,454.63141601067036,0
anthropic,anthropic-compute_owner@t1/012-t5-middle,probe_trigger,proactive,anthropic-compute_owner,ellipsis,L6,False,0.058823529411764705,1436,3,640.9684170503169,0
anthropic,anthropic-compute_owner@t1/012-t5-middle,probe_trigger,proactive,anthropic-compute_owner,ellipsis,E1,True,0.125,1490,40,4.0057500009424984,0
anthropic,anthropic-compute_owner@t1/012-t5-middle,probe_trigger,proactive,anthropic-compute_owner,ellipsis,E4,True,0.037037037037037035,1496,38,456.27199998125434,0
anthropic,anthropic-pass_threshold@t2/005-t3-start,probe_trigger,proactive,anthropic-pass_threshold,distributed,D1,True,1.0,1105,3,1.4354159939102829,0
anthropic,anthropic-pass_threshold@t2/005-t3-start,probe_trigger,proactive,anthropic-pass_threshold,distributed,D4,False,0.2,1061,3,492.95608297688887,0
anthropic,anthropic-pass_threshold@t2/005-t3-start,probe_trigger,proactive,anthropic-pass_threshold,distributed,Z4,False,0.2,1147,3,485.44329102151096,0
anthropic,anthropic-pass_threshold@t2/005-t3-start,probe_trigger,proactive,anthropic-pass_threshold,distributed,L4,False,0.2,1085,3,543.2159170159139,0
anthropic,anthropic-pass_threshold@t2/005-t3-start,probe_trigger,proactive,anthropic-pass_threshold,distributed,L6,False,0.2,1085,3,487.4220420024358,0
anthropic,anthropic-pass_threshold@t2/005-t3-start,probe_trigger,proactive,anthropic-pass_threshold,distributed,E1,True,0.5,1470,39,2.114499977324158,0
anthropic,anthropic-pass_threshold@t2/005-t3-start,probe_trigger,proactive,anthropic-pass_threshold,distributed,E4,True,0.25,1486,40,525.4600420012139,0
anthropic,anthropic-pass_threshold@t2/005-t3-middle,probe_trigger,proactive,anthropic-pass_threshold,distributed,D1,True,0.5,1410,4,1.7252920079044998,0
anthropic,anthropic-pass_threshold@t2/005-t3-middle,probe_trigger,proactive,anthropic-pass_threshold,distributed,D4,False,0.14285714285714285,1362,4,708.9034160017036,0
anthropic,anthropic-pass_threshold@t2/005-t3-middle,probe_trigger,proactive,anthropic-pass_threshold,distributed,Z4,False,0.14285714285714285,1363,4,480.03758396953344,0
anthropic,anthropic-pass_threshold@t2/005-t3-middle,probe_trigger,proactive,anthropic-pass_threshold,distributed,L4,False,0.14285714285714285,1397,4,662.4991249991581,0
anthropic,anthropic-pass_threshold@t2/005-t3-middle,probe_trigger,proactive,anthropic-pass_threshold,distributed,L6,False,0.14285714285714285,1397,4,445.52029197802767,0
anthropic,anthropic-pass_threshold@t2/005-t3-middle,probe_trigger,proactive,anthropic-pass_threshold,distributed,E1,True,0.3333333333333333,1474,40,2.4001249694265425,0
anthropic,anthropic-pass_threshold@t2/005-t3-middle,probe_trigger,proactive,anthropic-pass_threshold,distributed,E4,True,0.03125,1499,39,459.4398749759421,0
anthropic,anthropic-pass_threshold@t2/005-t4-start,probe_trigger,proactive,anthropic-pass_threshold,distributed,D1,True,1.0,1075,3,1.9269170006737113,0
anthropic,anthropic-pass_threshold@t2/005-t4-start,probe_trigger,proactive,anthropic-pass_threshold,distributed,D4,True,0.5,1227,3,458.2302919588983,0
anthropic,anthropic-pass_threshold@t2/005-t4-start,probe_trigger,proactive,anthropic-pass_threshold,distributed,Z4,True,0.5,1214,3,474.7921249945648,0
anthropic,anthropic-pass_threshold@t2/005-t4-start,probe_trigger,proactive,anthropic-pass_threshold,distributed,L4,True,0.5,1252,3,446.2431250140071,0
anthropic,anthropic-pass_threshold@t2/005-t4-start,probe_trigger,proactive,anthropic-pass_threshold,distributed,L6,True,0.5,1252,3,462.7174159977585,0
anthropic,anthropic-pass_threshold@t2/005-t4-start,probe_trigger,proactive,anthropic-pass_threshold,distributed,E1,True,1.0,1472,39,2.6134580257348716,0
anthropic,anthropic-pass_threshold@t2/005-t4-start,probe_trigger,proactive,anthropic-pass_threshold,distributed,E4,True,0.2,1493,41,453.98312498582527,0
anthropic,anthropic-pass_threshold@t2/005-t4-middle,probe_trigger,proactive,anthropic-pass_threshold,distributed,D1,True,0.5,1198,5,2.0869579748250544,0
anthropic,anthropic-pass_threshold@t2/005-t4-middle,probe_trigger,proactive,anthropic-pass_threshold,distributed,D4,False,0.08333333333333333,1357,5,453.47366703208536,0
anthropic,anthropic-pass_threshold@t2/005-t4-middle,probe_trigger,proactive,anthropic-pass_threshold,distributed,Z4,False,0.1,1313,3,543.1264590006322,0
anthropic,anthropic-pass_threshold@t2/005-t4-middle,probe_trigger,proactive,anthropic-pass_threshold,distributed,L4,False,0.07142857142857142,1404,5,449.34566697338596,0
anthropic,anthropic-pass_threshold@t2/005-t4-middle,probe_trigger,proactive,anthropic-pass_threshold,distributed,L6,False,0.08333333333333333,1404,5,443.4425409999676,0
anthropic,anthropic-pass_threshold@t2/005-t4-middle,probe_trigger,proactive,anthropic-pass_threshold,distributed,E1,True,0.25,1496,39,3.1200420344248414,0
anthropic,anthropic-pass_threshold@t2/005-t4-middle,probe_trigger,proactive,anthropic-pass_threshold,distributed,E4,True,0.1,1485,41,488.7065420043655,0
anthropic,anthropic-pass_threshold@t2/005-t5-start,probe_trigger,proactive,anthropic-pass_threshold,distributed,D1,True,0.5,1244,4,2.770249964669347,0
anthropic,anthropic-pass_threshold@t2/005-t5-start,probe_trigger,proactive,anthropic-pass_threshold,distributed,D4,False,0.0625,1482,7,472.2354169934988,0
anthropic,anthropic-pass_threshold@t2/005-t5-start,probe_trigger,proactive,anthropic-pass_threshold,distributed,Z4,False,0.0625,1415,3,458.7848329683766,0
anthropic,anthropic-pass_threshold@t2/005-t5-start,probe_trigger,proactive,anthropic-pass_threshold,distributed,L4,False,0.058823529411764705,1369,6,450.4395829862915,0
anthropic,anthropic-pass_threshold@t2/005-t5-start,probe_trigger,proactive,anthropic-pass_threshold,distributed,L6,False,0.058823529411764705,1369,6,473.9736249903217,0
anthropic,anthropic-pass_threshold@t2/005-t5-start,probe_trigger,proactive,anthropic-pass_threshold,distributed,E1,False,0.25,1475,35,3.812458016909659,0
anthropic,anthropic-pass_threshold@t2/005-t5-start,probe_trigger,proactive,anthropic-pass_threshold,distributed,E4,False,0.06666666666666667,1478,37,673.4945829957724,0
anthropic,anthropic-pass_threshold@t2/005-t5-middle,probe_trigger,proactive,anthropic-pass_threshold,distributed,D1,True,1.0,1395,4,2.6795840240083635,0
anthropic,anthropic-pass_threshold@t2/005-t5-middle,probe_trigger,proactive,anthropic-pass_threshold,distributed,D4,True,1.0,1410,3,459.18454200727865,0
anthropic,anthropic-pass_threshold@t2/005-t5-middle,probe_trigger,proactive,anthropic-pass_threshold,distributed,Z4,True,1.0,1429,3,448.58400005614385,0
anthropic,anthropic-pass_threshold@t2/005-t5-middle,probe_trigger,proactive,anthropic-pass_threshold,distributed,L4,True,1.0,1436,3,449.6025000116788,0
anthropic,anthropic-pass_threshold@t2/005-t5-middle,probe_trigger,proactive,anthropic-pass_threshold,distributed,L6,True,1.0,1436,3,445.2354999957606,0
anthropic,anthropic-pass_threshold@t2/005-t5-middle,probe_trigger,proactive,anthropic-pass_threshold,distributed,E1,True,1.0,1498,40,4.199041984975338,0
anthropic,anthropic-pass_threshold@t2/005-t5-middle,probe_trigger,proactive,anthropic-pass_threshold,distributed,E4,True,0.25,1498,38,446.14191696746275,0
anthropic,anthropic-item_count@t2/009-t3-start,probe_trigger,proactive,anthropic-item_count,explicit,D1,True,1.0,1436,4,1.4306250377558172,0
anthropic,anthropic-item_count@t2/009-t3-start,probe_trigger,proactive,anthropic-item_count,explicit,D4,True,0.3333333333333333,1443,4,444.89941699430346,0
anthropic,anthropic-item_count@t2/009-t3-start,probe_trigger,proactive,anthropic-item_count,explicit,Z4,False,0.25,1147,3,443.2499589747749,0
anthropic,anthropic-item_count@t2/009-t3-start,probe_trigger,proactive,anthropic-item_count,explicit,L4,True,0.3333333333333333,1477,4,448.52637499570847,0
anthropic,anthropic-item_count@t2/009-t3-start,probe_trigger,proactive,anthropic-item_count,explicit,L6,True,0.3333333333333333,1477,4,556.9718329934403,0
anthropic,anthropic-item_count@t2/009-t3-start,probe_trigger,proactive,anthropic-item_count,explicit,E1,True,0.09090909090909091,1477,39,1.8646670505404472,0
anthropic,anthropic-item_count@t2/009-t3-start,probe_trigger,proactive,anthropic-item_count,explicit,E4,True,0.14285714285714285,1471,40,443.08858399745077,0
anthropic,anthropic-item_count@t2/009-t3-middle,probe_trigger,proactive,anthropic-item_count,explicit,D1,True,0.5,1350,5,1.6167090507224202,0
anthropic,anthropic-item_count@t2/009-t3-middle,probe_trigger,proactive,anthropic-item_count,explicit,D4,False,0.16666666666666666,1173,4,465.5401250347495,0
anthropic,anthropic-item_count@t2/009-t3-middle,probe_trigger,proactive,anthropic-item_count,explicit,Z4,False,0.16666666666666666,1363,4,464.3713339464739,0
anthropic,anthropic-item_count@t2/009-t3-middle,probe_trigger,proactive,anthropic-item_count,explicit,L4,False,0.16666666666666666,1208,4,491.4395840023644,0
anthropic,anthropic-item_count@t2/009-t3-middle,probe_trigger,proactive,anthropic-item_count,explicit,L6,False,0.16666666666666666,1208,4,496.2369170389138,0
anthropic,anthropic-item_count@t2/009-t3-middle,probe_trigger,proactive,anthropic-item_count,explicit,E1,True,0.16666666666666666,1480,39,2.4854590301401913,0
anthropic,anthropic-item_count@t2/009-t3-middle,probe_trigger,proactive,anthropic-item_count,explicit,E4,True,0.09090909090909091,1496,39,460.2616669726558,0
anthropic,anthropic-item_count@t2/009-t4-start,probe_trigger,proactive,anthropic-item_count,explicit,D1,True,1.0,1360,4,1.9667919841594994,0
anthropic,anthropic-item_count@t2/009-t4-start,probe_trigger,proactive,anthropic-item_count,explicit,D4,True,0.5,1227,3,461.26004098914564,0
anthropic,anthropic-item_count@t2/009-t4-start,probe_trigger,proactive,anthropic-item_count,explicit,Z4,True,0.5,1076,3,771.978874981869,0
anthropic,anthropic-item_count@t2/009-t4-start,probe_trigger,proactive,anthropic-item_count,explicit,L4,True,0.5,1252,3,445.55604201741517,0
anthropic,anthropic-item_count@t2/009-t4-start,probe_trigger,proactive,anthropic-item_count,explicit,L6,True,0.5,1252,3,462.29295898228884,0
anthropic,anthropic-item_count@t2/009-t4-start,probe_trigger,proactive,anthropic-item_count,explicit,E1,True,1.0,1460,42,2.6900829980149865,0
anthropic,anthropic-item_count@t2/009-t4-start,probe_trigger,proactive,anthropic-item_count,explicit,E4,True,0.1,1494,41,453.17395898746327,0
anthropic,anthropic-suite_version@t3/006-t4-start,probe_trigger,proactive,anthropic-suite_version,cross_ref,D1,False,0.125,1227,3,1.921250019222498,0
anthropic,anthropic-suite_version@t3/006-t4-start,probe_trigger,proactive,anthropic-suite_version,cross_ref,D4,False,0.1111111111111111,1291,3,482.49458300415426,0
anthropic,anthropic-suite_version@t3/006-t4-start,probe_trigger,proactive,anthropic-suite_version,cross_ref,Z4,False,0.16666666666666666,1137,3,463.3151250309311,0
anthropic,anthropic-suite_version@t3/006-t4-start,probe_trigger,proactive,anthropic-suite_version,cross_ref,L4,False,0.1111111111111111,1319,3,454.9902079743333,0
anthropic,anthropic-suite_version@t3/006-t4-start,probe_trigger,proactive,anthropic-suite_version,cross_ref,L6,False,0.1111111111111111,1319,3,442.6776669570245,0
anthropic,anthropic-suite_version@t3/006-t4-start,probe_trigger,proactive,anthropic-suite_version,cross_ref,E1,True,0.09090909090909091,1492,40,2.638832957018167,0
anthropic,anthropic-suite_version@t3/006-t4-start,probe_trigger,proactive,anthropic-suite_version,cross_ref,E4,True,0.3333333333333333,1476,40,442.32979096705094,0
anthropic,anthropic-suite_version@t3/006-t4-middle,probe_trigger,proactive,anthropic-suite_version,cross_ref,D1,True,0.25,1322,5,2.125958038959652,0
anthropic,anthropic-suite_version@t3/006-t4-middle,probe_trigger,proactive,anthropic-suite_version,cross_ref,D4,True,1.0,1357,5,677.8912500012666,0
anthropic,anthropic-suite_version@t3/006-t4-middle,probe_trigger,proactive,anthropic-suite_version,cross_ref,Z4,True,0.5,1374,3,470.3200000221841,0
anthropic,anthropic-suite_version@t3/006-t4-middle,probe_trigger,proactive,anthropic-suite_version,cross_ref,L4,True,0.3333333333333333,1404,5,445.93329197959974,0
anthropic,anthropic-suite_version@t3/006-t4-middle,probe_trigger,proactive,anthropic-suite_version,cross_ref,L6,True,1.0,1404,5,445.8523750072345,0
anthropic,anthropic-suite_version@t3/006-t4-middle,probe_trigger,proactive,anthropic-suite_version,cross_ref,E1,True,1.0,1488,40,3.008625004440546,0
anthropic,anthropic-suite_version@t3/006-t4-middle,probe_trigger,proactive,anthropic-suite_version,cross_ref,E4,True,1.0,1471,40,449.12329100770876,0
anthropic,anthropic-suite_version@t3/006-t5-start,probe_trigger,proactive,anthropic-suite_version,cross_ref,D1,True,0.5,1155,4,2.3548330063931644,0
anthropic,anthropic-suite_version@t3/006-t5-start,probe_trigger,proactive,anthropic-suite_version,cross_ref,D4,True,0.3333333333333333,1444,7,470.00445798039436,0
anthropic,anthropic-suite_version@t3/006-t5-start,probe_trigger,proactive,anthropic-suite_version,cross_ref,Z4,True,1.0,1402,3,469.535416981671,0
anthropic,anthropic-suite_version@t3/006-t5-start,probe_trigger,proactive,anthropic-suite_version,cross_ref,L4,True,0.5,1234,6,444.0196659998037,0
anthropic,anthropic-suite_version@t3/006-t5-start,probe_trigger,proactive,anthropic-suite_version,cross_ref,L6,True,0.5,1234,6,635.7773329946212,0
anthropic,anthropic-suite_version@t3/006-t5-start,probe_trigger,proactive,anthropic-suite_version,cross_ref,E1,True,0.1111111111111111,1475,38,3.634291992057115,0
anthropic,anthropic-suite_version@t3/006-t5-start,probe_trigger,proactive,anthropic-suite_version,cross_ref,E4,True,0.5,1472,39,458.3207090036012,0
anthropic,anthropic-suite_version@t3/006-t5-middle,probe_trigger,proactive,anthropic-suite_version,cross_ref,D1,False,0.3333333333333333,1395,4,2.638333011418581,0
anthropic,anthropic-suite_version@t3/006-t5-middle,probe_trigger,proactive,anthropic-suite_version,cross_ref,D4,False,0.125,1366,3,463.73312501236796,0
anthropic,anthropic-suite_version@t3/006-t5-middle,probe_trigger,proactive,anthropic-suite_version,cross_ref,Z4,False,0.16666666666666666,1429,3,467.2788340249099,0
anthropic,anthropic-suite_version@t3/006-t5-middle,probe_trigger,proactive,anthropic-suite_version,cross_ref,L4,False,0.14285714285714285,1395,3,461.12070902017877,0
anthropic,anthropic-suite_version@t3/006-t5-middle,probe_trigger,proactive,anthropic-suite_version,cross_ref,L6,False,0.14285714285714285,1395,3,462.26429200032726,0
anthropic,anthropic-suite_version@t3/006-t5-middle,probe_trigger,proactive,anthropic-suite_version,cross_ref,E1,True,0.2,1472,39,3.991957986727357,0
anthropic,anthropic-suite_version@t3/006-t5-middle,probe_trigger,proactive,anthropic-suite_version,cross_ref,E4,True,0.05263157894736842,1450,35,455.8899170369841,0
anthropic,anthropic-item_count@t4/007-t5-start,probe_trigger,proactive,anthropic-item_count,correction,D1,False,0.08333333333333333,1198,4,2.3670000373385847,0
anthropic,anthropic-item_count@t4/007-t5-start,probe_trigger,proactive,anthropic-item_count,correction,D4,False,0.14285714285714285,1181,6,448.1156669789925,0
anthropic,anthropic-item_count@t4/007-t5-start,probe_trigger,proactive,anthropic-item_count,correction,Z4,False,0.16666666666666666,1284,3,448.83220799965784,0
anthropic,anthropic-item_count@t4/007-t5-start,probe_trigger,proactive,anthropic-item_count,correction,L4,False,0.14285714285714285,1234,6,547.8370829951018,0
anthropic,anthropic-item_count@t4/007-t5-start,probe_trigger,proactive,anthropic-item_count,correction,L6,False,0.14285714285714285,1234,6,445.32695901580155,0
anthropic,anthropic-item_count@t4/007-t5-start,probe_trigger,proactive,anthropic-item_count,correction,E1,True,0.05263157894736842,1498,38,3.6899999831803143,0
anthropic,anthropic-item_count@t4/007-t5-start,probe_trigger,proactive,anthropic-item_count,correction,E4,True,0.08333333333333333,1488,39,452.6128330035135,0
anthropic,anthropic-item_count@t4/007-t5-middle,probe_trigger,proactive,anthropic-item_count,correction,D1,False,0.1111111111111111,1310,4,2.6570839690975845,0
anthropic,anthropic-item_count@t4/007-t5-middle,probe_trigger,proactive,anthropic-item_count,correction,D4,False,0.2,1366,3,443.8903750269674,0
anthropic,anthropic-item_count@t4/007-t5-middle,probe_trigger,proactive,anthropic-item_count,correction,Z4,False,0.09090909090909091,1101,3,464.53308302443475,0
anthropic,anthropic-item_count@t4/007-t5-middle,probe_trigger,proactive,anthropic-item_count,correction,L4,False,0.2,1395,3,446.30054204026237,0
anthropic,anthropic-item_count@t4/007-t5-middle,probe_trigger,proactive,anthropic-item_count,correction,L6,False,0.2,1395,3,445.38799999281764,0
anthropic,anthropic-item_count@t4/007-t5-middle,probe_trigger,proactive,anthropic-item_count,correction,E1,True,0.06666666666666667,1433,37,4.217459005303681,0
anthropic,anthropic-item_count@t4/007-t5-middle,probe_trigger,proactive,anthropic-item_count,correction,E4,True,0.03333333333333333,1484,38,444.61150001734495,0
openai,openai-p02,plant,proactive,openai-discount,ellipsis,D1,True,0.16666666666666666,802,9,0.6917919963598251,0
openai,openai-p02,plant,proactive,openai-discount,ellipsis,D4,True,0.16666666666666666,802,9,475.5618330091238,0
openai,openai-p02,plant,proactive,openai-discount,ellipsis,Z4,True,1.0,938,3,458.0133749986999,0
openai,openai-p02,plant,proactive,openai-discount,ellipsis,L4,True,0.14285714285714285,873,9,449.56641702447087,0
openai,openai-p02,plant,proactive,openai-discount,ellipsis,L6,True,0.16666666666666666,873,9,439.3773339688778,0
openai,openai-p02,plant,proactive,openai-discount,ellipsis,E1,True,0.2,810,26,0.7316250121220946,0
openai,openai-p02,plant,proactive,openai-discount,ellipsis,E4,True,0.5,810,26,456.5892079845071,0
openai,openai-p02,plant,proactive,openai-discount,ellipsis,D5,True,0.16666666666666666,802,9,11952.303625002969,9
openai,openai-p02,plant,reactive,openai-discount,ellipsis,D1,True,1.0,802,9,0.5444579874165356,0
openai,openai-p02,plant,reactive,openai-discount,ellipsis,D4,True,1.0,802,9,499.8058339697309,0
openai,openai-p02,plant,reactive,openai-discount,ellipsis,Z4,True,1.0,938,3,534.3501250026748,0
openai,openai-p02,plant,reactive,openai-discount,ellipsis,L4,True,1.0,873,9,803.4723339951597,0
openai,openai-p02,plant,reactive,openai-discount,ellipsis,L6,True,1.0,873,9,467.92837500106543,0
openai,openai-p02,plant,reactive,openai-discount,ellipsis,E1,True,1.0,810,26,0.33091596560552716,0
openai,openai-p02,plant,reactive,openai-discount,ellipsis,E4,True,1.0,810,26,455.82924998598173,0
openai,openai-p04,plant,proactive,openai-retention,distributed,D1,True,1.0,1385,8,1.2146669905632734,0
openai,openai-p04,plant,proactive,openai-retention,distributed,D4,True,1.0,1461,10,455.64512501005083,0
openai,openai-p04,plant,proactive,openai-retention,distributed,Z4,True,0.25,1157,4,471.5800000121817,0
openai,openai-p04,plant,proactive,openai-retention,distributed,L4,True,1.0,1488,9,508.55933397542685,0
openai,openai-p04,plant,proactive,openai-retention,distributed,L6,True,1.0,1488,9,445.04800002323464,0
openai,openai-p04,plant,proactive,openai-retention,distributed,E1,True,0.125,1496,44,4.338291997555643,0
openai,openai-p04,plant,proactive,openai-retention,distributed,E4,True,0.09090909090909091,1470,45,453.00204103114083,0
openai,openai-p04,plant,proactive,openai-retention,distributed,D5,True,1.0,1463,10,2590.8895000466146,19
openai,openai-p04,plant,reactive,openai-retention,distributed,D1,True,0.3333333333333333,1475,9,2.884208981413394,0
openai,openai-p04,plant,reactive,openai-retention,distributed,D4,True,1.0,1495,9,704.0719999931753,0
openai,openai-p04,plant,reactive,openai-retention,distributed,Z4,True,0.3333333333333333,1157,4,448.7720000324771,0
openai,openai-p04,plant,reactive,openai-retention,distributed,L4,True,1.0,1378,9,448.31816595979035,0
openai,openai-p04,plant,reactive,openai-retention,distributed,L6,True,1.0,1311,8,456.6812500124797,0
openai,openai-p04,plant,reactive,openai-retention,distributed,E1,True,0.5,1500,47,0.7977079949341714,0
openai,openai-p04,plant,reactive,openai-retention,distributed,E4,True,1.0,1498,48,471.04895900702104,0
openai,openai-p05,plant,proactive,openai-openai-p05,explicit,D1,True,0.25,1346,7,1.502916042227298,0
openai,openai-p05,plant,proactive,openai-openai-p05,explicit,D4,True,0.125,1295,9,470.7942079985514,0
openai,openai-p05,plant,proactive,openai-openai-p05,explicit,Z4,False,0.125,1179,4,450.34487498924136,0
openai,openai-p05,plant,proactive,openai-openai-p05,explicit,L4,True,0.125,1409,9,443.7949169659987,0
openai,openai-p05,plant,proactive,openai-openai-p05,explicit,L6,True,0.125,1409,9,557.7249589841813,0
openai,openai-p05,plant,proactive,openai-openai-p05,explicit,E1,True,0.05,1479,46,1.9283340079709888,0
openai,openai-p05,plant,proactive,openai-openai-p05,explicit,E4,True,0.03125,1472,45,443.60266701551154,0
openai,openai-p05,plant,proactive,openai-openai-p05,explicit,D5,False,0.1,1410,9,2648.620749998372,23
openai,openai-p05,plant,reactive,openai-openai-p05,explicit,D1,True,1.0,1325,8,3.0269999988377094,0
openai,openai-p05,plant,reactive,openai-openai-p05,explicit,D4,True,1.0,1382,9,579.3858749675564,0
openai,openai-p05,plant,reactive,openai-openai-p05,explicit,Z4,True,1.0,1444,4,461.32266701897606,0
openai,openai-p05,plant,reactive,openai-openai-p05,explicit,L4,True,1.0,1368,9,481.47045902442187,0
openai,openai-p05,plant,reactive,openai-openai-p05,explicit,L6,True,1.0,1447,9,465.20649996818975,0
openai,openai-p05,plant,reactive,openai-openai-p05,explicit,E1,True,1.0,1470,44,1.3217080268077552,0
openai,openai-p05,plant,reactive,openai-openai-p05,explicit,E4,True,1.0,1489,45,460.55191702907905,0
openai,openai-p06,plant,proactive,openai-discount,cross_ref,D1,True,1.0,1455,7,1.8400410190224648,0
openai,openai-p06,plant,proactive,openai-discount,cross_ref,D4,True,1.0,1485,7,467.42741600610316,0
openai,openai-p06,plant,proactive,openai-discount,cross_ref,Z4,True,1.0,1203,3,596.6223749564961,0
openai,openai-p06,plant,proactive,openai-discount,cross_ref,L4,True,1.0,1303,6,494.47174998931587,0
openai,openai-p06,plant,proactive,openai-discount,cross_ref,L6,True,1.0,1303,6,456.080625008326,0
openai,openai-p06,plant,proactive,openai-discount,cross_ref,E1,True,0.14285714285714285,1491,44,2.3790409904904664,0
openai,openai-p06,plant,proactive,openai-discount,cross_ref,E4,True,0.2,1477,44,446.7322080163285,0
openai,openai-p06,plant,proactive,openai-discount,cross_ref,D5,True,0.5,1485,7,2879.0068750386126,25
openai,openai-p06,plant,reactive,openai-discount,cross_ref,D1,True,1.0,1441,10,4.122457990888506,0
openai,openai-p06,plant,reactive,openai-discount,cross_ref,D4,True,1.0,1497,10,481.3237080234103,0
openai,openai-p06,plant,reactive,openai-discount,cross_ref,Z4,True,1.0,1203,3,445.2670000027865,0
openai,openai-p06,plant,reactive,openai-discount,cross_ref,L4,True,1.0,1415,9,445.8113749860786,0
openai,openai-p06,plant,reactive,openai-discount,cross_ref,L6,True,1.0,1445,9,871.5849169529974,0
openai,openai-p06,plant,reactive,openai-discount,cross_ref,E1,True,0.08333333333333333,1485,45,1.357667031697929,0
openai,openai-p06,plant,reactive,openai-discount,cross_ref,E4,True,0.3333333333333333,1485,47,464.0259579755366,0
openai,openai-p08,plant,proactive,openai-exec_contact,correction,D1,True,1.0,1236,3,3.4536669845692813,0
openai,openai-p08,plant,proactive,openai-exec_contact,correction,D4,False,1.0,1398,6,458.4316660184413,0
openai,openai-p08,plant,proactive,openai-exec_contact,correction,Z4,False,1.0,1062,3,458.1435829750262,0
openai,openai-p08,plant,proactive,openai-exec_contact,correction,L4,False,1.0,1402,5,451.35687495348975,0
openai,openai-p08,plant,proactive,openai-exec_contact,correction,L6,False,1.0,1448,6,496.60304200369865,0
openai,openai-p08,plant,proactive,openai-exec_contact,correction,E1,True,0.1111111111111111,1488,39,3.2753749983385205,0
openai,openai-p08,plant,proactive,openai-exec_contact,correction,E4,True,0.5,1482,41,488.72775002382696,0
openai,openai-p08,plant,proactive,openai-exec_contact,correction,D5,True,0.5,1471,6,3261.8437919882126,27
openai,openai-p08,plant,reactive,openai-exec_contact,correction,D1,False,0.5,1396,4,3.2200829591602087,0
openai,openai-p08,plant,reactive,openai-exec_contact,correction,D4,False,0.16666666666666666,1381,5,523.0276249931194,0
openai,openai-p08,plant,reactive,openai-exec_contact,correction,Z4,False,0.14285714285714285,1437,4,680.0727920490317,0
openai,openai-p08,plant,reactive,openai-exec_contact,correction,L4,False,0.3333333333333333,1409,4,469.0421670093201,0
openai,openai-p08,plant,reactive,openai-exec_contact,correction,L6,False,0.2,1186,4,462.1830830001272,0
openai,openai-p08,plant,reactive,openai-exec_contact,correction,E1,True,0.047619047619047616,1473,42,2.147083985619247,0
openai,openai-p08,plant,reactive,openai-exec_contact,correction,E4,False,0.14285714285714285,1497,45,511.65462500648573,0
openai,openai-p09,plant,proactive,openai-openai-p09,explicit,D1,True,0.3333333333333333,1418,4,2.7217079768888652,0
openai,openai-p09,plant,proactive,openai-openai-p09,explicit,D4,True,1.0,1467,5,505.2846249891445,0
openai,openai-p09,plant,proactive,openai-openai-p09,explicit,Z4,False,0.05,1430,4,455.21329203620553,0
openai,openai-p09,plant,proactive,openai-openai-p09,explicit,L4,True,1.0,1265,4,480.0900829723105,0
openai,openai-p09,plant,proactive,openai-openai-p09,explicit,L6,True,1.0,1265,4,467.4234170233831,0
openai,openai-p09,plant,proactive,openai-openai-p09,explicit,E1,True,0.07142857142857142,1493,41,4.00833401363343,0
openai,openai-p09,plant,proactive,openai-openai-p09,explicit,E4,True,0.02702702702702703,1500,43,650.3918750095181,0
openai,openai-p09,plant,proactive,openai-openai-p09,explicit,D5,True,1.0,1299,4,3207.4524170020595,29
openai,openai-p09,plant,reactive,openai-openai-p09,explicit,D1,True,1.0,1407,5,6.384042033459991,0
openai,openai-p09,plant,reactive,openai-openai-p09,explicit,D4,True,1.0,1347,5,485.721624980215,0
openai,openai-p09,plant,reactive,openai-openai-p09,explicit,Z4,True,1.0,1391,4,459.5113749965094,0
openai,openai-p09,plant,reactive,openai-openai-p09,explicit,L4,True,1.0,1332,5,451.2567920028232,0
openai,openai-p09,plant,reactive,openai-openai-p09,explicit,L6,True,1.0,1395,5,442.0231669791974,0
openai,openai-p09,plant,reactive,openai-openai-p09,explicit,E1,True,1.0,1499,41,2.2537079639732838,0
openai,openai-p09,plant,reactive,openai-openai-p09,explicit,E4,True,1.0,1484,40,442.8264159942046,0
openai,openai-p10,plant,proactive,openai-renewal_deadline,explicit,D1,False,0.04,1415,4,2.4252909934148192,0
openai,openai-p10,plant,proactive,openai-renewal_deadline,explicit,D4,False,0.1,1233,7,442.10008403752,0
openai,openai-p10,plant,proactive,openai-renewal_deadline,explicit,Z4,True,1.0,1343,4,443.5718330205418,0
openai,openai-p10,plant,proactive,openai-renewal_deadline,explicit,L4,False,0.07692307692307693,1286,7,649.7566669713706,0
openai,openai-p10,plant,proactive,openai-renewal_deadline,explicit,L6,False,0.1,1292,7,442.6232920377515,0
openai,openai-p10,plant,proactive,openai-renewal_deadline,explicit,E1,False,0.009615384615384616,1484,39,3.5627500037662685,0
openai,openai-p10,plant,proactive,openai-renewal_deadline,explicit,E4,True,0.1,1483,44,445.84504200611264,0
openai,openai-p10,plant,proactive,openai-renewal_deadline,explicit,D5,True,1.0,1463,9,3757.5889579602517,33
openai,openai-p10,plant,reactive,openai-renewal_deadline,explicit,D1,True,1.0,1360,6,2.651625021826476,0
openai,openai-p10,plant,reactive,openai-renewal_deadline,explicit,D4,True,1.0,1447,7,472.629958007019,0
openai,openai-p10,plant,reactive,openai-renewal_deadline,explicit,Z4,True,1.0,1409,3,516.2422090070322,0
openai,openai-p10,plant,reactive,openai-renewal_deadline,explicit,L4,True,0.5,1446,9,454.44016600959003,0
openai,openai-p10,plant,reactive,openai-renewal_deadline,explicit,L6,True,1.0,1414,6,449.9352499842644,0
openai,openai-p10,plant,reactive,openai-renewal_deadline,explicit,E1,True,1.0,1491,43,2.3616659455001354,0
openai,openai-p10,plant,reactive,openai-renewal_deadline,explicit,E4,True,1.0,1475,42,692.0581249869429,0
openai,openai-p11,plant,proactive,openai-exec_contact,correction,D1,False,0.16666666666666666,1128,4,3.0996670247986913,0
openai,openai-p11,plant,proactive,openai-exec_contact,correction,D4,False,0.043478260869565216,1301,6,448.04287498118356,0
openai,openai-p11,plant,proactive,openai-exec_contact,correction,Z4,False,0.045454545454545456,1328,4,451.2911250349134,0
openai,openai-p11,plant,proactive,openai-exec_contact,correction,L4,False,0.043478260869565216,1213,5,459.6260829712264,0
openai,openai-p11,plant,proactive,openai-exec_contact,correction,L6,False,0.043478260869565216,1342,6,453.12520797597244,0
openai,openai-p11,plant,proactive,openai-exec_contact,correction,E1,True,0.08333333333333333,1496,41,4.3163750087842345,0
openai,openai-p11,plant,proactive,openai-exec_contact,correction,E4,True,0.038461538461538464,1499,40,451.4639580156654,0
openai,openai-p11,plant,proactive,openai-exec_contact,correction,D5,False,0.05263157894736842,1165,6,3147.6624999777414,32
openai,openai-p11,plant,reactive,openai-exec_contact,correction,D1,False,0.5,1156,3,7.049917010590434,0
openai,openai-p11,plant,reactive,openai-exec_contact,correction,D4,False,0.16666666666666666,1381,5,482.64416604069993,0
openai,openai-p11,plant,reactive,openai-exec_contact,correction,Z4,False,0.1111111111111111,1437,4,447.33912497758865,0
openai,openai-p11,plant,reactive,openai-exec_contact,correction,L4,False,0.3333333333333333,1262,4,684.4100000453182,0
openai,openai-p11,plant,reactive,openai-exec_contact,correction,L6,False,0.2,1186,4,454.0963750332594,0
openai,openai-p11,plant,reactive,openai-exec_contact,correction,E1,True,0.037037037037037035,1489,41,2.5158339994959533,0
openai,openai-p11,plant,reactive,openai-exec_contact,correction,E4,False,0.1,1484,44,499.4637499912642,0
openai,openai-renewal_deadline@t1/004-t2-start,probe_trigger,proactive,openai-renewal_deadline,explicit,D1,True,0.5,1477,12,0.6528749945573509,0
openai,openai-renewal_deadline@t1/004-t2-start,probe_trigger,proactive,openai-renewal_deadline,explicit,D4,True,1.0,1411,12,451.808457961306,0
openai,openai-renewal_deadline@t1/004-t2-start,probe_trigger,proactive,openai-renewal_deadline,explicit,Z4,True,1.0,1413,4,439.98370796907693,0
openai,openai-renewal_deadline@t1/004-t2-start,probe_trigger,proactive,openai-renewal_deadline,explicit,L4,True,1.0,1324,11,450.1566250110045,0
openai,openai-renewal_deadline@t1/004-t2-start,probe_trigger,proactive,openai-renewal_deadline,explicit,L6,True,1.0,1317,11,443.00804199883714,0
openai,openai-renewal_deadline@t1/004-t2-start,probe_trigger,proactive,openai-renewal_deadline,explicit,E1,True,0.5,1492,49,0.6597920437343419,0
openai,openai-renewal_deadline@t1/004-t2-start,probe_trigger,proactive,openai-renewal_deadline,explicit,E4,True,1.0,1500,48,468.307500006631,0
openai,openai-renewal_deadline@t1/004-t2-middle,probe_trigger,proactive,openai-renewal_deadline,explicit,D1,True,0.25,1485,10,1.0217090020887554,0
openai,openai-renewal_deadline@t1/004-t2-middle,probe_trigger,proactive,openai-renewal_deadline,explicit,D4,True,1.0,1424,11,682.5476249796338,0
openai,openai-renewal_deadline@t1/004-t2-middle,probe_trigger,proactive,openai-renewal_deadline,explicit,Z4,True,1.0,1421,4,460.25087498128414,0
openai,openai-renewal_deadline@t1/004-t2-middle,probe_trigger,proactive,openai-renewal_deadline,explicit,L4,True,1.0,1419,10,458.1442909548059,0
openai,openai-renewal_deadline@t1/004-t2-middle,probe_trigger,proactive,openai-renewal_deadline,explicit,L6,True,1.0,1419,10,445.9711670060642,0
openai,openai-renewal_deadline@t1/004-t2-middle,probe_trigger,proactive,openai-renewal_deadline,explicit,E1,True,1.0,1470,47,3.832833026535809,0
openai,openai-renewal_deadline@t1/004-t2-middle,probe_trigger,proactive,openai-renewal_deadline,explicit,E4,True,1.0,1492,48,453.91512499190867,0
openai,openai-renewal_deadline@t1/004-t3-start,probe_trigger,proactive,openai-renewal_deadline,explicit,D1,True,1.0,1301,7,1.4257499715313315,0
openai,openai-renewal_deadline@t1/004-t3-start,probe_trigger,proactive,openai-renewal_deadline,explicit,D4,True,1.0,1383,10,518.6675830045715,0
openai,openai-renewal_deadline@t1/004-t3-start,probe_trigger,proactive,openai-renewal_deadline,explicit,Z4,True,1.0,1306,5,453.599208034575,0
openai,openai-renewal_deadline@t1/004-t3-start,probe_trigger,proactive,openai-renewal_deadline,explicit,L4,True,1.0,1460,10,469.14220799226314,0
openai,openai-renewal_deadline@t1/004-t3-start,probe_trigger,proactive,openai-renewal_deadline,explicit,L6,True,1.0,1460,10,476.20245796861127,0
openai,openai-renewal_deadline@t1/004-t3-start,probe_trigger,proactive,openai-renewal_deadline,explicit,E1,True,0.14285714285714285,1485,46,1.876374997664243,0
openai,openai-renewal_deadline@t1/004-t3-start,probe_trigger,proactive,openai-renewal_deadline,explicit,E4,True,0.5,1464,46,677.7795419911854,0
openai,openai-renewal_deadline@t1/004-t3-middle,probe_trigger,proactive,openai-renewal_deadline,explicit,D1,True,0.14285714285714285,1492,8,1.8902079900726676,0
openai,openai-renewal_deadline@t1/004-t3-middle,probe_trigger,proactive,openai-renewal_deadline,explicit,D4,False,0.05555555555555555,1218,7,593.7639159965329,0
openai,openai-renewal_deadline@t1/004-t3-middle,probe_trigger,proactive,openai-renewal_deadline,explicit,Z4,True,0.5,1349,4,460.5242499965243,0
openai,openai-renewal_deadline@t1/004-t3-middle,probe_trigger,proactive,openai-renewal_deadline,explicit,L4,False,0.05,1437,7,451.7725420300849,0
openai,openai-renewal_deadline@t1/004-t3-middle,probe_trigger,proactive,openai-renewal_deadline,explicit,L6,False,0.05555555555555555,1269,7,484.45508402073756,0
openai,openai-renewal_deadline@t1/004-t3-middle,probe_trigger,proactive,openai-renewal_deadline,explicit,E1,True,0.02857142857142857,1480,43,2.462124975863844,0
openai,openai-renewal_deadline@t1/004-t3-middle,probe_trigger,proactive,openai-renewal_deadline,explicit,E4,True,0.029411764705882353,1496,44,467.6763750030659,0
openai,openai-renewal_deadline@t1/004-t4-start,probe_trigger,proactive,openai-renewal_deadline,explicit,D1,False,0.125,1388,6,1.9391659880056977,0
openai,openai-renewal_deadline@t1/004-t4-start,probe_trigger,proactive,openai-renewal_deadline,explicit,D4,False,0.07142857142857142,1495,6,460.20974998828024,0
openai,openai-renewal_deadline@t1/004-t4-start,probe_trigger,proactive,openai-renewal_deadline,explicit,Z4,True,1.0,1377,3,453.3917090157047,0
openai,openai-renewal_deadline@t1/004-t4-start,probe_trigger,proactive,openai-renewal_deadline,explicit,L4,False,0.0625,1459,5,719.886459002737,0
openai,openai-renewal_deadline@t1/004-t4-start,probe_trigger,proactive,openai-renewal_deadline,explicit,L6,False,0.07142857142857142,1459,5,487.1633339789696,0
openai,openai-renewal_deadline@t1/004-t4-start,probe_trigger,proactive,openai-renewal_deadline,explicit,E1,True,0.125,1440,43,2.8312079957686365,0
openai,openai-renewal_deadline@t1/004-t4-start,probe_trigger,proactive,openai-renewal_deadline,explicit,E4,True,0.5,1473,43,521.5115419705398,0
openai,openai-renewal_deadline@t1/004-t4-middle,probe_trigger,proactive,openai-renewal_deadline,explicit,D1,False,0.16666666666666666,1177,4,2.2577090421691537,0
openai,openai-renewal_deadline@t1/004-t4-middle,probe_trigger,proactive,openai-renewal_deadline,explicit,D4,False,0.1,1272,5,469.98658298980445,0
openai,openai-renewal_deadline@t1/004-t4-middle,probe_trigger,proactive,openai-renewal_deadline,explicit,Z4,True,0.25,1356,5,460.7613749685697,0
openai,openai-renewal_deadline@t1/004-t4-middle,probe_trigger,proactive,openai-renewal_deadline,explicit,L4,False,0.1111111111111111,1316,5,467.1404170221649,0
openai,openai-renewal_deadline@t1/004-t4-middle,probe_trigger,proactive,openai-renewal_deadline,explicit,L6,False,0.1,1316,5,462.23324997117743,0
openai,openai-renewal_deadline@t1/004-t4-middle,probe_trigger,proactive,openai-renewal_deadline,explicit,E1,True,0.04,1488,42,6.152707966975868,0
openai,openai-renewal_deadline@t1/004-t4-middle,probe_trigger,proactive,openai-renewal_deadline,explicit,E4,True,1.0,1495,41,483.10025001410395,0
openai,openai-renewal_deadline@t1/004-t5-start,probe_trigger,proactive,openai-renewal_deadline,explicit,D1,False,0.05,1418,4,2.365124993957579,0
openai,openai-renewal_deadline@t1/004-t5-start,probe_trigger,proactive,openai-renewal_deadline,explicit,D4,False,0.06666666666666667,1310,6,441.72537501435727,0
openai,openai-renewal_deadline@t1/004-t5-start,probe_trigger,proactive,openai-renewal_deadline,explicit,Z4,True,0.5,1230,3,669.413625029847,0
openai,openai-renewal_deadline@t1/004-t5-start,probe_trigger,proactive,openai-renewal_deadline,explicit,L4,False,0.06666666666666667,1367,6,456.6517500206828,0
openai,openai-renewal_deadline@t1/004-t5-start,probe_trigger,proactive,openai-renewal_deadline,explicit,L6,False,0.06666666666666667,1367,6,454.0350000024773,0
openai,openai-renewal_deadline@t1/004-t5-start,probe_trigger,proactive,openai-renewal_deadline,explicit,E1,True,0.05263157894736842,1474,44,3.5431249998509884,0
openai,openai-renewal_deadline@t1/004-t5-start,probe_trigger,proactive,openai-renewal_deadline,explicit,E4,True,0.16666666666666666,1490,42,448.53495800634846,0
openai,openai-renewal_deadline@t1/004-t5-middle,probe_trigger,proactive,openai-renewal_deadline,explicit,D1,True,0.5,1500,6,2.606750000268221,0
openai,openai-renewal_deadline@t1/004-t5-middle,probe_trigger,proactive,openai-renewal_deadline,explicit,D4,True,1.0,1239,7,445.2531249844469,0
openai,openai-renewal_deadline@t1/004-t5-middle,probe_trigger,proactive,openai-renewal_deadline,explicit,Z4,True,1.0,1498,4,453.8499579648487,0
openai,openai-renewal_deadline@t1/004-t5-middle,probe_trigger,proactive,openai-renewal_deadline,explicit,L4,True,0.3333333333333333,1300,7,443.86770902201533,0
openai,openai-renewal_deadline@t1/004-t5-middle,probe_trigger,proactive,openai-renewal_deadline,explicit,L6,True,1.0,1300,7,451.46054099313915,0
openai,openai-renewal_deadline@t1/004-t5-middle,probe_trigger,proactive,openai-renewal_deadline,explicit,E1,True,0.5,1462,41,3.607416001614183,0
openai,openai-renewal_deadline@t1/004-t5-middle,probe_trigger,proactive,openai-renewal_deadline,explicit,E4,True,1.0,1463,41,537.2772500268184,0
openai,openai-discount@t1/009-t2-start,probe_trigger,proactive,openai-discount,ellipsis,D1,True,1.0,1357,10,0.6570409750565886,0
openai,openai-discount@t1/009-t2-start,probe_trigger,proactive,openai-discount,ellipsis,D4,True,1.0,1397,11,543.4913340141065,0
openai,openai-discount@t1/009-t2-start,probe_trigger,proactive,openai-discount,ellipsis,Z4,True,1.0,1413,4,462.64962502755225,0
openai,openai-discount@t1/009-t2-start,probe_trigger,proactive,openai-discount,ellipsis,L4,True,1.0,1483,11,463.1599169806577,0
openai,openai-discount@t1/009-t2-start,probe_trigger,proactive,openai-discount,ellipsis,L6,True,1.0,1483,11,444.37966600526124,0
openai,openai-discount@t1/009-t2-start,probe_trigger,proactive,openai-discount,ellipsis,E1,True,0.5,1487,49,0.7518749916926026,0
openai,openai-discount@t1/009-t2-start,probe_trigger,proactive,openai-discount,ellipsis,E4,True,0.3333333333333333,1494,48,466.9315840001218,0
openai,openai-discount@t1/009-t2-middle,probe_trigger,proactive,openai-discount,ellipsis,D1,False,0.07692307692307693,1409,10,1.069999998435378,0
openai,openai-discount@t1/009-t2-middle,probe_trigger,proactive,openai-discount,ellipsis,D4,False,0.07692307692307693,1426,10,443.0806250311434,0
openai,openai-discount@t1/009-t2-middle,probe_trigger,proactive,openai-discount,ellipsis,Z4,False,0.5,1486,4,442.1259159571491,0
openai,openai-discount@t1/009-t2-middle,probe_trigger,proactive,openai-discount,ellipsis,L4,False,0.08333333333333333,1464,10,449.5775830000639,0
openai,openai-discount@t1/009-t2-middle,probe_trigger,proactive,openai-discount,ellipsis,L6,False,0.07692307692307693,1263,9,654.5944170211442,0
openai,openai-discount@t1/009-t2-middle,probe_trigger,proactive,openai-discount,ellipsis,E1,True,0.03225806451612903,1471,46,1.3401670148596168,0
openai,openai-discount@t1/009-t2-middle,probe_trigger,proactive,openai-discount,ellipsis,E4,False,0.020833333333333332,1488,47,442.11916701169685,0
openai,openai-discount@t1/009-t3-start,probe_trigger,proactive,openai-discount,ellipsis,D1,False,0.07142857142857142,1496,7,1.3994170003570616,0
openai,openai-discount@t1/009-t3-start,probe_trigger,proactive,openai-discount,ellipsis,D4,True,0.14285714285714285,1494,10,450.075792032294,0
openai,openai-discount@t1/009-t3-start,probe_trigger,proactive,openai-discount,ellipsis,Z4,True,1.0,1179,4,449.09541599918157,0
openai,openai-discount@t1/009-t3-start,probe_trigger,proactive,openai-discount,ellipsis,L4,True,0.14285714285714285,1480,9,452.76408398058265,0
openai,openai-discount@t1/009-t3-start,probe_trigger,proactive,openai-discount,ellipsis,L6,True,0.14285714285714285,1480,9,446.86816696776077,0
openai,openai-discount@t1/009-t3-start,probe_trigger,proactive,openai-discount,ellipsis,E1,True,0.07142857142857142,1498,46,1.7572910292074084,0
openai,openai-discount@t1/009-t3-start,probe_trigger,proactive,openai-discount,ellipsis,E4,True,0.125,1495,46,458.13550002640113,0
openai,openai-exec_contact@t1/013-t2-start,probe_trigger,proactive,openai-exec_contact,explicit,D1,True,0.2,1455,12,0.672208028845489,0
openai,openai-exec_contact@t1/013-t2-start,probe_trigger,proactive,openai-exec_contact,explicit,D4,True,0.125,1477,12,467.1255419962108,0
openai,openai-exec_contact@t1/013-t2-start,probe_trigger,proactive,openai-exec_contact,explicit,Z4,True,0.3333333333333333,1348,4,551.0736249852926,0
openai,openai-exec_contact@t1/013-t2-start,probe_trigger,proactive,openai-exec_contact,explicit,L4,True,0.125,1477,11,449.25979198887944,0
openai,openai-exec_contact@t1/013-t2-start,probe_trigger,proactive,openai-exec_contact,explicit,L6,True,0.125,1477,11,556.9501250283793,0
openai,openai-exec_contact@t1/013-t2-start,probe_trigger,proactive,openai-exec_contact,explicit,E1,True,0.1,1491,48,0.815125007648021,0
openai,openai-exec_contact@t1/013-t2-start,probe_trigger,proactive,openai-exec_contact,explicit,E4,True,0.09090909090909091,1495,48,466.90641599707305,0
openai,openai-exec_contact@t1/013-t2-middle,probe_trigger,proactive,openai-exec_contact,explicit,D1,True,0.25,1477,10,1.0647500166669488,0
openai,openai-exec_contact@t1/013-t2-middle,probe_trigger,proactive,openai-exec_contact,explicit,D4,False,0.05555555555555555,1424,11,468.9588749897666,0
openai,openai-exec_contact@t1/013-t2-middle,probe_trigger,proactive,openai-exec_contact,explicit,Z4,False,0.16666666666666666,1296,4,504.28058399120346,0
openai,openai-exec_contact@t1/013-t2-middle,probe_trigger,proactive,openai-exec_contact,explicit,L4,False,0.05555555555555555,1464,10,525.8641249965876,0
openai,openai-exec_contact@t1/013-t2-middle,probe_trigger,proactive,openai-exec_contact,explicit,L6,False,0.05555555555555555,1464,10,471.63316601654515,0
openai,openai-exec_contact@t1/013-t2-middle,probe_trigger,proactive,openai-exec_contact,explicit,E1,True,0.125,1500,46,1.3956670300103724,0
openai,openai-exec_contact@t1/013-t2-middle,probe_trigger,proactive,openai-exec_contact,explicit,E4,True,0.03125,1478,46,449.72045900067315,0
openai,openai-exec_contact@t1/013-t3-start,probe_trigger,proactive,openai-exec_contact,explicit,D1,True,0.25,1430,8,1.4434170443564653,0
openai,openai-exec_contact@t1/013-t3-start,probe_trigger,proactive,openai-exec_contact,explicit,D4,True,0.3333333333333333,1384,9,680.7632500422187,0
openai,openai-exec_contact@t1/013-t3-start,probe_trigger,proactive,openai-exec_contact,explicit,Z4,True,0.5,1219,4,453.6382499500178,0
openai,openai-exec_contact@t1/013-t3-start,probe_trigger,proactive,openai-exec_contact,explicit,L4,True,0.5,1457,9,448.115749983117,0
openai,openai-exec_contact@t1/013-t3-start,probe_trigger,proactive,openai-exec_contact,explicit,L6,True,0.3333333333333333,1457,9,448.36462498642504,0
openai,openai-exec_contact@t1/013-t3-start,probe_trigger,proactive,openai-exec_contact,explicit,E1,True,0.25,1486,46,1.752957992721349,0
openai,openai-exec_contact@t1/013-t3-start,probe_trigger,proactive,openai-exec_contact,explicit,E4,True,0.3333333333333333,1493,45,471.43162501743063,0
openai,openai-exec_contact@t1/013-t3-middle,probe_trigger,proactive,openai-exec_contact,explicit,D1,False,0.07692307692307693,1324,8,1.8131660181097686,0
openai,openai-exec_contact@t1/013-t3-middle,probe_trigger,proactive,openai-exec_contact,explicit,D4,False,0.047619047619047616,1218,7,459.2004580190405,0
openai,openai-exec_contact@t1/013-t3-middle,probe_trigger,proactive,openai-exec_contact,explicit,Z4,False,0.08333333333333333,1349,4,518.2994999922812,0
openai,openai-exec_contact@t1/013-t3-middle,probe_trigger,proactive,openai-exec_contact,explicit,L4,False,0.045454545454545456,1446,8,468.87104195775464,0
openai,openai-exec_contact@t1/013-t3-middle,probe_trigger,proactive,openai-exec_contact,explicit,L6,False,0.045454545454545456,1269,7,653.992916981224,0
openai,openai-exec_contact@t1/013-t3-middle,probe_trigger,proactive,openai-exec_contact,explicit,E1,True,0.06666666666666667,1498,43,2.476625028066337,0
openai,openai-exec_contact@t1/013-t3-middle,probe_trigger,proactive,openai-exec_contact,explicit,E4,True,0.03571428571428571,1482,43,443.1726249749772,0
openai,openai-exec_contact@t1/013-t4-start,probe_trigger,proactive,openai-exec_contact,explicit,D1,True,0.16666666666666666,1500,6,1.9789169891737401,0
openai,openai-exec_contact@t1/013-t4-start,probe_trigger,proactive,openai-exec_contact,explicit,D4,False,0.07142857142857142,1429,5,460.45754197984934,0
openai,openai-exec_contact@t1/013-t4-start,probe_trigger,proactive,openai-exec_contact,explicit,Z4,False,0.2,1377,3,453.8827080396004,0
openai,openai-exec_contact@t1/013-t4-start,probe_trigger,proactive,openai-exec_contact,explicit,L4,False,0.0625,1479,5,450.2357079763897,0
openai,openai-exec_contact@t1/013-t4-start,probe_trigger,proactive,openai-exec_contact,explicit,L6,False,0.07142857142857142,1479,5,442.9880839888938,0
openai,openai-exec_contact@t1/013-t4-start,probe_trigger,proactive,openai-exec_contact,explicit,E1,True,0.058823529411764705,1499,43,2.5724160368554294,0
openai,openai-exec_contact@t1/013-t4-start,probe_trigger,proactive,openai-exec_contact,explicit,E4,True,0.038461538461538464,1484,41,455.0757920369506,0
openai,openai-rate_limit@t2/005-t3-start,probe_trigger,proactive,openai-rate_limit,reaction,D1,False,0.09090909090909091,1206,7,1.4080830151215196,0
openai,openai-rate_limit@t2/005-t3-start,probe_trigger,proactive,openai-rate_limit,reaction,D4,False,0.3333333333333333,1144,8,456.23508299468085,0
openai,openai-rate_limit@t2/005-t3-start,probe_trigger,proactive,openai-rate_limit,reaction,Z4,True,0.3333333333333333,1324,5,444.0557080088183,0
openai,openai-rate_limit@t2/005-t3-start,probe_trigger,proactive,openai-rate_limit,reaction,L4,False,0.3333333333333333,1494,8,557.4467920232564,0
openai,openai-rate_limit@t2/005-t3-start,probe_trigger,proactive,openai-rate_limit,reaction,L6,False,0.3333333333333333,1494,8,446.75516698043793,0
openai,openai-rate_limit@t2/005-t3-start,probe_trigger,proactive,openai-rate_limit,reaction,E1,True,0.09090909090909091,1463,45,1.796417054720223,0
openai,openai-rate_limit@t2/005-t3-start,probe_trigger,proactive,openai-rate_limit,reaction,E4,True,0.045454545454545456,1487,45,447.0087500521913,0
openai,openai-rate_limit@t2/005-t3-middle,probe_trigger,proactive,openai-rate_limit,reaction,D1,False,0.045454545454545456,1412,9,1.80004199501127,0
openai,openai-rate_limit@t2/005-t3-middle,probe_trigger,proactive,openai-rate_limit,reaction,D4,False,0.3333333333333333,1396,8,443.616458971519,0
openai,openai-rate_limit@t2/005-t3-middle,probe_trigger,proactive,openai-rate_limit,reaction,Z4,True,0.3333333333333333,1203,3,465.9886669833213,0
openai,openai-rate_limit@t2/005-t3-middle,probe_trigger,proactive,openai-rate_limit,reaction,L4,False,0.3333333333333333,1254,6,444.99724998604506,0
openai,openai-rate_limit@t2/005-t3-middle,probe_trigger,proactive,openai-rate_limit,reaction,L6,False,0.3333333333333333,1456,8,455.0254999776371,0
openai,openai-rate_limit@t2/005-t3-middle,probe_trigger,proactive,openai-rate_limit,reaction,E1,False,0.0196078431372549,1496,44,2.4674590094946325,0
openai,openai-rate_limit@t2/005-t3-middle,probe_trigger,proactive,openai-rate_limit,reaction,E4,True,0.03333333333333333,1466,44,453.53641698602587,0
openai,openai-rate_limit@t2/005-t4-start,probe_trigger,proactive,openai-rate_limit,reaction,D1,True,0.5,1350,4,1.8909170175902545,0
openai,openai-rate_limit@t2/005-t4-start,probe_trigger,proactive,openai-rate_limit,reaction,D4,True,0.5,1429,5,605.8420420158654,0
openai,openai-rate_limit@t2/005-t4-start,probe_trigger,proactive,openai-rate_limit,reaction,Z4,False,0.25,1377,3,453.7723330431618,0
openai,openai-rate_limit@t2/005-t4-start,probe_trigger,proactive,openai-rate_limit,reaction,L4,True,0.25,1479,5,441.92929205019027,0
openai,openai-rate_limit@t2/005-t4-start,probe_trigger,proactive,openai-rate_limit,reaction,L6,True,0.5,1479,5,442.22924998030066,0
openai,openai-rate_limit@t2/005-t4-start,probe_trigger,proactive,openai-rate_limit,reaction,E1,True,0.02857142857142857,1474,42,2.5700840051285923,0
openai,openai-rate_limit@t2/005-t4-start,probe_trigger,proactive,openai-rate_limit,reaction,E4,True,0.027777777777777776,1491,42,457.33920799102634,0
openai,openai-rate_limit@t2/005-t4-middle,probe_trigger,proactive,openai-rate_limit,reaction,D1,True,0.3333333333333333,1236,4,2.3316669976338744,0
openai,openai-rate_limit@t2/005-t4-middle,probe_trigger,proactive,openai-rate_limit,reaction,D4,False,0.1111111111111111,1183,4,445.16474998090416,0
openai,openai-rate_limit@t2/005-t4-middle,probe_trigger,proactive,openai-rate_limit,reaction,Z4,False,0.09090909090909091,1417,5,449.26729099825025,0
openai,openai-rate_limit@t2/005-t4-middle,probe_trigger,proactive,openai-rate_limit,reaction,L4,False,0.1111111111111111,1220,4,441.6896249749698,0
openai,openai-rate_limit@t2/005-t4-middle,probe_trigger,proactive,openai-rate_limit,reaction,L6,False,0.1111111111111111,1220,4,450.2939159865491,0
openai,openai-rate_limit@t2/005-t4-middle,probe_trigger,proactive,openai-rate_limit,reaction,E1,True,0.037037037037037035,1482,40,3.202499996405095,0
openai,openai-rate_limit@t2/005-t4-middle,probe_trigger,proactive,openai-rate_limit,reaction,E4,True,0.058823529411764705,1480,39,538.6168329860084,0
openai,openai-rate_limit@t2/005-t5-start,probe_trigger,proactive,openai-rate_limit,reaction,D1,False,0.16666666666666666,1445,4,2.3354999721050262,0
openai,openai-rate_limit@t2/005-t5-start,probe_trigger,proactive,openai-rate_limit,reaction,D4,False,0.1111111111111111,1431,4,449.45766701130196,0
openai,openai-rate_limit@t2/005-t5-start,probe_trigger,proactive,openai-rate_limit,reaction,Z4,False,0.25,1230,3,447.92687497101724,0
openai,openai-rate_limit@t2/005-t5-start,probe_trigger,proactive,openai-rate_limit,reaction,L4,False,0.1111111111111111,1475,4,442.15008401079103,0
openai,openai-rate_limit@t2/005-t5-start,probe_trigger,proactive,openai-rate_limit,reaction,L6,False,0.1111111111111111,1475,4,519.5356250042096,0
openai,openai-rate_limit@t2/005-t5-start,probe_trigger,proactive,openai-rate_limit,reaction,E1,True,0.03571428571428571,1493,45,3.4931660047732294,0
openai,openai-rate_limit@t2/005-t5-start,probe_trigger,proactive,openai-rate_limit,reaction,E4,False,0.1,1500,45,450.9106249897741,0
openai,openai-rate_limit@t2/005-t5-middle,probe_trigger,proactive,openai-rate_limit,reaction,D1,False,0.125,1416,5,2.662291983142495,0
openai,openai-rate_limit@t2/005-t5-middle,probe_trigger,proactive,openai-rate_limit,reaction,D4,True,0.16666666666666666,1472,7,450.40004199836403,0
openai,openai-rate_limit@t2/005-t5-middle,probe_trigger,proactive,openai-rate_limit,reaction,Z4,False,0.125,1323,4,447.0967919914983,0
openai,openai-rate_limit@t2/005-t5-middle,probe_trigger,proactive,openai-rate_limit,reaction,L4,False,0.16666666666666666,1389,7,628.3506249892525,0
openai,openai-rate_limit@t2/005-t5-middle,probe_trigger,proactive,openai-rate_limit,reaction,L6,True,0.16666666666666666,1489,6,484.30050001479685,0
openai,openai-rate_limit@t2/005-t5-middle,probe_trigger,proactive,openai-rate_limit,reaction,E1,True,0.1,1464,38,3.7339170230552554,0
openai,openai-rate_limit@t2/005-t5-middle,probe_trigger,proactive,openai-rate_limit,reaction,E4,True,0.07692307692307693,1489,38,461.5662920405157,0
openai,openai-retention@t2/010-t3-start,probe_trigger,proactive,openai-retention,distributed,D1,True,0.5,1426,9,1.420999993570149,0
openai,openai-retention@t2/010-t3-start,probe_trigger,proactive,openai-retention,distributed,D4,True,0.2,1454,9,448.812790971715,0
openai,openai-retention@t2/010-t3-start,probe_trigger,proactive,openai-retention,distributed,Z4,False,0.25,1444,4,450.66595799289644,0
openai,openai-retention@t2/010-t3-start,probe_trigger,proactive,openai-retention,distributed,L4,True,0.2,1272,8,442.45679199229926,0
openai,openai-retention@t2/010-t3-start,probe_trigger,proactive,openai-retention,distributed,L6,True,0.2,1272,8,455.0511660054326,0
openai,openai-retention@t2/010-t3-start,probe_trigger,proactive,openai-retention,distributed,E1,True,0.25,1479,44,1.722959044855088,0
openai,openai-retention@t2/010-t3-start,probe_trigger,proactive,openai-retention,distributed,E4,True,0.03571428571428571,1480,44,442.9337080218829,0
openai,openai-retention@t2/010-t3-middle,probe_trigger,proactive,openai-retention,distributed,D1,True,0.16666666666666666,1490,8,1.7329160473309457,0
openai,openai-retention@t2/010-t3-middle,probe_trigger,proactive,openai-retention,distributed,D4,True,0.5,1462,8,442.5033330335282,0
openai,openai-retention@t2/010-t3-middle,probe_trigger,proactive,openai-retention,distributed,Z4,False,0.3333333333333333,1048,3,545.0429170159623,0
openai,openai-retention@t2/010-t3-middle,probe_trigger,proactive,openai-retention,distributed,L4,True,0.5,1375,8,446.1862909956835,0
openai,openai-retention@t2/010-t3-middle,probe_trigger,proactive,openai-retention,distributed,L6,True,0.5,1269,7,455.2430419716984,0
openai,openai-retention@t2/010-t3-middle,probe_trigger,proactive,openai-retention,distributed,E1,True,0.1,1477,43,2.4147910298779607,0
openai,openai-retention@t2/010-t3-middle,probe_trigger,proactive,openai-retention,distributed,E4,True,0.1111111111111111,1465,43,449.3506660219282,0
openai,openai-retention@t2/010-t4-start,probe_trigger,proactive,openai-retention,distributed,D1,False,0.16666666666666666,1416,5,1.8832909991033375,0
openai,openai-retention@t2/010-t4-start,probe_trigger,proactive,openai-retention,distributed,D4,False,0.2,1183,4,459.2644580407068,0
openai,openai-retention@t2/010-t4-start,probe_trigger,proactive,openai-retention,distributed,Z4,False,0.14285714285714285,1352,3,477.79670800082386,0
openai,openai-retention@t2/010-t4-start,probe_trigger,proactive,openai-retention,distributed,L4,False,0.1,1459,5,533.7041249731556,0
openai,openai-retention@t2/010-t4-start,probe_trigger,proactive,openai-retention,distributed,L6,False,0.2,1220,4,455.15187503769994,0
openai,openai-retention@t2/010-t4-start,probe_trigger,proactive,openai-retention,distributed,E1,True,0.14285714285714285,1486,42,2.572541998233646,0
openai,openai-retention@t2/010-t4-start,probe_trigger,proactive,openai-retention,distributed,E4,True,0.045454545454545456,1476,42,864.3815830000676,0
openai,openai-retention@t2/010-t4-middle,probe_trigger,proactive,openai-retention,distributed,D1,False,0.14285714285714285,1351,5,2.163333003409207,0
openai,openai-retention@t2/010-t4-middle,probe_trigger,proactive,openai-retention,distributed,D4,True,0.5,1218,4,485.28120800619945,0
openai,openai-retention@t2/010-t4-middle,probe_trigger,proactive,openai-retention,distributed,Z4,False,0.25,1417,5,459.96666699647903,0
openai,openai-retention@t2/010-t4-middle,probe_trigger,proactive,openai-retention,distributed,L4,True,0.5,1253,4,454.5667089987546,0
openai,openai-retention@t2/010-t4-middle,probe_trigger,proactive,openai-retention,distributed,L6,True,0.5,1253,4,549.9710830044933,0
openai,openai-retention@t2/010-t4-middle,probe_trigger,proactive,openai-retention,distributed,E1,True,0.06666666666666667,1468,41,3.225542022846639,0
openai,openai-retention@t2/010-t4-middle,probe_trigger,proactive,openai-retention,distributed,E4,True,0.038461538461538464,1484,40,451.4942920068279,0
openai,openai-retention@t2/010-t5-start,probe_trigger,proactive,openai-retention,distributed,D1,False,0.1111111111111111,1445,4,2.3484170087613165,0
openai,openai-retention@t2/010-t5-start,probe_trigger,proactive,openai-retention,distributed,D4,False,0.07692307692307693,1330,6,467.6496249740012,0
openai,openai-retention@t2/010-t5-start,probe_trigger,proactive,openai-retention,distributed,Z4,False,0.07692307692307693,1458,4,443.3805830194615,0
openai,openai-retention@t2/010-t5-start,probe_trigger,proactive,openai-retention,distributed,L4,False,0.07692307692307693,1389,6,443.5317500028759,0
openai,openai-retention@t2/010-t5-start,probe_trigger,proactive,openai-retention,distributed,L6,False,0.07692307692307693,1389,6,719.3052500369959,0
openai,openai-retention@t2/010-t5-start,probe_trigger,proactive,openai-retention,distributed,E1,True,0.047619047619047616,1486,42,4.371374961920083,0
openai,openai-retention@t2/010-t5-start,probe_trigger,proactive,openai-retention,distributed,E4,False,0.009345794392523364,1473,42,593.3342080097646,0
openai,openai-retention@t2/010-t5-middle,probe_trigger,proactive,openai-retention,distributed,D1,False,0.07142857142857142,1406,5,2.5968329864554107,0
openai,openai-retention@t2/010-t5-middle,probe_trigger,proactive,openai-retention,distributed,D4,True,0.2,1451,6,445.5138749908656,0
openai,openai-retention@t2/010-t5-middle,probe_trigger,proactive,openai-retention,distributed,Z4,False,0.07142857142857142,1341,4,453.29629199113697,0
openai,openai-retention@t2/010-t5-middle,probe_trigger,proactive,openai-retention,distributed,L4,False,0.125,1419,7,458.4302500006743,0
openai,openai-retention@t2/010-t5-middle,probe_trigger,proactive,openai-retention,distributed,L6,True,0.2,1321,5,453.72391695855185,0
openai,openai-retention@t2/010-t5-middle,probe_trigger,proactive,openai-retention,distributed,E1,True,0.14285714285714285,1476,38,3.7471670075319707,0
openai,openai-retention@t2/010-t5-middle,probe_trigger,proactive,openai-retention,distributed,E4,False,0.05,1482,40,448.54337500873953,0
openai,openai-discount@t3/007-t4-start,probe_trigger,proactive,openai-discount,cross_ref,D1,True,1.0,1498,6,1.8360000103712082,0
openai,openai-discount@t3/007-t4-start,probe_trigger,proactive,openai-discount,cross_ref,D4,True,1.0,1495,6,449.0368750412017,0
openai,openai-discount@t3/007-t4-start,probe_trigger,proactive,openai-discount,cross_ref,Z4,True,1.0,1377,3,451.09975000377744,0
openai,openai-discount@t3/007-t4-start,probe_trigger,proactive,openai-discount,cross_ref,L4,True,1.0,1459,5,657.7989590005018,0
openai,openai-discount@t3/007-t4-start,probe_trigger,proactive,openai-discount,cross_ref,L6,True,1.0,1459,5,464.49645899701864,0
openai,openai-discount@t3/007-t4-start,probe_trigger,proactive,openai-discount,cross_ref,E1,True,1.0,1467,40,2.5613329489715397,0
openai,openai-discount@t3/007-t4-start,probe_trigger,proactive,openai-discount,cross_ref,E4,True,0.5,1490,41,443.31483298446983,0
openai,openai-discount@t3/007-t4-middle,probe_trigger,proactive,openai-discount,cross_ref,D1,False,0.5,1177,4,2.143833029549569,0
openai,openai-discount@t3/007-t4-middle,probe_trigger,proactive,openai-discount,cross_ref,D4,False,0.2,1168,4,452.7052090270445,0
openai,openai-discount@t3/007-t4-middle,probe_trigger,proactive,openai-discount,cross_ref,Z4,True,0.5,1271,4,493.6527499812655,0
openai,openai-discount@t3/007-t4-middle,probe_trigger,proactive,openai-discount,cross_ref,L4,False,0.2,1200,4,487.5027500092983,0
openai,openai-discount@t3/007-t4-middle,probe_trigger,proactive,openai-discount,cross_ref,L6,False,0.2,1200,4,479.4034580118023,0
openai,openai-discount@t3/007-t4-middle,probe_trigger,proactive,openai-discount,cross_ref,E1,True,0.07692307692307693,1490,42,3.3200420439243317,0
openai,openai-discount@t3/007-t4-middle,probe_trigger,proactive,openai-discount,cross_ref,E4,True,0.07692307692307693,1489,41,455.5167500511743,0
openai,openai-discount@t3/007-t5-start,probe_trigger,proactive,openai-discount,cross_ref,D1,False,0.16666666666666666,1418,4,2.3271249956451356,0
openai,openai-discount@t3/007-t5-start,probe_trigger,proactive,openai-discount,cross_ref,D4,True,0.5,1381,4,637.8902090364136,0
openai,openai-discount@t3/007-t5-start,probe_trigger,proactive,openai-discount,cross_ref,Z4,True,0.5,1230,3,446.46983296843246,0
openai,openai-discount@t3/007-t5-start,probe_trigger,proactive,openai-discount,cross_ref,L4,True,0.5,1422,4,450.5644159507938,0
openai,openai-discount@t3/007-t5-start,probe_trigger,proactive,openai-discount,cross_ref,L6,True,0.5,1422,4,457.3617909918539,0
openai,openai-discount@t3/007-t5-start,probe_trigger,proactive,openai-discount,cross_ref,E1,True,0.0625,1476,42,3.546416002791375,0
openai,openai-discount@t3/007-t5-start,probe_trigger,proactive,openai-discount,cross_ref,E4,True,0.25,1464,40,452.2557079908438,0
openai,openai-discount@t3/007-t5-middle,probe_trigger,proactive,openai-discount,cross_ref,D1,True,0.5,1324,5,2.528417040593922,0
openai,openai-discount@t3/007-t5-middle,probe_trigger,proactive,openai-discount,cross_ref,D4,True,1.0,1115,6,450.30370802851394,0
openai,openai-discount@t3/007-t5-middle,probe_trigger,proactive,openai-discount,cross_ref,Z4,True,0.5,1400,5,474.9108329997398,0
openai,openai-discount@t3/007-t5-middle,probe_trigger,proactive,openai-discount,cross_ref,L4,True,1.0,1167,6,485.2529159979895,0
openai,openai-discount@t3/007-t5-middle,probe_trigger,proactive,openai-discount,cross_ref,L6,True,1.0,1167,6,518.8294590334408,0
openai,openai-discount@t3/007-t5-middle,probe_trigger,proactive,openai-discount,cross_ref,E1,True,0.14285714285714285,1489,42,3.762375039514154,0
openai,openai-discount@t3/007-t5-middle,probe_trigger,proactive,openai-discount,cross_ref,E4,True,0.07142857142857142,1464,40,798.0300419731066,0
openai,openai-exec_contact@t4/007-t5-start,probe_trigger,proactive,openai-exec_contact,correction,D1,True,1.0,1445,4,2.5088750408031046,0
openai,openai-exec_contact@t4/007-t5-start,probe_trigger,proactive,openai-exec_contact,correction,D4,False,1.0,1493,5,478.6254579667002,0
openai,openai-exec_contact@t4/007-t5-start,probe_trigger,proactive,openai-exec_contact,correction,Z4,False,1.0,1230,3,454.6170420362614,0
openai,openai-exec_contact@t4/007-t5-start,probe_trigger,proactive,openai-exec_contact,correction,L4,False,1.0,1289,4,449.23270802246407,0
openai,openai-exec_contact@t4/007-t5-start,probe_trigger,proactive,openai-exec_contact,correction,L6,False,1.0,1289,4,451.6317079542205,0
openai,openai-exec_contact@t4/007-t5-start,probe_trigger,proactive,openai-exec_contact,correction,E1,True,0.5,1496,45,3.345582983456552,0
openai,openai-exec_contact@t4/007-t5-start,probe_trigger,proactive,openai-exec_contact,correction,E4,True,0.5,1464,45,516.0816250136122,0
openai,openai-exec_contact@t4/007-t5-middle,probe_trigger,proactive,openai-exec_contact,correction,D1,False,1.0,1490,6,2.632750023622066,0
openai,openai-exec_contact@t4/007-t5-middle,probe_trigger,proactive,openai-exec_contact,correction,D4,False,0.0625,1435,6,453.331624972634,0
openai,openai-exec_contact@t4/007-t5-middle,probe_trigger,proactive,openai-exec_contact,correction,Z4,False,0.08333333333333333,1323,4,473.6415829975158,0
openai,openai-exec_contact@t4/007-t5-middle,probe_trigger,proactive,openai-exec_contact,correction,L4,False,0.1,1333,6,659.9696250050329,0
openai,openai-exec_contact@t4/007-t5-middle,probe_trigger,proactive,openai-exec_contact,correction,L6,False,0.06666666666666667,1489,6,518.8160830293782,0
openai,openai-exec_contact@t4/007-t5-middle,probe_trigger,proactive,openai-exec_contact,correction,E1,True,0.125,1489,40,3.7309160106815398,0
openai,openai-exec_contact@t4/007-t5-middle,probe_trigger,proactive,openai-exec_contact,correction,E4,True,0.041666666666666664,1494,38,458.469791978132,0
xai,xai-p01,plant,proactive,xai-node_alloc,ellipsis,D1,True,1.0,360,2,0.5372079904191196,0
xai,xai-p01,plant,proactive,xai-node_alloc,ellipsis,D4,True,1.0,360,2,497.658499982208,0
xai,xai-p01,plant,proactive,xai-node_alloc,ellipsis,Z4,True,1.0,349,1,444.3438750458881,0
xai,xai-p01,plant,proactive,xai-node_alloc,ellipsis,L4,True,1.0,378,2,453.53187498403713,0
xai,xai-p01,plant,proactive,xai-node_alloc,ellipsis,L6,True,1.0,378,2,440.7595419907011,0
xai,xai-p01,plant,proactive,xai-node_alloc,ellipsis,E1,True,0.0,415,13,0.5454159690998495,0
xai,xai-p01,plant,proactive,xai-node_alloc,ellipsis,E4,True,0.0,415,13,633.6607079720125,0
xai,xai-p01,plant,proactive,xai-node_alloc,ellipsis,D5,True,1.0,360,2,5083.884832973126,2
xai,xai-p01,plant,reactive,xai-node_alloc,ellipsis,D1,True,0.5,360,2,0.39416697109118104,0
xai,xai-p01,plant,reactive,xai-node_alloc,ellipsis,D4,True,1.0,360,2,541.0486250184476,0
xai,xai-p01,plant,reactive,xai-node_alloc,ellipsis,Z4,True,1.0,349,1,467.87404199130833,0
xai,xai-p01,plant,reactive,xai-node_alloc,ellipsis,L4,True,1.0,378,2,457.93612499255687,0
xai,xai-p01,plant,reactive,xai-node_alloc,ellipsis,L6,True,1.0,378,2,459.54691601218656,0
xai,xai-p01,plant,reactive,xai-node_alloc,ellipsis,E1,True,0.0,415,13,0.26466697454452515,0
xai,xai-p01,plant,reactive,xai-node_alloc,ellipsis,E4,True,0.0,415,13,456.57612499780953,0
xai,xai-p03,plant,proactive,xai-ckpt_cadence,reaction,D1,False,0.14285714285714285,1415,6,3.828165994491428,0
xai,xai-p03,plant,proactive,xai-ckpt_cadence,reaction,D4,True,0.1,1447,10,456.6575839999132,0
xai,xai-p03,plant,proactive,xai-ckpt_cadence,reaction,Z4,True,0.25,1436,4,453.35983397671953,0
xai,xai-p03,plant,proactive,xai-ckpt_cadence,reaction,L4,True,0.1111111111111111,1381,9,591.8444580165669,0
xai,xai-p03,plant,proactive,xai-ckpt_cadence,reaction,L6,False,0.1,1387,9,467.8369589964859,0
xai,xai-p03,plant,proactive,xai-ckpt_cadence,reaction,E1,False,0.020833333333333332,1473,46,1.8391250050626695,0
xai,xai-p03,plant,proactive,xai-ckpt_cadence,reaction,E4,True,0.022727272727272728,1499,49,468.0147920153104,0
xai,xai-p03,plant,proactive,xai-ckpt_cadence,reaction,D5,False,0.1111111111111111,1384,8,2853.103584027849,21
xai,xai-p03,plant,reactive,xai-ckpt_cadence,reaction,D1,True,1.0,1254,10,2.9977920348756015,0
xai,xai-p03,plant,reactive,xai-ckpt_cadence,reaction,D4,True,1.0,1431,12,499.8961249948479,0
xai,xai-p03,plant,reactive,xai-ckpt_cadence,reaction,Z4,True,1.0,1345,4,468.0040840175934,0
xai,xai-p03,plant,reactive,xai-ckpt_cadence,reaction,L4,True,1.0,1488,12,460.7356660417281,0
xai,xai-p03,plant,reactive,xai-ckpt_cadence,reaction,L6,True,1.0,1413,11,448.6906250240281,0
xai,xai-p03,plant,reactive,xai-ckpt_cadence,reaction,E1,True,1.0,1472,53,1.30958401132375,0
xai,xai-p03,plant,reactive,xai-ckpt_cadence,reaction,E4,True,1.0,1476,49,446.1914579733275,0
xai,xai-p04,plant,proactive,xai-xai-p04,explicit,D1,False,0.08333333333333333,1343,5,1.3495840248651803,0
xai,xai-p04,plant,proactive,xai-xai-p04,explicit,D4,False,0.07142857142857142,1278,7,745.5722919548862,0
xai,xai-p04,plant,proactive,xai-xai-p04,explicit,Z4,False,0.14285714285714285,1293,4,450.4397090058774,0
xai,xai-p04,plant,proactive,xai-xai-p04,explicit,L4,False,0.08333333333333333,1193,5,442.58245796663687,0
xai,xai-p04,plant,proactive,xai-xai-p04,explicit,L6,False,0.07142857142857142,1335,7,442.82129197381437,0
xai,xai-p04,plant,proactive,xai-xai-p04,explicit,E1,False,0.020833333333333332,1479,46,2.1127499639987946,0
xai,xai-p04,plant,proactive,xai-xai-p04,explicit,E4,False,0.01818181818181818,1489,47,447.2955840174109,0
xai,xai-p04,plant,proactive,xai-xai-p04,explicit,D5,False,0.058823529411764705,1345,6,2327.2615000023507,19
xai,xai-p04,plant,reactive,xai-xai-p04,explicit,D1,True,1.0,1275,7,3.0283749802038074,0
xai,xai-p04,plant,reactive,xai-xai-p04,explicit,D4,True,1.0,1193,7,498.2825830229558,0
xai,xai-p04,plant,reactive,xai-xai-p04,explicit,Z4,True,1.0,1141,3,448.81062500644475,0
xai,xai-p04,plant,reactive,xai-xai-p04,explicit,L4,True,1.0,1426,9,653.7574999965727,0
xai,xai-p04,plant,reactive,xai-xai-p04,explicit,L6,True,1.0,1246,7,520.3554579638876,0
xai,xai-p04,plant,reactive,xai-xai-p04,explicit,E1,True,1.0,1486,51,1.394291000906378,0
xai,xai-p04,plant,reactive,xai-xai-p04,explicit,E4,True,1.0,1485,47,498.21950000477955,0
xai,xai-p05,plant,proactive,xai-run_start,correction,D1,True,1.0,1348,6,1.6927079996094108,0
xai,xai-p05,plant,proactive,xai-run_start,correction,D4,True,0.07142857142857142,1377,8,469.8230419890024,0
xai,xai-p05,plant,proactive,xai-run_start,correction,Z4,True,0.2,1230,3,459.525250014849,0
xai,xai-p05,plant,proactive,xai-run_start,correction,L4,True,0.08333333333333333,1441,8,442.01770797371864,0
xai,xai-p05,plant,proactive,xai-run_start,correction,L6,True,0.07142857142857142,1441,8,510.4737500078045,0
xai,xai-p05,plant,proactive,xai-run_start,correction,E1,True,0.0,1490,47,2.3576249950565398,0
xai,xai-p05,plant,proactive,xai-run_start,correction,E4,True,0.0,1485,50,461.16154198534787,0
xai,xai-p05,plant,proactive,xai-run_start,correction,D5,True,0.3333333333333333,1382,7,2861.86333297519,24
xai,xai-p05,plant,reactive,xai-run_start,correction,D1,True,0.2,1496,10,3.3495419775135815,0
xai,xai-p05,plant,reactive,xai-run_start,correction,D4,True,0.16666666666666666,1449,9,667.8292909637094,0
xai,xai-p05,plant,reactive,xai-run_start,correction,Z4,True,0.25,1265,3,460.41087503544986,0
xai,xai-p05,plant,reactive,xai-run_start,correction,L4,True,0.25,1444,9,474.0937079768628,0
xai,xai-p05,plant,reactive,xai-run_start,correction,L6,True,0.16666666666666666,1399,8,450.2452079905197,0
xai,xai-p05,plant,reactive,xai-run_start,correction,E1,True,0.0,1499,52,1.4234160189516842,0
xai,xai-p05,plant,reactive,xai-run_start,correction,E4,True,0.0,1483,48,454.68899997649714,0
xai,xai-p07,plant,proactive,xai-xai-p07,explicit,D1,False,0.06666666666666667,1225,4,2.1434170193970203,0
xai,xai-p07,plant,proactive,xai-xai-p07,explicit,D4,False,0.08333333333333333,1256,6,463.9776670373976,0
xai,xai-p07,plant,proactive,xai-xai-p07,explicit,Z4,False,0.125,1323,3,448.5299169900827,0
xai,xai-p07,plant,proactive,xai-xai-p07,explicit,L4,False,0.09090909090909091,1310,6,446.6253339778632,0
xai,xai-p07,plant,proactive,xai-xai-p07,explicit,L6,False,0.08333333333333333,1310,6,537.3295409954153,0
xai,xai-p07,plant,proactive,xai-xai-p07,explicit,E1,True,0.023255813953488372,1477,45,3.123208007309586,0
xai,xai-p07,plant,proactive,xai-xai-p07,explicit,E4,True,0.022727272727272728,1477,44,450.59674995718524,0
xai,xai-p07,plant,proactive,xai-xai-p07,explicit,D5,False,0.07692307692307693,1442,5,2942.359665990807,26
xai,xai-p07,plant,reactive,xai-xai-p07,explicit,D1,True,1.0,1435,6,3.729666001163423,0
xai,xai-p07,plant,reactive,xai-xai-p07,explicit,D4,True,1.0,1413,5,493.46116598462686,0
xai,xai-p07,plant,reactive,xai-xai-p07,explicit,Z4,True,1.0,1473,4,477.54266601987183,0
xai,xai-p07,plant,reactive,xai-xai-p07,explicit,L4,True,1.0,1426,5,518.9375000190921,0
xai,xai-p07,plant,reactive,xai-xai-p07,explicit,L6,True,1.0,1460,5,455.5600840249099,0
xai,xai-p07,plant,reactive,xai-xai-p07,explicit,E1,True,1.0,1496,50,2.1182919736020267,0
xai,xai-p07,plant,reactive,xai-xai-p07,explicit,E4,True,1.0,1473,48,474.40045804250985,0
xai,xai-p08,plant,proactive,xai-ckpt_cadence,cross_ref,D1,True,1.0,1073,4,2.936249948106706,0
xai,xai-p08,plant,proactive,xai-ckpt_cadence,cross_ref,D4,False,1.0,1452,6,472.2860000329092,0
xai,xai-p08,plant,proactive,xai-ckpt_cadence,cross_ref,Z4,False,0.25,1329,4,727.3582500056364,0
xai,xai-p08,plant,proactive,xai-ckpt_cadence,cross_ref,L4,False,1.0,1445,5,512.9983340157196,0
xai,xai-p08,plant,proactive,xai-ckpt_cadence,cross_ref,L6,False,1.0,1496,6,449.56458400702104,0
xai,xai-p08,plant,proactive,xai-ckpt_cadence,cross_ref,E1,True,0.5,1498,45,3.5121249966323376,0
xai,xai-p08,plant,proactive,xai-ckpt_cadence,cross_ref,E4,True,0.5,1478,43,445.1577910222113,0
xai,xai-p08,plant,proactive,xai-ckpt_cadence,cross_ref,D5,False,1.0,1464,6,2974.3663330445997,28
xai,xai-p08,plant,reactive,xai-ckpt_cadence,cross_ref,D1,True,1.0,1362,7,2.2230420145206153,0
xai,xai-p08,plant,reactive,xai-ckpt_cadence,cross_ref,D4,True,1.0,1493,9,468.2706670137122,0
xai,xai-p08,plant,reactive,xai-ckpt_cadence,cross_ref,Z4,True,0.5,1085,3,445.34020900027826,0
xai,xai-p08,plant,reactive,xai-ckpt_cadence,cross_ref,L4,True,1.0,1438,8,448.5652079456486,0
xai,xai-p08,plant,reactive,xai-ckpt_cadence,cross_ref,L6,True,1.0,1387,7,696.1575419991277,0
xai,xai-p08,plant,reactive,xai-ckpt_cadence,cross_ref,E1,True,1.0,1493,46,2.3503749980591238,0
xai,xai-p08,plant,reactive,xai-ckpt_cadence,cross_ref,E4,True,0.3333333333333333,1461,44,481.54183296719566,0
xai,xai-p10,plant,proactive,xai-fabric_oncall,ellipsis,D1,False,0.3333333333333333,1301,4,2.848541014827788,0
xai,xai-p10,plant,proactive,xai-fabric_oncall,ellipsis,D4,False,1.0,1427,4,453.5078749759123,0
xai,xai-p10,plant,proactive,xai-fabric_oncall,ellipsis,Z4,False,0.3333333333333333,1362,4,444.9324999586679,0
xai,xai-p10,plant,proactive,xai-fabric_oncall,ellipsis,L4,False,1.0,1464,4,449.3515830254182,0
xai,xai-p10,plant,proactive,xai-fabric_oncall,ellipsis,L6,False,1.0,1464,4,451.31237496389076,0
xai,xai-p10,plant,proactive,xai-fabric_oncall,ellipsis,E1,True,0.05,1479,44,4.177625000011176,0
xai,xai-p10,plant,proactive,xai-fabric_oncall,ellipsis,E4,True,0.034482758620689655,1485,45,450.46470797387883,0
xai,xai-p10,plant,proactive,xai-fabric_oncall,ellipsis,D5,False,0.3333333333333333,1271,4,2970.6169590353966,29
xai,xai-p10,plant,reactive,xai-fabric_oncall,ellipsis,D1,True,1.0,1439,6,2.6084579876624048,0
xai,xai-p10,plant,reactive,xai-fabric_oncall,ellipsis,D4,False,1.0,1211,5,463.9015409629792,0
xai,xai-p10,plant,reactive,xai-fabric_oncall,ellipsis,Z4,False,1.0,1184,3,639.3060000264086,0
xai,xai-p10,plant,reactive,xai-fabric_oncall,ellipsis,L4,True,1.0,1303,5,456.86724997358397,0
xai,xai-p10,plant,reactive,xai-fabric_oncall,ellipsis,L6,True,1.0,1374,5,474.4637500261888,0
xai,xai-p10,plant,reactive,xai-fabric_oncall,ellipsis,E1,True,1.0,1464,45,2.780584036372602,0
xai,xai-p10,plant,reactive,xai-fabric_oncall,ellipsis,E4,True,1.0,1476,47,458.4536670008674,0
xai,xai-p11,plant,proactive,xai-ckpt_cadence,cross_ref,D1,False,1.0,1362,4,2.703624952118844,0
xai,xai-p11,plant,proactive,xai-ckpt_cadence,cross_ref,D4,False,1.0,1310,4,492.6718329661526,0
xai,xai-p11,plant,proactive,xai-ckpt_cadence,cross_ref,Z4,False,0.25,1363,3,456.42541599227116,0
xai,xai-p11,plant,proactive,xai-ckpt_cadence,cross_ref,L4,False,1.0,1189,3,461.84508298756555,0
xai,xai-p11,plant,proactive,xai-ckpt_cadence,cross_ref,L6,False,1.0,1342,4,477.8039999655448,0
xai,xai-p11,plant,proactive,xai-ckpt_cadence,cross_ref,E1,False,0.020833333333333332,1489,46,18.23029195657,0
xai,xai-p11,plant,proactive,xai-ckpt_cadence,cross_ref,E4,False,0.022222222222222223,1491,45,671.4212920051068,0
xai,xai-p11,plant,proactive,xai-ckpt_cadence,cross_ref,D5,True,0.5,1080,5,2934.248999983538,27
xai,xai-p11,plant,reactive,xai-ckpt_cadence,cross_ref,D1,True,0.5,1438,7,5.157833977136761,0
xai,xai-p11,plant,reactive,xai-ckpt_cadence,cross_ref,D4,True,1.0,1327,7,492.26062500383705,0
xai,xai-p11,plant,reactive,xai-ckpt_cadence,cross_ref,Z4,True,0.5,1085,3,473.9076250116341,0
xai,xai-p11,plant,reactive,xai-ckpt_cadence,cross_ref,L4,True,1.0,1438,8,468.4299170039594,0
xai,xai-p11,plant,reactive,xai-ckpt_cadence,cross_ref,L6,True,1.0,1387,7,465.7431659870781,0
xai,xai-p11,plant,reactive,xai-ckpt_cadence,cross_ref,E1,True,1.0,1487,45,2.9449170106090605,0
xai,xai-p11,plant,reactive,xai-ckpt_cadence,cross_ref,E4,True,0.3333333333333333,1486,44,510.57533401763067,0
xai,xai-run_start@t1/005-t2-start,probe_trigger,proactive,xai-run_start,explicit,D1,True,0.5,1484,12,0.6298339576460421,0
xai,xai-run_start@t1/005-t2-start,probe_trigger,proactive,xai-run_start,explicit,D4,True,0.5,1423,12,443.4616249636747,0
xai,xai-run_start@t1/005-t2-start,probe_trigger,proactive,xai-run_start,explicit,Z4,True,1.0,1490,4,451.76370901754126,0
xai,xai-run_start@t1/005-t2-start,probe_trigger,proactive,xai-run_start,explicit,L4,True,0.3333333333333333,1437,11,853.9257500087842,0
xai,xai-run_start@t1/005-t2-start,probe_trigger,proactive,xai-run_start,explicit,L6,True,0.5,1434,11,474.35741598019376,0
xai,xai-run_start@t1/005-t2-start,probe_trigger,proactive,xai-run_start,explicit,E1,True,0.25,1487,47,1.6707500326447189,0
xai,xai-run_start@t1/005-t2-start,probe_trigger,proactive,xai-run_start,explicit,E4,True,0.25,1490,47,548.8342079916038,0
xai,xai-run_start@t1/005-t2-middle,probe_trigger,proactive,xai-run_start,explicit,D1,True,0.3333333333333333,1454,8,1.749749993905425,0
xai,xai-run_start@t1/005-t2-middle,probe_trigger,proactive,xai-run_start,explicit,D4,True,0.14285714285714285,1450,10,569.832083012443,0
xai,xai-run_start@t1/005-t2-middle,probe_trigger,proactive,xai-run_start,explicit,Z4,True,1.0,1335,4,561.0747499740683,0
xai,xai-run_start@t1/005-t2-middle,probe_trigger,proactive,xai-run_start,explicit,L4,True,0.1,1187,9,508.885916962754,0
xai,xai-run_start@t1/005-t2-middle,probe_trigger,proactive,xai-run_start,explicit,L6,True,0.16666666666666666,1384,9,461.88354201149195,0
xai,xai-run_start@t1/005-t2-middle,probe_trigger,proactive,xai-run_start,explicit,E1,True,0.5,1496,47,1.8282089731656015,0
xai,xai-run_start@t1/005-t2-middle,probe_trigger,proactive,xai-run_start,explicit,E4,True,0.16666666666666666,1485,49,482.9145410330966,0
xai,xai-run_start@t1/005-t3-start,probe_trigger,proactive,xai-run_start,explicit,D1,True,1.0,1195,5,1.3537079794332385,0
xai,xai-run_start@t1/005-t3-start,probe_trigger,proactive,xai-run_start,explicit,D4,True,1.0,1235,6,658.6814999463968,0
xai,xai-run_start@t1/005-t3-start,probe_trigger,proactive,xai-run_start,explicit,Z4,True,0.25,1293,4,454.7564170206897,0
xai,xai-run_start@t1/005-t3-start,probe_trigger,proactive,xai-run_start,explicit,L4,True,1.0,1284,6,455.514959001448,0
xai,xai-run_start@t1/005-t3-start,probe_trigger,proactive,xai-run_start,explicit,L6,True,1.0,1284,6,506.7768329754472,0
xai,xai-run_start@t1/005-t3-start,probe_trigger,proactive,xai-run_start,explicit,E1,True,0.05555555555555555,1488,46,3.0899160192348063,0
xai,xai-run_start@t1/005-t3-start,probe_trigger,proactive,xai-run_start,explicit,E4,True,0.03571428571428571,1486,48,485.9575830050744,0
xai,xai-node_alloc@t1/009-t2-start,probe_trigger,proactive,xai-node_alloc,ellipsis,D1,True,0.25,1482,12,0.6745000137016177,0
xai,xai-node_alloc@t1/009-t2-start,probe_trigger,proactive,xai-node_alloc,ellipsis,D4,True,0.5,1482,12,447.86679197568446,0
xai,xai-node_alloc@t1/009-t2-start,probe_trigger,proactive,xai-node_alloc,ellipsis,Z4,True,1.0,1490,4,463.3619589731097,0
xai,xai-node_alloc@t1/009-t2-start,probe_trigger,proactive,xai-node_alloc,ellipsis,L4,True,0.3333333333333333,1444,11,441.8576250318438,0
xai,xai-node_alloc@t1/009-t2-start,probe_trigger,proactive,xai-node_alloc,ellipsis,L6,True,0.5,1444,11,471.0921670193784,0
xai,xai-node_alloc@t1/009-t2-start,probe_trigger,proactive,xai-node_alloc,ellipsis,E1,True,1.0,1487,47,0.7832089904695749,0
xai,xai-node_alloc@t1/009-t2-start,probe_trigger,proactive,xai-node_alloc,ellipsis,E4,True,1.0,1496,47,621.7795420088805,0
xai,xai-node_alloc@t1/009-t2-middle,probe_trigger,proactive,xai-node_alloc,ellipsis,D1,True,0.25,1494,9,1.1233330005779862,0
xai,xai-node_alloc@t1/009-t2-middle,probe_trigger,proactive,xai-node_alloc,ellipsis,D4,True,0.14285714285714285,1450,10,441.3821669877507,0
xai,xai-node_alloc@t1/009-t2-middle,probe_trigger,proactive,xai-node_alloc,ellipsis,Z4,False,0.25,1335,4,446.2839170009829,0
xai,xai-node_alloc@t1/009-t2-middle,probe_trigger,proactive,xai-node_alloc,ellipsis,L4,False,0.09090909090909091,1319,10,486.24066601041704,0
xai,xai-node_alloc@t1/009-t2-middle,probe_trigger,proactive,xai-node_alloc,ellipsis,L6,True,0.14285714285714285,1480,9,440.40654198033735,0
xai,xai-node_alloc@t1/009-t2-middle,probe_trigger,proactive,xai-node_alloc,ellipsis,E1,False,0.024390243902439025,1490,46,1.456458994653076,0
xai,xai-node_alloc@t1/009-t2-middle,probe_trigger,proactive,xai-node_alloc,ellipsis,E4,False,0.022222222222222223,1497,48,439.87204204313457,0
xai,xai-node_alloc@t1/009-t3-start,probe_trigger,proactive,xai-node_alloc,ellipsis,D1,True,0.5,1404,5,1.2948749936185777,0
xai,xai-node_alloc@t1/009-t3-start,probe_trigger,proactive,xai-node_alloc,ellipsis,D4,True,0.5,1366,7,492.6698339986615,0
xai,xai-node_alloc@t1/009-t3-start,probe_trigger,proactive,xai-node_alloc,ellipsis,Z4,False,0.25,1204,4,576.3470419915393,0
xai,xai-node_alloc@t1/009-t3-start,probe_trigger,proactive,xai-node_alloc,ellipsis,L4,True,0.5,1425,7,504.42141701932997,0
xai,xai-node_alloc@t1/009-t3-start,probe_trigger,proactive,xai-node_alloc,ellipsis,L6,True,0.5,1425,7,560.2626249892637,0
xai,xai-node_alloc@t1/009-t3-start,probe_trigger,proactive,xai-node_alloc,ellipsis,E1,False,0.01098901098901099,1471,47,1.9850420067086816,0
xai,xai-node_alloc@t1/009-t3-start,probe_trigger,proactive,xai-node_alloc,ellipsis,E4,False,0.012048192771084338,1482,49,475.2985840314068,0
xai,xai-node_alloc@t1/009-t3-middle,probe_trigger,proactive,xai-node_alloc,ellipsis,D1,True,0.5,1469,8,1.5659169876016676,0
xai,xai-node_alloc@t1/009-t3-middle,probe_trigger,proactive,xai-node_alloc,ellipsis,D4,True,0.5,1253,9,447.219124995172,0
xai,xai-node_alloc@t1/009-t3-middle,probe_trigger,proactive,xai-node_alloc,ellipsis,Z4,True,1.0,1340,4,451.9897919963114,0
xai,xai-node_alloc@t1/009-t3-middle,probe_trigger,proactive,xai-node_alloc,ellipsis,L4,True,0.5,1327,9,464.6263339673169,0
xai,xai-node_alloc@t1/009-t3-middle,probe_trigger,proactive,xai-node_alloc,ellipsis,L6,True,0.5,1327,9,441.59729196690023,0
xai,xai-node_alloc@t1/009-t3-middle,probe_trigger,proactive,xai-node_alloc,ellipsis,E1,True,0.08333333333333333,1482,49,2.2874580463394523,0
xai,xai-node_alloc@t1/009-t3-middle,probe_trigger,proactive,xai-node_alloc,ellipsis,E4,True,0.5,1483,49,449.8751669889316,0
xai,xai-node_alloc@t1/009-t4-start,probe_trigger,proactive,xai-node_alloc,ellipsis,D1,True,0.5,1080,4,1.9421670003794134,0
xai,xai-node_alloc@t1/009-t4-start,probe_trigger,proactive,xai-node_alloc,ellipsis,D4,True,1.0,1292,7,451.8832920002751,0
xai,xai-node_alloc@t1/009-t4-start,probe_trigger,proactive,xai-node_alloc,ellipsis,Z4,False,1.0,1121,3,551.2617080239579,0
xai,xai-node_alloc@t1/009-t4-start,probe_trigger,proactive,xai-node_alloc,ellipsis,L4,True,1.0,1357,7,443.18333303090185,0
xai,xai-node_alloc@t1/009-t4-start,probe_trigger,proactive,xai-node_alloc,ellipsis,L6,True,1.0,1357,7,448.20412498665974,0
xai,xai-node_alloc@t1/009-t4-start,probe_trigger,proactive,xai-node_alloc,ellipsis,E1,False,0.06666666666666667,1482,47,2.842458023224026,0
xai,xai-node_alloc@t1/009-t4-start,probe_trigger,proactive,xai-node_alloc,ellipsis,E4,False,0.04,1479,44,452.4141660076566,0
xai,xai-node_alloc@t1/009-t4-middle,probe_trigger,proactive,xai-node_alloc,ellipsis,D1,False,0.09090909090909091,1350,4,2.2902089986018836,0
xai,xai-node_alloc@t1/009-t4-middle,probe_trigger,proactive,xai-node_alloc,ellipsis,D4,False,0.1111111111111111,1345,6,453.8687089807354,0
xai,xai-node_alloc@t1/009-t4-middle,probe_trigger,proactive,xai-node_alloc,ellipsis,Z4,False,0.25,1187,4,441.859416954685,0
xai,xai-node_alloc@t1/009-t4-middle,probe_trigger,proactive,xai-node_alloc,ellipsis,L4,False,0.1111111111111111,1391,6,452.8767089941539,0
xai,xai-node_alloc@t1/009-t4-middle,probe_trigger,proactive,xai-node_alloc,ellipsis,L6,False,0.1111111111111111,1391,6,454.69350001076236,0
xai,xai-node_alloc@t1/009-t4-middle,probe_trigger,proactive,xai-node_alloc,ellipsis,E1,False,0.02040816326530612,1487,45,3.2761250040493906,0
xai,xai-node_alloc@t1/009-t4-middle,probe_trigger,proactive,xai-node_alloc,ellipsis,E4,False,0.0136986301369863,1492,45,443.34904197603464,0
xai,xai-node_alloc@t1/009-t5-start,probe_trigger,proactive,xai-node_alloc,ellipsis,D1,False,0.1,1383,4,2.3263749899342656,0
xai,xai-node_alloc@t1/009-t5-start,probe_trigger,proactive,xai-node_alloc,ellipsis,D4,False,0.125,1364,6,889.7395840031095,0
xai,xai-node_alloc@t1/009-t5-start,probe_trigger,proactive,xai-node_alloc,ellipsis,Z4,False,0.1111111111111111,1355,3,466.7155000497587,0
xai,xai-node_alloc@t1/009-t5-start,probe_trigger,proactive,xai-node_alloc,ellipsis,L4,False,0.125,1420,6,473.75649999594316,0
xai,xai-node_alloc@t1/009-t5-start,probe_trigger,proactive,xai-node_alloc,ellipsis,L6,False,0.125,1420,6,458.35870795417577,0
xai,xai-node_alloc@t1/009-t5-start,probe_trigger,proactive,xai-node_alloc,ellipsis,E1,False,0.1,1493,41,3.772541997022927,0
xai,xai-node_alloc@t1/009-t5-start,probe_trigger,proactive,xai-node_alloc,ellipsis,E4,True,0.043478260869565216,1494,43,469.8291659587994,0
xai,xai-node_alloc@t1/009-t5-middle,probe_trigger,proactive,xai-node_alloc,ellipsis,D1,False,0.07692307692307693,1233,4,2.620665996801108,0
xai,xai-node_alloc@t1/009-t5-middle,probe_trigger,proactive,xai-node_alloc,ellipsis,D4,False,0.0625,1458,5,456.58541697775945,0
xai,xai-node_alloc@t1/009-t5-middle,probe_trigger,proactive,xai-node_alloc,ellipsis,Z4,False,0.16666666666666666,1434,4,464.5541670033708,0
xai,xai-node_alloc@t1/009-t5-middle,probe_trigger,proactive,xai-node_alloc,ellipsis,L4,False,0.0625,1320,4,445.9068329888396,0
xai,xai-node_alloc@t1/009-t5-middle,probe_trigger,proactive,xai-node_alloc,ellipsis,L6,False,0.0625,1320,4,651.776208949741,0
xai,xai-node_alloc@t1/009-t5-middle,probe_trigger,proactive,xai-node_alloc,ellipsis,E1,False,0.021739130434782608,1477,43,4.407625005114824,0
xai,xai-node_alloc@t1/009-t5-middle,probe_trigger,proactive,xai-node_alloc,ellipsis,E4,False,0.015384615384615385,1464,43,446.0202920017764,0
xai,xai-rollback_rule@t1/013-t2-start,probe_trigger,proactive,xai-rollback_rule,distributed,D1,True,0.3333333333333333,1442,11,0.6453749956563115,0
xai,xai-rollback_rule@t1/013-t2-start,probe_trigger,proactive,xai-rollback_rule,distributed,D4,True,0.5,1393,11,444.9613749748096,0
xai,xai-rollback_rule@t1/013-t2-start,probe_trigger,proactive,xai-rollback_rule,distributed,Z4,True,1.0,1349,4,441.22666597831994,0
xai,xai-rollback_rule@t1/013-t2-start,probe_trigger,proactive,xai-rollback_rule,distributed,L4,True,0.5,1484,11,443.0782090057619,0
xai,xai-rollback_rule@t1/013-t2-start,probe_trigger,proactive,xai-rollback_rule,distributed,L6,True,0.5,1484,11,443.32066603237763,0
xai,xai-rollback_rule@t1/013-t2-start,probe_trigger,proactive,xai-rollback_rule,distributed,E1,True,0.3333333333333333,1490,46,0.7751249941065907,0
xai,xai-rollback_rule@t1/013-t2-start,probe_trigger,proactive,xai-rollback_rule,distributed,E4,True,1.0,1470,46,455.1692090462893,0
xai,xai-rollback_rule@t1/013-t2-middle,probe_trigger,proactive,xai-rollback_rule,distributed,D1,True,0.2,1460,8,1.2674169847741723,0
xai,xai-rollback_rule@t1/013-t2-middle,probe_trigger,proactive,xai-rollback_rule,distributed,D4,True,0.25,1448,10,443.8222920289263,0
xai,xai-rollback_rule@t1/013-t2-middle,probe_trigger,proactive,xai-rollback_rule,distributed,Z4,True,0.25,1335,4,441.01712497649714,0
xai,xai-rollback_rule@t1/013-t2-middle,probe_trigger,proactive,xai-rollback_rule,distributed,L4,True,0.14285714285714285,1500,12,530.648417014163,0
xai,xai-rollback_rule@t1/013-t2-middle,probe_trigger,proactive,xai-rollback_rule,distributed,L6,True,0.25,1480,9,508.77654197392985,0
xai,xai-rollback_rule@t1/013-t2-middle,probe_trigger,proactive,xai-rollback_rule,distributed,E1,True,0.5,1499,47,1.577707997057587,0
xai,xai-rollback_rule@t1/013-t2-middle,probe_trigger,proactive,xai-rollback_rule,distributed,E4,True,0.25,1477,48,469.8032080195844,0
xai,xai-rollback_rule@t1/013-t3-start,probe_trigger,proactive,xai-rollback_rule,distributed,D1,True,0.25,1472,5,1.3846670044586062,0
xai,xai-rollback_rule@t1/013-t3-start,probe_trigger,proactive,xai-rollback_rule,distributed,D4,True,0.5,1472,6,484.6081670257263,0
xai,xai-rollback_rule@t1/013-t3-start,probe_trigger,proactive,xai-rollback_rule,distributed,Z4,True,0.3333333333333333,1204,4,452.97891699010506,0
xai,xai-rollback_rule@t1/013-t3-start,probe_trigger,proactive,xai-rollback_rule,distributed,L4,True,0.5,1430,5,467.5641249632463,0
xai,xai-rollback_rule@t1/013-t3-start,probe_trigger,proactive,xai-rollback_rule,distributed,L6,True,0.5,1430,5,448.13704094849527,0
xai,xai-rollback_rule@t1/013-t3-start,probe_trigger,proactive,xai-rollback_rule,distributed,E1,True,0.16666666666666666,1498,48,2.073833951726556,0
xai,xai-rollback_rule@t1/013-t3-start,probe_trigger,proactive,xai-rollback_rule,distributed,E4,True,0.3333333333333333,1493,50,448.8725839764811,0
xai,xai-rollback_rule@t1/013-t3-middle,probe_trigger,proactive,xai-rollback_rule,distributed,D1,True,0.3333333333333333,1280,5,1.597292022779584,0
xai,xai-rollback_rule@t1/013-t3-middle,probe_trigger,proactive,xai-rollback_rule,distributed,D4,True,0.16666666666666666,1463,11,671.1959999520332,0
xai,xai-rollback_rule@t1/013-t3-middle,probe_trigger,proactive,xai-rollback_rule,distributed,Z4,True,0.25,1340,4,502.2763750166632,0
xai,xai-rollback_rule@t1/013-t3-middle,probe_trigger,proactive,xai-rollback_rule,distributed,L4,True,0.2,1412,9,457.5642079580575,0
xai,xai-rollback_rule@t1/013-t3-middle,probe_trigger,proactive,xai-rollback_rule,distributed,L6,True,0.16666666666666666,1412,9,442.5105830305256,0
xai,xai-rollback_rule@t1/013-t3-middle,probe_trigger,proactive,xai-rollback_rule,distributed,E1,False,0.16666666666666666,1480,46,2.4009589687921107,0
xai,xai-rollback_rule@t1/013-t3-middle,probe_trigger,proactive,xai-rollback_rule,distributed,E4,False,0.1,1482,48,449.43512498866767,0
xai,xai-rollback_rule@t1/013-t4-start,probe_trigger,proactive,xai-rollback_rule,distributed,D1,False,0.125,1211,5,1.9309999770484865,0
xai,xai-rollback_rule@t1/013-t4-start,probe_trigger,proactive,xai-rollback_rule,distributed,D4,False,0.07692307692307693,1446,4,474.91758299292997,0
xai,xai-rollback_rule@t1/013-t4-start,probe_trigger,proactive,xai-rollback_rule,distributed,Z4,False,0.09090909090909091,1212,3,458.92641600221395,0
xai,xai-rollback_rule@t1/013-t4-start,probe_trigger,proactive,xai-rollback_rule,distributed,L4,False,0.09090909090909091,1484,4,470.4858749755658,0
xai,xai-rollback_rule@t1/013-t4-start,probe_trigger,proactive,xai-rollback_rule,distributed,L6,False,0.08333333333333333,1484,4,441.8099169852212,0
xai,xai-rollback_rule@t1/013-t4-start,probe_trigger,proactive,xai-rollback_rule,distributed,E1,True,0.05263157894736842,1494,47,2.908208000008017,0
xai,xai-rollback_rule@t1/013-t4-start,probe_trigger,proactive,xai-rollback_rule,distributed,E4,True,0.02857142857142857,1497,46,639.6794579923153,0
xai,xai-rollback_rule@t1/013-t4-middle,probe_trigger,proactive,xai-rollback_rule,distributed,D1,False,0.07692307692307693,1085,4,2.3907090071588755,0
xai,xai-rollback_rule@t1/013-t4-middle,probe_trigger,proactive,xai-rollback_rule,distributed,D4,False,0.07692307692307693,1249,4,466.55820799060166,0
xai,xai-rollback_rule@t1/013-t4-middle,probe_trigger,proactive,xai-rollback_rule,distributed,Z4,True,0.3333333333333333,1212,4,441.74408400431275,0
xai,xai-rollback_rule@t1/013-t4-middle,probe_trigger,proactive,xai-rollback_rule,distributed,L4,False,0.07692307692307693,1279,4,442.6850829622708,0
xai,xai-rollback_rule@t1/013-t4-middle,probe_trigger,proactive,xai-rollback_rule,distributed,L6,False,0.07692307692307693,1279,4,446.6229169629514,0
xai,xai-rollback_rule@t1/013-t4-middle,probe_trigger,proactive,xai-rollback_rule,distributed,E1,True,0.09090909090909091,1460,44,3.394707979168743,0
xai,xai-rollback_rule@t1/013-t4-middle,probe_trigger,proactive,xai-rollback_rule,distributed,E4,True,0.14285714285714285,1499,45,451.37616602005437,0
xai,xai-rollback_rule@t1/013-t5-start,probe_trigger,proactive,xai-rollback_rule,distributed,D1,False,0.2,1383,4,2.3014170001260936,0
xai,xai-rollback_rule@t1/013-t5-start,probe_trigger,proactive,xai-rollback_rule,distributed,D4,True,0.25,1211,4,454.6706660185009,0
xai,xai-rollback_rule@t1/013-t5-start,probe_trigger,proactive,xai-rollback_rule,distributed,Z4,False,0.09090909090909091,1355,3,450.1933339633979,0
xai,xai-rollback_rule@t1/013-t5-start,probe_trigger,proactive,xai-rollback_rule,distributed,L4,True,0.25,1248,4,561.8524170131423,0
xai,xai-rollback_rule@t1/013-t5-start,probe_trigger,proactive,xai-rollback_rule,distributed,L6,True,0.25,1248,4,528.657834045589,0
xai,xai-rollback_rule@t1/013-t5-start,probe_trigger,proactive,xai-rollback_rule,distributed,E1,True,0.07692307692307693,1495,41,4.050749994348735,0
xai,xai-rollback_rule@t1/013-t5-start,probe_trigger,proactive,xai-rollback_rule,distributed,E4,True,0.041666666666666664,1470,41,499.38733398448676,0
xai,xai-rollback_rule@t1/013-t5-middle,probe_trigger,proactive,xai-rollback_rule,distributed,D1,False,0.05555555555555555,1400,4,3.1451249960809946,0
xai,xai-rollback_rule@t1/013-t5-middle,probe_trigger,proactive,xai-rollback_rule,distributed,D4,False,0.05555555555555555,1296,3,494.1595839918591,0
xai,xai-rollback_rule@t1/013-t5-middle,probe_trigger,proactive,xai-rollback_rule,distributed,Z4,False,0.2,1434,4,724.2939579882659,0
xai,xai-rollback_rule@t1/013-t5-middle,probe_trigger,proactive,xai-rollback_rule,distributed,L4,False,0.058823529411764705,1323,3,492.2127499594353,0
xai,xai-rollback_rule@t1/013-t5-middle,probe_trigger,proactive,xai-rollback_rule,distributed,L6,False,0.058823529411764705,1323,3,466.33970795664936,0
xai,xai-rollback_rule@t1/013-t5-middle,probe_trigger,proactive,xai-rollback_rule,distributed,E1,True,0.1111111111111111,1478,43,4.636375000700355,0
xai,xai-rollback_rule@t1/013-t5-middle,probe_trigger,proactive,xai-rollback_rule,distributed,E4,True,0.047619047619047616,1496,44,459.97591700870544,0
xai,xai-ckpt_cadence@t2/004-t3-start,probe_trigger,proactive,xai-ckpt_cadence,reaction,D1,False,0.125,1194,4,1.4126249589025974,0
xai,xai-ckpt_cadence@t2/004-t3-start,probe_trigger,proactive,xai-ckpt_cadence,reaction,D4,True,0.16666666666666666,1366,7,447.91954196989536,0
xai,xai-ckpt_cadence@t2/004-t3-start,probe_trigger,proactive,xai-ckpt_cadence,reaction,Z4,True,0.3333333333333333,1204,4,666.9134580297396,0
xai,xai-ckpt_cadence@t2/004-t3-start,probe_trigger,proactive,xai-ckpt_cadence,reaction,L4,True,0.16666666666666666,1425,7,477.24391700467095,0
xai,xai-ckpt_cadence@t2/004-t3-start,probe_trigger,proactive,xai-ckpt_cadence,reaction,L6,True,0.16666666666666666,1425,7,457.9797919723205,0
xai,xai-ckpt_cadence@t2/004-t3-start,probe_trigger,proactive,xai-ckpt_cadence,reaction,E1,True,0.027777777777777776,1496,48,2.028374990914017,0
xai,xai-ckpt_cadence@t2/004-t3-start,probe_trigger,proactive,xai-ckpt_cadence,reaction,E4,False,0.019230769230769232,1481,49,444.92750003701076,0
xai,xai-ckpt_cadence@t2/004-t3-middle,probe_trigger,proactive,xai-ckpt_cadence,reaction,D1,True,0.2,1442,6,1.9139579962939024,0
xai,xai-ckpt_cadence@t2/004-t3-middle,probe_trigger,proactive,xai-ckpt_cadence,reaction,D4,True,0.1,1384,10,481.05208296328783,0
xai,xai-ckpt_cadence@t2/004-t3-middle,probe_trigger,proactive,xai-ckpt_cadence,reaction,Z4,False,0.2,1340,4,459.6519580227323,0
xai,xai-ckpt_cadence@t2/004-t3-middle,probe_trigger,proactive,xai-ckpt_cadence,reaction,L4,True,0.1,1468,10,467.61362499091774,0
xai,xai-ckpt_cadence@t2/004-t3-middle,probe_trigger,proactive,xai-ckpt_cadence,reaction,L6,True,0.1,1468,10,442.7192920120433,0
xai,xai-ckpt_cadence@t2/004-t3-middle,probe_trigger,proactive,xai-ckpt_cadence,reaction,E1,True,0.023809523809523808,1464,46,2.432583016343415,0
xai,xai-ckpt_cadence@t2/004-t3-middle,probe_trigger,proactive,xai-ckpt_cadence,reaction,E4,True,0.0625,1475,48,644.130792003125,0
xai,xai-ckpt_cadence@t2/004-t4-start,probe_trigger,proactive,xai-ckpt_cadence,reaction,D1,True,0.25,1211,5,1.8538329750299454,0
xai,xai-ckpt_cadence@t2/004-t4-start,probe_trigger,proactive,xai-ckpt_cadence,reaction,D4,False,0.1,1446,7,472.7023339946754,0
xai,xai-ckpt_cadence@t2/004-t4-start,probe_trigger,proactive,xai-ckpt_cadence,reaction,Z4,True,0.3333333333333333,1452,4,523.499625036493,0
xai,xai-ckpt_cadence@t2/004-t4-start,probe_trigger,proactive,xai-ckpt_cadence,reaction,L4,False,0.1111111111111111,1281,6,455.72166598867625,0
xai,xai-ckpt_cadence@t2/004-t4-start,probe_trigger,proactive,xai-ckpt_cadence,reaction,L6,False,0.1,1281,6,464.78887501871213,0
xai,xai-ckpt_cadence@t2/004-t4-start,probe_trigger,proactive,xai-ckpt_cadence,reaction,E1,True,0.08333333333333333,1486,48,2.8118750196881592,0
xai,xai-ckpt_cadence@t2/004-t4-start,probe_trigger,proactive,xai-ckpt_cadence,reaction,E4,True,0.037037037037037035,1486,46,471.17391700157896,0
xai,xai-fabric_oncall@t2/008-t3-start,probe_trigger,proactive,xai-fabric_oncall,ellipsis,D1,True,1.0,1230,5,1.4147079782560468,0
xai,xai-fabric_oncall@t2/008-t3-start,probe_trigger,proactive,xai-fabric_oncall,ellipsis,D4,False,0.3333333333333333,1393,6,488.8256249832921,0
xai,xai-fabric_oncall@t2/008-t3-start,probe_trigger,proactive,xai-fabric_oncall,ellipsis,Z4,False,0.3333333333333333,1204,4,443.002832995262,0
xai,xai-fabric_oncall@t2/008-t3-start,probe_trigger,proactive,xai-fabric_oncall,ellipsis,L4,False,0.25,1354,5,464.6237500128336,0
xai,xai-fabric_oncall@t2/008-t3-start,probe_trigger,proactive,xai-fabric_oncall,ellipsis,L6,False,0.25,1354,5,635.1413750089705,0
xai,xai-fabric_oncall@t2/008-t3-start,probe_trigger,proactive,xai-fabric_oncall,ellipsis,E1,True,0.16666666666666666,1480,48,2.0267500076442957,0
xai,xai-fabric_oncall@t2/008-t3-start,probe_trigger,proactive,xai-fabric_oncall,ellipsis,E4,True,0.058823529411764705,1478,48,450.4863750189543,0
xai,xai-fabric_oncall@t2/008-t3-middle,probe_trigger,proactive,xai-fabric_oncall,ellipsis,D1,False,0.1,1453,6,1.551707973703742,0
xai,xai-fabric_oncall@t2/008-t3-middle,probe_trigger,proactive,xai-fabric_oncall,ellipsis,D4,False,0.09090909090909091,1130,8,441.76987500395626,0
xai,xai-fabric_oncall@t2/008-t3-middle,probe_trigger,proactive,xai-fabric_oncall,ellipsis,Z4,False,0.16666666666666666,1340,4,440.93841599533334,0
xai,xai-fabric_oncall@t2/008-t3-middle,probe_trigger,proactive,xai-fabric_oncall,ellipsis,L4,False,0.07142857142857142,1144,7,445.28808403993025,0
xai,xai-fabric_oncall@t2/008-t3-middle,probe_trigger,proactive,xai-fabric_oncall,ellipsis,L6,False,0.09090909090909091,1195,8,450.57658397126943,0
xai,xai-fabric_oncall@t2/008-t3-middle,probe_trigger,proactive,xai-fabric_oncall,ellipsis,E1,True,0.5,1481,49,2.271750010550022,0
xai,xai-fabric_oncall@t2/008-t3-middle,probe_trigger,proactive,xai-fabric_oncall,ellipsis,E4,False,0.037037037037037035,1493,52,450.28445904608816,0
xai,xai-fabric_oncall@t2/008-t4-start,probe_trigger,proactive,xai-fabric_oncall,ellipsis,D1,True,0.2,1182,4,1.844207989051938,0
xai,xai-fabric_oncall@t2/008-t4-start,probe_trigger,proactive,xai-fabric_oncall,ellipsis,D4,True,0.07142857142857142,1199,5,446.5690409997478,0
xai,xai-fabric_oncall@t2/008-t4-start,probe_trigger,proactive,xai-fabric_oncall,ellipsis,Z4,True,0.16666666666666666,1186,3,538.994750007987,0
xai,xai-fabric_oncall@t2/008-t4-start,probe_trigger,proactive,xai-fabric_oncall,ellipsis,L4,True,0.0625,1248,5,451.43937499960884,0
xai,xai-fabric_oncall@t2/008-t4-start,probe_trigger,proactive,xai-fabric_oncall,ellipsis,L6,True,0.0625,1248,5,450.2729580271989,0
xai,xai-fabric_oncall@t2/008-t4-start,probe_trigger,proactive,xai-fabric_oncall,ellipsis,E1,True,0.058823529411764705,1493,48,2.686334017198533,0
xai,xai-fabric_oncall@t2/008-t4-start,probe_trigger,proactive,xai-fabric_oncall,ellipsis,E4,True,0.03571428571428571,1471,44,495.2668329933658,0
xai,xai-fabric_oncall@t2/008-t4-middle,probe_trigger,proactive,xai-fabric_oncall,ellipsis,D1,False,0.14285714285714285,1350,4,2.3431669687852263,0
xai,xai-fabric_oncall@t2/008-t4-middle,probe_trigger,proactive,xai-fabric_oncall,ellipsis,D4,False,0.125,1280,5,462.2412499738857,0
xai,xai-fabric_oncall@t2/008-t4-middle,probe_trigger,proactive,xai-fabric_oncall,ellipsis,Z4,False,0.1111111111111111,1288,4,466.55658300733194,0
xai,xai-fabric_oncall@t2/008-t4-middle,probe_trigger,proactive,xai-fabric_oncall,ellipsis,L4,False,0.14285714285714285,1263,4,525.82550002262,0
xai,xai-fabric_oncall@t2/008-t4-middle,probe_trigger,proactive,xai-fabric_oncall,ellipsis,L6,False,0.125,1314,5,506.96595798945054,0
xai,xai-fabric_oncall@t2/008-t4-middle,probe_trigger,proactive,xai-fabric_oncall,ellipsis,E1,True,0.07142857142857142,1500,46,3.5559579846449196,0
xai,xai-fabric_oncall@t2/008-t4-middle,probe_trigger,proactive,xai-fabric_oncall,ellipsis,E4,True,0.037037037037037035,1500,46,455.1607919856906,0
xai,xai-fabric_oncall@t2/008-t5-start,probe_trigger,proactive,xai-fabric_oncall,ellipsis,D1,False,0.2,1221,3,2.341417013667524,0
xai,xai-fabric_oncall@t2/008-t5-start,probe_trigger,proactive,xai-fabric_oncall,ellipsis,D4,False,0.06666666666666667,1475,4,662.3242079513147,0
xai,xai-fabric_oncall@t2/008-t5-start,probe_trigger,proactive,xai-fabric_oncall,ellipsis,Z4,False,0.1,1355,3,443.10754199977964,0
xai,xai-fabric_oncall@t2/008-t5-start,probe_trigger,proactive,xai-fabric_oncall,ellipsis,L4,False,0.05555555555555555,1031,3,453.304415976163,0
xai,xai-fabric_oncall@t2/008-t5-start,probe_trigger,proactive,xai-fabric_oncall,ellipsis,L6,False,0.05555555555555555,1031,3,453.7917919806205,0
xai,xai-fabric_oncall@t2/008-t5-start,probe_trigger,proactive,xai-fabric_oncall,ellipsis,E1,False,0.1111111111111111,1466,41,3.7104589864611626,0
xai,xai-fabric_oncall@t2/008-t5-start,probe_trigger,proactive,xai-fabric_oncall,ellipsis,E4,True,0.16666666666666666,1444,42,468.4465829632245,0
xai,xai-fabric_oncall@t2/008-t5-middle,probe_trigger,proactive,xai-fabric_oncall,ellipsis,D1,True,1.0,1269,5,2.564000023994595,0
xai,xai-fabric_oncall@t2/008-t5-middle,probe_trigger,proactive,xai-fabric_oncall,ellipsis,D4,True,0.3333333333333333,1372,5,456.07733400538564,0
xai,xai-fabric_oncall@t2/008-t5-middle,probe_trigger,proactive,xai-fabric_oncall,ellipsis,Z4,False,0.5,1236,4,443.66037496365607,0
xai,xai-fabric_oncall@t2/008-t5-middle,probe_trigger,proactive,xai-fabric_oncall,ellipsis,L4,True,0.3333333333333333,1415,5,516.4854170288891,0
xai,xai-fabric_oncall@t2/008-t5-middle,probe_trigger,proactive,xai-fabric_oncall,ellipsis,L6,True,0.3333333333333333,1415,5,662.8864170052111,0
xai,xai-fabric_oncall@t2/008-t5-middle,probe_trigger,proactive,xai-fabric_oncall,ellipsis,E1,True,1.0,1500,43,4.2577499989420176,0
xai,xai-fabric_oncall@t2/008-t5-middle,probe_trigger,proactive,xai-fabric_oncall,ellipsis,E4,True,0.058823529411764705,1468,44,451.6035419655964,0
xai,xai-run_start@t3/008-t4-start,probe_trigger,proactive,xai-run_start,correction,D1,False,0.16666666666666666,1182,4,1.8802920239977539,0
xai,xai-run_start@t3/008-t4-start,probe_trigger,proactive,xai-run_start,correction,D4,True,0.25,1475,7,447.8349580313079,0
xai,xai-run_start@t3/008-t4-start,probe_trigger,proactive,xai-run_start,correction,Z4,False,0.14285714285714285,1218,3,444.82112501282245,0
xai,xai-run_start@t3/008-t4-start,probe_trigger,proactive,xai-run_start,correction,L4,True,0.25,1367,6,474.3702079867944,0
xai,xai-run_start@t3/008-t4-start,probe_trigger,proactive,xai-run_start,correction,L6,True,0.25,1367,6,449.9879999784753,0
xai,xai-run_start@t3/008-t4-start,probe_trigger,proactive,xai-run_start,correction,E1,True,0.125,1480,47,2.734875015448779,0
xai,xai-run_start@t3/008-t4-start,probe_trigger,proactive,xai-run_start,correction,E4,True,0.5,1481,47,454.25008301390335,0
xai,xai-run_start@t3/008-t4-middle,probe_trigger,proactive,xai-run_start,correction,D1,True,0.5,1350,4,2.2495840094052255,0
xai,xai-run_start@t3/008-t4-middle,probe_trigger,proactive,xai-run_start,correction,D4,True,0.5,1249,4,445.9470839938149,0
xai,xai-run_start@t3/008-t4-middle,probe_trigger,proactive,xai-run_start,correction,Z4,True,1.0,1385,4,475.8797499816865,0
xai,xai-run_start@t3/008-t4-middle,probe_trigger,proactive,xai-run_start,correction,L4,True,0.5,1279,4,574.109542008955,0
xai,xai-run_start@t3/008-t4-middle,probe_trigger,proactive,xai-run_start,correction,L6,True,0.5,1279,4,442.41437496384606,0
xai,xai-run_start@t3/008-t4-middle,probe_trigger,proactive,xai-run_start,correction,E1,True,1.0,1492,44,3.3374170307070017,0
xai,xai-run_start@t3/008-t4-middle,probe_trigger,proactive,xai-run_start,correction,E4,True,1.0,1483,45,464.6509159938432,0
xai,xai-run_start@t3/008-t5-start,probe_trigger,proactive,xai-run_start,correction,D1,True,1.0,1343,4,2.7604170027188957,0
xai,xai-run_start@t3/008-t5-start,probe_trigger,proactive,xai-run_start,correction,D4,True,0.5,1238,4,499.02575003216043,0
xai,xai-run_start@t3/008-t5-start,probe_trigger,proactive,xai-run_start,correction,Z4,False,0.08333333333333333,1355,3,483.08791703311726,0
xai,xai-run_start@t3/008-t5-start,probe_trigger,proactive,xai-run_start,correction,L4,True,0.5,1278,4,466.5752500295639,0
xai,xai-run_start@t3/008-t5-start,probe_trigger,proactive,xai-run_start,correction,L6,True,0.5,1278,4,501.2049999786541,0
xai,xai-run_start@t3/008-t5-start,probe_trigger,proactive,xai-run_start,correction,E1,True,0.14285714285714285,1467,40,4.130834015086293,0
xai,xai-run_start@t3/008-t5-start,probe_trigger,proactive,xai-run_start,correction,E4,True,0.16666666666666666,1479,42,501.1133329826407,0
xai,xai-run_start@t3/008-t5-middle,probe_trigger,proactive,xai-run_start,correction,D1,True,1.0,1245,4,3.0605000210925937,0
xai,xai-run_start@t3/008-t5-middle,probe_trigger,proactive,xai-run_start,correction,D4,True,1.0,1315,5,714.0212919912301,0
xai,xai-run_start@t3/008-t5-middle,probe_trigger,proactive,xai-run_start,correction,Z4,False,0.08333333333333333,1434,4,457.9041249817237,0
xai,xai-run_start@t3/008-t5-middle,probe_trigger,proactive,xai-run_start,correction,L4,True,1.0,1361,5,450.2480839728378,0
xai,xai-run_start@t3/008-t5-middle,probe_trigger,proactive,xai-run_start,correction,L6,True,1.0,1361,5,460.2193330065347,0
xai,xai-run_start@t3/008-t5-middle,probe_trigger,proactive,xai-run_start,correction,E1,True,0.14285714285714285,1483,44,4.2573329992592335,0
xai,xai-run_start@t3/008-t5-middle,probe_trigger,proactive,xai-run_start,correction,E4,True,0.1111111111111111,1488,43,459.3893749988638,0
xai,xai-ckpt_cadence@t4/005-t5-start,probe_trigger,proactive,xai-ckpt_cadence,cross_ref,D1,True,1.0,1446,4,2.2579169599339366,0
xai,xai-ckpt_cadence@t4/005-t5-start,probe_trigger,proactive,xai-ckpt_cadence,cross_ref,D4,True,1.0,1413,5,454.3684999807738,0
xai,xai-ckpt_cadence@t4/005-t5-start,probe_trigger,proactive,xai-ckpt_cadence,cross_ref,Z4,False,0.5,1355,3,452.62158301193267,0
xai,xai-ckpt_cadence@t4/005-t5-start,probe_trigger,proactive,xai-ckpt_cadence,cross_ref,L4,True,1.0,1462,5,446.56499999109656,0
xai,xai-ckpt_cadence@t4/005-t5-start,probe_trigger,proactive,xai-ckpt_cadence,cross_ref,L6,True,1.0,1462,5,443.43849999131635,0
xai,xai-ckpt_cadence@t4/005-t5-start,probe_trigger,proactive,xai-ckpt_cadence,cross_ref,E1,True,1.0,1472,41,3.638166992459446,0
xai,xai-ckpt_cadence@t4/005-t5-start,probe_trigger,proactive,xai-ckpt_cadence,cross_ref,E4,True,0.1111111111111111,1495,44,532.1474589873105,0
xai,xai-ckpt_cadence@t4/005-t5-middle,probe_trigger,proactive,xai-ckpt_cadence,cross_ref,D1,False,1.0,1403,4,2.538708969950676,0
xai,xai-ckpt_cadence@t4/005-t5-middle,probe_trigger,proactive,xai-ckpt_cadence,cross_ref,D4,False,1.0,1414,5,443.3484579785727,0
xai,xai-ckpt_cadence@t4/005-t5-middle,probe_trigger,proactive,xai-ckpt_cadence,cross_ref,Z4,False,0.25,1434,4,446.2706670165062,0
xai,xai-ckpt_cadence@t4/005-t5-middle,probe_trigger,proactive,xai-ckpt_cadence,cross_ref,L4,False,1.0,1458,5,452.5662919622846,0
xai,xai-ckpt_cadence@t4/005-t5-middle,probe_trigger,proactive,xai-ckpt_cadence,cross_ref,L6,False,1.0,1458,5,544.2250000196509,0
xai,xai-ckpt_cadence@t4/005-t5-middle,probe_trigger,proactive,xai-ckpt_cadence,cross_ref,E1,True,0.5,1499,43,4.300875007174909,0
xai,xai-ckpt_cadence@t4/005-t5-middle,probe_trigger,proactive,xai-ckpt_cadence,cross_ref,E4,True,0.5,1473,44,483.78979199333116,0
