dataset,query_id,cluster,cond,budget,ok,tokens_used
simulated,ando-p01,ando-pricing_model,D1,250,True,152
simulated,ando-p01,ando-pricing_model,D1,500,True,300
simulated,ando-p01,ando-pricing_model,D1,1000,True,300
simulated,ando-p01,ando-pricing_model,D1,1500,True,300
simulated,ando-p01,ando-pricing_model,D1,3000,True,300
simulated,ando-p01,ando-pricing_model,D1,6000,True,300
simulated,ando-p01,ando-pricing_model,D1,all,True,300
simulated,ando-p01,ando-pricing_model,D2,250,True,152
simulated,ando-p01,ando-pricing_model,D2,500,True,300
simulated,ando-p01,ando-pricing_model,D2,1000,True,300
simulated,ando-p01,ando-pricing_model,D2,1500,True,300
simulated,ando-p01,ando-pricing_model,D2,3000,True,300
simulated,ando-p01,ando-pricing_model,D2,6000,True,300
simulated,ando-p01,ando-pricing_model,D2,all,True,300
simulated,ando-p01,ando-pricing_model,B2,250,True,237
simulated,ando-p01,ando-pricing_model,B2,500,True,422
simulated,ando-p01,ando-pricing_model,B2,1000,True,635
simulated,ando-p01,ando-pricing_model,B2,1500,True,635
simulated,ando-p01,ando-pricing_model,B2,3000,True,635
simulated,ando-p01,ando-pricing_model,B2,6000,True,635
simulated,ando-p01,ando-pricing_model,B2,all,True,635
simulated,ando-p01,ando-pricing_model,D4,250,True,152
simulated,ando-p01,ando-pricing_model,D4,500,True,300
simulated,ando-p01,ando-pricing_model,D4,1000,True,300
simulated,ando-p01,ando-pricing_model,D4,1500,True,300
simulated,ando-p01,ando-pricing_model,D4,3000,True,300
simulated,ando-p01,ando-pricing_model,D4,6000,True,300
simulated,ando-p01,ando-pricing_model,D4,all,True,300
simulated,ando-p01,ando-pricing_model,Z4,250,True,237
simulated,ando-p01,ando-pricing_model,Z4,500,True,343
simulated,ando-p01,ando-pricing_model,Z4,1000,True,343
simulated,ando-p01,ando-pricing_model,Z4,1500,True,343
simulated,ando-p01,ando-pricing_model,Z4,3000,True,343
simulated,ando-p01,ando-pricing_model,Z4,6000,True,343
simulated,ando-p01,ando-pricing_model,Z4,all,True,343
simulated,ando-p01,ando-pricing_model,L4,250,True,160
simulated,ando-p01,ando-pricing_model,L4,500,True,323
simulated,ando-p01,ando-pricing_model,L4,1000,True,323
simulated,ando-p01,ando-pricing_model,L4,1500,True,323
simulated,ando-p01,ando-pricing_model,L4,3000,True,323
simulated,ando-p01,ando-pricing_model,L4,6000,True,323
simulated,ando-p01,ando-pricing_model,L4,all,True,323
simulated,ando-p01,ando-pricing_model,L2,250,True,160
simulated,ando-p01,ando-pricing_model,L2,500,True,323
simulated,ando-p01,ando-pricing_model,L2,1000,True,323
simulated,ando-p01,ando-pricing_model,L2,1500,True,323
simulated,ando-p01,ando-pricing_model,L2,3000,True,323
simulated,ando-p01,ando-pricing_model,L2,6000,True,323
simulated,ando-p01,ando-pricing_model,L2,all,True,323
simulated,ando-p01,ando-pricing_model,E1,250,True,233
simulated,ando-p01,ando-pricing_model,E1,500,True,337
simulated,ando-p01,ando-pricing_model,E1,1000,True,337
simulated,ando-p01,ando-pricing_model,E1,1500,True,337
simulated,ando-p01,ando-pricing_model,E1,3000,True,337
simulated,ando-p01,ando-pricing_model,E1,6000,True,337
simulated,ando-p01,ando-pricing_model,E1,all,True,337
simulated,ando-p01,ando-pricing_model,E4,250,True,223
simulated,ando-p01,ando-pricing_model,E4,500,True,337
simulated,ando-p01,ando-pricing_model,E4,1000,True,337
simulated,ando-p01,ando-pricing_model,E4,1500,True,337
simulated,ando-p01,ando-pricing_model,E4,3000,True,337
simulated,ando-p01,ando-pricing_model,E4,6000,True,337
simulated,ando-p01,ando-pricing_model,E4,all,True,337
simulated,ando-p03,ando-launch_date,D1,250,False,192
simulated,ando-p03,ando-launch_date,D1,500,False,453
simulated,ando-p03,ando-launch_date,D1,1000,True,749
simulated,ando-p03,ando-launch_date,D1,1500,True,749
simulated,ando-p03,ando-launch_date,D1,3000,True,749
simulated,ando-p03,ando-launch_date,D1,6000,True,749
simulated,ando-p03,ando-launch_date,D1,all,True,749
simulated,ando-p03,ando-launch_date,D2,250,False,152
simulated,ando-p03,ando-launch_date,D2,500,False,453
simulated,ando-p03,ando-launch_date,D2,1000,True,749
simulated,ando-p03,ando-launch_date,D2,1500,True,749
simulated,ando-p03,ando-launch_date,D2,3000,True,749
simulated,ando-p03,ando-launch_date,D2,6000,True,749
simulated,ando-p03,ando-launch_date,D2,all,True,749
simulated,ando-p03,ando-launch_date,B2,250,True,237
simulated,ando-p03,ando-launch_date,B2,500,True,466
simulated,ando-p03,ando-launch_date,B2,1000,True,864
simulated,ando-p03,ando-launch_date,B2,1500,True,1415
simulated,ando-p03,ando-launch_date,B2,3000,True,1415
simulated,ando-p03,ando-launch_date,B2,6000,True,1415
simulated,ando-p03,ando-launch_date,B2,all,True,1415
simulated,ando-p03,ando-launch_date,D4,250,False,152
simulated,ando-p03,ando-launch_date,D4,500,False,453
simulated,ando-p03,ando-launch_date,D4,1000,True,749
simulated,ando-p03,ando-launch_date,D4,1500,True,749
simulated,ando-p03,ando-launch_date,D4,3000,True,749
simulated,ando-p03,ando-launch_date,D4,6000,True,749
simulated,ando-p03,ando-launch_date,D4,all,True,749
simulated,ando-p03,ando-launch_date,Z4,250,False,0
simulated,ando-p03,ando-launch_date,Z4,500,False,409
simulated,ando-p03,ando-launch_date,Z4,1000,True,919
simulated,ando-p03,ando-launch_date,Z4,1500,True,1025
simulated,ando-p03,ando-launch_date,Z4,3000,True,1025
simulated,ando-p03,ando-launch_date,Z4,6000,True,1025
simulated,ando-p03,ando-launch_date,Z4,all,True,1025
simulated,ando-p03,ando-launch_date,L4,250,False,160
simulated,ando-p03,ando-launch_date,L4,500,False,480
simulated,ando-p03,ando-launch_date,L4,1000,True,802
simulated,ando-p03,ando-launch_date,L4,1500,True,802
simulated,ando-p03,ando-launch_date,L4,3000,True,802
simulated,ando-p03,ando-launch_date,L4,6000,True,802
simulated,ando-p03,ando-launch_date,L4,all,True,802
simulated,ando-p03,ando-launch_date,L2,250,True,227
simulated,ando-p03,ando-launch_date,L2,500,True,355
simulated,ando-p03,ando-launch_date,L2,1000,True,802
simulated,ando-p03,ando-launch_date,L2,1500,True,802
simulated,ando-p03,ando-launch_date,L2,3000,True,802
simulated,ando-p03,ando-launch_date,L2,6000,True,802
simulated,ando-p03,ando-launch_date,L2,all,True,802
simulated,ando-p03,ando-launch_date,E1,250,True,246
simulated,ando-p03,ando-launch_date,E1,500,True,496
simulated,ando-p03,ando-launch_date,E1,1000,True,698
simulated,ando-p03,ando-launch_date,E1,1500,True,698
simulated,ando-p03,ando-launch_date,E1,3000,True,698
simulated,ando-p03,ando-launch_date,E1,6000,True,698
simulated,ando-p03,ando-launch_date,E1,all,True,698
simulated,ando-p03,ando-launch_date,E4,250,True,230
simulated,ando-p03,ando-launch_date,E4,500,True,482
simulated,ando-p03,ando-launch_date,E4,1000,True,698
simulated,ando-p03,ando-launch_date,E4,1500,True,698
simulated,ando-p03,ando-launch_date,E4,3000,True,698
simulated,ando-p03,ando-launch_date,E4,6000,True,698
simulated,ando-p03,ando-launch_date,E4,all,True,698
simulated,ando-p05,ando-dm_policy,D1,250,False,0
simulated,ando-p05,ando-dm_policy,D1,500,False,460
simulated,ando-p05,ando-dm_policy,D1,1000,True,914
simulated,ando-p05,ando-dm_policy,D1,1500,True,1451
simulated,ando-p05,ando-dm_policy,D1,3000,True,2643
simulated,ando-p05,ando-dm_policy,D1,6000,True,2643
simulated,ando-p05,ando-dm_policy,D1,all,True,2643
simulated,ando-p05,ando-dm_policy,D2,250,False,0
simulated,ando-p05,ando-dm_policy,D2,500,True,304
simulated,ando-p05,ando-dm_policy,D2,1000,True,959
simulated,ando-p05,ando-dm_policy,D2,1500,True,1454
simulated,ando-p05,ando-dm_policy,D2,3000,True,2643
simulated,ando-p05,ando-dm_policy,D2,6000,True,2643
simulated,ando-p05,ando-dm_policy,D2,all,True,2643
simulated,ando-p05,ando-dm_policy,B2,250,False,0
simulated,ando-p05,ando-dm_policy,B2,500,False,258
simulated,ando-p05,ando-dm_policy,B2,1000,True,789
simulated,ando-p05,ando-dm_policy,B2,1500,True,1292
simulated,ando-p05,ando-dm_policy,B2,3000,True,2866
simulated,ando-p05,ando-dm_policy,B2,6000,True,5157
simulated,ando-p05,ando-dm_policy,B2,all,True,5157
simulated,ando-p05,ando-dm_policy,D4,250,False,0
simulated,ando-p05,ando-dm_policy,D4,500,True,304
simulated,ando-p05,ando-dm_policy,D4,1000,True,959
simulated,ando-p05,ando-dm_policy,D4,1500,True,1379
simulated,ando-p05,ando-dm_policy,D4,3000,True,2643
simulated,ando-p05,ando-dm_policy,D4,6000,True,2643
simulated,ando-p05,ando-dm_policy,D4,all,True,2643
simulated,ando-p05,ando-dm_policy,Z4,250,False,0
simulated,ando-p05,ando-dm_policy,Z4,500,True,352
simulated,ando-p05,ando-dm_policy,Z4,1000,True,848
simulated,ando-p05,ando-dm_policy,Z4,1500,True,1494
simulated,ando-p05,ando-dm_policy,Z4,3000,True,2979
simulated,ando-p05,ando-dm_policy,Z4,6000,True,3019
simulated,ando-p05,ando-dm_policy,Z4,all,True,3019
simulated,ando-p05,ando-dm_policy,L4,250,False,0
simulated,ando-p05,ando-dm_policy,L4,500,True,312
simulated,ando-p05,ando-dm_policy,L4,1000,True,991
simulated,ando-p05,ando-dm_policy,L4,1500,True,1431
simulated,ando-p05,ando-dm_policy,L4,3000,True,2788
simulated,ando-p05,ando-dm_policy,L4,6000,True,2788
simulated,ando-p05,ando-dm_policy,L4,all,True,2788
simulated,ando-p05,ando-dm_policy,L2,250,False,0
simulated,ando-p05,ando-dm_policy,L2,500,True,312
simulated,ando-p05,ando-dm_policy,L2,1000,True,991
simulated,ando-p05,ando-dm_policy,L2,1500,True,1385
simulated,ando-p05,ando-dm_policy,L2,3000,True,2788
simulated,ando-p05,ando-dm_policy,L2,6000,True,2788
simulated,ando-p05,ando-dm_policy,L2,all,True,2788
simulated,ando-p05,ando-dm_policy,E1,250,True,236
simulated,ando-p05,ando-dm_policy,E1,500,True,470
simulated,ando-p05,ando-dm_policy,E1,1000,True,975
simulated,ando-p05,ando-dm_policy,E1,1500,True,1483
simulated,ando-p05,ando-dm_policy,E1,3000,True,2802
simulated,ando-p05,ando-dm_policy,E1,6000,True,2802
simulated,ando-p05,ando-dm_policy,E1,all,True,2802
simulated,ando-p05,ando-dm_policy,E4,250,True,222
simulated,ando-p05,ando-dm_policy,E4,500,True,483
simulated,ando-p05,ando-dm_policy,E4,1000,True,985
simulated,ando-p05,ando-dm_policy,E4,1500,True,1486
simulated,ando-p05,ando-dm_policy,E4,3000,True,2802
simulated,ando-p05,ando-dm_policy,E4,6000,True,2802
simulated,ando-p05,ando-dm_policy,E4,all,True,2802
simulated,ando-p06,ando-ando-p06,D1,250,False,0
simulated,ando-p06,ando-ando-p06,D1,500,False,331
simulated,ando-p06,ando-ando-p06,D1,1000,False,983
simulated,ando-p06,ando-ando-p06,D1,1500,False,1498
simulated,ando-p06,ando-ando-p06,D1,3000,True,2916
simulated,ando-p06,ando-ando-p06,D1,6000,True,2916
simulated,ando-p06,ando-ando-p06,D1,all,True,2916
simulated,ando-p06,ando-ando-p06,D2,250,False,212
simulated,ando-p06,ando-ando-p06,D2,500,False,333
simulated,ando-p06,ando-ando-p06,D2,1000,False,989
simulated,ando-p06,ando-ando-p06,D2,1500,False,1494
simulated,ando-p06,ando-ando-p06,D2,3000,True,2916
simulated,ando-p06,ando-ando-p06,D2,6000,True,2916
simulated,ando-p06,ando-ando-p06,D2,all,True,2916
simulated,ando-p06,ando-ando-p06,B2,250,False,185
simulated,ando-p06,ando-ando-p06,B2,500,False,345
simulated,ando-p06,ando-ando-p06,B2,1000,True,966
simulated,ando-p06,ando-ando-p06,B2,1500,True,1423
simulated,ando-p06,ando-ando-p06,B2,3000,True,2829
simulated,ando-p06,ando-ando-p06,B2,6000,True,5629
simulated,ando-p06,ando-ando-p06,B2,all,True,5629
simulated,ando-p06,ando-ando-p06,D4,250,False,154
simulated,ando-p06,ando-ando-p06,D4,500,False,458
simulated,ando-p06,ando-ando-p06,D4,1000,False,941
simulated,ando-p06,ando-ando-p06,D4,1500,False,1401
simulated,ando-p06,ando-ando-p06,D4,3000,True,2916
simulated,ando-p06,ando-ando-p06,D4,6000,True,2916
simulated,ando-p06,ando-ando-p06,D4,all,True,2916
simulated,ando-p06,ando-ando-p06,Z4,250,False,0
simulated,ando-p06,ando-ando-p06,Z4,500,False,409
simulated,ando-p06,ando-ando-p06,Z4,1000,False,646
simulated,ando-p06,ando-ando-p06,Z4,1500,False,1010
simulated,ando-p06,ando-ando-p06,Z4,3000,True,2996
simulated,ando-p06,ando-ando-p06,Z4,6000,True,2996
simulated,ando-p06,ando-ando-p06,Z4,all,True,2996
simulated,ando-p06,ando-ando-p06,L4,250,False,170
simulated,ando-p06,ando-ando-p06,L4,500,False,482
simulated,ando-p06,ando-ando-p06,L4,1000,False,981
simulated,ando-p06,ando-ando-p06,L4,1500,False,1451
simulated,ando-p06,ando-ando-p06,L4,3000,True,2866
simulated,ando-p06,ando-ando-p06,L4,6000,True,3054
simulated,ando-p06,ando-ando-p06,L4,all,True,3054
simulated,ando-p06,ando-ando-p06,L2,250,False,227
simulated,ando-p06,ando-ando-p06,L2,500,False,355
simulated,ando-p06,ando-ando-p06,L2,1000,False,897
simulated,ando-p06,ando-ando-p06,L2,1500,False,1406
simulated,ando-p06,ando-ando-p06,L2,3000,True,2929
simulated,ando-p06,ando-ando-p06,L2,6000,True,3054
simulated,ando-p06,ando-ando-p06,L2,all,True,3054
simulated,ando-p06,ando-ando-p06,E1,250,False,243
simulated,ando-p06,ando-ando-p06,E1,500,True,500
simulated,ando-p06,ando-ando-p06,E1,1000,True,944
simulated,ando-p06,ando-ando-p06,E1,1500,True,1489
simulated,ando-p06,ando-ando-p06,E1,3000,True,2984
simulated,ando-p06,ando-ando-p06,E1,6000,True,2984
simulated,ando-p06,ando-ando-p06,E1,all,True,2984
simulated,ando-p06,ando-ando-p06,E4,250,False,224
simulated,ando-p06,ando-ando-p06,E4,500,False,482
simulated,ando-p06,ando-ando-p06,E4,1000,True,975
simulated,ando-p06,ando-ando-p06,E4,1500,True,1478
simulated,ando-p06,ando-ando-p06,E4,3000,True,2984
simulated,ando-p06,ando-ando-p06,E4,6000,True,2984
simulated,ando-p06,ando-ando-p06,E4,all,True,2984
simulated,ando-p07,ando-launch_date,D1,250,True,217
simulated,ando-p07,ando-launch_date,D1,500,True,369
simulated,ando-p07,ando-launch_date,D1,1000,True,882
simulated,ando-p07,ando-launch_date,D1,1500,True,1074
simulated,ando-p07,ando-launch_date,D1,3000,True,2917
simulated,ando-p07,ando-launch_date,D1,6000,True,3652
simulated,ando-p07,ando-launch_date,D1,all,True,3652
simulated,ando-p07,ando-launch_date,D2,250,True,109
simulated,ando-p07,ando-launch_date,D2,500,True,478
simulated,ando-p07,ando-launch_date,D2,1000,True,825
simulated,ando-p07,ando-launch_date,D2,1500,True,1434
simulated,ando-p07,ando-launch_date,D2,3000,True,2931
simulated,ando-p07,ando-launch_date,D2,6000,True,3652
simulated,ando-p07,ando-launch_date,D2,all,True,3652
simulated,ando-p07,ando-launch_date,B2,250,True,0
simulated,ando-p07,ando-launch_date,B2,500,True,439
simulated,ando-p07,ando-launch_date,B2,1000,True,891
simulated,ando-p07,ando-launch_date,B2,1500,True,1379
simulated,ando-p07,ando-launch_date,B2,3000,True,2774
simulated,ando-p07,ando-launch_date,B2,6000,True,5924
simulated,ando-p07,ando-launch_date,B2,all,True,7117
simulated,ando-p07,ando-launch_date,D4,250,True,217
simulated,ando-p07,ando-launch_date,D4,500,True,412
simulated,ando-p07,ando-launch_date,D4,1000,True,908
simulated,ando-p07,ando-launch_date,D4,1500,True,1433
simulated,ando-p07,ando-launch_date,D4,3000,True,2957
simulated,ando-p07,ando-launch_date,D4,6000,True,3652
simulated,ando-p07,ando-launch_date,D4,all,True,3652
simulated,ando-p07,ando-launch_date,Z4,250,True,0
simulated,ando-p07,ando-launch_date,Z4,500,True,277
simulated,ando-p07,ando-launch_date,Z4,1000,True,923
simulated,ando-p07,ando-launch_date,Z4,1500,True,1275
simulated,ando-p07,ando-launch_date,Z4,3000,True,2991
simulated,ando-p07,ando-launch_date,Z4,6000,True,3732
simulated,ando-p07,ando-launch_date,Z4,all,True,3732
simulated,ando-p07,ando-launch_date,L4,250,True,226
simulated,ando-p07,ando-launch_date,L4,500,True,435
simulated,ando-p07,ando-launch_date,L4,1000,True,942
simulated,ando-p07,ando-launch_date,L4,1500,True,1192
simulated,ando-p07,ando-launch_date,L4,3000,True,2923
simulated,ando-p07,ando-launch_date,L4,6000,True,3839
simulated,ando-p07,ando-launch_date,L4,all,True,3839
simulated,ando-p07,ando-launch_date,L2,250,True,226
simulated,ando-p07,ando-launch_date,L2,500,True,343
simulated,ando-p07,ando-launch_date,L2,1000,True,815
simulated,ando-p07,ando-launch_date,L2,1500,True,1372
simulated,ando-p07,ando-launch_date,L2,3000,True,2886
simulated,ando-p07,ando-launch_date,L2,6000,True,3839
simulated,ando-p07,ando-launch_date,L2,all,True,3839
simulated,ando-p07,ando-launch_date,E1,250,True,223
simulated,ando-p07,ando-launch_date,E1,500,True,486
simulated,ando-p07,ando-launch_date,E1,1000,True,975
simulated,ando-p07,ando-launch_date,E1,1500,True,1489
simulated,ando-p07,ando-launch_date,E1,3000,True,2998
simulated,ando-p07,ando-launch_date,E1,6000,True,3862
simulated,ando-p07,ando-launch_date,E1,all,True,3862
simulated,ando-p07,ando-launch_date,E4,250,True,246
simulated,ando-p07,ando-launch_date,E4,500,True,476
simulated,ando-p07,ando-launch_date,E4,1000,True,966
simulated,ando-p07,ando-launch_date,E4,1500,True,1474
simulated,ando-p07,ando-launch_date,E4,3000,True,2977
simulated,ando-p07,ando-launch_date,E4,6000,True,3862
simulated,ando-p07,ando-launch_date,E4,all,True,3862
simulated,ando-p08,ando-series_a,D1,250,False,0
simulated,ando-p08,ando-series_a,D1,500,False,434
simulated,ando-p08,ando-series_a,D1,1000,True,933
simulated,ando-p08,ando-series_a,D1,1500,True,1126
simulated,ando-p08,ando-series_a,D1,3000,True,2938
simulated,ando-p08,ando-series_a,D1,6000,True,5243
simulated,ando-p08,ando-series_a,D1,all,True,5243
simulated,ando-p08,ando-series_a,D2,250,False,193
simulated,ando-p08,ando-series_a,D2,500,True,394
simulated,ando-p08,ando-series_a,D2,1000,True,618
simulated,ando-p08,ando-series_a,D2,1500,True,1424
simulated,ando-p08,ando-series_a,D2,3000,True,2891
simulated,ando-p08,ando-series_a,D2,6000,True,5243
simulated,ando-p08,ando-series_a,D2,all,True,5243
simulated,ando-p08,ando-series_a,B2,250,True,185
simulated,ando-p08,ando-series_a,B2,500,True,398
simulated,ando-p08,ando-series_a,B2,1000,True,873
simulated,ando-p08,ando-series_a,B2,1500,True,1291
simulated,ando-p08,ando-series_a,B2,3000,True,2749
simulated,ando-p08,ando-series_a,B2,6000,True,5875
simulated,ando-p08,ando-series_a,B2,all,True,10098
simulated,ando-p08,ando-series_a,D4,250,False,0
simulated,ando-p08,ando-series_a,D4,500,False,369
simulated,ando-p08,ando-series_a,D4,1000,False,562
simulated,ando-p08,ando-series_a,D4,1500,False,1484
simulated,ando-p08,ando-series_a,D4,3000,True,2812
simulated,ando-p08,ando-series_a,D4,6000,True,5243
simulated,ando-p08,ando-series_a,D4,all,True,5243
simulated,ando-p08,ando-series_a,Z4,250,False,0
simulated,ando-p08,ando-series_a,Z4,500,False,364
simulated,ando-p08,ando-series_a,Z4,1000,False,721
simulated,ando-p08,ando-series_a,Z4,1500,False,1147
simulated,ando-p08,ando-series_a,Z4,3000,True,2774
simulated,ando-p08,ando-series_a,Z4,6000,True,5481
simulated,ando-p08,ando-series_a,Z4,all,True,5481
simulated,ando-p08,ando-series_a,L4,250,False,0
simulated,ando-p08,ando-series_a,L4,500,False,339
simulated,ando-p08,ando-series_a,L4,1000,False,539
simulated,ando-p08,ando-series_a,L4,1500,False,1482
simulated,ando-p08,ando-series_a,L4,3000,True,2803
simulated,ando-p08,ando-series_a,L4,6000,True,5528
simulated,ando-p08,ando-series_a,L4,all,True,5528
simulated,ando-p08,ando-series_a,L2,250,False,200
simulated,ando-p08,ando-series_a,L2,500,True,328
simulated,ando-p08,ando-series_a,L2,1000,True,649
simulated,ando-p08,ando-series_a,L2,1500,True,1496
simulated,ando-p08,ando-series_a,L2,3000,True,2936
simulated,ando-p08,ando-series_a,L2,6000,True,5528
simulated,ando-p08,ando-series_a,L2,all,True,5528
simulated,ando-p08,ando-series_a,E1,250,False,241
simulated,ando-p08,ando-series_a,E1,500,True,495
simulated,ando-p08,ando-series_a,E1,1000,True,970
simulated,ando-p08,ando-series_a,E1,1500,True,1492
simulated,ando-p08,ando-series_a,E1,3000,True,2979
simulated,ando-p08,ando-series_a,E1,6000,True,5467
simulated,ando-p08,ando-series_a,E1,all,True,5467
simulated,ando-p08,ando-series_a,E4,250,False,247
simulated,ando-p08,ando-series_a,E4,500,False,484
simulated,ando-p08,ando-series_a,E4,1000,True,995
simulated,ando-p08,ando-series_a,E4,1500,True,1480
simulated,ando-p08,ando-series_a,E4,3000,True,2982
simulated,ando-p08,ando-series_a,E4,6000,True,5467
simulated,ando-p08,ando-series_a,E4,all,True,5467
simulated,ando-p10,ando-and341_owner,D1,250,False,0
simulated,ando-p10,ando-and341_owner,D1,500,True,268
simulated,ando-p10,ando-and341_owner,D1,1000,True,977
simulated,ando-p10,ando-and341_owner,D1,1500,True,1471
simulated,ando-p10,ando-and341_owner,D1,3000,True,2892
simulated,ando-p10,ando-and341_owner,D1,6000,True,5934
simulated,ando-p10,ando-and341_owner,D1,all,True,6847
simulated,ando-p10,ando-and341_owner,D2,250,False,0
simulated,ando-p10,ando-and341_owner,D2,500,True,466
simulated,ando-p10,ando-and341_owner,D2,1000,True,914
simulated,ando-p10,ando-and341_owner,D2,1500,True,1377
simulated,ando-p10,ando-and341_owner,D2,3000,True,2937
simulated,ando-p10,ando-and341_owner,D2,6000,True,5883
simulated,ando-p10,ando-and341_owner,D2,all,True,6847
simulated,ando-p10,ando-and341_owner,B2,250,True,235
simulated,ando-p10,ando-and341_owner,B2,500,True,430
simulated,ando-p10,ando-and341_owner,B2,1000,True,938
simulated,ando-p10,ando-and341_owner,B2,1500,True,1342
simulated,ando-p10,ando-and341_owner,B2,3000,True,2963
simulated,ando-p10,ando-and341_owner,B2,6000,True,5916
simulated,ando-p10,ando-and341_owner,B2,all,True,13159
simulated,ando-p10,ando-and341_owner,D4,250,False,0
simulated,ando-p10,ando-and341_owner,D4,500,False,331
simulated,ando-p10,ando-and341_owner,D4,1000,False,832
simulated,ando-p10,ando-and341_owner,D4,1500,True,1355
simulated,ando-p10,ando-and341_owner,D4,3000,True,2860
simulated,ando-p10,ando-and341_owner,D4,6000,True,5981
simulated,ando-p10,ando-and341_owner,D4,all,True,6847
simulated,ando-p10,ando-and341_owner,Z4,250,False,0
simulated,ando-p10,ando-and341_owner,Z4,500,False,426
simulated,ando-p10,ando-and341_owner,Z4,1000,False,703
simulated,ando-p10,ando-and341_owner,Z4,1500,True,1352
simulated,ando-p10,ando-and341_owner,Z4,3000,True,2539
simulated,ando-p10,ando-and341_owner,Z4,6000,True,5933
simulated,ando-p10,ando-and341_owner,Z4,all,True,6891
simulated,ando-p10,ando-and341_owner,L4,250,False,0
simulated,ando-p10,ando-and341_owner,L4,500,False,339
simulated,ando-p10,ando-and341_owner,L4,1000,False,850
simulated,ando-p10,ando-and341_owner,L4,1500,True,1356
simulated,ando-p10,ando-and341_owner,L4,3000,True,2997
simulated,ando-p10,ando-and341_owner,L4,6000,True,5996
simulated,ando-p10,ando-and341_owner,L4,all,True,7227
simulated,ando-p10,ando-and341_owner,L2,250,False,0
simulated,ando-p10,ando-and341_owner,L2,500,True,437
simulated,ando-p10,ando-and341_owner,L2,1000,True,768
simulated,ando-p10,ando-and341_owner,L2,1500,True,1272
simulated,ando-p10,ando-and341_owner,L2,3000,True,2911
simulated,ando-p10,ando-and341_owner,L2,6000,True,5930
simulated,ando-p10,ando-and341_owner,L2,all,True,7227
simulated,ando-p10,ando-and341_owner,E1,250,True,248
simulated,ando-p10,ando-and341_owner,E1,500,True,479
simulated,ando-p10,ando-and341_owner,E1,1000,True,961
simulated,ando-p10,ando-and341_owner,E1,1500,True,1500
simulated,ando-p10,ando-and341_owner,E1,3000,True,2993
simulated,ando-p10,ando-and341_owner,E1,6000,True,5984
simulated,ando-p10,ando-and341_owner,E1,all,True,7387
simulated,ando-p10,ando-and341_owner,E4,250,False,241
simulated,ando-p10,ando-and341_owner,E4,500,False,478
simulated,ando-p10,ando-and341_owner,E4,1000,False,985
simulated,ando-p10,ando-and341_owner,E4,1500,True,1478
simulated,ando-p10,ando-and341_owner,E4,3000,True,2992
simulated,ando-p10,ando-and341_owner,E4,6000,True,5989
simulated,ando-p10,ando-and341_owner,E4,all,True,7387
simulated,ando-p12,ando-ando-p12,D1,250,False,115
simulated,ando-p12,ando-ando-p12,D1,500,False,446
simulated,ando-p12,ando-ando-p12,D1,1000,False,670
simulated,ando-p12,ando-ando-p12,D1,1500,False,1366
simulated,ando-p12,ando-ando-p12,D1,3000,False,2979
simulated,ando-p12,ando-ando-p12,D1,6000,True,5772
simulated,ando-p12,ando-ando-p12,D1,all,True,8308
simulated,ando-p12,ando-ando-p12,D2,250,False,0
simulated,ando-p12,ando-ando-p12,D2,500,False,360
simulated,ando-p12,ando-ando-p12,D2,1000,False,899
simulated,ando-p12,ando-ando-p12,D2,1500,False,1471
simulated,ando-p12,ando-ando-p12,D2,3000,True,2961
simulated,ando-p12,ando-ando-p12,D2,6000,True,5933
simulated,ando-p12,ando-ando-p12,D2,all,True,8308
simulated,ando-p12,ando-ando-p12,B2,250,False,199
simulated,ando-p12,ando-ando-p12,B2,500,True,466
simulated,ando-p12,ando-ando-p12,B2,1000,True,952
simulated,ando-p12,ando-ando-p12,B2,1500,True,1409
simulated,ando-p12,ando-ando-p12,B2,3000,True,2793
simulated,ando-p12,ando-ando-p12,B2,6000,True,5883
simulated,ando-p12,ando-ando-p12,B2,all,True,15985
simulated,ando-p12,ando-ando-p12,D4,250,False,0
simulated,ando-p12,ando-ando-p12,D4,500,False,360
simulated,ando-p12,ando-ando-p12,D4,1000,False,805
simulated,ando-p12,ando-ando-p12,D4,1500,False,1299
simulated,ando-p12,ando-ando-p12,D4,3000,False,2878
simulated,ando-p12,ando-ando-p12,D4,6000,True,5898
simulated,ando-p12,ando-ando-p12,D4,all,True,8308
simulated,ando-p12,ando-ando-p12,Z4,250,False,0
simulated,ando-p12,ando-ando-p12,Z4,500,False,323
simulated,ando-p12,ando-ando-p12,Z4,1000,False,591
simulated,ando-p12,ando-ando-p12,Z4,1500,False,1426
simulated,ando-p12,ando-ando-p12,Z4,3000,True,2835
simulated,ando-p12,ando-ando-p12,Z4,6000,True,5972
simulated,ando-p12,ando-ando-p12,Z4,all,True,8374
simulated,ando-p12,ando-ando-p12,L4,250,False,0
simulated,ando-p12,ando-ando-p12,L4,500,False,372
simulated,ando-p12,ando-ando-p12,L4,1000,False,835
simulated,ando-p12,ando-ando-p12,L4,1500,False,1351
simulated,ando-p12,ando-ando-p12,L4,3000,False,2987
simulated,ando-p12,ando-ando-p12,L4,6000,True,5981
simulated,ando-p12,ando-ando-p12,L4,all,True,8771
simulated,ando-p12,ando-ando-p12,L2,250,False,0
simulated,ando-p12,ando-ando-p12,L2,500,False,372
simulated,ando-p12,ando-ando-p12,L2,1000,False,937
simulated,ando-p12,ando-ando-p12,L2,1500,False,1393
simulated,ando-p12,ando-ando-p12,L2,3000,False,2941
simulated,ando-p12,ando-ando-p12,L2,6000,True,5873
simulated,ando-p12,ando-ando-p12,L2,all,True,8771
simulated,ando-p12,ando-ando-p12,E1,250,False,244
simulated,ando-p12,ando-ando-p12,E1,500,False,485
simulated,ando-p12,ando-ando-p12,E1,1000,True,987
simulated,ando-p12,ando-ando-p12,E1,1500,True,1480
simulated,ando-p12,ando-ando-p12,E1,3000,True,2989
simulated,ando-p12,ando-ando-p12,E1,6000,True,5988
simulated,ando-p12,ando-ando-p12,E1,all,True,9029
simulated,ando-p12,ando-ando-p12,E4,250,True,244
simulated,ando-p12,ando-ando-p12,E4,500,True,490
simulated,ando-p12,ando-ando-p12,E4,1000,True,962
simulated,ando-p12,ando-ando-p12,E4,1500,True,1471
simulated,ando-p12,ando-ando-p12,E4,3000,True,2974
simulated,ando-p12,ando-ando-p12,E4,6000,True,5984
simulated,ando-p12,ando-ando-p12,E4,all,True,9029
simulated,ando-p13,ando-pricing_model,D1,250,False,198
simulated,ando-p13,ando-pricing_model,D1,500,False,198
simulated,ando-p13,ando-pricing_model,D1,1000,False,699
simulated,ando-p13,ando-pricing_model,D1,1500,False,1351
simulated,ando-p13,ando-pricing_model,D1,3000,False,2799
simulated,ando-p13,ando-pricing_model,D1,6000,True,5887
simulated,ando-p13,ando-pricing_model,D1,all,True,8308
simulated,ando-p13,ando-pricing_model,D2,250,False,192
simulated,ando-p13,ando-pricing_model,D2,500,False,410
simulated,ando-p13,ando-pricing_model,D2,1000,True,851
simulated,ando-p13,ando-pricing_model,D2,1500,True,1010
simulated,ando-p13,ando-pricing_model,D2,3000,True,2937
simulated,ando-p13,ando-pricing_model,D2,6000,True,5955
simulated,ando-p13,ando-pricing_model,D2,all,True,8308
simulated,ando-p13,ando-pricing_model,B2,250,False,179
simulated,ando-p13,ando-pricing_model,B2,500,False,408
simulated,ando-p13,ando-pricing_model,B2,1000,False,873
simulated,ando-p13,ando-pricing_model,B2,1500,False,1386
simulated,ando-p13,ando-pricing_model,B2,3000,True,2839
simulated,ando-p13,ando-pricing_model,B2,6000,True,5842
simulated,ando-p13,ando-pricing_model,B2,all,True,15985
simulated,ando-p13,ando-pricing_model,D4,250,False,198
simulated,ando-p13,ando-pricing_model,D4,500,False,390
simulated,ando-p13,ando-pricing_model,D4,1000,False,802
simulated,ando-p13,ando-pricing_model,D4,1500,False,1326
simulated,ando-p13,ando-pricing_model,D4,3000,False,2962
simulated,ando-p13,ando-pricing_model,D4,6000,True,5984
simulated,ando-p13,ando-pricing_model,D4,all,True,8308
simulated,ando-p13,ando-pricing_model,Z4,250,False,0
simulated,ando-p13,ando-pricing_model,Z4,500,False,409
simulated,ando-p13,ando-pricing_model,Z4,1000,False,940
simulated,ando-p13,ando-pricing_model,Z4,1500,False,1365
simulated,ando-p13,ando-pricing_model,Z4,3000,False,2883
simulated,ando-p13,ando-pricing_model,Z4,6000,True,5783
simulated,ando-p13,ando-pricing_model,Z4,all,True,8374
simulated,ando-p13,ando-pricing_model,L4,250,False,203
simulated,ando-p13,ando-pricing_model,L4,500,False,409
simulated,ando-p13,ando-pricing_model,L4,1000,False,730
simulated,ando-p13,ando-pricing_model,L4,1500,False,1275
simulated,ando-p13,ando-pricing_model,L4,3000,False,2843
simulated,ando-p13,ando-pricing_model,L4,6000,True,5990
simulated,ando-p13,ando-pricing_model,L4,all,True,8771
simulated,ando-p13,ando-pricing_model,L2,250,False,203
simulated,ando-p13,ando-pricing_model,L2,500,False,432
simulated,ando-p13,ando-pricing_model,L2,1000,True,890
simulated,ando-p13,ando-pricing_model,L2,1500,True,1249
simulated,ando-p13,ando-pricing_model,L2,3000,True,2836
simulated,ando-p13,ando-pricing_model,L2,6000,True,5723
simulated,ando-p13,ando-pricing_model,L2,all,True,8771
simulated,ando-p13,ando-pricing_model,E1,250,False,236
simulated,ando-p13,ando-pricing_model,E1,500,False,489
simulated,ando-p13,ando-pricing_model,E1,1000,False,998
simulated,ando-p13,ando-pricing_model,E1,1500,False,1489
simulated,ando-p13,ando-pricing_model,E1,3000,False,2977
simulated,ando-p13,ando-pricing_model,E1,6000,True,5974
simulated,ando-p13,ando-pricing_model,E1,all,True,9029
simulated,ando-p13,ando-pricing_model,E4,250,False,237
simulated,ando-p13,ando-pricing_model,E4,500,False,500
simulated,ando-p13,ando-pricing_model,E4,1000,False,980
simulated,ando-p13,ando-pricing_model,E4,1500,False,1470
simulated,ando-p13,ando-pricing_model,E4,3000,False,2982
simulated,ando-p13,ando-pricing_model,E4,6000,False,5992
simulated,ando-p13,ando-pricing_model,E4,all,True,9029
simulated,ando-p14,ando-waitlist_email_owner,D1,250,True,228
simulated,ando-p14,ando-waitlist_email_owner,D1,500,True,420
simulated,ando-p14,ando-waitlist_email_owner,D1,1000,True,646
simulated,ando-p14,ando-waitlist_email_owner,D1,1500,True,1478
simulated,ando-p14,ando-waitlist_email_owner,D1,3000,True,2918
simulated,ando-p14,ando-waitlist_email_owner,D1,6000,True,5973
simulated,ando-p14,ando-waitlist_email_owner,D1,all,True,8682
simulated,ando-p14,ando-waitlist_email_owner,D2,250,True,228
simulated,ando-p14,ando-waitlist_email_owner,D2,500,True,378
simulated,ando-p14,ando-waitlist_email_owner,D2,1000,True,938
simulated,ando-p14,ando-waitlist_email_owner,D2,1500,True,1242
simulated,ando-p14,ando-waitlist_email_owner,D2,3000,True,2837
simulated,ando-p14,ando-waitlist_email_owner,D2,6000,True,5885
simulated,ando-p14,ando-waitlist_email_owner,D2,all,True,8682
simulated,ando-p14,ando-waitlist_email_owner,B2,250,True,227
simulated,ando-p14,ando-waitlist_email_owner,B2,500,True,432
simulated,ando-p14,ando-waitlist_email_owner,B2,1000,True,911
simulated,ando-p14,ando-waitlist_email_owner,B2,1500,True,1383
simulated,ando-p14,ando-waitlist_email_owner,B2,3000,True,2986
simulated,ando-p14,ando-waitlist_email_owner,B2,6000,True,5960
simulated,ando-p14,ando-waitlist_email_owner,B2,all,True,16536
simulated,ando-p14,ando-waitlist_email_owner,D4,250,True,228
simulated,ando-p14,ando-waitlist_email_owner,D4,500,True,228
simulated,ando-p14,ando-waitlist_email_owner,D4,1000,True,964
simulated,ando-p14,ando-waitlist_email_owner,D4,1500,True,1481
simulated,ando-p14,ando-waitlist_email_owner,D4,3000,True,2842
simulated,ando-p14,ando-waitlist_email_owner,D4,6000,True,5948
simulated,ando-p14,ando-waitlist_email_owner,D4,all,True,8682
simulated,ando-p14,ando-waitlist_email_owner,Z4,250,True,0
simulated,ando-p14,ando-waitlist_email_owner,Z4,500,True,273
simulated,ando-p14,ando-waitlist_email_owner,Z4,1000,True,510
simulated,ando-p14,ando-waitlist_email_owner,Z4,1500,True,1370
simulated,ando-p14,ando-waitlist_email_owner,Z4,3000,True,2876
simulated,ando-p14,ando-waitlist_email_owner,Z4,6000,True,5867
simulated,ando-p14,ando-waitlist_email_owner,Z4,all,True,8690
simulated,ando-p14,ando-waitlist_email_owner,L4,250,True,237
simulated,ando-p14,ando-waitlist_email_owner,L4,500,True,237
simulated,ando-p14,ando-waitlist_email_owner,L4,1000,True,845
simulated,ando-p14,ando-waitlist_email_owner,L4,1500,True,1346
simulated,ando-p14,ando-waitlist_email_owner,L4,3000,True,2967
simulated,ando-p14,ando-waitlist_email_owner,L4,6000,True,5978
simulated,ando-p14,ando-waitlist_email_owner,L4,all,True,9161
simulated,ando-p14,ando-waitlist_email_owner,L2,250,True,237
simulated,ando-p14,ando-waitlist_email_owner,L2,500,True,237
simulated,ando-p14,ando-waitlist_email_owner,L2,1000,True,767
simulated,ando-p14,ando-waitlist_email_owner,L2,1500,True,1373
simulated,ando-p14,ando-waitlist_email_owner,L2,3000,True,2837
simulated,ando-p14,ando-waitlist_email_owner,L2,6000,True,5979
simulated,ando-p14,ando-waitlist_email_owner,L2,all,True,9161
simulated,ando-p14,ando-waitlist_email_owner,E1,250,True,209
simulated,ando-p14,ando-waitlist_email_owner,E1,500,True,462
simulated,ando-p14,ando-waitlist_email_owner,E1,1000,True,978
simulated,ando-p14,ando-waitlist_email_owner,E1,1500,True,1476
simulated,ando-p14,ando-waitlist_email_owner,E1,3000,True,2953
simulated,ando-p14,ando-waitlist_email_owner,E1,6000,True,6000
simulated,ando-p14,ando-waitlist_email_owner,E1,all,True,9304
simulated,ando-p14,ando-waitlist_email_owner,E4,250,True,210
simulated,ando-p14,ando-waitlist_email_owner,E4,500,True,484
simulated,ando-p14,ando-waitlist_email_owner,E4,1000,True,965
simulated,ando-p14,ando-waitlist_email_owner,E4,1500,True,1500
simulated,ando-p14,ando-waitlist_email_owner,E4,3000,True,2970
simulated,ando-p14,ando-waitlist_email_owner,E4,6000,True,5985
simulated,ando-p14,ando-waitlist_email_owner,E4,all,True,9304
simulated,ando-p15,ando-dm_policy,D1,250,False,226
simulated,ando-p15,ando-dm_policy,D1,500,False,454
simulated,ando-p15,ando-dm_policy,D1,1000,False,722
simulated,ando-p15,ando-dm_policy,D1,1500,True,1357
simulated,ando-p15,ando-dm_policy,D1,3000,True,2985
simulated,ando-p15,ando-dm_policy,D1,6000,True,5975
simulated,ando-p15,ando-dm_policy,D1,all,True,8891
simulated,ando-p15,ando-dm_policy,D2,250,False,228
simulated,ando-p15,ando-dm_policy,D2,500,False,378
simulated,ando-p15,ando-dm_policy,D2,1000,True,682
simulated,ando-p15,ando-dm_policy,D2,1500,True,1394
simulated,ando-p15,ando-dm_policy,D2,3000,True,2920
simulated,ando-p15,ando-dm_policy,D2,6000,True,5925
simulated,ando-p15,ando-dm_policy,D2,all,True,8891
simulated,ando-p15,ando-dm_policy,B2,250,False,0
simulated,ando-p15,ando-dm_policy,B2,500,True,271
simulated,ando-p15,ando-dm_policy,B2,1000,True,770
simulated,ando-p15,ando-dm_policy,B2,1500,True,1492
simulated,ando-p15,ando-dm_policy,B2,3000,True,2883
simulated,ando-p15,ando-dm_policy,B2,6000,True,5762
simulated,ando-p15,ando-dm_policy,B2,all,True,17319
simulated,ando-p15,ando-dm_policy,D4,250,False,0
simulated,ando-p15,ando-dm_policy,D4,500,True,304
simulated,ando-p15,ando-dm_policy,D4,1000,True,976
simulated,ando-p15,ando-dm_policy,D4,1500,True,1436
simulated,ando-p15,ando-dm_policy,D4,3000,True,2720
simulated,ando-p15,ando-dm_policy,D4,6000,True,5863
simulated,ando-p15,ando-dm_policy,D4,all,True,8891
simulated,ando-p15,ando-dm_policy,Z4,250,False,0
simulated,ando-p15,ando-dm_policy,Z4,500,True,352
simulated,ando-p15,ando-dm_policy,Z4,1000,True,848
simulated,ando-p15,ando-dm_policy,Z4,1500,True,1378
simulated,ando-p15,ando-dm_policy,Z4,3000,True,2884
simulated,ando-p15,ando-dm_policy,Z4,6000,True,5666
simulated,ando-p15,ando-dm_policy,Z4,all,True,8958
simulated,ando-p15,ando-dm_policy,L4,250,False,236
simulated,ando-p15,ando-dm_policy,L4,500,False,236
simulated,ando-p15,ando-dm_policy,L4,1000,True,920
simulated,ando-p15,ando-dm_policy,L4,1500,True,1485
simulated,ando-p15,ando-dm_policy,L4,3000,True,2825
simulated,ando-p15,ando-dm_policy,L4,6000,True,5754
simulated,ando-p15,ando-dm_policy,L4,all,True,9377
simulated,ando-p15,ando-dm_policy,L2,250,False,237
simulated,ando-p15,ando-dm_policy,L2,500,False,237
simulated,ando-p15,ando-dm_policy,L2,1000,True,707
simulated,ando-p15,ando-dm_policy,L2,1500,True,1393
simulated,ando-p15,ando-dm_policy,L2,3000,True,2921
simulated,ando-p15,ando-dm_policy,L2,6000,True,5961
simulated,ando-p15,ando-dm_policy,L2,all,True,9377
simulated,ando-p15,ando-dm_policy,E1,250,False,217
simulated,ando-p15,ando-dm_policy,E1,500,False,486
simulated,ando-p15,ando-dm_policy,E1,1000,True,997
simulated,ando-p15,ando-dm_policy,E1,1500,True,1491
simulated,ando-p15,ando-dm_policy,E1,3000,True,2996
simulated,ando-p15,ando-dm_policy,E1,6000,True,5989
simulated,ando-p15,ando-dm_policy,E1,all,True,9784
simulated,ando-p15,ando-dm_policy,E4,250,True,231
simulated,ando-p15,ando-dm_policy,E4,500,True,459
simulated,ando-p15,ando-dm_policy,E4,1000,True,999
simulated,ando-p15,ando-dm_policy,E4,1500,True,1468
simulated,ando-p15,ando-dm_policy,E4,3000,True,2989
simulated,ando-p15,ando-dm_policy,E4,6000,True,5999
simulated,ando-p15,ando-dm_policy,E4,all,True,9784
simulated,ando-p16,ando-and341_owner,D1,250,False,228
simulated,ando-p16,ando-and341_owner,D1,500,False,228
simulated,ando-p16,ando-and341_owner,D1,1000,True,919
simulated,ando-p16,ando-and341_owner,D1,1500,True,1297
simulated,ando-p16,ando-and341_owner,D1,3000,True,2950
simulated,ando-p16,ando-and341_owner,D1,6000,True,5980
simulated,ando-p16,ando-and341_owner,D1,all,True,9059
simulated,ando-p16,ando-and341_owner,D2,250,False,209
simulated,ando-p16,ando-and341_owner,D2,500,False,209
simulated,ando-p16,ando-and341_owner,D2,1000,True,951
simulated,ando-p16,ando-and341_owner,D2,1500,True,1218
simulated,ando-p16,ando-and341_owner,D2,3000,True,2951
simulated,ando-p16,ando-and341_owner,D2,6000,True,5963
simulated,ando-p16,ando-and341_owner,D2,all,True,9059
simulated,ando-p16,ando-and341_owner,B2,250,False,0
simulated,ando-p16,ando-and341_owner,B2,500,False,253
simulated,ando-p16,ando-and341_owner,B2,1000,False,783
simulated,ando-p16,ando-and341_owner,B2,1500,True,1473
simulated,ando-p16,ando-and341_owner,B2,3000,True,2787
simulated,ando-p16,ando-and341_owner,B2,6000,True,5972
simulated,ando-p16,ando-and341_owner,B2,all,True,17561
simulated,ando-p16,ando-and341_owner,D4,250,False,193
simulated,ando-p16,ando-and341_owner,D4,500,False,193
simulated,ando-p16,ando-and341_owner,D4,1000,True,745
simulated,ando-p16,ando-and341_owner,D4,1500,True,1429
simulated,ando-p16,ando-and341_owner,D4,3000,True,2964
simulated,ando-p16,ando-and341_owner,D4,6000,True,5981
simulated,ando-p16,ando-and341_owner,D4,all,True,9059
simulated,ando-p16,ando-and341_owner,Z4,250,False,0
simulated,ando-p16,ando-and341_owner,Z4,500,False,268
simulated,ando-p16,ando-and341_owner,Z4,1000,False,984
simulated,ando-p16,ando-and341_owner,Z4,1500,False,1293
simulated,ando-p16,ando-and341_owner,Z4,3000,False,2887
simulated,ando-p16,ando-and341_owner,Z4,6000,True,5803
simulated,ando-p16,ando-and341_owner,Z4,all,True,9669
simulated,ando-p16,ando-and341_owner,L4,250,False,0
simulated,ando-p16,ando-and341_owner,L4,500,True,372
simulated,ando-p16,ando-and341_owner,L4,1000,True,941
simulated,ando-p16,ando-and341_owner,L4,1500,True,1490
simulated,ando-p16,ando-and341_owner,L4,3000,True,2880
simulated,ando-p16,ando-and341_owner,L4,6000,True,5916
simulated,ando-p16,ando-and341_owner,L4,all,True,9553
simulated,ando-p16,ando-and341_owner,L2,250,False,216
simulated,ando-p16,ando-and341_owner,L2,500,False,216
simulated,ando-p16,ando-and341_owner,L2,1000,True,990
simulated,ando-p16,ando-and341_owner,L2,1500,True,1430
simulated,ando-p16,ando-and341_owner,L2,3000,True,2839
simulated,ando-p16,ando-and341_owner,L2,6000,True,5913
simulated,ando-p16,ando-and341_owner,L2,all,True,9553
simulated,ando-p16,ando-and341_owner,E1,250,False,228
simulated,ando-p16,ando-and341_owner,E1,500,False,494
simulated,ando-p16,ando-and341_owner,E1,1000,False,974
simulated,ando-p16,ando-and341_owner,E1,1500,False,1498
simulated,ando-p16,ando-and341_owner,E1,3000,False,2998
simulated,ando-p16,ando-and341_owner,E1,6000,False,6000
simulated,ando-p16,ando-and341_owner,E1,all,True,9877
simulated,ando-p16,ando-and341_owner,E4,250,False,235
simulated,ando-p16,ando-and341_owner,E4,500,False,495
simulated,ando-p16,ando-and341_owner,E4,1000,False,996
simulated,ando-p16,ando-and341_owner,E4,1500,False,1475
simulated,ando-p16,ando-and341_owner,E4,3000,False,2992
simulated,ando-p16,ando-and341_owner,E4,6000,True,5980
simulated,ando-p16,ando-and341_owner,E4,all,True,9877
simulated,ando-launch_date@t1/006-t2-start,ando-launch_date,D1,250,False,197
simulated,ando-launch_date@t1/006-t2-start,ando-launch_date,D1,500,False,425
simulated,ando-launch_date@t1/006-t2-start,ando-launch_date,D1,1000,True,951
simulated,ando-launch_date@t1/006-t2-start,ando-launch_date,D1,1500,True,1436
simulated,ando-launch_date@t1/006-t2-start,ando-launch_date,D1,3000,True,1436
simulated,ando-launch_date@t1/006-t2-start,ando-launch_date,D1,6000,True,1436
simulated,ando-launch_date@t1/006-t2-start,ando-launch_date,D1,all,True,1436
simulated,ando-launch_date@t1/006-t2-start,ando-launch_date,D2,250,False,246
simulated,ando-launch_date@t1/006-t2-start,ando-launch_date,D2,500,True,458
simulated,ando-launch_date@t1/006-t2-start,ando-launch_date,D2,1000,True,879
simulated,ando-launch_date@t1/006-t2-start,ando-launch_date,D2,1500,True,1436
simulated,ando-launch_date@t1/006-t2-start,ando-launch_date,D2,3000,True,1436
simulated,ando-launch_date@t1/006-t2-start,ando-launch_date,D2,6000,True,1436
simulated,ando-launch_date@t1/006-t2-start,ando-launch_date,D2,all,True,1436
simulated,ando-launch_date@t1/006-t2-start,ando-launch_date,B2,250,False,185
simulated,ando-launch_date@t1/006-t2-start,ando-launch_date,B2,500,True,398
simulated,ando-launch_date@t1/006-t2-start,ando-launch_date,B2,1000,True,864
simulated,ando-launch_date@t1/006-t2-start,ando-launch_date,B2,1500,True,1399
simulated,ando-launch_date@t1/006-t2-start,ando-launch_date,B2,3000,True,2758
simulated,ando-launch_date@t1/006-t2-start,ando-launch_date,B2,6000,True,2758
simulated,ando-launch_date@t1/006-t2-start,ando-launch_date,B2,all,True,2758
simulated,ando-launch_date@t1/006-t2-start,ando-launch_date,D4,250,False,45
simulated,ando-launch_date@t1/006-t2-start,ando-launch_date,D4,500,False,496
simulated,ando-launch_date@t1/006-t2-start,ando-launch_date,D4,1000,False,946
simulated,ando-launch_date@t1/006-t2-start,ando-launch_date,D4,1500,True,1436
simulated,ando-launch_date@t1/006-t2-start,ando-launch_date,D4,3000,True,1436
simulated,ando-launch_date@t1/006-t2-start,ando-launch_date,D4,6000,True,1436
simulated,ando-launch_date@t1/006-t2-start,ando-launch_date,D4,all,True,1436
simulated,ando-launch_date@t1/006-t2-start,ando-launch_date,Z4,250,True,237
simulated,ando-launch_date@t1/006-t2-start,ando-launch_date,Z4,500,True,237
simulated,ando-launch_date@t1/006-t2-start,ando-launch_date,Z4,1000,True,797
simulated,ando-launch_date@t1/006-t2-start,ando-launch_date,Z4,1500,True,1484
simulated,ando-launch_date@t1/006-t2-start,ando-launch_date,Z4,3000,True,1484
simulated,ando-launch_date@t1/006-t2-start,ando-launch_date,Z4,6000,True,1484
simulated,ando-launch_date@t1/006-t2-start,ando-launch_date,Z4,all,True,1484
simulated,ando-launch_date@t1/006-t2-start,ando-launch_date,L4,250,False,53
simulated,ando-launch_date@t1/006-t2-start,ando-launch_date,L4,500,False,450
simulated,ando-launch_date@t1/006-t2-start,ando-launch_date,L4,1000,False,977
simulated,ando-launch_date@t1/006-t2-start,ando-launch_date,L4,1500,True,1407
simulated,ando-launch_date@t1/006-t2-start,ando-launch_date,L4,3000,True,1531
simulated,ando-launch_date@t1/006-t2-start,ando-launch_date,L4,6000,True,1531
simulated,ando-launch_date@t1/006-t2-start,ando-launch_date,L4,all,True,1531
simulated,ando-launch_date@t1/006-t2-start,ando-launch_date,L2,250,False,181
simulated,ando-launch_date@t1/006-t2-start,ando-launch_date,L2,500,True,497
simulated,ando-launch_date@t1/006-t2-start,ando-launch_date,L2,1000,True,937
simulated,ando-launch_date@t1/006-t2-start,ando-launch_date,L2,1500,True,1500
simulated,ando-launch_date@t1/006-t2-start,ando-launch_date,L2,3000,True,1531
simulated,ando-launch_date@t1/006-t2-start,ando-launch_date,L2,6000,True,1531
simulated,ando-launch_date@t1/006-t2-start,ando-launch_date,L2,all,True,1531
simulated,ando-launch_date@t1/006-t2-start,ando-launch_date,E1,250,True,229
simulated,ando-launch_date@t1/006-t2-start,ando-launch_date,E1,500,True,487
simulated,ando-launch_date@t1/006-t2-start,ando-launch_date,E1,1000,True,960
simulated,ando-launch_date@t1/006-t2-start,ando-launch_date,E1,1500,True,1427
simulated,ando-launch_date@t1/006-t2-start,ando-launch_date,E1,3000,True,1427
simulated,ando-launch_date@t1/006-t2-start,ando-launch_date,E1,6000,True,1427
simulated,ando-launch_date@t1/006-t2-start,ando-launch_date,E1,all,True,1427
simulated,ando-launch_date@t1/006-t2-start,ando-launch_date,E4,250,True,246
simulated,ando-launch_date@t1/006-t2-start,ando-launch_date,E4,500,True,500
simulated,ando-launch_date@t1/006-t2-start,ando-launch_date,E4,1000,True,999
simulated,ando-launch_date@t1/006-t2-start,ando-launch_date,E4,1500,True,1427
simulated,ando-launch_date@t1/006-t2-start,ando-launch_date,E4,3000,True,1427
simulated,ando-launch_date@t1/006-t2-start,ando-launch_date,E4,6000,True,1427
simulated,ando-launch_date@t1/006-t2-start,ando-launch_date,E4,all,True,1427
simulated,ando-launch_date@t1/006-t2-middle,ando-launch_date,D1,250,False,0
simulated,ando-launch_date@t1/006-t2-middle,ando-launch_date,D1,500,False,497
simulated,ando-launch_date@t1/006-t2-middle,ando-launch_date,D1,1000,False,998
simulated,ando-launch_date@t1/006-t2-middle,ando-launch_date,D1,1500,True,1471
simulated,ando-launch_date@t1/006-t2-middle,ando-launch_date,D1,3000,True,1990
simulated,ando-launch_date@t1/006-t2-middle,ando-launch_date,D1,6000,True,1990
simulated,ando-launch_date@t1/006-t2-middle,ando-launch_date,D1,all,True,1990
simulated,ando-launch_date@t1/006-t2-middle,ando-launch_date,D2,250,False,0
simulated,ando-launch_date@t1/006-t2-middle,ando-launch_date,D2,500,False,437
simulated,ando-launch_date@t1/006-t2-middle,ando-launch_date,D2,1000,True,961
simulated,ando-launch_date@t1/006-t2-middle,ando-launch_date,D2,1500,True,1497
simulated,ando-launch_date@t1/006-t2-middle,ando-launch_date,D2,3000,True,1990
simulated,ando-launch_date@t1/006-t2-middle,ando-launch_date,D2,6000,True,1990
simulated,ando-launch_date@t1/006-t2-middle,ando-launch_date,D2,all,True,1990
simulated,ando-launch_date@t1/006-t2-middle,ando-launch_date,B2,250,False,0
simulated,ando-launch_date@t1/006-t2-middle,ando-launch_date,B2,500,False,470
simulated,ando-launch_date@t1/006-t2-middle,ando-launch_date,B2,1000,False,925
simulated,ando-launch_date@t1/006-t2-middle,ando-launch_date,B2,1500,False,1379
simulated,ando-launch_date@t1/006-t2-middle,ando-launch_date,B2,3000,True,2783
simulated,ando-launch_date@t1/006-t2-middle,ando-launch_date,B2,6000,True,3683
simulated,ando-launch_date@t1/006-t2-middle,ando-launch_date,B2,all,True,3683
simulated,ando-launch_date@t1/006-t2-middle,ando-launch_date,D4,250,False,0
simulated,ando-launch_date@t1/006-t2-middle,ando-launch_date,D4,500,False,304
simulated,ando-launch_date@t1/006-t2-middle,ando-launch_date,D4,1000,False,948
simulated,ando-launch_date@t1/006-t2-middle,ando-launch_date,D4,1500,False,1427
simulated,ando-launch_date@t1/006-t2-middle,ando-launch_date,D4,3000,True,1990
simulated,ando-launch_date@t1/006-t2-middle,ando-launch_date,D4,6000,True,1990
simulated,ando-launch_date@t1/006-t2-middle,ando-launch_date,D4,all,True,1990
simulated,ando-launch_date@t1/006-t2-middle,ando-launch_date,Z4,250,False,0
simulated,ando-launch_date@t1/006-t2-middle,ando-launch_date,Z4,500,False,352
simulated,ando-launch_date@t1/006-t2-middle,ando-launch_date,Z4,1000,False,893
simulated,ando-launch_date@t1/006-t2-middle,ando-launch_date,Z4,1500,True,1281
simulated,ando-launch_date@t1/006-t2-middle,ando-launch_date,Z4,3000,True,1996
simulated,ando-launch_date@t1/006-t2-middle,ando-launch_date,Z4,6000,True,1996
simulated,ando-launch_date@t1/006-t2-middle,ando-launch_date,Z4,all,True,1996
simulated,ando-launch_date@t1/006-t2-middle,ando-launch_date,L4,250,False,0
simulated,ando-launch_date@t1/006-t2-middle,ando-launch_date,L4,500,False,312
simulated,ando-launch_date@t1/006-t2-middle,ando-launch_date,L4,1000,False,988
simulated,ando-launch_date@t1/006-t2-middle,ando-launch_date,L4,1500,False,1361
simulated,ando-launch_date@t1/006-t2-middle,ando-launch_date,L4,3000,True,2112
simulated,ando-launch_date@t1/006-t2-middle,ando-launch_date,L4,6000,True,2112
simulated,ando-launch_date@t1/006-t2-middle,ando-launch_date,L4,all,True,2112
simulated,ando-launch_date@t1/006-t2-middle,ando-launch_date,L2,250,False,0
simulated,ando-launch_date@t1/006-t2-middle,ando-launch_date,L2,500,False,456
simulated,ando-launch_date@t1/006-t2-middle,ando-launch_date,L2,1000,True,973
simulated,ando-launch_date@t1/006-t2-middle,ando-launch_date,L2,1500,True,1487
simulated,ando-launch_date@t1/006-t2-middle,ando-launch_date,L2,3000,True,2112
simulated,ando-launch_date@t1/006-t2-middle,ando-launch_date,L2,6000,True,2112
simulated,ando-launch_date@t1/006-t2-middle,ando-launch_date,L2,all,True,2112
simulated,ando-launch_date@t1/006-t2-middle,ando-launch_date,E1,250,False,243
simulated,ando-launch_date@t1/006-t2-middle,ando-launch_date,E1,500,True,473
simulated,ando-launch_date@t1/006-t2-middle,ando-launch_date,E1,1000,True,970
simulated,ando-launch_date@t1/006-t2-middle,ando-launch_date,E1,1500,True,1482
simulated,ando-launch_date@t1/006-t2-middle,ando-launch_date,E1,3000,True,2224
simulated,ando-launch_date@t1/006-t2-middle,ando-launch_date,E1,6000,True,2224
simulated,ando-launch_date@t1/006-t2-middle,ando-launch_date,E1,all,True,2224
simulated,ando-launch_date@t1/006-t2-middle,ando-launch_date,E4,250,False,229
simulated,ando-launch_date@t1/006-t2-middle,ando-launch_date,E4,500,False,499
simulated,ando-launch_date@t1/006-t2-middle,ando-launch_date,E4,1000,True,984
simulated,ando-launch_date@t1/006-t2-middle,ando-launch_date,E4,1500,True,1482
simulated,ando-launch_date@t1/006-t2-middle,ando-launch_date,E4,3000,True,2224
simulated,ando-launch_date@t1/006-t2-middle,ando-launch_date,E4,6000,True,2224
simulated,ando-launch_date@t1/006-t2-middle,ando-launch_date,E4,all,True,2224
simulated,ando-launch_date@t1/006-t3-start,ando-launch_date,D1,250,False,0
simulated,ando-launch_date@t1/006-t3-start,ando-launch_date,D1,500,False,331
simulated,ando-launch_date@t1/006-t3-start,ando-launch_date,D1,1000,False,751
simulated,ando-launch_date@t1/006-t3-start,ando-launch_date,D1,1500,False,1436
simulated,ando-launch_date@t1/006-t3-start,ando-launch_date,D1,3000,True,2916
simulated,ando-launch_date@t1/006-t3-start,ando-launch_date,D1,6000,True,2916
simulated,ando-launch_date@t1/006-t3-start,ando-launch_date,D1,all,True,2916
simulated,ando-launch_date@t1/006-t3-start,ando-launch_date,D2,250,True,212
simulated,ando-launch_date@t1/006-t3-start,ando-launch_date,D2,500,True,333
simulated,ando-launch_date@t1/006-t3-start,ando-launch_date,D2,1000,True,989
simulated,ando-launch_date@t1/006-t3-start,ando-launch_date,D2,1500,True,1274
simulated,ando-launch_date@t1/006-t3-start,ando-launch_date,D2,3000,True,2916
simulated,ando-launch_date@t1/006-t3-start,ando-launch_date,D2,6000,True,2916
simulated,ando-launch_date@t1/006-t3-start,ando-launch_date,D2,all,True,2916
simulated,ando-launch_date@t1/006-t3-start,ando-launch_date,B2,250,False,185
simulated,ando-launch_date@t1/006-t3-start,ando-launch_date,B2,500,False,345
simulated,ando-launch_date@t1/006-t3-start,ando-launch_date,B2,1000,True,966
simulated,ando-launch_date@t1/006-t3-start,ando-launch_date,B2,1500,True,1395
simulated,ando-launch_date@t1/006-t3-start,ando-launch_date,B2,3000,True,2999
simulated,ando-launch_date@t1/006-t3-start,ando-launch_date,B2,6000,True,5629
simulated,ando-launch_date@t1/006-t3-start,ando-launch_date,B2,all,True,5629
simulated,ando-launch_date@t1/006-t3-start,ando-launch_date,D4,250,False,109
simulated,ando-launch_date@t1/006-t3-start,ando-launch_date,D4,500,False,109
simulated,ando-launch_date@t1/006-t3-start,ando-launch_date,D4,1000,False,949
simulated,ando-launch_date@t1/006-t3-start,ando-launch_date,D4,1500,True,1428
simulated,ando-launch_date@t1/006-t3-start,ando-launch_date,D4,3000,True,2916
simulated,ando-launch_date@t1/006-t3-start,ando-launch_date,D4,6000,True,2916
simulated,ando-launch_date@t1/006-t3-start,ando-launch_date,D4,all,True,2916
simulated,ando-launch_date@t1/006-t3-start,ando-launch_date,Z4,250,False,0
simulated,ando-launch_date@t1/006-t3-start,ando-launch_date,Z4,500,False,409
simulated,ando-launch_date@t1/006-t3-start,ando-launch_date,Z4,1000,False,905
simulated,ando-launch_date@t1/006-t3-start,ando-launch_date,Z4,1500,True,1142
simulated,ando-launch_date@t1/006-t3-start,ando-launch_date,Z4,3000,True,2996
simulated,ando-launch_date@t1/006-t3-start,ando-launch_date,Z4,6000,True,2996
simulated,ando-launch_date@t1/006-t3-start,ando-launch_date,Z4,all,True,2996
simulated,ando-launch_date@t1/006-t3-start,ando-launch_date,L4,250,False,117
simulated,ando-launch_date@t1/006-t3-start,ando-launch_date,L4,500,False,117
simulated,ando-launch_date@t1/006-t3-start,ando-launch_date,L4,1000,False,984
simulated,ando-launch_date@t1/006-t3-start,ando-launch_date,L4,1500,True,1486
simulated,ando-launch_date@t1/006-t3-start,ando-launch_date,L4,3000,True,2866
simulated,ando-launch_date@t1/006-t3-start,ando-launch_date,L4,6000,True,3054
simulated,ando-launch_date@t1/006-t3-start,ando-launch_date,L4,all,True,3054
simulated,ando-launch_date@t1/006-t3-start,ando-launch_date,L2,250,True,227
simulated,ando-launch_date@t1/006-t3-start,ando-launch_date,L2,500,True,355
simulated,ando-launch_date@t1/006-t3-start,ando-launch_date,L2,1000,True,897
simulated,ando-launch_date@t1/006-t3-start,ando-launch_date,L2,1500,True,1353
simulated,ando-launch_date@t1/006-t3-start,ando-launch_date,L2,3000,True,2929
simulated,ando-launch_date@t1/006-t3-start,ando-launch_date,L2,6000,True,3054
simulated,ando-launch_date@t1/006-t3-start,ando-launch_date,L2,all,True,3054
simulated,ando-launch_date@t1/006-t3-start,ando-launch_date,E1,250,True,234
simulated,ando-launch_date@t1/006-t3-start,ando-launch_date,E1,500,True,479
simulated,ando-launch_date@t1/006-t3-start,ando-launch_date,E1,1000,True,978
simulated,ando-launch_date@t1/006-t3-start,ando-launch_date,E1,1500,True,1486
simulated,ando-launch_date@t1/006-t3-start,ando-launch_date,E1,3000,True,2984
simulated,ando-launch_date@t1/006-t3-start,ando-launch_date,E1,6000,True,2984
simulated,ando-launch_date@t1/006-t3-start,ando-launch_date,E1,all,True,2984
simulated,ando-launch_date@t1/006-t3-start,ando-launch_date,E4,250,False,243
simulated,ando-launch_date@t1/006-t3-start,ando-launch_date,E4,500,False,475
simulated,ando-launch_date@t1/006-t3-start,ando-launch_date,E4,1000,True,974
simulated,ando-launch_date@t1/006-t3-start,ando-launch_date,E4,1500,True,1492
simulated,ando-launch_date@t1/006-t3-start,ando-launch_date,E4,3000,True,2984
simulated,ando-launch_date@t1/006-t3-start,ando-launch_date,E4,6000,True,2984
simulated,ando-launch_date@t1/006-t3-start,ando-launch_date,E4,all,True,2984
simulated,ando-series_a@t1/010-t2-start,ando-series_a,D1,250,True,121
simulated,ando-series_a@t1/010-t2-start,ando-series_a,D1,500,True,466
simulated,ando-series_a@t1/010-t2-start,ando-series_a,D1,1000,True,854
simulated,ando-series_a@t1/010-t2-start,ando-series_a,D1,1500,True,1436
simulated,ando-series_a@t1/010-t2-start,ando-series_a,D1,3000,True,1436
simulated,ando-series_a@t1/010-t2-start,ando-series_a,D1,6000,True,1436
simulated,ando-series_a@t1/010-t2-start,ando-series_a,D1,all,True,1436
simulated,ando-series_a@t1/010-t2-start,ando-series_a,D2,250,True,246
simulated,ando-series_a@t1/010-t2-start,ando-series_a,D2,500,True,349
simulated,ando-series_a@t1/010-t2-start,ando-series_a,D2,1000,True,803
simulated,ando-series_a@t1/010-t2-start,ando-series_a,D2,1500,True,1436
simulated,ando-series_a@t1/010-t2-start,ando-series_a,D2,3000,True,1436
simulated,ando-series_a@t1/010-t2-start,ando-series_a,D2,6000,True,1436
simulated,ando-series_a@t1/010-t2-start,ando-series_a,D2,all,True,1436
simulated,ando-series_a@t1/010-t2-start,ando-series_a,B2,250,True,185
simulated,ando-series_a@t1/010-t2-start,ando-series_a,B2,500,True,398
simulated,ando-series_a@t1/010-t2-start,ando-series_a,B2,1000,True,864
simulated,ando-series_a@t1/010-t2-start,ando-series_a,B2,1500,True,1469
simulated,ando-series_a@t1/010-t2-start,ando-series_a,B2,3000,True,2758
simulated,ando-series_a@t1/010-t2-start,ando-series_a,B2,6000,True,2758
simulated,ando-series_a@t1/010-t2-start,ando-series_a,B2,all,True,2758
simulated,ando-series_a@t1/010-t2-start,ando-series_a,D4,250,False,197
simulated,ando-series_a@t1/010-t2-start,ando-series_a,D4,500,False,390
simulated,ando-series_a@t1/010-t2-start,ando-series_a,D4,1000,True,999
simulated,ando-series_a@t1/010-t2-start,ando-series_a,D4,1500,True,1436
simulated,ando-series_a@t1/010-t2-start,ando-series_a,D4,3000,True,1436
simulated,ando-series_a@t1/010-t2-start,ando-series_a,D4,6000,True,1436
simulated,ando-series_a@t1/010-t2-start,ando-series_a,D4,all,True,1436
simulated,ando-series_a@t1/010-t2-start,ando-series_a,Z4,250,False,237
simulated,ando-series_a@t1/010-t2-start,ando-series_a,Z4,500,True,494
simulated,ando-series_a@t1/010-t2-start,ando-series_a,Z4,1000,True,767
simulated,ando-series_a@t1/010-t2-start,ando-series_a,Z4,1500,True,1484
simulated,ando-series_a@t1/010-t2-start,ando-series_a,Z4,3000,True,1484
simulated,ando-series_a@t1/010-t2-start,ando-series_a,Z4,6000,True,1484
simulated,ando-series_a@t1/010-t2-start,ando-series_a,Z4,all,True,1484
simulated,ando-series_a@t1/010-t2-start,ando-series_a,L4,250,False,213
simulated,ando-series_a@t1/010-t2-start,ando-series_a,L4,500,False,413
simulated,ando-series_a@t1/010-t2-start,ando-series_a,L4,1000,True,946
simulated,ando-series_a@t1/010-t2-start,ando-series_a,L4,1500,True,1500
simulated,ando-series_a@t1/010-t2-start,ando-series_a,L4,3000,True,1531
simulated,ando-series_a@t1/010-t2-start,ando-series_a,L4,6000,True,1531
simulated,ando-series_a@t1/010-t2-start,ando-series_a,L4,all,True,1531
simulated,ando-series_a@t1/010-t2-start,ando-series_a,L2,250,True,217
simulated,ando-series_a@t1/010-t2-start,ando-series_a,L2,500,True,380
simulated,ando-series_a@t1/010-t2-start,ando-series_a,L2,1000,True,857
simulated,ando-series_a@t1/010-t2-start,ando-series_a,L2,1500,True,1452
simulated,ando-series_a@t1/010-t2-start,ando-series_a,L2,3000,True,1531
simulated,ando-series_a@t1/010-t2-start,ando-series_a,L2,6000,True,1531
simulated,ando-series_a@t1/010-t2-start,ando-series_a,L2,all,True,1531
simulated,ando-series_a@t1/010-t2-start,ando-series_a,E1,250,True,244
simulated,ando-series_a@t1/010-t2-start,ando-series_a,E1,500,True,474
simulated,ando-series_a@t1/010-t2-start,ando-series_a,E1,1000,True,991
simulated,ando-series_a@t1/010-t2-start,ando-series_a,E1,1500,True,1427
simulated,ando-series_a@t1/010-t2-start,ando-series_a,E1,3000,True,1427
simulated,ando-series_a@t1/010-t2-start,ando-series_a,E1,6000,True,1427
simulated,ando-series_a@t1/010-t2-start,ando-series_a,E1,all,True,1427
simulated,ando-series_a@t1/010-t2-start,ando-series_a,E4,250,True,249
simulated,ando-series_a@t1/010-t2-start,ando-series_a,E4,500,True,498
simulated,ando-series_a@t1/010-t2-start,ando-series_a,E4,1000,True,958
simulated,ando-series_a@t1/010-t2-start,ando-series_a,E4,1500,True,1427
simulated,ando-series_a@t1/010-t2-start,ando-series_a,E4,3000,True,1427
simulated,ando-series_a@t1/010-t2-start,ando-series_a,E4,6000,True,1427
simulated,ando-series_a@t1/010-t2-start,ando-series_a,E4,all,True,1427
simulated,ando-series_a@t1/010-t2-middle,ando-series_a,D1,250,False,0
simulated,ando-series_a@t1/010-t2-middle,ando-series_a,D1,500,False,497
simulated,ando-series_a@t1/010-t2-middle,ando-series_a,D1,1000,True,998
simulated,ando-series_a@t1/010-t2-middle,ando-series_a,D1,1500,True,1430
simulated,ando-series_a@t1/010-t2-middle,ando-series_a,D1,3000,True,1990
simulated,ando-series_a@t1/010-t2-middle,ando-series_a,D1,6000,True,1990
simulated,ando-series_a@t1/010-t2-middle,ando-series_a,D1,all,True,1990
simulated,ando-series_a@t1/010-t2-middle,ando-series_a,D2,250,True,121
simulated,ando-series_a@t1/010-t2-middle,ando-series_a,D2,500,True,425
simulated,ando-series_a@t1/010-t2-middle,ando-series_a,D2,1000,True,821
simulated,ando-series_a@t1/010-t2-middle,ando-series_a,D2,1500,True,1425
simulated,ando-series_a@t1/010-t2-middle,ando-series_a,D2,3000,True,1990
simulated,ando-series_a@t1/010-t2-middle,ando-series_a,D2,6000,True,1990
simulated,ando-series_a@t1/010-t2-middle,ando-series_a,D2,all,True,1990
simulated,ando-series_a@t1/010-t2-middle,ando-series_a,B2,250,True,185
simulated,ando-series_a@t1/010-t2-middle,ando-series_a,B2,500,True,398
simulated,ando-series_a@t1/010-t2-middle,ando-series_a,B2,1000,True,820
simulated,ando-series_a@t1/010-t2-middle,ando-series_a,B2,1500,True,1473
simulated,ando-series_a@t1/010-t2-middle,ando-series_a,B2,3000,True,2992
simulated,ando-series_a@t1/010-t2-middle,ando-series_a,B2,6000,True,3683
simulated,ando-series_a@t1/010-t2-middle,ando-series_a,B2,all,True,3683
simulated,ando-series_a@t1/010-t2-middle,ando-series_a,D4,250,False,0
simulated,ando-series_a@t1/010-t2-middle,ando-series_a,D4,500,False,304
simulated,ando-series_a@t1/010-t2-middle,ando-series_a,D4,1000,False,948
simulated,ando-series_a@t1/010-t2-middle,ando-series_a,D4,1500,True,1319
simulated,ando-series_a@t1/010-t2-middle,ando-series_a,D4,3000,True,1990
simulated,ando-series_a@t1/010-t2-middle,ando-series_a,D4,6000,True,1990
simulated,ando-series_a@t1/010-t2-middle,ando-series_a,D4,all,True,1990
simulated,ando-series_a@t1/010-t2-middle,ando-series_a,Z4,250,False,0
simulated,ando-series_a@t1/010-t2-middle,ando-series_a,Z4,500,False,352
simulated,ando-series_a@t1/010-t2-middle,ando-series_a,Z4,1000,False,776
simulated,ando-series_a@t1/010-t2-middle,ando-series_a,Z4,1500,False,1281
simulated,ando-series_a@t1/010-t2-middle,ando-series_a,Z4,3000,True,1996
simulated,ando-series_a@t1/010-t2-middle,ando-series_a,Z4,6000,True,1996
simulated,ando-series_a@t1/010-t2-middle,ando-series_a,Z4,all,True,1996
simulated,ando-series_a@t1/010-t2-middle,ando-series_a,L4,250,False,0
simulated,ando-series_a@t1/010-t2-middle,ando-series_a,L4,500,False,312
simulated,ando-series_a@t1/010-t2-middle,ando-series_a,L4,1000,False,988
simulated,ando-series_a@t1/010-t2-middle,ando-series_a,L4,1500,True,1385
simulated,ando-series_a@t1/010-t2-middle,ando-series_a,L4,3000,True,2112
simulated,ando-series_a@t1/010-t2-middle,ando-series_a,L4,6000,True,2112
simulated,ando-series_a@t1/010-t2-middle,ando-series_a,L4,all,True,2112
simulated,ando-series_a@t1/010-t2-middle,ando-series_a,L2,250,True,128
simulated,ando-series_a@t1/010-t2-middle,ando-series_a,L2,500,True,440
simulated,ando-series_a@t1/010-t2-middle,ando-series_a,L2,1000,True,863
simulated,ando-series_a@t1/010-t2-middle,ando-series_a,L2,1500,True,1265
simulated,ando-series_a@t1/010-t2-middle,ando-series_a,L2,3000,True,2112
simulated,ando-series_a@t1/010-t2-middle,ando-series_a,L2,6000,True,2112
simulated,ando-series_a@t1/010-t2-middle,ando-series_a,L2,all,True,2112
simulated,ando-series_a@t1/010-t2-middle,ando-series_a,E1,250,False,231
simulated,ando-series_a@t1/010-t2-middle,ando-series_a,E1,500,False,482
simulated,ando-series_a@t1/010-t2-middle,ando-series_a,E1,1000,True,996
simulated,ando-series_a@t1/010-t2-middle,ando-series_a,E1,1500,True,1498
simulated,ando-series_a@t1/010-t2-middle,ando-series_a,E1,3000,True,2224
simulated,ando-series_a@t1/010-t2-middle,ando-series_a,E1,6000,True,2224
simulated,ando-series_a@t1/010-t2-middle,ando-series_a,E1,all,True,2224
simulated,ando-series_a@t1/010-t2-middle,ando-series_a,E4,250,False,244
simulated,ando-series_a@t1/010-t2-middle,ando-series_a,E4,500,False,499
simulated,ando-series_a@t1/010-t2-middle,ando-series_a,E4,1000,False,1000
simulated,ando-series_a@t1/010-t2-middle,ando-series_a,E4,1500,True,1492
simulated,ando-series_a@t1/010-t2-middle,ando-series_a,E4,3000,True,2224
simulated,ando-series_a@t1/010-t2-middle,ando-series_a,E4,6000,True,2224
simulated,ando-series_a@t1/010-t2-middle,ando-series_a,E4,all,True,2224
simulated,ando-series_a@t1/010-t3-start,ando-series_a,D1,250,False,192
simulated,ando-series_a@t1/010-t3-start,ando-series_a,D1,500,False,192
simulated,ando-series_a@t1/010-t3-start,ando-series_a,D1,1000,False,983
simulated,ando-series_a@t1/010-t3-start,ando-series_a,D1,1500,True,1441
simulated,ando-series_a@t1/010-t3-start,ando-series_a,D1,3000,True,2916
simulated,ando-series_a@t1/010-t3-start,ando-series_a,D1,6000,True,2916
simulated,ando-series_a@t1/010-t3-start,ando-series_a,D1,all,True,2916
simulated,ando-series_a@t1/010-t3-start,ando-series_a,D2,250,True,230
simulated,ando-series_a@t1/010-t3-start,ando-series_a,D2,500,True,378
simulated,ando-series_a@t1/010-t3-start,ando-series_a,D2,1000,True,901
simulated,ando-series_a@t1/010-t3-start,ando-series_a,D2,1500,True,1186
simulated,ando-series_a@t1/010-t3-start,ando-series_a,D2,3000,True,2916
simulated,ando-series_a@t1/010-t3-start,ando-series_a,D2,6000,True,2916
simulated,ando-series_a@t1/010-t3-start,ando-series_a,D2,all,True,2916
simulated,ando-series_a@t1/010-t3-start,ando-series_a,B2,250,True,185
simulated,ando-series_a@t1/010-t3-start,ando-series_a,B2,500,True,398
simulated,ando-series_a@t1/010-t3-start,ando-series_a,B2,1000,True,974
simulated,ando-series_a@t1/010-t3-start,ando-series_a,B2,1500,True,1423
simulated,ando-series_a@t1/010-t3-start,ando-series_a,B2,3000,True,2829
simulated,ando-series_a@t1/010-t3-start,ando-series_a,B2,6000,True,5629
simulated,ando-series_a@t1/010-t3-start,ando-series_a,B2,all,True,5629
simulated,ando-series_a@t1/010-t3-start,ando-series_a,D4,250,False,109
simulated,ando-series_a@t1/010-t3-start,ando-series_a,D4,500,False,109
simulated,ando-series_a@t1/010-t3-start,ando-series_a,D4,1000,False,869
simulated,ando-series_a@t1/010-t3-start,ando-series_a,D4,1500,False,1428
simulated,ando-series_a@t1/010-t3-start,ando-series_a,D4,3000,True,2916
simulated,ando-series_a@t1/010-t3-start,ando-series_a,D4,6000,True,2916
simulated,ando-series_a@t1/010-t3-start,ando-series_a,D4,all,True,2916
simulated,ando-series_a@t1/010-t3-start,ando-series_a,Z4,250,False,0
simulated,ando-series_a@t1/010-t3-start,ando-series_a,Z4,500,False,409
simulated,ando-series_a@t1/010-t3-start,ando-series_a,Z4,1000,False,905
simulated,ando-series_a@t1/010-t3-start,ando-series_a,Z4,1500,True,1248
simulated,ando-series_a@t1/010-t3-start,ando-series_a,Z4,3000,True,2996
simulated,ando-series_a@t1/010-t3-start,ando-series_a,Z4,6000,True,2996
simulated,ando-series_a@t1/010-t3-start,ando-series_a,Z4,all,True,2996
simulated,ando-series_a@t1/010-t3-start,ando-series_a,L4,250,False,117
simulated,ando-series_a@t1/010-t3-start,ando-series_a,L4,500,False,117
simulated,ando-series_a@t1/010-t3-start,ando-series_a,L4,1000,False,800
simulated,ando-series_a@t1/010-t3-start,ando-series_a,L4,1500,False,1441
simulated,ando-series_a@t1/010-t3-start,ando-series_a,L4,3000,True,2866
simulated,ando-series_a@t1/010-t3-start,ando-series_a,L4,6000,True,3054
simulated,ando-series_a@t1/010-t3-start,ando-series_a,L4,all,True,3054
simulated,ando-series_a@t1/010-t3-start,ando-series_a,L2,250,True,245
simulated,ando-series_a@t1/010-t3-start,ando-series_a,L2,500,True,355
simulated,ando-series_a@t1/010-t3-start,ando-series_a,L2,1000,True,950
simulated,ando-series_a@t1/010-t3-start,ando-series_a,L2,1500,True,1254
simulated,ando-series_a@t1/010-t3-start,ando-series_a,L2,3000,True,2929
simulated,ando-series_a@t1/010-t3-start,ando-series_a,L2,6000,True,3054
simulated,ando-series_a@t1/010-t3-start,ando-series_a,L2,all,True,3054
simulated,ando-series_a@t1/010-t3-start,ando-series_a,E1,250,True,220
simulated,ando-series_a@t1/010-t3-start,ando-series_a,E1,500,True,485
simulated,ando-series_a@t1/010-t3-start,ando-series_a,E1,1000,True,978
simulated,ando-series_a@t1/010-t3-start,ando-series_a,E1,1500,True,1477
simulated,ando-series_a@t1/010-t3-start,ando-series_a,E1,3000,True,2984
simulated,ando-series_a@t1/010-t3-start,ando-series_a,E1,6000,True,2984
simulated,ando-series_a@t1/010-t3-start,ando-series_a,E1,all,True,2984
simulated,ando-series_a@t1/010-t3-start,ando-series_a,E4,250,False,246
simulated,ando-series_a@t1/010-t3-start,ando-series_a,E4,500,False,490
simulated,ando-series_a@t1/010-t3-start,ando-series_a,E4,1000,False,995
simulated,ando-series_a@t1/010-t3-start,ando-series_a,E4,1500,True,1474
simulated,ando-series_a@t1/010-t3-start,ando-series_a,E4,3000,True,2984
simulated,ando-series_a@t1/010-t3-start,ando-series_a,E4,6000,True,2984
simulated,ando-series_a@t1/010-t3-start,ando-series_a,E4,all,True,2984
simulated,ando-series_a@t1/010-t3-middle,ando-series_a,D1,250,False,217
simulated,ando-series_a@t1/010-t3-middle,ando-series_a,D1,500,False,217
simulated,ando-series_a@t1/010-t3-middle,ando-series_a,D1,1000,True,894
simulated,ando-series_a@t1/010-t3-middle,ando-series_a,D1,1500,True,1354
simulated,ando-series_a@t1/010-t3-middle,ando-series_a,D1,3000,True,2765
simulated,ando-series_a@t1/010-t3-middle,ando-series_a,D1,6000,True,3652
simulated,ando-series_a@t1/010-t3-middle,ando-series_a,D1,all,True,3652
simulated,ando-series_a@t1/010-t3-middle,ando-series_a,D2,250,True,121
simulated,ando-series_a@t1/010-t3-middle,ando-series_a,D2,500,True,425
simulated,ando-series_a@t1/010-t3-middle,ando-series_a,D2,1000,True,642
simulated,ando-series_a@t1/010-t3-middle,ando-series_a,D2,1500,True,1427
simulated,ando-series_a@t1/010-t3-middle,ando-series_a,D2,3000,True,2943
simulated,ando-series_a@t1/010-t3-middle,ando-series_a,D2,6000,True,3652
simulated,ando-series_a@t1/010-t3-middle,ando-series_a,D2,all,True,3652
simulated,ando-series_a@t1/010-t3-middle,ando-series_a,B2,250,False,0
simulated,ando-series_a@t1/010-t3-middle,ando-series_a,B2,500,False,279
simulated,ando-series_a@t1/010-t3-middle,ando-series_a,B2,1000,False,799
simulated,ando-series_a@t1/010-t3-middle,ando-series_a,B2,1500,True,1448
simulated,ando-series_a@t1/010-t3-middle,ando-series_a,B2,3000,True,2774
simulated,ando-series_a@t1/010-t3-middle,ando-series_a,B2,6000,True,5964
simulated,ando-series_a@t1/010-t3-middle,ando-series_a,B2,all,True,7364
simulated,ando-series_a@t1/010-t3-middle,ando-series_a,D4,250,False,0
simulated,ando-series_a@t1/010-t3-middle,ando-series_a,D4,500,False,304
simulated,ando-series_a@t1/010-t3-middle,ando-series_a,D4,1000,False,882
simulated,ando-series_a@t1/010-t3-middle,ando-series_a,D4,1500,False,1494
simulated,ando-series_a@t1/010-t3-middle,ando-series_a,D4,3000,True,2973
simulated,ando-series_a@t1/010-t3-middle,ando-series_a,D4,6000,True,3652
simulated,ando-series_a@t1/010-t3-middle,ando-series_a,D4,all,True,3652
simulated,ando-series_a@t1/010-t3-middle,ando-series_a,Z4,250,False,0
simulated,ando-series_a@t1/010-t3-middle,ando-series_a,Z4,500,False,409
simulated,ando-series_a@t1/010-t3-middle,ando-series_a,Z4,1000,False,686
simulated,ando-series_a@t1/010-t3-middle,ando-series_a,Z4,1500,False,1275
simulated,ando-series_a@t1/010-t3-middle,ando-series_a,Z4,3000,False,2980
simulated,ando-series_a@t1/010-t3-middle,ando-series_a,Z4,6000,True,3732
simulated,ando-series_a@t1/010-t3-middle,ando-series_a,Z4,all,True,3732
simulated,ando-series_a@t1/010-t3-middle,ando-series_a,L4,250,False,226
simulated,ando-series_a@t1/010-t3-middle,ando-series_a,L4,500,False,293
simulated,ando-series_a@t1/010-t3-middle,ando-series_a,L4,1000,False,808
simulated,ando-series_a@t1/010-t3-middle,ando-series_a,L4,1500,False,1438
simulated,ando-series_a@t1/010-t3-middle,ando-series_a,L4,3000,True,2713
simulated,ando-series_a@t1/010-t3-middle,ando-series_a,L4,6000,True,3839
simulated,ando-series_a@t1/010-t3-middle,ando-series_a,L4,all,True,3839
simulated,ando-series_a@t1/010-t3-middle,ando-series_a,L2,250,False,0
simulated,ando-series_a@t1/010-t3-middle,ando-series_a,L2,500,True,440
simulated,ando-series_a@t1/010-t3-middle,ando-series_a,L2,1000,True,643
simulated,ando-series_a@t1/010-t3-middle,ando-series_a,L2,1500,True,1483
simulated,ando-series_a@t1/010-t3-middle,ando-series_a,L2,3000,True,2762
simulated,ando-series_a@t1/010-t3-middle,ando-series_a,L2,6000,True,3839
simulated,ando-series_a@t1/010-t3-middle,ando-series_a,L2,all,True,3839
simulated,ando-series_a@t1/010-t3-middle,ando-series_a,E1,250,False,227
simulated,ando-series_a@t1/010-t3-middle,ando-series_a,E1,500,False,492
simulated,ando-series_a@t1/010-t3-middle,ando-series_a,E1,1000,True,967
simulated,ando-series_a@t1/010-t3-middle,ando-series_a,E1,1500,True,1489
simulated,ando-series_a@t1/010-t3-middle,ando-series_a,E1,3000,True,2979
simulated,ando-series_a@t1/010-t3-middle,ando-series_a,E1,6000,True,3920
simulated,ando-series_a@t1/010-t3-middle,ando-series_a,E1,all,True,3920
simulated,ando-series_a@t1/010-t3-middle,ando-series_a,E4,250,False,214
simulated,ando-series_a@t1/010-t3-middle,ando-series_a,E4,500,False,480
simulated,ando-series_a@t1/010-t3-middle,ando-series_a,E4,1000,False,985
simulated,ando-series_a@t1/010-t3-middle,ando-series_a,E4,1500,False,1489
simulated,ando-series_a@t1/010-t3-middle,ando-series_a,E4,3000,False,2993
simulated,ando-series_a@t1/010-t3-middle,ando-series_a,E4,6000,True,3920
simulated,ando-series_a@t1/010-t3-middle,ando-series_a,E4,all,True,3920
simulated,ando-series_a@t1/010-t4-start,ando-series_a,D1,250,False,237
simulated,ando-series_a@t1/010-t4-start,ando-series_a,D1,500,False,352
simulated,ando-series_a@t1/010-t4-start,ando-series_a,D1,1000,False,859
simulated,ando-series_a@t1/010-t4-start,ando-series_a,D1,1500,True,1481
simulated,ando-series_a@t1/010-t4-start,ando-series_a,D1,3000,True,2806
simulated,ando-series_a@t1/010-t4-start,ando-series_a,D1,6000,True,5036
simulated,ando-series_a@t1/010-t4-start,ando-series_a,D1,all,True,5036
simulated,ando-series_a@t1/010-t4-start,ando-series_a,D2,250,True,226
simulated,ando-series_a@t1/010-t4-start,ando-series_a,D2,500,True,450
simulated,ando-series_a@t1/010-t4-start,ando-series_a,D2,1000,True,951
simulated,ando-series_a@t1/010-t4-start,ando-series_a,D2,1500,True,1416
simulated,ando-series_a@t1/010-t4-start,ando-series_a,D2,3000,True,2693
simulated,ando-series_a@t1/010-t4-start,ando-series_a,D2,6000,True,5036
simulated,ando-series_a@t1/010-t4-start,ando-series_a,D2,all,True,5036
simulated,ando-series_a@t1/010-t4-start,ando-series_a,B2,250,True,185
simulated,ando-series_a@t1/010-t4-start,ando-series_a,B2,500,True,398
simulated,ando-series_a@t1/010-t4-start,ando-series_a,B2,1000,True,909
simulated,ando-series_a@t1/010-t4-start,ando-series_a,B2,1500,True,1393
simulated,ando-series_a@t1/010-t4-start,ando-series_a,B2,3000,True,2800
simulated,ando-series_a@t1/010-t4-start,ando-series_a,B2,6000,True,5763
simulated,ando-series_a@t1/010-t4-start,ando-series_a,B2,all,True,9640
simulated,ando-series_a@t1/010-t4-start,ando-series_a,D4,250,False,115
simulated,ando-series_a@t1/010-t4-start,ando-series_a,D4,500,False,115
simulated,ando-series_a@t1/010-t4-start,ando-series_a,D4,1000,True,961
simulated,ando-series_a@t1/010-t4-start,ando-series_a,D4,1500,True,1365
simulated,ando-series_a@t1/010-t4-start,ando-series_a,D4,3000,True,2946
simulated,ando-series_a@t1/010-t4-start,ando-series_a,D4,6000,True,5036
simulated,ando-series_a@t1/010-t4-start,ando-series_a,D4,all,True,5036
simulated,ando-series_a@t1/010-t4-start,ando-series_a,Z4,250,False,237
simulated,ando-series_a@t1/010-t4-start,ando-series_a,Z4,500,False,237
simulated,ando-series_a@t1/010-t4-start,ando-series_a,Z4,1000,False,646
simulated,ando-series_a@t1/010-t4-start,ando-series_a,Z4,1500,False,1334
simulated,ando-series_a@t1/010-t4-start,ando-series_a,Z4,3000,True,2967
simulated,ando-series_a@t1/010-t4-start,ando-series_a,Z4,6000,True,5055
simulated,ando-series_a@t1/010-t4-start,ando-series_a,Z4,all,True,5055
simulated,ando-series_a@t1/010-t4-start,ando-series_a,L4,250,False,133
simulated,ando-series_a@t1/010-t4-start,ando-series_a,L4,500,False,133
simulated,ando-series_a@t1/010-t4-start,ando-series_a,L4,1000,False,876
simulated,ando-series_a@t1/010-t4-start,ando-series_a,L4,1500,True,1434
simulated,ando-series_a@t1/010-t4-start,ando-series_a,L4,3000,True,2953
simulated,ando-series_a@t1/010-t4-start,ando-series_a,L4,6000,True,5303
simulated,ando-series_a@t1/010-t4-start,ando-series_a,L4,all,True,5303
simulated,ando-series_a@t1/010-t4-start,ando-series_a,L2,250,True,248
simulated,ando-series_a@t1/010-t4-start,ando-series_a,L2,500,True,480
simulated,ando-series_a@t1/010-t4-start,ando-series_a,L2,1000,True,991
simulated,ando-series_a@t1/010-t4-start,ando-series_a,L2,1500,True,1332
simulated,ando-series_a@t1/010-t4-start,ando-series_a,L2,3000,True,2895
simulated,ando-series_a@t1/010-t4-start,ando-series_a,L2,6000,True,5303
simulated,ando-series_a@t1/010-t4-start,ando-series_a,L2,all,True,5303
simulated,ando-series_a@t1/010-t4-start,ando-series_a,E1,250,False,232
simulated,ando-series_a@t1/010-t4-start,ando-series_a,E1,500,False,484
simulated,ando-series_a@t1/010-t4-start,ando-series_a,E1,1000,True,977
simulated,ando-series_a@t1/010-t4-start,ando-series_a,E1,1500,True,1495
simulated,ando-series_a@t1/010-t4-start,ando-series_a,E1,3000,True,2985
simulated,ando-series_a@t1/010-t4-start,ando-series_a,E1,6000,True,5175
simulated,ando-series_a@t1/010-t4-start,ando-series_a,E1,all,True,5175
simulated,ando-series_a@t1/010-t4-start,ando-series_a,E4,250,False,246
simulated,ando-series_a@t1/010-t4-start,ando-series_a,E4,500,False,486
simulated,ando-series_a@t1/010-t4-start,ando-series_a,E4,1000,True,996
simulated,ando-series_a@t1/010-t4-start,ando-series_a,E4,1500,True,1484
simulated,ando-series_a@t1/010-t4-start,ando-series_a,E4,3000,True,2965
simulated,ando-series_a@t1/010-t4-start,ando-series_a,E4,6000,True,5175
simulated,ando-series_a@t1/010-t4-start,ando-series_a,E4,all,True,5175
simulated,ando-series_a@t1/010-t4-middle,ando-series_a,D1,250,False,228
simulated,ando-series_a@t1/010-t4-middle,ando-series_a,D1,500,False,228
simulated,ando-series_a@t1/010-t4-middle,ando-series_a,D1,1000,True,850
simulated,ando-series_a@t1/010-t4-middle,ando-series_a,D1,1500,True,1411
simulated,ando-series_a@t1/010-t4-middle,ando-series_a,D1,3000,True,2968
simulated,ando-series_a@t1/010-t4-middle,ando-series_a,D1,6000,True,5461
simulated,ando-series_a@t1/010-t4-middle,ando-series_a,D1,all,True,5461
simulated,ando-series_a@t1/010-t4-middle,ando-series_a,D2,250,True,121
simulated,ando-series_a@t1/010-t4-middle,ando-series_a,D2,500,True,121
simulated,ando-series_a@t1/010-t4-middle,ando-series_a,D2,1000,True,974
simulated,ando-series_a@t1/010-t4-middle,ando-series_a,D2,1500,True,1496
simulated,ando-series_a@t1/010-t4-middle,ando-series_a,D2,3000,True,2899
simulated,ando-series_a@t1/010-t4-middle,ando-series_a,D2,6000,True,5461
simulated,ando-series_a@t1/010-t4-middle,ando-series_a,D2,all,True,5461
simulated,ando-series_a@t1/010-t4-middle,ando-series_a,B2,250,False,213
simulated,ando-series_a@t1/010-t4-middle,ando-series_a,B2,500,True,398
simulated,ando-series_a@t1/010-t4-middle,ando-series_a,B2,1000,True,883
simulated,ando-series_a@t1/010-t4-middle,ando-series_a,B2,1500,True,1395
simulated,ando-series_a@t1/010-t4-middle,ando-series_a,B2,3000,True,2824
simulated,ando-series_a@t1/010-t4-middle,ando-series_a,B2,6000,True,5932
simulated,ando-series_a@t1/010-t4-middle,ando-series_a,B2,all,True,10098
simulated,ando-series_a@t1/010-t4-middle,ando-series_a,D4,250,False,38
simulated,ando-series_a@t1/010-t4-middle,ando-series_a,D4,500,False,385
simulated,ando-series_a@t1/010-t4-middle,ando-series_a,D4,1000,False,922
simulated,ando-series_a@t1/010-t4-middle,ando-series_a,D4,1500,False,1423
simulated,ando-series_a@t1/010-t4-middle,ando-series_a,D4,3000,False,2915
simulated,ando-series_a@t1/010-t4-middle,ando-series_a,D4,6000,True,5461
simulated,ando-series_a@t1/010-t4-middle,ando-series_a,D4,all,True,5461
simulated,ando-series_a@t1/010-t4-middle,ando-series_a,Z4,250,False,0
simulated,ando-series_a@t1/010-t4-middle,ando-series_a,Z4,500,False,352
simulated,ando-series_a@t1/010-t4-middle,ando-series_a,Z4,1000,False,778
simulated,ando-series_a@t1/010-t4-middle,ando-series_a,Z4,1500,False,1142
simulated,ando-series_a@t1/010-t4-middle,ando-series_a,Z4,3000,False,2536
simulated,ando-series_a@t1/010-t4-middle,ando-series_a,Z4,6000,True,5481
simulated,ando-series_a@t1/010-t4-middle,ando-series_a,Z4,all,True,5481
simulated,ando-series_a@t1/010-t4-middle,ando-series_a,L4,250,False,93
simulated,ando-series_a@t1/010-t4-middle,ando-series_a,L4,500,False,330
simulated,ando-series_a@t1/010-t4-middle,ando-series_a,L4,1000,False,996
simulated,ando-series_a@t1/010-t4-middle,ando-series_a,L4,1500,False,1421
simulated,ando-series_a@t1/010-t4-middle,ando-series_a,L4,3000,False,2896
simulated,ando-series_a@t1/010-t4-middle,ando-series_a,L4,6000,True,5757
simulated,ando-series_a@t1/010-t4-middle,ando-series_a,L4,all,True,5757
simulated,ando-series_a@t1/010-t4-middle,ando-series_a,L2,250,True,128
simulated,ando-series_a@t1/010-t4-middle,ando-series_a,L2,500,True,128
simulated,ando-series_a@t1/010-t4-middle,ando-series_a,L2,1000,True,839
simulated,ando-series_a@t1/010-t4-middle,ando-series_a,L2,1500,True,1306
simulated,ando-series_a@t1/010-t4-middle,ando-series_a,L2,3000,True,2989
simulated,ando-series_a@t1/010-t4-middle,ando-series_a,L2,6000,True,5757
simulated,ando-series_a@t1/010-t4-middle,ando-series_a,L2,all,True,5757
simulated,ando-series_a@t1/010-t4-middle,ando-series_a,E1,250,True,203
simulated,ando-series_a@t1/010-t4-middle,ando-series_a,E1,500,True,490
simulated,ando-series_a@t1/010-t4-middle,ando-series_a,E1,1000,True,990
simulated,ando-series_a@t1/010-t4-middle,ando-series_a,E1,1500,True,1487
simulated,ando-series_a@t1/010-t4-middle,ando-series_a,E1,3000,True,2993
simulated,ando-series_a@t1/010-t4-middle,ando-series_a,E1,6000,True,5517
simulated,ando-series_a@t1/010-t4-middle,ando-series_a,E1,all,True,5517
simulated,ando-series_a@t1/010-t4-middle,ando-series_a,E4,250,False,236
simulated,ando-series_a@t1/010-t4-middle,ando-series_a,E4,500,False,489
simulated,ando-series_a@t1/010-t4-middle,ando-series_a,E4,1000,False,995
simulated,ando-series_a@t1/010-t4-middle,ando-series_a,E4,1500,True,1498
simulated,ando-series_a@t1/010-t4-middle,ando-series_a,E4,3000,True,2993
simulated,ando-series_a@t1/010-t4-middle,ando-series_a,E4,6000,True,5517
simulated,ando-series_a@t1/010-t4-middle,ando-series_a,E4,all,True,5517
simulated,ando-series_a@t1/010-t5-start,ando-series_a,D1,250,False,0
simulated,ando-series_a@t1/010-t5-start,ando-series_a,D1,500,False,460
simulated,ando-series_a@t1/010-t5-start,ando-series_a,D1,1000,False,956
simulated,ando-series_a@t1/010-t5-start,ando-series_a,D1,1500,False,1427
simulated,ando-series_a@t1/010-t5-start,ando-series_a,D1,3000,False,2821
simulated,ando-series_a@t1/010-t5-start,ando-series_a,D1,6000,True,5967
simulated,ando-series_a@t1/010-t5-start,ando-series_a,D1,all,True,6258
simulated,ando-series_a@t1/010-t5-start,ando-series_a,D2,250,False,192
simulated,ando-series_a@t1/010-t5-start,ando-series_a,D2,500,True,313
simulated,ando-series_a@t1/010-t5-start,ando-series_a,D2,1000,True,948
simulated,ando-series_a@t1/010-t5-start,ando-series_a,D2,1500,True,1451
simulated,ando-series_a@t1/010-t5-start,ando-series_a,D2,3000,True,2968
simulated,ando-series_a@t1/010-t5-start,ando-series_a,D2,6000,True,5765
simulated,ando-series_a@t1/010-t5-start,ando-series_a,D2,all,True,6258
simulated,ando-series_a@t1/010-t5-start,ando-series_a,B2,250,True,185
simulated,ando-series_a@t1/010-t5-start,ando-series_a,B2,500,True,398
simulated,ando-series_a@t1/010-t5-start,ando-series_a,B2,1000,True,922
simulated,ando-series_a@t1/010-t5-start,ando-series_a,B2,1500,True,1432
simulated,ando-series_a@t1/010-t5-start,ando-series_a,B2,3000,True,2958
simulated,ando-series_a@t1/010-t5-start,ando-series_a,B2,6000,True,5982
simulated,ando-series_a@t1/010-t5-start,ando-series_a,B2,all,True,11574
simulated,ando-series_a@t1/010-t5-start,ando-series_a,D4,250,False,218
simulated,ando-series_a@t1/010-t5-start,ando-series_a,D4,500,False,218
simulated,ando-series_a@t1/010-t5-start,ando-series_a,D4,1000,False,830
simulated,ando-series_a@t1/010-t5-start,ando-series_a,D4,1500,False,1301
simulated,ando-series_a@t1/010-t5-start,ando-series_a,D4,3000,True,2649
simulated,ando-series_a@t1/010-t5-start,ando-series_a,D4,6000,True,5877
simulated,ando-series_a@t1/010-t5-start,ando-series_a,D4,all,True,6258
simulated,ando-series_a@t1/010-t5-start,ando-series_a,Z4,250,False,0
simulated,ando-series_a@t1/010-t5-start,ando-series_a,Z4,500,False,426
simulated,ando-series_a@t1/010-t5-start,ando-series_a,Z4,1000,False,778
simulated,ando-series_a@t1/010-t5-start,ando-series_a,Z4,1500,False,1187
simulated,ando-series_a@t1/010-t5-start,ando-series_a,Z4,3000,False,2782
simulated,ando-series_a@t1/010-t5-start,ando-series_a,Z4,6000,True,5838
simulated,ando-series_a@t1/010-t5-start,ando-series_a,Z4,all,True,6170
simulated,ando-series_a@t1/010-t5-start,ando-series_a,L4,250,False,229
simulated,ando-series_a@t1/010-t5-start,ando-series_a,L4,500,False,229
simulated,ando-series_a@t1/010-t5-start,ando-series_a,L4,1000,False,869
simulated,ando-series_a@t1/010-t5-start,ando-series_a,L4,1500,False,1359
simulated,ando-series_a@t1/010-t5-start,ando-series_a,L4,3000,True,2762
simulated,ando-series_a@t1/010-t5-start,ando-series_a,L4,6000,True,5960
simulated,ando-series_a@t1/010-t5-start,ando-series_a,L4,all,True,6611
simulated,ando-series_a@t1/010-t5-start,ando-series_a,L2,250,True,128
simulated,ando-series_a@t1/010-t5-start,ando-series_a,L2,500,True,331
simulated,ando-series_a@t1/010-t5-start,ando-series_a,L2,1000,True,982
simulated,ando-series_a@t1/010-t5-start,ando-series_a,L2,1500,True,1214
simulated,ando-series_a@t1/010-t5-start,ando-series_a,L2,3000,True,2987
simulated,ando-series_a@t1/010-t5-start,ando-series_a,L2,6000,True,5960
simulated,ando-series_a@t1/010-t5-start,ando-series_a,L2,all,True,6611
simulated,ando-series_a@t1/010-t5-start,ando-series_a,E1,250,False,244
simulated,ando-series_a@t1/010-t5-start,ando-series_a,E1,500,True,478
simulated,ando-series_a@t1/010-t5-start,ando-series_a,E1,1000,True,992
simulated,ando-series_a@t1/010-t5-start,ando-series_a,E1,1500,True,1487
simulated,ando-series_a@t1/010-t5-start,ando-series_a,E1,3000,True,2986
simulated,ando-series_a@t1/010-t5-start,ando-series_a,E1,6000,True,5982
simulated,ando-series_a@t1/010-t5-start,ando-series_a,E1,all,True,6487
simulated,ando-series_a@t1/010-t5-start,ando-series_a,E4,250,False,222
simulated,ando-series_a@t1/010-t5-start,ando-series_a,E4,500,False,480
simulated,ando-series_a@t1/010-t5-start,ando-series_a,E4,1000,False,993
simulated,ando-series_a@t1/010-t5-start,ando-series_a,E4,1500,True,1491
simulated,ando-series_a@t1/010-t5-start,ando-series_a,E4,3000,True,2990
simulated,ando-series_a@t1/010-t5-start,ando-series_a,E4,6000,True,5975
simulated,ando-series_a@t1/010-t5-start,ando-series_a,E4,all,True,6487
simulated,ando-series_a@t1/010-t5-middle,ando-series_a,D1,250,False,0
simulated,ando-series_a@t1/010-t5-middle,ando-series_a,D1,500,False,385
simulated,ando-series_a@t1/010-t5-middle,ando-series_a,D1,1000,False,839
simulated,ando-series_a@t1/010-t5-middle,ando-series_a,D1,1500,False,1499
simulated,ando-series_a@t1/010-t5-middle,ando-series_a,D1,3000,False,2911
simulated,ando-series_a@t1/010-t5-middle,ando-series_a,D1,6000,False,5920
simulated,ando-series_a@t1/010-t5-middle,ando-series_a,D1,all,True,6847
simulated,ando-series_a@t1/010-t5-middle,ando-series_a,D2,250,False,0
simulated,ando-series_a@t1/010-t5-middle,ando-series_a,D2,500,False,0
simulated,ando-series_a@t1/010-t5-middle,ando-series_a,D2,1000,False,986
simulated,ando-series_a@t1/010-t5-middle,ando-series_a,D2,1500,False,1384
simulated,ando-series_a@t1/010-t5-middle,ando-series_a,D2,3000,False,2894
simulated,ando-series_a@t1/010-t5-middle,ando-series_a,D2,6000,True,5901
simulated,ando-series_a@t1/010-t5-middle,ando-series_a,D2,all,True,6847
simulated,ando-series_a@t1/010-t5-middle,ando-series_a,B2,250,False,0
simulated,ando-series_a@t1/010-t5-middle,ando-series_a,B2,500,False,273
simulated,ando-series_a@t1/010-t5-middle,ando-series_a,B2,1000,False,768
simulated,ando-series_a@t1/010-t5-middle,ando-series_a,B2,1500,False,1298
simulated,ando-series_a@t1/010-t5-middle,ando-series_a,B2,3000,False,3000
simulated,ando-series_a@t1/010-t5-middle,ando-series_a,B2,6000,True,5860
simulated,ando-series_a@t1/010-t5-middle,ando-series_a,B2,all,True,13400
simulated,ando-series_a@t1/010-t5-middle,ando-series_a,D4,250,False,0
simulated,ando-series_a@t1/010-t5-middle,ando-series_a,D4,500,False,427
simulated,ando-series_a@t1/010-t5-middle,ando-series_a,D4,1000,False,928
simulated,ando-series_a@t1/010-t5-middle,ando-series_a,D4,1500,False,1343
simulated,ando-series_a@t1/010-t5-middle,ando-series_a,D4,3000,False,2981
simulated,ando-series_a@t1/010-t5-middle,ando-series_a,D4,6000,False,5880
simulated,ando-series_a@t1/010-t5-middle,ando-series_a,D4,all,True,6847
simulated,ando-series_a@t1/010-t5-middle,ando-series_a,Z4,250,False,0
simulated,ando-series_a@t1/010-t5-middle,ando-series_a,Z4,500,False,285
simulated,ando-series_a@t1/010-t5-middle,ando-series_a,Z4,1000,False,974
simulated,ando-series_a@t1/010-t5-middle,ando-series_a,Z4,1500,False,1251
simulated,ando-series_a@t1/010-t5-middle,ando-series_a,Z4,3000,False,2973
simulated,ando-series_a@t1/010-t5-middle,ando-series_a,Z4,6000,False,5957
simulated,ando-series_a@t1/010-t5-middle,ando-series_a,Z4,all,True,7316
simulated,ando-series_a@t1/010-t5-middle,ando-series_a,L4,250,False,0
simulated,ando-series_a@t1/010-t5-middle,ando-series_a,L4,500,False,448
simulated,ando-series_a@t1/010-t5-middle,ando-series_a,L4,1000,False,959
simulated,ando-series_a@t1/010-t5-middle,ando-series_a,L4,1500,False,1165
simulated,ando-series_a@t1/010-t5-middle,ando-series_a,L4,3000,False,2868
simulated,ando-series_a@t1/010-t5-middle,ando-series_a,L4,6000,False,5957
simulated,ando-series_a@t1/010-t5-middle,ando-series_a,L4,all,True,7227
simulated,ando-series_a@t1/010-t5-middle,ando-series_a,L2,250,False,0
simulated,ando-series_a@t1/010-t5-middle,ando-series_a,L2,500,False,280
simulated,ando-series_a@t1/010-t5-middle,ando-series_a,L2,1000,False,791
simulated,ando-series_a@t1/010-t5-middle,ando-series_a,L2,1500,False,1367
simulated,ando-series_a@t1/010-t5-middle,ando-series_a,L2,3000,True,2907
simulated,ando-series_a@t1/010-t5-middle,ando-series_a,L2,6000,True,5842
simulated,ando-series_a@t1/010-t5-middle,ando-series_a,L2,all,True,7227
simulated,ando-series_a@t1/010-t5-middle,ando-series_a,E1,250,False,224
simulated,ando-series_a@t1/010-t5-middle,ando-series_a,E1,500,False,479
simulated,ando-series_a@t1/010-t5-middle,ando-series_a,E1,1000,False,995
simulated,ando-series_a@t1/010-t5-middle,ando-series_a,E1,1500,False,1499
simulated,ando-series_a@t1/010-t5-middle,ando-series_a,E1,3000,False,2970
simulated,ando-series_a@t1/010-t5-middle,ando-series_a,E1,6000,True,5983
simulated,ando-series_a@t1/010-t5-middle,ando-series_a,E1,all,True,7387
simulated,ando-series_a@t1/010-t5-middle,ando-series_a,E4,250,False,237
simulated,ando-series_a@t1/010-t5-middle,ando-series_a,E4,500,False,500
simulated,ando-series_a@t1/010-t5-middle,ando-series_a,E4,1000,False,991
simulated,ando-series_a@t1/010-t5-middle,ando-series_a,E4,1500,False,1487
simulated,ando-series_a@t1/010-t5-middle,ando-series_a,E4,3000,False,2989
simulated,ando-series_a@t1/010-t5-middle,ando-series_a,E4,6000,False,5988
simulated,ando-series_a@t1/010-t5-middle,ando-series_a,E4,all,True,7387
simulated,ando-series_a@t1/010-t6-start,ando-series_a,D1,250,False,192
simulated,ando-series_a@t1/010-t6-start,ando-series_a,D1,500,False,460
simulated,ando-series_a@t1/010-t6-start,ando-series_a,D1,1000,False,549
simulated,ando-series_a@t1/010-t6-start,ando-series_a,D1,1500,False,1481
simulated,ando-series_a@t1/010-t6-start,ando-series_a,D1,3000,True,2905
simulated,ando-series_a@t1/010-t6-start,ando-series_a,D1,6000,True,5954
simulated,ando-series_a@t1/010-t6-start,ando-series_a,D1,all,True,8308
simulated,ando-series_a@t1/010-t6-start,ando-series_a,D2,250,False,36
simulated,ando-series_a@t1/010-t6-start,ando-series_a,D2,500,False,36
simulated,ando-series_a@t1/010-t6-start,ando-series_a,D2,1000,False,944
simulated,ando-series_a@t1/010-t6-start,ando-series_a,D2,1500,True,1405
simulated,ando-series_a@t1/010-t6-start,ando-series_a,D2,3000,True,2796
simulated,ando-series_a@t1/010-t6-start,ando-series_a,D2,6000,True,5831
simulated,ando-series_a@t1/010-t6-start,ando-series_a,D2,all,True,8308
simulated,ando-series_a@t1/010-t6-start,ando-series_a,B2,250,True,185
simulated,ando-series_a@t1/010-t6-start,ando-series_a,B2,500,True,432
simulated,ando-series_a@t1/010-t6-start,ando-series_a,B2,1000,True,918
simulated,ando-series_a@t1/010-t6-start,ando-series_a,B2,1500,True,1398
simulated,ando-series_a@t1/010-t6-start,ando-series_a,B2,3000,True,2990
simulated,ando-series_a@t1/010-t6-start,ando-series_a,B2,6000,True,5937
simulated,ando-series_a@t1/010-t6-start,ando-series_a,B2,all,True,15985
simulated,ando-series_a@t1/010-t6-start,ando-series_a,D4,250,False,36
simulated,ando-series_a@t1/010-t6-start,ando-series_a,D4,500,False,36
simulated,ando-series_a@t1/010-t6-start,ando-series_a,D4,1000,False,940
simulated,ando-series_a@t1/010-t6-start,ando-series_a,D4,1500,False,1357
simulated,ando-series_a@t1/010-t6-start,ando-series_a,D4,3000,True,2998
simulated,ando-series_a@t1/010-t6-start,ando-series_a,D4,6000,True,5864
simulated,ando-series_a@t1/010-t6-start,ando-series_a,D4,all,True,8308
simulated,ando-series_a@t1/010-t6-start,ando-series_a,Z4,250,False,237
simulated,ando-series_a@t1/010-t6-start,ando-series_a,Z4,500,False,237
simulated,ando-series_a@t1/010-t6-start,ando-series_a,Z4,1000,False,838
simulated,ando-series_a@t1/010-t6-start,ando-series_a,Z4,1500,False,1338
simulated,ando-series_a@t1/010-t6-start,ando-series_a,Z4,3000,False,2915
simulated,ando-series_a@t1/010-t6-start,ando-series_a,Z4,6000,False,5930
simulated,ando-series_a@t1/010-t6-start,ando-series_a,Z4,all,True,8374
simulated,ando-series_a@t1/010-t6-start,ando-series_a,L4,250,False,112
simulated,ando-series_a@t1/010-t6-start,ando-series_a,L4,500,False,112
simulated,ando-series_a@t1/010-t6-start,ando-series_a,L4,1000,False,994
simulated,ando-series_a@t1/010-t6-start,ando-series_a,L4,1500,False,1325
simulated,ando-series_a@t1/010-t6-start,ando-series_a,L4,3000,False,2938
simulated,ando-series_a@t1/010-t6-start,ando-series_a,L4,6000,True,5974
simulated,ando-series_a@t1/010-t6-start,ando-series_a,L4,all,True,8771
simulated,ando-series_a@t1/010-t6-start,ando-series_a,L2,250,False,45
simulated,ando-series_a@t1/010-t6-start,ando-series_a,L2,500,False,45
simulated,ando-series_a@t1/010-t6-start,ando-series_a,L2,1000,True,898
simulated,ando-series_a@t1/010-t6-start,ando-series_a,L2,1500,True,1497
simulated,ando-series_a@t1/010-t6-start,ando-series_a,L2,3000,True,2902
simulated,ando-series_a@t1/010-t6-start,ando-series_a,L2,6000,True,5914
simulated,ando-series_a@t1/010-t6-start,ando-series_a,L2,all,True,8771
simulated,ando-series_a@t1/010-t6-start,ando-series_a,E1,250,False,243
simulated,ando-series_a@t1/010-t6-start,ando-series_a,E1,500,False,500
simulated,ando-series_a@t1/010-t6-start,ando-series_a,E1,1000,False,963
simulated,ando-series_a@t1/010-t6-start,ando-series_a,E1,1500,True,1481
simulated,ando-series_a@t1/010-t6-start,ando-series_a,E1,3000,True,2992
simulated,ando-series_a@t1/010-t6-start,ando-series_a,E1,6000,True,5996
simulated,ando-series_a@t1/010-t6-start,ando-series_a,E1,all,True,9029
simulated,ando-series_a@t1/010-t6-start,ando-series_a,E4,250,False,241
simulated,ando-series_a@t1/010-t6-start,ando-series_a,E4,500,False,486
simulated,ando-series_a@t1/010-t6-start,ando-series_a,E4,1000,False,990
simulated,ando-series_a@t1/010-t6-start,ando-series_a,E4,1500,False,1485
simulated,ando-series_a@t1/010-t6-start,ando-series_a,E4,3000,False,2991
simulated,ando-series_a@t1/010-t6-start,ando-series_a,E4,6000,False,6000
simulated,ando-series_a@t1/010-t6-start,ando-series_a,E4,all,True,9029
simulated,ando-series_a@t1/010-t6-middle,ando-series_a,D1,250,False,224
simulated,ando-series_a@t1/010-t6-middle,ando-series_a,D1,500,False,450
simulated,ando-series_a@t1/010-t6-middle,ando-series_a,D1,1000,False,667
simulated,ando-series_a@t1/010-t6-middle,ando-series_a,D1,1500,False,1127
simulated,ando-series_a@t1/010-t6-middle,ando-series_a,D1,3000,False,2978
simulated,ando-series_a@t1/010-t6-middle,ando-series_a,D1,6000,False,5997
simulated,ando-series_a@t1/010-t6-middle,ando-series_a,D1,all,True,8682
simulated,ando-series_a@t1/010-t6-middle,ando-series_a,D2,250,False,228
simulated,ando-series_a@t1/010-t6-middle,ando-series_a,D2,500,False,228
simulated,ando-series_a@t1/010-t6-middle,ando-series_a,D2,1000,False,997
simulated,ando-series_a@t1/010-t6-middle,ando-series_a,D2,1500,False,1422
simulated,ando-series_a@t1/010-t6-middle,ando-series_a,D2,3000,True,2843
simulated,ando-series_a@t1/010-t6-middle,ando-series_a,D2,6000,True,5966
simulated,ando-series_a@t1/010-t6-middle,ando-series_a,D2,all,True,8682
simulated,ando-series_a@t1/010-t6-middle,ando-series_a,B2,250,False,213
simulated,ando-series_a@t1/010-t6-middle,ando-series_a,B2,500,False,460
simulated,ando-series_a@t1/010-t6-middle,ando-series_a,B2,1000,True,884
simulated,ando-series_a@t1/010-t6-middle,ando-series_a,B2,1500,True,1341
simulated,ando-series_a@t1/010-t6-middle,ando-series_a,B2,3000,True,2953
simulated,ando-series_a@t1/010-t6-middle,ando-series_a,B2,6000,True,5833
simulated,ando-series_a@t1/010-t6-middle,ando-series_a,B2,all,True,16257
simulated,ando-series_a@t1/010-t6-middle,ando-series_a,D4,250,False,228
simulated,ando-series_a@t1/010-t6-middle,ando-series_a,D4,500,False,452
simulated,ando-series_a@t1/010-t6-middle,ando-series_a,D4,1000,False,812
simulated,ando-series_a@t1/010-t6-middle,ando-series_a,D4,1500,False,1149
simulated,ando-series_a@t1/010-t6-middle,ando-series_a,D4,3000,False,2938
simulated,ando-series_a@t1/010-t6-middle,ando-series_a,D4,6000,False,5971
simulated,ando-series_a@t1/010-t6-middle,ando-series_a,D4,all,True,8682
simulated,ando-series_a@t1/010-t6-middle,ando-series_a,Z4,250,False,0
simulated,ando-series_a@t1/010-t6-middle,ando-series_a,Z4,500,False,273
simulated,ando-series_a@t1/010-t6-middle,ando-series_a,Z4,1000,False,894
simulated,ando-series_a@t1/010-t6-middle,ando-series_a,Z4,1500,False,1485
simulated,ando-series_a@t1/010-t6-middle,ando-series_a,Z4,3000,False,2833
simulated,ando-series_a@t1/010-t6-middle,ando-series_a,Z4,6000,True,5733
simulated,ando-series_a@t1/010-t6-middle,ando-series_a,Z4,all,True,8690
simulated,ando-series_a@t1/010-t6-middle,ando-series_a,L4,250,False,237
simulated,ando-series_a@t1/010-t6-middle,ando-series_a,L4,500,False,469
simulated,ando-series_a@t1/010-t6-middle,ando-series_a,L4,1000,False,841
simulated,ando-series_a@t1/010-t6-middle,ando-series_a,L4,1500,False,1195
simulated,ando-series_a@t1/010-t6-middle,ando-series_a,L4,3000,False,2893
simulated,ando-series_a@t1/010-t6-middle,ando-series_a,L4,6000,False,5863
simulated,ando-series_a@t1/010-t6-middle,ando-series_a,L4,all,True,9161
simulated,ando-series_a@t1/010-t6-middle,ando-series_a,L2,250,False,237
simulated,ando-series_a@t1/010-t6-middle,ando-series_a,L2,500,False,237
simulated,ando-series_a@t1/010-t6-middle,ando-series_a,L2,1000,False,517
simulated,ando-series_a@t1/010-t6-middle,ando-series_a,L2,1500,False,1482
simulated,ando-series_a@t1/010-t6-middle,ando-series_a,L2,3000,True,2913
simulated,ando-series_a@t1/010-t6-middle,ando-series_a,L2,6000,True,5997
simulated,ando-series_a@t1/010-t6-middle,ando-series_a,L2,all,True,9161
simulated,ando-series_a@t1/010-t6-middle,ando-series_a,E1,250,False,247
simulated,ando-series_a@t1/010-t6-middle,ando-series_a,E1,500,False,489
simulated,ando-series_a@t1/010-t6-middle,ando-series_a,E1,1000,False,995
simulated,ando-series_a@t1/010-t6-middle,ando-series_a,E1,1500,False,1455
simulated,ando-series_a@t1/010-t6-middle,ando-series_a,E1,3000,False,2995
simulated,ando-series_a@t1/010-t6-middle,ando-series_a,E1,6000,True,5986
simulated,ando-series_a@t1/010-t6-middle,ando-series_a,E1,all,True,9223
simulated,ando-series_a@t1/010-t6-middle,ando-series_a,E4,250,False,248
simulated,ando-series_a@t1/010-t6-middle,ando-series_a,E4,500,False,476
simulated,ando-series_a@t1/010-t6-middle,ando-series_a,E4,1000,False,982
simulated,ando-series_a@t1/010-t6-middle,ando-series_a,E4,1500,False,1471
simulated,ando-series_a@t1/010-t6-middle,ando-series_a,E4,3000,False,2994
simulated,ando-series_a@t1/010-t6-middle,ando-series_a,E4,6000,False,5983
simulated,ando-series_a@t1/010-t6-middle,ando-series_a,E4,all,True,9223
simulated,ando-waitlist_email_owner@t1/014-t2-start,ando-waitlist_email_owner,D1,250,False,197
simulated,ando-waitlist_email_owner@t1/014-t2-start,ando-waitlist_email_owner,D1,500,True,427
simulated,ando-waitlist_email_owner@t1/014-t2-start,ando-waitlist_email_owner,D1,1000,True,874
simulated,ando-waitlist_email_owner@t1/014-t2-start,ando-waitlist_email_owner,D1,1500,True,1436
simulated,ando-waitlist_email_owner@t1/014-t2-start,ando-waitlist_email_owner,D1,3000,True,1436
simulated,ando-waitlist_email_owner@t1/014-t2-start,ando-waitlist_email_owner,D1,6000,True,1436
simulated,ando-waitlist_email_owner@t1/014-t2-start,ando-waitlist_email_owner,D1,all,True,1436
simulated,ando-waitlist_email_owner@t1/014-t2-start,ando-waitlist_email_owner,D2,250,True,212
simulated,ando-waitlist_email_owner@t1/014-t2-start,ando-waitlist_email_owner,D2,500,True,449
simulated,ando-waitlist_email_owner@t1/014-t2-start,ando-waitlist_email_owner,D2,1000,True,915
simulated,ando-waitlist_email_owner@t1/014-t2-start,ando-waitlist_email_owner,D2,1500,True,1436
simulated,ando-waitlist_email_owner@t1/014-t2-start,ando-waitlist_email_owner,D2,3000,True,1436
simulated,ando-waitlist_email_owner@t1/014-t2-start,ando-waitlist_email_owner,D2,6000,True,1436
simulated,ando-waitlist_email_owner@t1/014-t2-start,ando-waitlist_email_owner,D2,all,True,1436
simulated,ando-waitlist_email_owner@t1/014-t2-start,ando-waitlist_email_owner,B2,250,True,160
simulated,ando-waitlist_email_owner@t1/014-t2-start,ando-waitlist_email_owner,B2,500,True,339
simulated,ando-waitlist_email_owner@t1/014-t2-start,ando-waitlist_email_owner,B2,1000,True,974
simulated,ando-waitlist_email_owner@t1/014-t2-start,ando-waitlist_email_owner,B2,1500,True,1434
simulated,ando-waitlist_email_owner@t1/014-t2-start,ando-waitlist_email_owner,B2,3000,True,2758
simulated,ando-waitlist_email_owner@t1/014-t2-start,ando-waitlist_email_owner,B2,6000,True,2758
simulated,ando-waitlist_email_owner@t1/014-t2-start,ando-waitlist_email_owner,B2,all,True,2758
simulated,ando-waitlist_email_owner@t1/014-t2-start,ando-waitlist_email_owner,D4,250,False,224
simulated,ando-waitlist_email_owner@t1/014-t2-start,ando-waitlist_email_owner,D4,500,True,404
simulated,ando-waitlist_email_owner@t1/014-t2-start,ando-waitlist_email_owner,D4,1000,True,945
simulated,ando-waitlist_email_owner@t1/014-t2-start,ando-waitlist_email_owner,D4,1500,True,1436
simulated,ando-waitlist_email_owner@t1/014-t2-start,ando-waitlist_email_owner,D4,3000,True,1436
simulated,ando-waitlist_email_owner@t1/014-t2-start,ando-waitlist_email_owner,D4,6000,True,1436
simulated,ando-waitlist_email_owner@t1/014-t2-start,ando-waitlist_email_owner,D4,all,True,1436
simulated,ando-waitlist_email_owner@t1/014-t2-start,ando-waitlist_email_owner,Z4,250,False,237
simulated,ando-waitlist_email_owner@t1/014-t2-start,ando-waitlist_email_owner,Z4,500,False,237
simulated,ando-waitlist_email_owner@t1/014-t2-start,ando-waitlist_email_owner,Z4,1000,True,797
simulated,ando-waitlist_email_owner@t1/014-t2-start,ando-waitlist_email_owner,Z4,1500,True,1484
simulated,ando-waitlist_email_owner@t1/014-t2-start,ando-waitlist_email_owner,Z4,3000,True,1484
simulated,ando-waitlist_email_owner@t1/014-t2-start,ando-waitlist_email_owner,Z4,6000,True,1484
simulated,ando-waitlist_email_owner@t1/014-t2-start,ando-waitlist_email_owner,Z4,all,True,1484
simulated,ando-waitlist_email_owner@t1/014-t2-start,ando-waitlist_email_owner,L4,250,False,244
simulated,ando-waitlist_email_owner@t1/014-t2-start,ando-waitlist_email_owner,L4,500,True,361
simulated,ando-waitlist_email_owner@t1/014-t2-start,ando-waitlist_email_owner,L4,1000,True,880
simulated,ando-waitlist_email_owner@t1/014-t2-start,ando-waitlist_email_owner,L4,1500,True,1442
simulated,ando-waitlist_email_owner@t1/014-t2-start,ando-waitlist_email_owner,L4,3000,True,1531
simulated,ando-waitlist_email_owner@t1/014-t2-start,ando-waitlist_email_owner,L4,6000,True,1531
simulated,ando-waitlist_email_owner@t1/014-t2-start,ando-waitlist_email_owner,L4,all,True,1531
simulated,ando-waitlist_email_owner@t1/014-t2-start,ando-waitlist_email_owner,L2,250,True,227
simulated,ando-waitlist_email_owner@t1/014-t2-start,ando-waitlist_email_owner,L2,500,True,483
simulated,ando-waitlist_email_owner@t1/014-t2-start,ando-waitlist_email_owner,L2,1000,True,971
simulated,ando-waitlist_email_owner@t1/014-t2-start,ando-waitlist_email_owner,L2,1500,True,1452
simulated,ando-waitlist_email_owner@t1/014-t2-start,ando-waitlist_email_owner,L2,3000,True,1531
simulated,ando-waitlist_email_owner@t1/014-t2-start,ando-waitlist_email_owner,L2,6000,True,1531
simulated,ando-waitlist_email_owner@t1/014-t2-start,ando-waitlist_email_owner,L2,all,True,1531
simulated,ando-waitlist_email_owner@t1/014-t2-start,ando-waitlist_email_owner,E1,250,True,243
simulated,ando-waitlist_email_owner@t1/014-t2-start,ando-waitlist_email_owner,E1,500,True,495
simulated,ando-waitlist_email_owner@t1/014-t2-start,ando-waitlist_email_owner,E1,1000,True,983
simulated,ando-waitlist_email_owner@t1/014-t2-start,ando-waitlist_email_owner,E1,1500,True,1427
simulated,ando-waitlist_email_owner@t1/014-t2-start,ando-waitlist_email_owner,E1,3000,True,1427
simulated,ando-waitlist_email_owner@t1/014-t2-start,ando-waitlist_email_owner,E1,6000,True,1427
simulated,ando-waitlist_email_owner@t1/014-t2-start,ando-waitlist_email_owner,E1,all,True,1427
simulated,ando-waitlist_email_owner@t1/014-t2-start,ando-waitlist_email_owner,E4,250,True,222
simulated,ando-waitlist_email_owner@t1/014-t2-start,ando-waitlist_email_owner,E4,500,True,489
simulated,ando-waitlist_email_owner@t1/014-t2-start,ando-waitlist_email_owner,E4,1000,True,988
simulated,ando-waitlist_email_owner@t1/014-t2-start,ando-waitlist_email_owner,E4,1500,True,1427
simulated,ando-waitlist_email_owner@t1/014-t2-start,ando-waitlist_email_owner,E4,3000,True,1427
simulated,ando-waitlist_email_owner@t1/014-t2-start,ando-waitlist_email_owner,E4,6000,True,1427
simulated,ando-waitlist_email_owner@t1/014-t2-start,ando-waitlist_email_owner,E4,all,True,1427
simulated,ando-waitlist_email_owner@t1/014-t2-middle,ando-waitlist_email_owner,D1,250,False,0
simulated,ando-waitlist_email_owner@t1/014-t2-middle,ando-waitlist_email_owner,D1,500,False,497
simulated,ando-waitlist_email_owner@t1/014-t2-middle,ando-waitlist_email_owner,D1,1000,False,917
simulated,ando-waitlist_email_owner@t1/014-t2-middle,ando-waitlist_email_owner,D1,1500,True,1447
simulated,ando-waitlist_email_owner@t1/014-t2-middle,ando-waitlist_email_owner,D1,3000,True,1990
simulated,ando-waitlist_email_owner@t1/014-t2-middle,ando-waitlist_email_owner,D1,6000,True,1990
simulated,ando-waitlist_email_owner@t1/014-t2-middle,ando-waitlist_email_owner,D1,all,True,1990
simulated,ando-waitlist_email_owner@t1/014-t2-middle,ando-waitlist_email_owner,D2,250,False,0
simulated,ando-waitlist_email_owner@t1/014-t2-middle,ando-waitlist_email_owner,D2,500,False,437
simulated,ando-waitlist_email_owner@t1/014-t2-middle,ando-waitlist_email_owner,D2,1000,True,963
simulated,ando-waitlist_email_owner@t1/014-t2-middle,ando-waitlist_email_owner,D2,1500,True,1493
simulated,ando-waitlist_email_owner@t1/014-t2-middle,ando-waitlist_email_owner,D2,3000,True,1990
simulated,ando-waitlist_email_owner@t1/014-t2-middle,ando-waitlist_email_owner,D2,6000,True,1990
simulated,ando-waitlist_email_owner@t1/014-t2-middle,ando-waitlist_email_owner,D2,all,True,1990
simulated,ando-waitlist_email_owner@t1/014-t2-middle,ando-waitlist_email_owner,B2,250,False,0
simulated,ando-waitlist_email_owner@t1/014-t2-middle,ando-waitlist_email_owner,B2,500,True,431
simulated,ando-waitlist_email_owner@t1/014-t2-middle,ando-waitlist_email_owner,B2,1000,True,846
simulated,ando-waitlist_email_owner@t1/014-t2-middle,ando-waitlist_email_owner,B2,1500,True,1489
simulated,ando-waitlist_email_owner@t1/014-t2-middle,ando-waitlist_email_owner,B2,3000,True,2861
simulated,ando-waitlist_email_owner@t1/014-t2-middle,ando-waitlist_email_owner,B2,6000,True,3683
simulated,ando-waitlist_email_owner@t1/014-t2-middle,ando-waitlist_email_owner,B2,all,True,3683
simulated,ando-waitlist_email_owner@t1/014-t2-middle,ando-waitlist_email_owner,D4,250,False,0
simulated,ando-waitlist_email_owner@t1/014-t2-middle,ando-waitlist_email_owner,D4,500,False,304
simulated,ando-waitlist_email_owner@t1/014-t2-middle,ando-waitlist_email_owner,D4,1000,False,948
simulated,ando-waitlist_email_owner@t1/014-t2-middle,ando-waitlist_email_owner,D4,1500,True,1411
simulated,ando-waitlist_email_owner@t1/014-t2-middle,ando-waitlist_email_owner,D4,3000,True,1990
simulated,ando-waitlist_email_owner@t1/014-t2-middle,ando-waitlist_email_owner,D4,6000,True,1990
simulated,ando-waitlist_email_owner@t1/014-t2-middle,ando-waitlist_email_owner,D4,all,True,1990
simulated,ando-waitlist_email_owner@t1/014-t2-middle,ando-waitlist_email_owner,Z4,250,False,0
simulated,ando-waitlist_email_owner@t1/014-t2-middle,ando-waitlist_email_owner,Z4,500,False,352
simulated,ando-waitlist_email_owner@t1/014-t2-middle,ando-waitlist_email_owner,Z4,1000,True,761
simulated,ando-waitlist_email_owner@t1/014-t2-middle,ando-waitlist_email_owner,Z4,1500,True,1302
simulated,ando-waitlist_email_owner@t1/014-t2-middle,ando-waitlist_email_owner,Z4,3000,True,1996
simulated,ando-waitlist_email_owner@t1/014-t2-middle,ando-waitlist_email_owner,Z4,6000,True,1996
simulated,ando-waitlist_email_owner@t1/014-t2-middle,ando-waitlist_email_owner,Z4,all,True,1996
simulated,ando-waitlist_email_owner@t1/014-t2-middle,ando-waitlist_email_owner,L4,250,False,0
simulated,ando-waitlist_email_owner@t1/014-t2-middle,ando-waitlist_email_owner,L4,500,False,312
simulated,ando-waitlist_email_owner@t1/014-t2-middle,ando-waitlist_email_owner,L4,1000,False,988
simulated,ando-waitlist_email_owner@t1/014-t2-middle,ando-waitlist_email_owner,L4,1500,True,1486
simulated,ando-waitlist_email_owner@t1/014-t2-middle,ando-waitlist_email_owner,L4,3000,True,2112
simulated,ando-waitlist_email_owner@t1/014-t2-middle,ando-waitlist_email_owner,L4,6000,True,2112
simulated,ando-waitlist_email_owner@t1/014-t2-middle,ando-waitlist_email_owner,L4,all,True,2112
simulated,ando-waitlist_email_owner@t1/014-t2-middle,ando-waitlist_email_owner,L2,250,False,0
simulated,ando-waitlist_email_owner@t1/014-t2-middle,ando-waitlist_email_owner,L2,500,False,422
simulated,ando-waitlist_email_owner@t1/014-t2-middle,ando-waitlist_email_owner,L2,1000,True,883
simulated,ando-waitlist_email_owner@t1/014-t2-middle,ando-waitlist_email_owner,L2,1500,True,1453
simulated,ando-waitlist_email_owner@t1/014-t2-middle,ando-waitlist_email_owner,L2,3000,True,2112
simulated,ando-waitlist_email_owner@t1/014-t2-middle,ando-waitlist_email_owner,L2,6000,True,2112
simulated,ando-waitlist_email_owner@t1/014-t2-middle,ando-waitlist_email_owner,L2,all,True,2112
simulated,ando-waitlist_email_owner@t1/014-t2-middle,ando-waitlist_email_owner,E1,250,False,240
simulated,ando-waitlist_email_owner@t1/014-t2-middle,ando-waitlist_email_owner,E1,500,True,456
simulated,ando-waitlist_email_owner@t1/014-t2-middle,ando-waitlist_email_owner,E1,1000,True,992
simulated,ando-waitlist_email_owner@t1/014-t2-middle,ando-waitlist_email_owner,E1,1500,True,1488
simulated,ando-waitlist_email_owner@t1/014-t2-middle,ando-waitlist_email_owner,E1,3000,True,2224
simulated,ando-waitlist_email_owner@t1/014-t2-middle,ando-waitlist_email_owner,E1,6000,True,2224
simulated,ando-waitlist_email_owner@t1/014-t2-middle,ando-waitlist_email_owner,E1,all,True,2224
simulated,ando-waitlist_email_owner@t1/014-t2-middle,ando-waitlist_email_owner,E4,250,False,239
simulated,ando-waitlist_email_owner@t1/014-t2-middle,ando-waitlist_email_owner,E4,500,False,463
simulated,ando-waitlist_email_owner@t1/014-t2-middle,ando-waitlist_email_owner,E4,1000,True,978
simulated,ando-waitlist_email_owner@t1/014-t2-middle,ando-waitlist_email_owner,E4,1500,True,1484
simulated,ando-waitlist_email_owner@t1/014-t2-middle,ando-waitlist_email_owner,E4,3000,True,2224
simulated,ando-waitlist_email_owner@t1/014-t2-middle,ando-waitlist_email_owner,E4,6000,True,2224
simulated,ando-waitlist_email_owner@t1/014-t2-middle,ando-waitlist_email_owner,E4,all,True,2224
simulated,ando-waitlist_email_owner@t1/014-t3-start,ando-waitlist_email_owner,D1,250,False,192
simulated,ando-waitlist_email_owner@t1/014-t3-start,ando-waitlist_email_owner,D1,500,False,192
simulated,ando-waitlist_email_owner@t1/014-t3-start,ando-waitlist_email_owner,D1,1000,False,983
simulated,ando-waitlist_email_owner@t1/014-t3-start,ando-waitlist_email_owner,D1,1500,True,1360
simulated,ando-waitlist_email_owner@t1/014-t3-start,ando-waitlist_email_owner,D1,3000,True,2916
simulated,ando-waitlist_email_owner@t1/014-t3-start,ando-waitlist_email_owner,D1,6000,True,2916
simulated,ando-waitlist_email_owner@t1/014-t3-start,ando-waitlist_email_owner,D1,all,True,2916
simulated,ando-waitlist_email_owner@t1/014-t3-start,ando-waitlist_email_owner,D2,250,True,212
simulated,ando-waitlist_email_owner@t1/014-t3-start,ando-waitlist_email_owner,D2,500,True,333
simulated,ando-waitlist_email_owner@t1/014-t3-start,ando-waitlist_email_owner,D2,1000,True,989
simulated,ando-waitlist_email_owner@t1/014-t3-start,ando-waitlist_email_owner,D2,1500,True,1414
simulated,ando-waitlist_email_owner@t1/014-t3-start,ando-waitlist_email_owner,D2,3000,True,2916
simulated,ando-waitlist_email_owner@t1/014-t3-start,ando-waitlist_email_owner,D2,6000,True,2916
simulated,ando-waitlist_email_owner@t1/014-t3-start,ando-waitlist_email_owner,D2,all,True,2916
simulated,ando-waitlist_email_owner@t1/014-t3-start,ando-waitlist_email_owner,B2,250,False,185
simulated,ando-waitlist_email_owner@t1/014-t3-start,ando-waitlist_email_owner,B2,500,True,345
simulated,ando-waitlist_email_owner@t1/014-t3-start,ando-waitlist_email_owner,B2,1000,True,966
simulated,ando-waitlist_email_owner@t1/014-t3-start,ando-waitlist_email_owner,B2,1500,True,1415
simulated,ando-waitlist_email_owner@t1/014-t3-start,ando-waitlist_email_owner,B2,3000,True,2829
simulated,ando-waitlist_email_owner@t1/014-t3-start,ando-waitlist_email_owner,B2,6000,True,5629
simulated,ando-waitlist_email_owner@t1/014-t3-start,ando-waitlist_email_owner,B2,all,True,5629
simulated,ando-waitlist_email_owner@t1/014-t3-start,ando-waitlist_email_owner,D4,250,True,109
simulated,ando-waitlist_email_owner@t1/014-t3-start,ando-waitlist_email_owner,D4,500,True,109
simulated,ando-waitlist_email_owner@t1/014-t3-start,ando-waitlist_email_owner,D4,1000,True,766
simulated,ando-waitlist_email_owner@t1/014-t3-start,ando-waitlist_email_owner,D4,1500,True,1428
simulated,ando-waitlist_email_owner@t1/014-t3-start,ando-waitlist_email_owner,D4,3000,True,2916
simulated,ando-waitlist_email_owner@t1/014-t3-start,ando-waitlist_email_owner,D4,6000,True,2916
simulated,ando-waitlist_email_owner@t1/014-t3-start,ando-waitlist_email_owner,D4,all,True,2916
simulated,ando-waitlist_email_owner@t1/014-t3-start,ando-waitlist_email_owner,Z4,250,False,0
simulated,ando-waitlist_email_owner@t1/014-t3-start,ando-waitlist_email_owner,Z4,500,True,409
simulated,ando-waitlist_email_owner@t1/014-t3-start,ando-waitlist_email_owner,Z4,1000,True,905
simulated,ando-waitlist_email_owner@t1/014-t3-start,ando-waitlist_email_owner,Z4,1500,True,1142
simulated,ando-waitlist_email_owner@t1/014-t3-start,ando-waitlist_email_owner,Z4,3000,True,2996
simulated,ando-waitlist_email_owner@t1/014-t3-start,ando-waitlist_email_owner,Z4,6000,True,2996
simulated,ando-waitlist_email_owner@t1/014-t3-start,ando-waitlist_email_owner,Z4,all,True,2996
simulated,ando-waitlist_email_owner@t1/014-t3-start,ando-waitlist_email_owner,L4,250,True,117
simulated,ando-waitlist_email_owner@t1/014-t3-start,ando-waitlist_email_owner,L4,500,True,117
simulated,ando-waitlist_email_owner@t1/014-t3-start,ando-waitlist_email_owner,L4,1000,True,800
simulated,ando-waitlist_email_owner@t1/014-t3-start,ando-waitlist_email_owner,L4,1500,True,1331
simulated,ando-waitlist_email_owner@t1/014-t3-start,ando-waitlist_email_owner,L4,3000,True,2866
simulated,ando-waitlist_email_owner@t1/014-t3-start,ando-waitlist_email_owner,L4,6000,True,3054
simulated,ando-waitlist_email_owner@t1/014-t3-start,ando-waitlist_email_owner,L4,all,True,3054
simulated,ando-waitlist_email_owner@t1/014-t3-start,ando-waitlist_email_owner,L2,250,True,227
simulated,ando-waitlist_email_owner@t1/014-t3-start,ando-waitlist_email_owner,L2,500,True,355
simulated,ando-waitlist_email_owner@t1/014-t3-start,ando-waitlist_email_owner,L2,1000,True,897
simulated,ando-waitlist_email_owner@t1/014-t3-start,ando-waitlist_email_owner,L2,1500,True,1491
simulated,ando-waitlist_email_owner@t1/014-t3-start,ando-waitlist_email_owner,L2,3000,True,2929
simulated,ando-waitlist_email_owner@t1/014-t3-start,ando-waitlist_email_owner,L2,6000,True,3054
simulated,ando-waitlist_email_owner@t1/014-t3-start,ando-waitlist_email_owner,L2,all,True,3054
simulated,ando-waitlist_email_owner@t1/014-t3-start,ando-waitlist_email_owner,E1,250,False,231
simulated,ando-waitlist_email_owner@t1/014-t3-start,ando-waitlist_email_owner,E1,500,True,481
simulated,ando-waitlist_email_owner@t1/014-t3-start,ando-waitlist_email_owner,E1,1000,True,991
simulated,ando-waitlist_email_owner@t1/014-t3-start,ando-waitlist_email_owner,E1,1500,True,1491
simulated,ando-waitlist_email_owner@t1/014-t3-start,ando-waitlist_email_owner,E1,3000,True,2984
simulated,ando-waitlist_email_owner@t1/014-t3-start,ando-waitlist_email_owner,E1,6000,True,2984
simulated,ando-waitlist_email_owner@t1/014-t3-start,ando-waitlist_email_owner,E1,all,True,2984
simulated,ando-waitlist_email_owner@t1/014-t3-start,ando-waitlist_email_owner,E4,250,False,233
simulated,ando-waitlist_email_owner@t1/014-t3-start,ando-waitlist_email_owner,E4,500,False,495
simulated,ando-waitlist_email_owner@t1/014-t3-start,ando-waitlist_email_owner,E4,1000,True,983
simulated,ando-waitlist_email_owner@t1/014-t3-start,ando-waitlist_email_owner,E4,1500,True,1500
simulated,ando-waitlist_email_owner@t1/014-t3-start,ando-waitlist_email_owner,E4,3000,True,2984
simulated,ando-waitlist_email_owner@t1/014-t3-start,ando-waitlist_email_owner,E4,6000,True,2984
simulated,ando-waitlist_email_owner@t1/014-t3-start,ando-waitlist_email_owner,E4,all,True,2984
simulated,ando-waitlist_email_owner@t1/014-t3-middle,ando-waitlist_email_owner,D1,250,True,109
simulated,ando-waitlist_email_owner@t1/014-t3-middle,ando-waitlist_email_owner,D1,500,True,301
simulated,ando-waitlist_email_owner@t1/014-t3-middle,ando-waitlist_email_owner,D1,1000,True,958
simulated,ando-waitlist_email_owner@t1/014-t3-middle,ando-waitlist_email_owner,D1,1500,True,1418
simulated,ando-waitlist_email_owner@t1/014-t3-middle,ando-waitlist_email_owner,D1,3000,True,2972
simulated,ando-waitlist_email_owner@t1/014-t3-middle,ando-waitlist_email_owner,D1,6000,True,3652
simulated,ando-waitlist_email_owner@t1/014-t3-middle,ando-waitlist_email_owner,D1,all,True,3652
simulated,ando-waitlist_email_owner@t1/014-t3-middle,ando-waitlist_email_owner,D2,250,True,109
simulated,ando-waitlist_email_owner@t1/014-t3-middle,ando-waitlist_email_owner,D2,500,True,413
simulated,ando-waitlist_email_owner@t1/014-t3-middle,ando-waitlist_email_owner,D2,1000,True,882
simulated,ando-waitlist_email_owner@t1/014-t3-middle,ando-waitlist_email_owner,D2,1500,True,1494
simulated,ando-waitlist_email_owner@t1/014-t3-middle,ando-waitlist_email_owner,D2,3000,True,2715
simulated,ando-waitlist_email_owner@t1/014-t3-middle,ando-waitlist_email_owner,D2,6000,True,3652
simulated,ando-waitlist_email_owner@t1/014-t3-middle,ando-waitlist_email_owner,D2,all,True,3652
simulated,ando-waitlist_email_owner@t1/014-t3-middle,ando-waitlist_email_owner,B2,250,False,0
simulated,ando-waitlist_email_owner@t1/014-t3-middle,ando-waitlist_email_owner,B2,500,True,439
simulated,ando-waitlist_email_owner@t1/014-t3-middle,ando-waitlist_email_owner,B2,1000,True,959
simulated,ando-waitlist_email_owner@t1/014-t3-middle,ando-waitlist_email_owner,B2,1500,True,1375
simulated,ando-waitlist_email_owner@t1/014-t3-middle,ando-waitlist_email_owner,B2,3000,True,2799
simulated,ando-waitlist_email_owner@t1/014-t3-middle,ando-waitlist_email_owner,B2,6000,True,5924
simulated,ando-waitlist_email_owner@t1/014-t3-middle,ando-waitlist_email_owner,B2,all,True,7364
simulated,ando-waitlist_email_owner@t1/014-t3-middle,ando-waitlist_email_owner,D4,250,True,169
simulated,ando-waitlist_email_owner@t1/014-t3-middle,ando-waitlist_email_owner,D4,500,True,361
simulated,ando-waitlist_email_owner@t1/014-t3-middle,ando-waitlist_email_owner,D4,1000,True,882
simulated,ando-waitlist_email_owner@t1/014-t3-middle,ando-waitlist_email_owner,D4,1500,True,1343
simulated,ando-waitlist_email_owner@t1/014-t3-middle,ando-waitlist_email_owner,D4,3000,True,2973
simulated,ando-waitlist_email_owner@t1/014-t3-middle,ando-waitlist_email_owner,D4,6000,True,3652
simulated,ando-waitlist_email_owner@t1/014-t3-middle,ando-waitlist_email_owner,D4,all,True,3652
simulated,ando-waitlist_email_owner@t1/014-t3-middle,ando-waitlist_email_owner,Z4,250,False,0
simulated,ando-waitlist_email_owner@t1/014-t3-middle,ando-waitlist_email_owner,Z4,500,True,409
simulated,ando-waitlist_email_owner@t1/014-t3-middle,ando-waitlist_email_owner,Z4,1000,True,923
simulated,ando-waitlist_email_owner@t1/014-t3-middle,ando-waitlist_email_owner,Z4,1500,True,1275
simulated,ando-waitlist_email_owner@t1/014-t3-middle,ando-waitlist_email_owner,Z4,3000,True,2898
simulated,ando-waitlist_email_owner@t1/014-t3-middle,ando-waitlist_email_owner,Z4,6000,True,3732
simulated,ando-waitlist_email_owner@t1/014-t3-middle,ando-waitlist_email_owner,Z4,all,True,3732
simulated,ando-waitlist_email_owner@t1/014-t3-middle,ando-waitlist_email_owner,L4,250,False,67
simulated,ando-waitlist_email_owner@t1/014-t3-middle,ando-waitlist_email_owner,L4,500,False,496
simulated,ando-waitlist_email_owner@t1/014-t3-middle,ando-waitlist_email_owner,L4,1000,True,773
simulated,ando-waitlist_email_owner@t1/014-t3-middle,ando-waitlist_email_owner,L4,1500,True,1210
simulated,ando-waitlist_email_owner@t1/014-t3-middle,ando-waitlist_email_owner,L4,3000,True,2890
simulated,ando-waitlist_email_owner@t1/014-t3-middle,ando-waitlist_email_owner,L4,6000,True,3839
simulated,ando-waitlist_email_owner@t1/014-t3-middle,ando-waitlist_email_owner,L4,all,True,3839
simulated,ando-waitlist_email_owner@t1/014-t3-middle,ando-waitlist_email_owner,L2,250,True,117
simulated,ando-waitlist_email_owner@t1/014-t3-middle,ando-waitlist_email_owner,L2,500,True,429
simulated,ando-waitlist_email_owner@t1/014-t3-middle,ando-waitlist_email_owner,L2,1000,True,968
simulated,ando-waitlist_email_owner@t1/014-t3-middle,ando-waitlist_email_owner,L2,1500,True,1363
simulated,ando-waitlist_email_owner@t1/014-t3-middle,ando-waitlist_email_owner,L2,3000,True,2841
simulated,ando-waitlist_email_owner@t1/014-t3-middle,ando-waitlist_email_owner,L2,6000,True,3839
simulated,ando-waitlist_email_owner@t1/014-t3-middle,ando-waitlist_email_owner,L2,all,True,3839
simulated,ando-waitlist_email_owner@t1/014-t3-middle,ando-waitlist_email_owner,E1,250,True,218
simulated,ando-waitlist_email_owner@t1/014-t3-middle,ando-waitlist_email_owner,E1,500,True,484
simulated,ando-waitlist_email_owner@t1/014-t3-middle,ando-waitlist_email_owner,E1,1000,True,996
simulated,ando-waitlist_email_owner@t1/014-t3-middle,ando-waitlist_email_owner,E1,1500,True,1487
simulated,ando-waitlist_email_owner@t1/014-t3-middle,ando-waitlist_email_owner,E1,3000,True,2996
simulated,ando-waitlist_email_owner@t1/014-t3-middle,ando-waitlist_email_owner,E1,6000,True,3920
simulated,ando-waitlist_email_owner@t1/014-t3-middle,ando-waitlist_email_owner,E1,all,True,3920
simulated,ando-waitlist_email_owner@t1/014-t3-middle,ando-waitlist_email_owner,E4,250,True,216
simulated,ando-waitlist_email_owner@t1/014-t3-middle,ando-waitlist_email_owner,E4,500,True,481
simulated,ando-waitlist_email_owner@t1/014-t3-middle,ando-waitlist_email_owner,E4,1000,True,977
simulated,ando-waitlist_email_owner@t1/014-t3-middle,ando-waitlist_email_owner,E4,1500,True,1471
simulated,ando-waitlist_email_owner@t1/014-t3-middle,ando-waitlist_email_owner,E4,3000,True,2974
simulated,ando-waitlist_email_owner@t1/014-t3-middle,ando-waitlist_email_owner,E4,6000,True,3920
simulated,ando-waitlist_email_owner@t1/014-t3-middle,ando-waitlist_email_owner,E4,all,True,3920
simulated,ando-waitlist_email_owner@t1/014-t4-start,ando-waitlist_email_owner,D1,250,False,0
simulated,ando-waitlist_email_owner@t1/014-t4-start,ando-waitlist_email_owner,D1,500,False,0
simulated,ando-waitlist_email_owner@t1/014-t4-start,ando-waitlist_email_owner,D1,1000,True,980
simulated,ando-waitlist_email_owner@t1/014-t4-start,ando-waitlist_email_owner,D1,1500,True,1349
simulated,ando-waitlist_email_owner@t1/014-t4-start,ando-waitlist_email_owner,D1,3000,True,2718
simulated,ando-waitlist_email_owner@t1/014-t4-start,ando-waitlist_email_owner,D1,6000,True,5036
simulated,ando-waitlist_email_owner@t1/014-t4-start,ando-waitlist_email_owner,D1,all,True,5036
simulated,ando-waitlist_email_owner@t1/014-t4-start,ando-waitlist_email_owner,D2,250,False,142
simulated,ando-waitlist_email_owner@t1/014-t4-start,ando-waitlist_email_owner,D2,500,False,142
simulated,ando-waitlist_email_owner@t1/014-t4-start,ando-waitlist_email_owner,D2,1000,True,901
simulated,ando-waitlist_email_owner@t1/014-t4-start,ando-waitlist_email_owner,D2,1500,True,1477
simulated,ando-waitlist_email_owner@t1/014-t4-start,ando-waitlist_email_owner,D2,3000,True,2871
simulated,ando-waitlist_email_owner@t1/014-t4-start,ando-waitlist_email_owner,D2,6000,True,5036
simulated,ando-waitlist_email_owner@t1/014-t4-start,ando-waitlist_email_owner,D2,all,True,5036
simulated,ando-waitlist_email_owner@t1/014-t4-start,ando-waitlist_email_owner,B2,250,False,0
simulated,ando-waitlist_email_owner@t1/014-t4-start,ando-waitlist_email_owner,B2,500,False,273
simulated,ando-waitlist_email_owner@t1/014-t4-start,ando-waitlist_email_owner,B2,1000,True,954
simulated,ando-waitlist_email_owner@t1/014-t4-start,ando-waitlist_email_owner,B2,1500,True,1400
simulated,ando-waitlist_email_owner@t1/014-t4-start,ando-waitlist_email_owner,B2,3000,True,2947
simulated,ando-waitlist_email_owner@t1/014-t4-start,ando-waitlist_email_owner,B2,6000,True,5893
simulated,ando-waitlist_email_owner@t1/014-t4-start,ando-waitlist_email_owner,B2,all,True,9640
simulated,ando-waitlist_email_owner@t1/014-t4-start,ando-waitlist_email_owner,D4,250,False,60
simulated,ando-waitlist_email_owner@t1/014-t4-start,ando-waitlist_email_owner,D4,500,False,60
simulated,ando-waitlist_email_owner@t1/014-t4-start,ando-waitlist_email_owner,D4,1000,True,946
simulated,ando-waitlist_email_owner@t1/014-t4-start,ando-waitlist_email_owner,D4,1500,True,1349
simulated,ando-waitlist_email_owner@t1/014-t4-start,ando-waitlist_email_owner,D4,3000,True,2974
simulated,ando-waitlist_email_owner@t1/014-t4-start,ando-waitlist_email_owner,D4,6000,True,5036
simulated,ando-waitlist_email_owner@t1/014-t4-start,ando-waitlist_email_owner,D4,all,True,5036
simulated,ando-waitlist_email_owner@t1/014-t4-start,ando-waitlist_email_owner,Z4,250,False,237
simulated,ando-waitlist_email_owner@t1/014-t4-start,ando-waitlist_email_owner,Z4,500,False,474
simulated,ando-waitlist_email_owner@t1/014-t4-start,ando-waitlist_email_owner,Z4,1000,False,943
simulated,ando-waitlist_email_owner@t1/014-t4-start,ando-waitlist_email_owner,Z4,1500,True,1453
simulated,ando-waitlist_email_owner@t1/014-t4-start,ando-waitlist_email_owner,Z4,3000,True,2684
simulated,ando-waitlist_email_owner@t1/014-t4-start,ando-waitlist_email_owner,Z4,6000,True,5055
simulated,ando-waitlist_email_owner@t1/014-t4-start,ando-waitlist_email_owner,Z4,all,True,5055
simulated,ando-waitlist_email_owner@t1/014-t4-start,ando-waitlist_email_owner,L4,250,False,112
simulated,ando-waitlist_email_owner@t1/014-t4-start,ando-waitlist_email_owner,L4,500,False,112
simulated,ando-waitlist_email_owner@t1/014-t4-start,ando-waitlist_email_owner,L4,1000,False,951
simulated,ando-waitlist_email_owner@t1/014-t4-start,ando-waitlist_email_owner,L4,1500,True,1442
simulated,ando-waitlist_email_owner@t1/014-t4-start,ando-waitlist_email_owner,L4,3000,True,2923
simulated,ando-waitlist_email_owner@t1/014-t4-start,ando-waitlist_email_owner,L4,6000,True,5303
simulated,ando-waitlist_email_owner@t1/014-t4-start,ando-waitlist_email_owner,L4,all,True,5303
simulated,ando-waitlist_email_owner@t1/014-t4-start,ando-waitlist_email_owner,L2,250,False,45
simulated,ando-waitlist_email_owner@t1/014-t4-start,ando-waitlist_email_owner,L2,500,False,45
simulated,ando-waitlist_email_owner@t1/014-t4-start,ando-waitlist_email_owner,L2,1000,True,954
simulated,ando-waitlist_email_owner@t1/014-t4-start,ando-waitlist_email_owner,L2,1500,True,1395
simulated,ando-waitlist_email_owner@t1/014-t4-start,ando-waitlist_email_owner,L2,3000,True,2947
simulated,ando-waitlist_email_owner@t1/014-t4-start,ando-waitlist_email_owner,L2,6000,True,5303
simulated,ando-waitlist_email_owner@t1/014-t4-start,ando-waitlist_email_owner,L2,all,True,5303
simulated,ando-waitlist_email_owner@t1/014-t4-start,ando-waitlist_email_owner,E1,250,True,237
simulated,ando-waitlist_email_owner@t1/014-t4-start,ando-waitlist_email_owner,E1,500,True,477
simulated,ando-waitlist_email_owner@t1/014-t4-start,ando-waitlist_email_owner,E1,1000,True,963
simulated,ando-waitlist_email_owner@t1/014-t4-start,ando-waitlist_email_owner,E1,1500,True,1489
simulated,ando-waitlist_email_owner@t1/014-t4-start,ando-waitlist_email_owner,E1,3000,True,2989
simulated,ando-waitlist_email_owner@t1/014-t4-start,ando-waitlist_email_owner,E1,6000,True,5175
simulated,ando-waitlist_email_owner@t1/014-t4-start,ando-waitlist_email_owner,E1,all,True,5175
simulated,ando-waitlist_email_owner@t1/014-t4-start,ando-waitlist_email_owner,E4,250,False,238
simulated,ando-waitlist_email_owner@t1/014-t4-start,ando-waitlist_email_owner,E4,500,True,478
simulated,ando-waitlist_email_owner@t1/014-t4-start,ando-waitlist_email_owner,E4,1000,True,996
simulated,ando-waitlist_email_owner@t1/014-t4-start,ando-waitlist_email_owner,E4,1500,True,1485
simulated,ando-waitlist_email_owner@t1/014-t4-start,ando-waitlist_email_owner,E4,3000,True,2978
simulated,ando-waitlist_email_owner@t1/014-t4-start,ando-waitlist_email_owner,E4,6000,True,5175
simulated,ando-waitlist_email_owner@t1/014-t4-start,ando-waitlist_email_owner,E4,all,True,5175
simulated,ando-waitlist_email_owner@t1/014-t4-middle,ando-waitlist_email_owner,D1,250,False,0
simulated,ando-waitlist_email_owner@t1/014-t4-middle,ando-waitlist_email_owner,D1,500,False,0
simulated,ando-waitlist_email_owner@t1/014-t4-middle,ando-waitlist_email_owner,D1,1000,False,921
simulated,ando-waitlist_email_owner@t1/014-t4-middle,ando-waitlist_email_owner,D1,1500,False,1491
simulated,ando-waitlist_email_owner@t1/014-t4-middle,ando-waitlist_email_owner,D1,3000,True,2882
simulated,ando-waitlist_email_owner@t1/014-t4-middle,ando-waitlist_email_owner,D1,6000,True,5461
simulated,ando-waitlist_email_owner@t1/014-t4-middle,ando-waitlist_email_owner,D1,all,True,5461
simulated,ando-waitlist_email_owner@t1/014-t4-middle,ando-waitlist_email_owner,D2,250,False,0
simulated,ando-waitlist_email_owner@t1/014-t4-middle,ando-waitlist_email_owner,D2,500,False,0
simulated,ando-waitlist_email_owner@t1/014-t4-middle,ando-waitlist_email_owner,D2,1000,True,924
simulated,ando-waitlist_email_owner@t1/014-t4-middle,ando-waitlist_email_owner,D2,1500,True,1484
simulated,ando-waitlist_email_owner@t1/014-t4-middle,ando-waitlist_email_owner,D2,3000,True,2713
simulated,ando-waitlist_email_owner@t1/014-t4-middle,ando-waitlist_email_owner,D2,6000,True,5461
simulated,ando-waitlist_email_owner@t1/014-t4-middle,ando-waitlist_email_owner,D2,all,True,5461
simulated,ando-waitlist_email_owner@t1/014-t4-middle,ando-waitlist_email_owner,B2,250,False,185
simulated,ando-waitlist_email_owner@t1/014-t4-middle,ando-waitlist_email_owner,B2,500,False,398
simulated,ando-waitlist_email_owner@t1/014-t4-middle,ando-waitlist_email_owner,B2,1000,False,922
simulated,ando-waitlist_email_owner@t1/014-t4-middle,ando-waitlist_email_owner,B2,1500,True,1491
simulated,ando-waitlist_email_owner@t1/014-t4-middle,ando-waitlist_email_owner,B2,3000,True,2970
simulated,ando-waitlist_email_owner@t1/014-t4-middle,ando-waitlist_email_owner,B2,6000,True,5914
simulated,ando-waitlist_email_owner@t1/014-t4-middle,ando-waitlist_email_owner,B2,all,True,10098
simulated,ando-waitlist_email_owner@t1/014-t4-middle,ando-waitlist_email_owner,D4,250,False,43
simulated,ando-waitlist_email_owner@t1/014-t4-middle,ando-waitlist_email_owner,D4,500,True,494
simulated,ando-waitlist_email_owner@t1/014-t4-middle,ando-waitlist_email_owner,D4,1000,True,995
simulated,ando-waitlist_email_owner@t1/014-t4-middle,ando-waitlist_email_owner,D4,1500,True,1455
simulated,ando-waitlist_email_owner@t1/014-t4-middle,ando-waitlist_email_owner,D4,3000,True,2920
simulated,ando-waitlist_email_owner@t1/014-t4-middle,ando-waitlist_email_owner,D4,6000,True,5461
simulated,ando-waitlist_email_owner@t1/014-t4-middle,ando-waitlist_email_owner,D4,all,True,5461
simulated,ando-waitlist_email_owner@t1/014-t4-middle,ando-waitlist_email_owner,Z4,250,False,0
simulated,ando-waitlist_email_owner@t1/014-t4-middle,ando-waitlist_email_owner,Z4,500,True,409
simulated,ando-waitlist_email_owner@t1/014-t4-middle,ando-waitlist_email_owner,Z4,1000,True,998
simulated,ando-waitlist_email_owner@t1/014-t4-middle,ando-waitlist_email_owner,Z4,1500,True,1362
simulated,ando-waitlist_email_owner@t1/014-t4-middle,ando-waitlist_email_owner,Z4,3000,True,2640
simulated,ando-waitlist_email_owner@t1/014-t4-middle,ando-waitlist_email_owner,Z4,6000,True,5481
simulated,ando-waitlist_email_owner@t1/014-t4-middle,ando-waitlist_email_owner,Z4,all,True,5481
simulated,ando-waitlist_email_owner@t1/014-t4-middle,ando-waitlist_email_owner,L4,250,False,93
simulated,ando-waitlist_email_owner@t1/014-t4-middle,ando-waitlist_email_owner,L4,500,False,405
simulated,ando-waitlist_email_owner@t1/014-t4-middle,ando-waitlist_email_owner,L4,1000,False,893
simulated,ando-waitlist_email_owner@t1/014-t4-middle,ando-waitlist_email_owner,L4,1500,True,1192
simulated,ando-waitlist_email_owner@t1/014-t4-middle,ando-waitlist_email_owner,L4,3000,True,2934
simulated,ando-waitlist_email_owner@t1/014-t4-middle,ando-waitlist_email_owner,L4,6000,True,5757
simulated,ando-waitlist_email_owner@t1/014-t4-middle,ando-waitlist_email_owner,L4,all,True,5757
simulated,ando-waitlist_email_owner@t1/014-t4-middle,ando-waitlist_email_owner,L2,250,False,0
simulated,ando-waitlist_email_owner@t1/014-t4-middle,ando-waitlist_email_owner,L2,500,False,0
simulated,ando-waitlist_email_owner@t1/014-t4-middle,ando-waitlist_email_owner,L2,1000,True,956
simulated,ando-waitlist_email_owner@t1/014-t4-middle,ando-waitlist_email_owner,L2,1500,True,1384
simulated,ando-waitlist_email_owner@t1/014-t4-middle,ando-waitlist_email_owner,L2,3000,True,2761
simulated,ando-waitlist_email_owner@t1/014-t4-middle,ando-waitlist_email_owner,L2,6000,True,5757
simulated,ando-waitlist_email_owner@t1/014-t4-middle,ando-waitlist_email_owner,L2,all,True,5757
simulated,ando-waitlist_email_owner@t1/014-t4-middle,ando-waitlist_email_owner,E1,250,False,232
simulated,ando-waitlist_email_owner@t1/014-t4-middle,ando-waitlist_email_owner,E1,500,False,491
simulated,ando-waitlist_email_owner@t1/014-t4-middle,ando-waitlist_email_owner,E1,1000,True,987
simulated,ando-waitlist_email_owner@t1/014-t4-middle,ando-waitlist_email_owner,E1,1500,True,1462
simulated,ando-waitlist_email_owner@t1/014-t4-middle,ando-waitlist_email_owner,E1,3000,True,2996
simulated,ando-waitlist_email_owner@t1/014-t4-middle,ando-waitlist_email_owner,E1,6000,True,5517
simulated,ando-waitlist_email_owner@t1/014-t4-middle,ando-waitlist_email_owner,E1,all,True,5517
simulated,ando-waitlist_email_owner@t1/014-t4-middle,ando-waitlist_email_owner,E4,250,False,234
simulated,ando-waitlist_email_owner@t1/014-t4-middle,ando-waitlist_email_owner,E4,500,False,489
simulated,ando-waitlist_email_owner@t1/014-t4-middle,ando-waitlist_email_owner,E4,1000,True,977
simulated,ando-waitlist_email_owner@t1/014-t4-middle,ando-waitlist_email_owner,E4,1500,True,1486
simulated,ando-waitlist_email_owner@t1/014-t4-middle,ando-waitlist_email_owner,E4,3000,True,2964
simulated,ando-waitlist_email_owner@t1/014-t4-middle,ando-waitlist_email_owner,E4,6000,True,5517
simulated,ando-waitlist_email_owner@t1/014-t4-middle,ando-waitlist_email_owner,E4,all,True,5517
simulated,ando-waitlist_email_owner@t1/014-t5-start,ando-waitlist_email_owner,D1,250,False,0
simulated,ando-waitlist_email_owner@t1/014-t5-start,ando-waitlist_email_owner,D1,500,False,0
simulated,ando-waitlist_email_owner@t1/014-t5-start,ando-waitlist_email_owner,D1,1000,False,910
simulated,ando-waitlist_email_owner@t1/014-t5-start,ando-waitlist_email_owner,D1,1500,False,1202
simulated,ando-waitlist_email_owner@t1/014-t5-start,ando-waitlist_email_owner,D1,3000,False,2954
simulated,ando-waitlist_email_owner@t1/014-t5-start,ando-waitlist_email_owner,D1,6000,True,5951
simulated,ando-waitlist_email_owner@t1/014-t5-start,ando-waitlist_email_owner,D1,all,True,6258
simulated,ando-waitlist_email_owner@t1/014-t5-start,ando-waitlist_email_owner,D2,250,False,103
simulated,ando-waitlist_email_owner@t1/014-t5-start,ando-waitlist_email_owner,D2,500,False,103
simulated,ando-waitlist_email_owner@t1/014-t5-start,ando-waitlist_email_owner,D2,1000,False,902
simulated,ando-waitlist_email_owner@t1/014-t5-start,ando-waitlist_email_owner,D2,1500,True,1394
simulated,ando-waitlist_email_owner@t1/014-t5-start,ando-waitlist_email_owner,D2,3000,True,2884
simulated,ando-waitlist_email_owner@t1/014-t5-start,ando-waitlist_email_owner,D2,6000,True,5964
simulated,ando-waitlist_email_owner@t1/014-t5-start,ando-waitlist_email_owner,D2,all,True,6258
simulated,ando-waitlist_email_owner@t1/014-t5-start,ando-waitlist_email_owner,B2,250,False,185
simulated,ando-waitlist_email_owner@t1/014-t5-start,ando-waitlist_email_owner,B2,500,False,427
simulated,ando-waitlist_email_owner@t1/014-t5-start,ando-waitlist_email_owner,B2,1000,False,979
simulated,ando-waitlist_email_owner@t1/014-t5-start,ando-waitlist_email_owner,B2,1500,True,1395
simulated,ando-waitlist_email_owner@t1/014-t5-start,ando-waitlist_email_owner,B2,3000,True,2913
simulated,ando-waitlist_email_owner@t1/014-t5-start,ando-waitlist_email_owner,B2,6000,True,5875
simulated,ando-waitlist_email_owner@t1/014-t5-start,ando-waitlist_email_owner,B2,all,True,11574
simulated,ando-waitlist_email_owner@t1/014-t5-start,ando-waitlist_email_owner,D4,250,False,0
simulated,ando-waitlist_email_owner@t1/014-t5-start,ando-waitlist_email_owner,D4,500,False,347
simulated,ando-waitlist_email_owner@t1/014-t5-start,ando-waitlist_email_owner,D4,1000,False,1000
simulated,ando-waitlist_email_owner@t1/014-t5-start,ando-waitlist_email_owner,D4,1500,False,1393
simulated,ando-waitlist_email_owner@t1/014-t5-start,ando-waitlist_email_owner,D4,3000,True,2866
simulated,ando-waitlist_email_owner@t1/014-t5-start,ando-waitlist_email_owner,D4,6000,True,5998
simulated,ando-waitlist_email_owner@t1/014-t5-start,ando-waitlist_email_owner,D4,all,True,6258
simulated,ando-waitlist_email_owner@t1/014-t5-start,ando-waitlist_email_owner,Z4,250,False,0
simulated,ando-waitlist_email_owner@t1/014-t5-start,ando-waitlist_email_owner,Z4,500,False,352
simulated,ando-waitlist_email_owner@t1/014-t5-start,ando-waitlist_email_owner,Z4,1000,False,866
simulated,ando-waitlist_email_owner@t1/014-t5-start,ando-waitlist_email_owner,Z4,1500,True,1275
simulated,ando-waitlist_email_owner@t1/014-t5-start,ando-waitlist_email_owner,Z4,3000,True,2802
simulated,ando-waitlist_email_owner@t1/014-t5-start,ando-waitlist_email_owner,Z4,6000,True,5932
simulated,ando-waitlist_email_owner@t1/014-t5-start,ando-waitlist_email_owner,Z4,all,True,6170
simulated,ando-waitlist_email_owner@t1/014-t5-start,ando-waitlist_email_owner,L4,250,False,0
simulated,ando-waitlist_email_owner@t1/014-t5-start,ando-waitlist_email_owner,L4,500,False,361
simulated,ando-waitlist_email_owner@t1/014-t5-start,ando-waitlist_email_owner,L4,1000,False,872
simulated,ando-waitlist_email_owner@t1/014-t5-start,ando-waitlist_email_owner,L4,1500,False,1450
simulated,ando-waitlist_email_owner@t1/014-t5-start,ando-waitlist_email_owner,L4,3000,True,2969
simulated,ando-waitlist_email_owner@t1/014-t5-start,ando-waitlist_email_owner,L4,6000,True,5873
simulated,ando-waitlist_email_owner@t1/014-t5-start,ando-waitlist_email_owner,L4,all,True,6611
simulated,ando-waitlist_email_owner@t1/014-t5-start,ando-waitlist_email_owner,L2,250,False,110
simulated,ando-waitlist_email_owner@t1/014-t5-start,ando-waitlist_email_owner,L2,500,False,110
simulated,ando-waitlist_email_owner@t1/014-t5-start,ando-waitlist_email_owner,L2,1000,True,738
simulated,ando-waitlist_email_owner@t1/014-t5-start,ando-waitlist_email_owner,L2,1500,True,1467
simulated,ando-waitlist_email_owner@t1/014-t5-start,ando-waitlist_email_owner,L2,3000,True,2645
simulated,ando-waitlist_email_owner@t1/014-t5-start,ando-waitlist_email_owner,L2,6000,True,5954
simulated,ando-waitlist_email_owner@t1/014-t5-start,ando-waitlist_email_owner,L2,all,True,6611
simulated,ando-waitlist_email_owner@t1/014-t5-start,ando-waitlist_email_owner,E1,250,False,240
simulated,ando-waitlist_email_owner@t1/014-t5-start,ando-waitlist_email_owner,E1,500,True,473
simulated,ando-waitlist_email_owner@t1/014-t5-start,ando-waitlist_email_owner,E1,1000,True,974
simulated,ando-waitlist_email_owner@t1/014-t5-start,ando-waitlist_email_owner,E1,1500,True,1498
simulated,ando-waitlist_email_owner@t1/014-t5-start,ando-waitlist_email_owner,E1,3000,True,2988
simulated,ando-waitlist_email_owner@t1/014-t5-start,ando-waitlist_email_owner,E1,6000,True,5992
simulated,ando-waitlist_email_owner@t1/014-t5-start,ando-waitlist_email_owner,E1,all,True,6487
simulated,ando-waitlist_email_owner@t1/014-t5-start,ando-waitlist_email_owner,E4,250,False,218
simulated,ando-waitlist_email_owner@t1/014-t5-start,ando-waitlist_email_owner,E4,500,True,481
simulated,ando-waitlist_email_owner@t1/014-t5-start,ando-waitlist_email_owner,E4,1000,True,973
simulated,ando-waitlist_email_owner@t1/014-t5-start,ando-waitlist_email_owner,E4,1500,True,1480
simulated,ando-waitlist_email_owner@t1/014-t5-start,ando-waitlist_email_owner,E4,3000,True,2999
simulated,ando-waitlist_email_owner@t1/014-t5-start,ando-waitlist_email_owner,E4,6000,True,5989
simulated,ando-waitlist_email_owner@t1/014-t5-start,ando-waitlist_email_owner,E4,all,True,6487
simulated,ando-waitlist_email_owner@t1/014-t5-middle,ando-waitlist_email_owner,D1,250,False,0
simulated,ando-waitlist_email_owner@t1/014-t5-middle,ando-waitlist_email_owner,D1,500,False,268
simulated,ando-waitlist_email_owner@t1/014-t5-middle,ando-waitlist_email_owner,D1,1000,False,886
simulated,ando-waitlist_email_owner@t1/014-t5-middle,ando-waitlist_email_owner,D1,1500,False,1367
simulated,ando-waitlist_email_owner@t1/014-t5-middle,ando-waitlist_email_owner,D1,3000,True,2912
simulated,ando-waitlist_email_owner@t1/014-t5-middle,ando-waitlist_email_owner,D1,6000,True,5989
simulated,ando-waitlist_email_owner@t1/014-t5-middle,ando-waitlist_email_owner,D1,all,True,6847
simulated,ando-waitlist_email_owner@t1/014-t5-middle,ando-waitlist_email_owner,D2,250,False,0
simulated,ando-waitlist_email_owner@t1/014-t5-middle,ando-waitlist_email_owner,D2,500,False,0
simulated,ando-waitlist_email_owner@t1/014-t5-middle,ando-waitlist_email_owner,D2,1000,True,984
simulated,ando-waitlist_email_owner@t1/014-t5-middle,ando-waitlist_email_owner,D2,1500,True,1401
simulated,ando-waitlist_email_owner@t1/014-t5-middle,ando-waitlist_email_owner,D2,3000,True,2947
simulated,ando-waitlist_email_owner@t1/014-t5-middle,ando-waitlist_email_owner,D2,6000,True,5962
simulated,ando-waitlist_email_owner@t1/014-t5-middle,ando-waitlist_email_owner,D2,all,True,6847
simulated,ando-waitlist_email_owner@t1/014-t5-middle,ando-waitlist_email_owner,B2,250,False,0
simulated,ando-waitlist_email_owner@t1/014-t5-middle,ando-waitlist_email_owner,B2,500,False,251
simulated,ando-waitlist_email_owner@t1/014-t5-middle,ando-waitlist_email_owner,B2,1000,False,803
simulated,ando-waitlist_email_owner@t1/014-t5-middle,ando-waitlist_email_owner,B2,1500,True,1497
simulated,ando-waitlist_email_owner@t1/014-t5-middle,ando-waitlist_email_owner,B2,3000,True,2888
simulated,ando-waitlist_email_owner@t1/014-t5-middle,ando-waitlist_email_owner,B2,6000,True,5819
simulated,ando-waitlist_email_owner@t1/014-t5-middle,ando-waitlist_email_owner,B2,all,True,13400
simulated,ando-waitlist_email_owner@t1/014-t5-middle,ando-waitlist_email_owner,D4,250,False,0
simulated,ando-waitlist_email_owner@t1/014-t5-middle,ando-waitlist_email_owner,D4,500,False,0
simulated,ando-waitlist_email_owner@t1/014-t5-middle,ando-waitlist_email_owner,D4,1000,False,807
simulated,ando-waitlist_email_owner@t1/014-t5-middle,ando-waitlist_email_owner,D4,1500,False,1489
simulated,ando-waitlist_email_owner@t1/014-t5-middle,ando-waitlist_email_owner,D4,3000,True,2859
simulated,ando-waitlist_email_owner@t1/014-t5-middle,ando-waitlist_email_owner,D4,6000,True,5886
simulated,ando-waitlist_email_owner@t1/014-t5-middle,ando-waitlist_email_owner,D4,all,True,6847
simulated,ando-waitlist_email_owner@t1/014-t5-middle,ando-waitlist_email_owner,Z4,250,False,0
simulated,ando-waitlist_email_owner@t1/014-t5-middle,ando-waitlist_email_owner,Z4,500,False,277
simulated,ando-waitlist_email_owner@t1/014-t5-middle,ando-waitlist_email_owner,Z4,1000,False,926
simulated,ando-waitlist_email_owner@t1/014-t5-middle,ando-waitlist_email_owner,Z4,1500,False,1453
simulated,ando-waitlist_email_owner@t1/014-t5-middle,ando-waitlist_email_owner,Z4,3000,True,2754
simulated,ando-waitlist_email_owner@t1/014-t5-middle,ando-waitlist_email_owner,Z4,6000,True,5715
simulated,ando-waitlist_email_owner@t1/014-t5-middle,ando-waitlist_email_owner,Z4,all,True,7316
simulated,ando-waitlist_email_owner@t1/014-t5-middle,ando-waitlist_email_owner,L4,250,False,0
simulated,ando-waitlist_email_owner@t1/014-t5-middle,ando-waitlist_email_owner,L4,500,False,0
simulated,ando-waitlist_email_owner@t1/014-t5-middle,ando-waitlist_email_owner,L4,1000,False,835
simulated,ando-waitlist_email_owner@t1/014-t5-middle,ando-waitlist_email_owner,L4,1500,False,1499
simulated,ando-waitlist_email_owner@t1/014-t5-middle,ando-waitlist_email_owner,L4,3000,True,2870
simulated,ando-waitlist_email_owner@t1/014-t5-middle,ando-waitlist_email_owner,L4,6000,True,5782
simulated,ando-waitlist_email_owner@t1/014-t5-middle,ando-waitlist_email_owner,L4,all,True,7227
simulated,ando-waitlist_email_owner@t1/014-t5-middle,ando-waitlist_email_owner,L2,250,False,0
simulated,ando-waitlist_email_owner@t1/014-t5-middle,ando-waitlist_email_owner,L2,500,False,0
simulated,ando-waitlist_email_owner@t1/014-t5-middle,ando-waitlist_email_owner,L2,1000,False,906
simulated,ando-waitlist_email_owner@t1/014-t5-middle,ando-waitlist_email_owner,L2,1500,True,1455
simulated,ando-waitlist_email_owner@t1/014-t5-middle,ando-waitlist_email_owner,L2,3000,True,2789
simulated,ando-waitlist_email_owner@t1/014-t5-middle,ando-waitlist_email_owner,L2,6000,True,5881
simulated,ando-waitlist_email_owner@t1/014-t5-middle,ando-waitlist_email_owner,L2,all,True,7227
simulated,ando-waitlist_email_owner@t1/014-t5-middle,ando-waitlist_email_owner,E1,250,False,219
simulated,ando-waitlist_email_owner@t1/014-t5-middle,ando-waitlist_email_owner,E1,500,False,500
simulated,ando-waitlist_email_owner@t1/014-t5-middle,ando-waitlist_email_owner,E1,1000,False,1000
simulated,ando-waitlist_email_owner@t1/014-t5-middle,ando-waitlist_email_owner,E1,1500,False,1485
simulated,ando-waitlist_email_owner@t1/014-t5-middle,ando-waitlist_email_owner,E1,3000,True,2996
simulated,ando-waitlist_email_owner@t1/014-t5-middle,ando-waitlist_email_owner,E1,6000,True,5989
simulated,ando-waitlist_email_owner@t1/014-t5-middle,ando-waitlist_email_owner,E1,all,True,7387
simulated,ando-waitlist_email_owner@t1/014-t5-middle,ando-waitlist_email_owner,E4,250,False,241
simulated,ando-waitlist_email_owner@t1/014-t5-middle,ando-waitlist_email_owner,E4,500,False,497
simulated,ando-waitlist_email_owner@t1/014-t5-middle,ando-waitlist_email_owner,E4,1000,False,975
simulated,ando-waitlist_email_owner@t1/014-t5-middle,ando-waitlist_email_owner,E4,1500,False,1488
simulated,ando-waitlist_email_owner@t1/014-t5-middle,ando-waitlist_email_owner,E4,3000,False,2989
simulated,ando-waitlist_email_owner@t1/014-t5-middle,ando-waitlist_email_owner,E4,6000,True,5997
simulated,ando-waitlist_email_owner@t1/014-t5-middle,ando-waitlist_email_owner,E4,all,True,7387
simulated,ando-waitlist_email_owner@t1/014-t6-start,ando-waitlist_email_owner,D1,250,False,0
simulated,ando-waitlist_email_owner@t1/014-t6-start,ando-waitlist_email_owner,D1,500,False,0
simulated,ando-waitlist_email_owner@t1/014-t6-start,ando-waitlist_email_owner,D1,1000,False,927
simulated,ando-waitlist_email_owner@t1/014-t6-start,ando-waitlist_email_owner,D1,1500,True,1490
simulated,ando-waitlist_email_owner@t1/014-t6-start,ando-waitlist_email_owner,D1,3000,True,2939
simulated,ando-waitlist_email_owner@t1/014-t6-start,ando-waitlist_email_owner,D1,6000,True,5909
simulated,ando-waitlist_email_owner@t1/014-t6-start,ando-waitlist_email_owner,D1,all,True,8308
simulated,ando-waitlist_email_owner@t1/014-t6-start,ando-waitlist_email_owner,D2,250,False,36
simulated,ando-waitlist_email_owner@t1/014-t6-start,ando-waitlist_email_owner,D2,500,False,36
simulated,ando-waitlist_email_owner@t1/014-t6-start,ando-waitlist_email_owner,D2,1000,True,915
simulated,ando-waitlist_email_owner@t1/014-t6-start,ando-waitlist_email_owner,D2,1500,True,1394
simulated,ando-waitlist_email_owner@t1/014-t6-start,ando-waitlist_email_owner,D2,3000,True,2851
simulated,ando-waitlist_email_owner@t1/014-t6-start,ando-waitlist_email_owner,D2,6000,True,5932
simulated,ando-waitlist_email_owner@t1/014-t6-start,ando-waitlist_email_owner,D2,all,True,8308
simulated,ando-waitlist_email_owner@t1/014-t6-start,ando-waitlist_email_owner,B2,250,False,242
simulated,ando-waitlist_email_owner@t1/014-t6-start,ando-waitlist_email_owner,B2,500,False,242
simulated,ando-waitlist_email_owner@t1/014-t6-start,ando-waitlist_email_owner,B2,1000,True,931
simulated,ando-waitlist_email_owner@t1/014-t6-start,ando-waitlist_email_owner,B2,1500,True,1461
simulated,ando-waitlist_email_owner@t1/014-t6-start,ando-waitlist_email_owner,B2,3000,True,2947
simulated,ando-waitlist_email_owner@t1/014-t6-start,ando-waitlist_email_owner,B2,6000,True,5880
simulated,ando-waitlist_email_owner@t1/014-t6-start,ando-waitlist_email_owner,B2,all,True,15985
simulated,ando-waitlist_email_owner@t1/014-t6-start,ando-waitlist_email_owner,D4,250,False,45
simulated,ando-waitlist_email_owner@t1/014-t6-start,ando-waitlist_email_owner,D4,500,False,45
simulated,ando-waitlist_email_owner@t1/014-t6-start,ando-waitlist_email_owner,D4,1000,False,999
simulated,ando-waitlist_email_owner@t1/014-t6-start,ando-waitlist_email_owner,D4,1500,True,1477
simulated,ando-waitlist_email_owner@t1/014-t6-start,ando-waitlist_email_owner,D4,3000,True,2981
simulated,ando-waitlist_email_owner@t1/014-t6-start,ando-waitlist_email_owner,D4,6000,True,5888
simulated,ando-waitlist_email_owner@t1/014-t6-start,ando-waitlist_email_owner,D4,all,True,8308
simulated,ando-waitlist_email_owner@t1/014-t6-start,ando-waitlist_email_owner,Z4,250,False,237
simulated,ando-waitlist_email_owner@t1/014-t6-start,ando-waitlist_email_owner,Z4,500,False,474
simulated,ando-waitlist_email_owner@t1/014-t6-start,ando-waitlist_email_owner,Z4,1000,False,943
simulated,ando-waitlist_email_owner@t1/014-t6-start,ando-waitlist_email_owner,Z4,1500,True,1453
simulated,ando-waitlist_email_owner@t1/014-t6-start,ando-waitlist_email_owner,Z4,3000,True,2876
simulated,ando-waitlist_email_owner@t1/014-t6-start,ando-waitlist_email_owner,Z4,6000,True,5936
simulated,ando-waitlist_email_owner@t1/014-t6-start,ando-waitlist_email_owner,Z4,all,True,8374
simulated,ando-waitlist_email_owner@t1/014-t6-start,ando-waitlist_email_owner,L4,250,False,165
simulated,ando-waitlist_email_owner@t1/014-t6-start,ando-waitlist_email_owner,L4,500,False,165
simulated,ando-waitlist_email_owner@t1/014-t6-start,ando-waitlist_email_owner,L4,1000,False,791
simulated,ando-waitlist_email_owner@t1/014-t6-start,ando-waitlist_email_owner,L4,1500,False,1299
simulated,ando-waitlist_email_owner@t1/014-t6-start,ando-waitlist_email_owner,L4,3000,True,2839
simulated,ando-waitlist_email_owner@t1/014-t6-start,ando-waitlist_email_owner,L4,6000,True,5917
simulated,ando-waitlist_email_owner@t1/014-t6-start,ando-waitlist_email_owner,L4,all,True,8771
simulated,ando-waitlist_email_owner@t1/014-t6-start,ando-waitlist_email_owner,L2,250,False,45
simulated,ando-waitlist_email_owner@t1/014-t6-start,ando-waitlist_email_owner,L2,500,False,45
simulated,ando-waitlist_email_owner@t1/014-t6-start,ando-waitlist_email_owner,L2,1000,True,949
simulated,ando-waitlist_email_owner@t1/014-t6-start,ando-waitlist_email_owner,L2,1500,True,1477
simulated,ando-waitlist_email_owner@t1/014-t6-start,ando-waitlist_email_owner,L2,3000,True,2758
simulated,ando-waitlist_email_owner@t1/014-t6-start,ando-waitlist_email_owner,L2,6000,True,5643
simulated,ando-waitlist_email_owner@t1/014-t6-start,ando-waitlist_email_owner,L2,all,True,8771
simulated,ando-waitlist_email_owner@t1/014-t6-start,ando-waitlist_email_owner,E1,250,True,231
simulated,ando-waitlist_email_owner@t1/014-t6-start,ando-waitlist_email_owner,E1,500,True,496
simulated,ando-waitlist_email_owner@t1/014-t6-start,ando-waitlist_email_owner,E1,1000,True,964
simulated,ando-waitlist_email_owner@t1/014-t6-start,ando-waitlist_email_owner,E1,1500,True,1469
simulated,ando-waitlist_email_owner@t1/014-t6-start,ando-waitlist_email_owner,E1,3000,True,2978
simulated,ando-waitlist_email_owner@t1/014-t6-start,ando-waitlist_email_owner,E1,6000,True,5995
simulated,ando-waitlist_email_owner@t1/014-t6-start,ando-waitlist_email_owner,E1,all,True,9029
simulated,ando-waitlist_email_owner@t1/014-t6-start,ando-waitlist_email_owner,E4,250,False,238
simulated,ando-waitlist_email_owner@t1/014-t6-start,ando-waitlist_email_owner,E4,500,True,493
simulated,ando-waitlist_email_owner@t1/014-t6-start,ando-waitlist_email_owner,E4,1000,True,994
simulated,ando-waitlist_email_owner@t1/014-t6-start,ando-waitlist_email_owner,E4,1500,True,1496
simulated,ando-waitlist_email_owner@t1/014-t6-start,ando-waitlist_email_owner,E4,3000,True,2989
simulated,ando-waitlist_email_owner@t1/014-t6-start,ando-waitlist_email_owner,E4,6000,True,5982
simulated,ando-waitlist_email_owner@t1/014-t6-start,ando-waitlist_email_owner,E4,all,True,9029
simulated,ando-waitlist_email_owner@t1/014-t6-middle,ando-waitlist_email_owner,D1,250,False,226
simulated,ando-waitlist_email_owner@t1/014-t6-middle,ando-waitlist_email_owner,D1,500,False,226
simulated,ando-waitlist_email_owner@t1/014-t6-middle,ando-waitlist_email_owner,D1,1000,False,727
simulated,ando-waitlist_email_owner@t1/014-t6-middle,ando-waitlist_email_owner,D1,1500,False,1411
simulated,ando-waitlist_email_owner@t1/014-t6-middle,ando-waitlist_email_owner,D1,3000,False,2918
simulated,ando-waitlist_email_owner@t1/014-t6-middle,ando-waitlist_email_owner,D1,6000,True,5888
simulated,ando-waitlist_email_owner@t1/014-t6-middle,ando-waitlist_email_owner,D1,all,True,8682
simulated,ando-waitlist_email_owner@t1/014-t6-middle,ando-waitlist_email_owner,D2,250,False,0
simulated,ando-waitlist_email_owner@t1/014-t6-middle,ando-waitlist_email_owner,D2,500,False,0
simulated,ando-waitlist_email_owner@t1/014-t6-middle,ando-waitlist_email_owner,D2,1000,False,765
simulated,ando-waitlist_email_owner@t1/014-t6-middle,ando-waitlist_email_owner,D2,1500,True,1447
simulated,ando-waitlist_email_owner@t1/014-t6-middle,ando-waitlist_email_owner,D2,3000,True,2794
simulated,ando-waitlist_email_owner@t1/014-t6-middle,ando-waitlist_email_owner,D2,6000,True,5862
simulated,ando-waitlist_email_owner@t1/014-t6-middle,ando-waitlist_email_owner,D2,all,True,8682
simulated,ando-waitlist_email_owner@t1/014-t6-middle,ando-waitlist_email_owner,B2,250,True,205
simulated,ando-waitlist_email_owner@t1/014-t6-middle,ando-waitlist_email_owner,B2,500,True,456
simulated,ando-waitlist_email_owner@t1/014-t6-middle,ando-waitlist_email_owner,B2,1000,True,922
simulated,ando-waitlist_email_owner@t1/014-t6-middle,ando-waitlist_email_owner,B2,1500,True,1437
simulated,ando-waitlist_email_owner@t1/014-t6-middle,ando-waitlist_email_owner,B2,3000,True,2834
simulated,ando-waitlist_email_owner@t1/014-t6-middle,ando-waitlist_email_owner,B2,6000,True,5856
simulated,ando-waitlist_email_owner@t1/014-t6-middle,ando-waitlist_email_owner,B2,all,True,16257
simulated,ando-waitlist_email_owner@t1/014-t6-middle,ando-waitlist_email_owner,D4,250,False,228
simulated,ando-waitlist_email_owner@t1/014-t6-middle,ando-waitlist_email_owner,D4,500,False,454
simulated,ando-waitlist_email_owner@t1/014-t6-middle,ando-waitlist_email_owner,D4,1000,False,814
simulated,ando-waitlist_email_owner@t1/014-t6-middle,ando-waitlist_email_owner,D4,1500,False,1417
simulated,ando-waitlist_email_owner@t1/014-t6-middle,ando-waitlist_email_owner,D4,3000,True,2999
simulated,ando-waitlist_email_owner@t1/014-t6-middle,ando-waitlist_email_owner,D4,6000,True,5974
simulated,ando-waitlist_email_owner@t1/014-t6-middle,ando-waitlist_email_owner,D4,all,True,8682
simulated,ando-waitlist_email_owner@t1/014-t6-middle,ando-waitlist_email_owner,Z4,250,False,0
simulated,ando-waitlist_email_owner@t1/014-t6-middle,ando-waitlist_email_owner,Z4,500,False,323
simulated,ando-waitlist_email_owner@t1/014-t6-middle,ando-waitlist_email_owner,Z4,1000,False,894
simulated,ando-waitlist_email_owner@t1/014-t6-middle,ando-waitlist_email_owner,Z4,1500,False,1285
simulated,ando-waitlist_email_owner@t1/014-t6-middle,ando-waitlist_email_owner,Z4,3000,True,2879
simulated,ando-waitlist_email_owner@t1/014-t6-middle,ando-waitlist_email_owner,Z4,6000,True,5712
simulated,ando-waitlist_email_owner@t1/014-t6-middle,ando-waitlist_email_owner,Z4,all,True,8690
simulated,ando-waitlist_email_owner@t1/014-t6-middle,ando-waitlist_email_owner,L4,250,False,237
simulated,ando-waitlist_email_owner@t1/014-t6-middle,ando-waitlist_email_owner,L4,500,False,473
simulated,ando-waitlist_email_owner@t1/014-t6-middle,ando-waitlist_email_owner,L4,1000,False,705
simulated,ando-waitlist_email_owner@t1/014-t6-middle,ando-waitlist_email_owner,L4,1500,False,1475
simulated,ando-waitlist_email_owner@t1/014-t6-middle,ando-waitlist_email_owner,L4,3000,True,2867
simulated,ando-waitlist_email_owner@t1/014-t6-middle,ando-waitlist_email_owner,L4,6000,True,5906
simulated,ando-waitlist_email_owner@t1/014-t6-middle,ando-waitlist_email_owner,L4,all,True,9161
simulated,ando-waitlist_email_owner@t1/014-t6-middle,ando-waitlist_email_owner,L2,250,False,237
simulated,ando-waitlist_email_owner@t1/014-t6-middle,ando-waitlist_email_owner,L2,500,False,282
simulated,ando-waitlist_email_owner@t1/014-t6-middle,ando-waitlist_email_owner,L2,1000,False,922
simulated,ando-waitlist_email_owner@t1/014-t6-middle,ando-waitlist_email_owner,L2,1500,False,1406
simulated,ando-waitlist_email_owner@t1/014-t6-middle,ando-waitlist_email_owner,L2,3000,True,2916
simulated,ando-waitlist_email_owner@t1/014-t6-middle,ando-waitlist_email_owner,L2,6000,True,5877
simulated,ando-waitlist_email_owner@t1/014-t6-middle,ando-waitlist_email_owner,L2,all,True,9161
simulated,ando-waitlist_email_owner@t1/014-t6-middle,ando-waitlist_email_owner,E1,250,False,237
simulated,ando-waitlist_email_owner@t1/014-t6-middle,ando-waitlist_email_owner,E1,500,True,500
simulated,ando-waitlist_email_owner@t1/014-t6-middle,ando-waitlist_email_owner,E1,1000,True,974
simulated,ando-waitlist_email_owner@t1/014-t6-middle,ando-waitlist_email_owner,E1,1500,True,1482
simulated,ando-waitlist_email_owner@t1/014-t6-middle,ando-waitlist_email_owner,E1,3000,True,2990
simulated,ando-waitlist_email_owner@t1/014-t6-middle,ando-waitlist_email_owner,E1,6000,True,5992
simulated,ando-waitlist_email_owner@t1/014-t6-middle,ando-waitlist_email_owner,E1,all,True,9223
simulated,ando-waitlist_email_owner@t1/014-t6-middle,ando-waitlist_email_owner,E4,250,False,249
simulated,ando-waitlist_email_owner@t1/014-t6-middle,ando-waitlist_email_owner,E4,500,False,483
simulated,ando-waitlist_email_owner@t1/014-t6-middle,ando-waitlist_email_owner,E4,1000,False,1000
simulated,ando-waitlist_email_owner@t1/014-t6-middle,ando-waitlist_email_owner,E4,1500,True,1470
simulated,ando-waitlist_email_owner@t1/014-t6-middle,ando-waitlist_email_owner,E4,3000,True,2984
simulated,ando-waitlist_email_owner@t1/014-t6-middle,ando-waitlist_email_owner,E4,6000,True,5986
simulated,ando-waitlist_email_owner@t1/014-t6-middle,ando-waitlist_email_owner,E4,all,True,9223
simulated,ando-pricing_model@t1/017-t2-start,ando-pricing_model,D1,250,False,160
simulated,ando-pricing_model@t1/017-t2-start,ando-pricing_model,D1,500,False,473
simulated,ando-pricing_model@t1/017-t2-start,ando-pricing_model,D1,1000,False,974
simulated,ando-pricing_model@t1/017-t2-start,ando-pricing_model,D1,1500,True,1436
simulated,ando-pricing_model@t1/017-t2-start,ando-pricing_model,D1,3000,True,1436
simulated,ando-pricing_model@t1/017-t2-start,ando-pricing_model,D1,6000,True,1436
simulated,ando-pricing_model@t1/017-t2-start,ando-pricing_model,D1,all,True,1436
simulated,ando-pricing_model@t1/017-t2-start,ando-pricing_model,D2,250,False,237
simulated,ando-pricing_model@t1/017-t2-start,ando-pricing_model,D2,500,True,385
simulated,ando-pricing_model@t1/017-t2-start,ando-pricing_model,D2,1000,True,921
simulated,ando-pricing_model@t1/017-t2-start,ando-pricing_model,D2,1500,True,1436
simulated,ando-pricing_model@t1/017-t2-start,ando-pricing_model,D2,3000,True,1436
simulated,ando-pricing_model@t1/017-t2-start,ando-pricing_model,D2,6000,True,1436
simulated,ando-pricing_model@t1/017-t2-start,ando-pricing_model,D2,all,True,1436
simulated,ando-pricing_model@t1/017-t2-start,ando-pricing_model,B2,250,False,229
simulated,ando-pricing_model@t1/017-t2-start,ando-pricing_model,B2,500,True,441
simulated,ando-pricing_model@t1/017-t2-start,ando-pricing_model,B2,1000,True,860
simulated,ando-pricing_model@t1/017-t2-start,ando-pricing_model,B2,1500,True,1282
simulated,ando-pricing_model@t1/017-t2-start,ando-pricing_model,B2,3000,True,2758
simulated,ando-pricing_model@t1/017-t2-start,ando-pricing_model,B2,6000,True,2758
simulated,ando-pricing_model@t1/017-t2-start,ando-pricing_model,B2,all,True,2758
simulated,ando-pricing_model@t1/017-t2-start,ando-pricing_model,D4,250,True,219
simulated,ando-pricing_model@t1/017-t2-start,ando-pricing_model,D4,500,True,385
simulated,ando-pricing_model@t1/017-t2-start,ando-pricing_model,D4,1000,True,954
simulated,ando-pricing_model@t1/017-t2-start,ando-pricing_model,D4,1500,True,1436
simulated,ando-pricing_model@t1/017-t2-start,ando-pricing_model,D4,3000,True,1436
simulated,ando-pricing_model@t1/017-t2-start,ando-pricing_model,D4,6000,True,1436
simulated,ando-pricing_model@t1/017-t2-start,ando-pricing_model,D4,all,True,1436
simulated,ando-pricing_model@t1/017-t2-start,ando-pricing_model,Z4,250,False,0
simulated,ando-pricing_model@t1/017-t2-start,ando-pricing_model,Z4,500,True,409
simulated,ando-pricing_model@t1/017-t2-start,ando-pricing_model,Z4,1000,True,914
simulated,ando-pricing_model@t1/017-t2-start,ando-pricing_model,Z4,1500,True,1484
simulated,ando-pricing_model@t1/017-t2-start,ando-pricing_model,Z4,3000,True,1484
simulated,ando-pricing_model@t1/017-t2-start,ando-pricing_model,Z4,6000,True,1484
simulated,ando-pricing_model@t1/017-t2-start,ando-pricing_model,Z4,all,True,1484
simulated,ando-pricing_model@t1/017-t2-start,ando-pricing_model,L4,250,True,234
simulated,ando-pricing_model@t1/017-t2-start,ando-pricing_model,L4,500,True,415
simulated,ando-pricing_model@t1/017-t2-start,ando-pricing_model,L4,1000,True,899
simulated,ando-pricing_model@t1/017-t2-start,ando-pricing_model,L4,1500,True,1421
simulated,ando-pricing_model@t1/017-t2-start,ando-pricing_model,L4,3000,True,1531
simulated,ando-pricing_model@t1/017-t2-start,ando-pricing_model,L4,6000,True,1531
simulated,ando-pricing_model@t1/017-t2-start,ando-pricing_model,L4,all,True,1531
simulated,ando-pricing_model@t1/017-t2-start,ando-pricing_model,L2,250,True,234
simulated,ando-pricing_model@t1/017-t2-start,ando-pricing_model,L2,500,True,415
simulated,ando-pricing_model@t1/017-t2-start,ando-pricing_model,L2,1000,True,969
simulated,ando-pricing_model@t1/017-t2-start,ando-pricing_model,L2,1500,True,1452
simulated,ando-pricing_model@t1/017-t2-start,ando-pricing_model,L2,3000,True,1531
simulated,ando-pricing_model@t1/017-t2-start,ando-pricing_model,L2,6000,True,1531
simulated,ando-pricing_model@t1/017-t2-start,ando-pricing_model,L2,all,True,1531
simulated,ando-pricing_model@t1/017-t2-start,ando-pricing_model,E1,250,True,250
simulated,ando-pricing_model@t1/017-t2-start,ando-pricing_model,E1,500,True,462
simulated,ando-pricing_model@t1/017-t2-start,ando-pricing_model,E1,1000,True,987
simulated,ando-pricing_model@t1/017-t2-start,ando-pricing_model,E1,1500,True,1427
simulated,ando-pricing_model@t1/017-t2-start,ando-pricing_model,E1,3000,True,1427
simulated,ando-pricing_model@t1/017-t2-start,ando-pricing_model,E1,6000,True,1427
simulated,ando-pricing_model@t1/017-t2-start,ando-pricing_model,E1,all,True,1427
simulated,ando-pricing_model@t1/017-t2-start,ando-pricing_model,E4,250,True,238
simulated,ando-pricing_model@t1/017-t2-start,ando-pricing_model,E4,500,True,477
simulated,ando-pricing_model@t1/017-t2-start,ando-pricing_model,E4,1000,True,990
simulated,ando-pricing_model@t1/017-t2-start,ando-pricing_model,E4,1500,True,1427
simulated,ando-pricing_model@t1/017-t2-start,ando-pricing_model,E4,3000,True,1427
simulated,ando-pricing_model@t1/017-t2-start,ando-pricing_model,E4,6000,True,1427
simulated,ando-pricing_model@t1/017-t2-start,ando-pricing_model,E4,all,True,1427
simulated,ando-pricing_model@t1/017-t2-middle,ando-pricing_model,D1,250,False,0
simulated,ando-pricing_model@t1/017-t2-middle,ando-pricing_model,D1,500,False,497
simulated,ando-pricing_model@t1/017-t2-middle,ando-pricing_model,D1,1000,False,922
simulated,ando-pricing_model@t1/017-t2-middle,ando-pricing_model,D1,1500,False,1471
simulated,ando-pricing_model@t1/017-t2-middle,ando-pricing_model,D1,3000,True,1990
simulated,ando-pricing_model@t1/017-t2-middle,ando-pricing_model,D1,6000,True,1990
simulated,ando-pricing_model@t1/017-t2-middle,ando-pricing_model,D1,all,True,1990
simulated,ando-pricing_model@t1/017-t2-middle,ando-pricing_model,D2,250,False,0
simulated,ando-pricing_model@t1/017-t2-middle,ando-pricing_model,D2,500,False,437
simulated,ando-pricing_model@t1/017-t2-middle,ando-pricing_model,D2,1000,False,943
simulated,ando-pricing_model@t1/017-t2-middle,ando-pricing_model,D2,1500,False,1440
simulated,ando-pricing_model@t1/017-t2-middle,ando-pricing_model,D2,3000,True,1990
simulated,ando-pricing_model@t1/017-t2-middle,ando-pricing_model,D2,6000,True,1990
simulated,ando-pricing_model@t1/017-t2-middle,ando-pricing_model,D2,all,True,1990
simulated,ando-pricing_model@t1/017-t2-middle,ando-pricing_model,B2,250,False,0
simulated,ando-pricing_model@t1/017-t2-middle,ando-pricing_model,B2,500,False,470
simulated,ando-pricing_model@t1/017-t2-middle,ando-pricing_model,B2,1000,False,939
simulated,ando-pricing_model@t1/017-t2-middle,ando-pricing_model,B2,1500,False,1394
simulated,ando-pricing_model@t1/017-t2-middle,ando-pricing_model,B2,3000,True,2916
simulated,ando-pricing_model@t1/017-t2-middle,ando-pricing_model,B2,6000,True,3683
simulated,ando-pricing_model@t1/017-t2-middle,ando-pricing_model,B2,all,True,3683
simulated,ando-pricing_model@t1/017-t2-middle,ando-pricing_model,D4,250,False,0
simulated,ando-pricing_model@t1/017-t2-middle,ando-pricing_model,D4,500,False,304
simulated,ando-pricing_model@t1/017-t2-middle,ando-pricing_model,D4,1000,False,877
simulated,ando-pricing_model@t1/017-t2-middle,ando-pricing_model,D4,1500,False,1378
simulated,ando-pricing_model@t1/017-t2-middle,ando-pricing_model,D4,3000,True,1990
simulated,ando-pricing_model@t1/017-t2-middle,ando-pricing_model,D4,6000,True,1990
simulated,ando-pricing_model@t1/017-t2-middle,ando-pricing_model,D4,all,True,1990
simulated,ando-pricing_model@t1/017-t2-middle,ando-pricing_model,Z4,250,False,0
simulated,ando-pricing_model@t1/017-t2-middle,ando-pricing_model,Z4,500,False,352
simulated,ando-pricing_model@t1/017-t2-middle,ando-pricing_model,Z4,1000,False,893
simulated,ando-pricing_model@t1/017-t2-middle,ando-pricing_model,Z4,1500,False,1130
simulated,ando-pricing_model@t1/017-t2-middle,ando-pricing_model,Z4,3000,True,1996
simulated,ando-pricing_model@t1/017-t2-middle,ando-pricing_model,Z4,6000,True,1996
simulated,ando-pricing_model@t1/017-t2-middle,ando-pricing_model,Z4,all,True,1996
simulated,ando-pricing_model@t1/017-t2-middle,ando-pricing_model,L4,250,False,0
simulated,ando-pricing_model@t1/017-t2-middle,ando-pricing_model,L4,500,False,312
simulated,ando-pricing_model@t1/017-t2-middle,ando-pricing_model,L4,1000,False,909
simulated,ando-pricing_model@t1/017-t2-middle,ando-pricing_model,L4,1500,False,1444
simulated,ando-pricing_model@t1/017-t2-middle,ando-pricing_model,L4,3000,True,2112
simulated,ando-pricing_model@t1/017-t2-middle,ando-pricing_model,L4,6000,True,2112
simulated,ando-pricing_model@t1/017-t2-middle,ando-pricing_model,L4,all,True,2112
simulated,ando-pricing_model@t1/017-t2-middle,ando-pricing_model,L2,250,False,0
simulated,ando-pricing_model@t1/017-t2-middle,ando-pricing_model,L2,500,False,456
simulated,ando-pricing_model@t1/017-t2-middle,ando-pricing_model,L2,1000,False,987
simulated,ando-pricing_model@t1/017-t2-middle,ando-pricing_model,L2,1500,False,1428
simulated,ando-pricing_model@t1/017-t2-middle,ando-pricing_model,L2,3000,True,2112
simulated,ando-pricing_model@t1/017-t2-middle,ando-pricing_model,L2,6000,True,2112
simulated,ando-pricing_model@t1/017-t2-middle,ando-pricing_model,L2,all,True,2112
simulated,ando-pricing_model@t1/017-t2-middle,ando-pricing_model,E1,250,False,238
simulated,ando-pricing_model@t1/017-t2-middle,ando-pricing_model,E1,500,False,457
simulated,ando-pricing_model@t1/017-t2-middle,ando-pricing_model,E1,1000,True,975
simulated,ando-pricing_model@t1/017-t2-middle,ando-pricing_model,E1,1500,True,1492
simulated,ando-pricing_model@t1/017-t2-middle,ando-pricing_model,E1,3000,True,2224
simulated,ando-pricing_model@t1/017-t2-middle,ando-pricing_model,E1,6000,True,2224
simulated,ando-pricing_model@t1/017-t2-middle,ando-pricing_model,E1,all,True,2224
simulated,ando-pricing_model@t1/017-t2-middle,ando-pricing_model,E4,250,False,248
simulated,ando-pricing_model@t1/017-t2-middle,ando-pricing_model,E4,500,True,474
simulated,ando-pricing_model@t1/017-t2-middle,ando-pricing_model,E4,1000,True,986
simulated,ando-pricing_model@t1/017-t2-middle,ando-pricing_model,E4,1500,True,1469
simulated,ando-pricing_model@t1/017-t2-middle,ando-pricing_model,E4,3000,True,2224
simulated,ando-pricing_model@t1/017-t2-middle,ando-pricing_model,E4,6000,True,2224
simulated,ando-pricing_model@t1/017-t2-middle,ando-pricing_model,E4,all,True,2224
simulated,ando-pricing_model@t1/017-t3-start,ando-pricing_model,D1,250,False,0
simulated,ando-pricing_model@t1/017-t3-start,ando-pricing_model,D1,500,False,331
simulated,ando-pricing_model@t1/017-t3-start,ando-pricing_model,D1,1000,False,983
simulated,ando-pricing_model@t1/017-t3-start,ando-pricing_model,D1,1500,False,1220
simulated,ando-pricing_model@t1/017-t3-start,ando-pricing_model,D1,3000,True,2916
simulated,ando-pricing_model@t1/017-t3-start,ando-pricing_model,D1,6000,True,2916
simulated,ando-pricing_model@t1/017-t3-start,ando-pricing_model,D1,all,True,2916
simulated,ando-pricing_model@t1/017-t3-start,ando-pricing_model,D2,250,False,192
simulated,ando-pricing_model@t1/017-t3-start,ando-pricing_model,D2,500,False,416
simulated,ando-pricing_model@t1/017-t3-start,ando-pricing_model,D2,1000,False,989
simulated,ando-pricing_model@t1/017-t3-start,ando-pricing_model,D2,1500,False,1494
simulated,ando-pricing_model@t1/017-t3-start,ando-pricing_model,D2,3000,True,2916
simulated,ando-pricing_model@t1/017-t3-start,ando-pricing_model,D2,6000,True,2916
simulated,ando-pricing_model@t1/017-t3-start,ando-pricing_model,D2,all,True,2916
simulated,ando-pricing_model@t1/017-t3-start,ando-pricing_model,B2,250,False,229
simulated,ando-pricing_model@t1/017-t3-start,ando-pricing_model,B2,500,False,414
simulated,ando-pricing_model@t1/017-t3-start,ando-pricing_model,B2,1000,True,805
simulated,ando-pricing_model@t1/017-t3-start,ando-pricing_model,B2,1500,True,1418
simulated,ando-pricing_model@t1/017-t3-start,ando-pricing_model,B2,3000,True,2829
simulated,ando-pricing_model@t1/017-t3-start,ando-pricing_model,B2,6000,True,5629
simulated,ando-pricing_model@t1/017-t3-start,ando-pricing_model,B2,all,True,5629
simulated,ando-pricing_model@t1/017-t3-start,ando-pricing_model,D4,250,False,0
simulated,ando-pricing_model@t1/017-t3-start,ando-pricing_model,D4,500,False,460
simulated,ando-pricing_model@t1/017-t3-start,ando-pricing_model,D4,1000,False,721
simulated,ando-pricing_model@t1/017-t3-start,ando-pricing_model,D4,1500,False,1280
simulated,ando-pricing_model@t1/017-t3-start,ando-pricing_model,D4,3000,True,2916
simulated,ando-pricing_model@t1/017-t3-start,ando-pricing_model,D4,6000,True,2916
simulated,ando-pricing_model@t1/017-t3-start,ando-pricing_model,D4,all,True,2916
simulated,ando-pricing_model@t1/017-t3-start,ando-pricing_model,Z4,250,False,0
simulated,ando-pricing_model@t1/017-t3-start,ando-pricing_model,Z4,500,True,409
simulated,ando-pricing_model@t1/017-t3-start,ando-pricing_model,Z4,1000,True,905
simulated,ando-pricing_model@t1/017-t3-start,ando-pricing_model,Z4,1500,True,1142
simulated,ando-pricing_model@t1/017-t3-start,ando-pricing_model,Z4,3000,True,2996
simulated,ando-pricing_model@t1/017-t3-start,ando-pricing_model,Z4,6000,True,2996
simulated,ando-pricing_model@t1/017-t3-start,ando-pricing_model,Z4,all,True,2996
simulated,ando-pricing_model@t1/017-t3-start,ando-pricing_model,L4,250,False,0
simulated,ando-pricing_model@t1/017-t3-start,ando-pricing_model,L4,500,False,470
simulated,ando-pricing_model@t1/017-t3-start,ando-pricing_model,L4,1000,False,984
simulated,ando-pricing_model@t1/017-t3-start,ando-pricing_model,L4,1500,False,1278
simulated,ando-pricing_model@t1/017-t3-start,ando-pricing_model,L4,3000,False,2866
simulated,ando-pricing_model@t1/017-t3-start,ando-pricing_model,L4,6000,True,3054
simulated,ando-pricing_model@t1/017-t3-start,ando-pricing_model,L4,all,True,3054
simulated,ando-pricing_model@t1/017-t3-start,ando-pricing_model,L2,250,False,203
simulated,ando-pricing_model@t1/017-t3-start,ando-pricing_model,L2,500,False,441
simulated,ando-pricing_model@t1/017-t3-start,ando-pricing_model,L2,1000,False,702
simulated,ando-pricing_model@t1/017-t3-start,ando-pricing_model,L2,1500,True,1125
simulated,ando-pricing_model@t1/017-t3-start,ando-pricing_model,L2,3000,True,2929
simulated,ando-pricing_model@t1/017-t3-start,ando-pricing_model,L2,6000,True,3054
simulated,ando-pricing_model@t1/017-t3-start,ando-pricing_model,L2,all,True,3054
simulated,ando-pricing_model@t1/017-t3-start,ando-pricing_model,E1,250,False,241
simulated,ando-pricing_model@t1/017-t3-start,ando-pricing_model,E1,500,False,499
simulated,ando-pricing_model@t1/017-t3-start,ando-pricing_model,E1,1000,True,972
simulated,ando-pricing_model@t1/017-t3-start,ando-pricing_model,E1,1500,True,1491
simulated,ando-pricing_model@t1/017-t3-start,ando-pricing_model,E1,3000,True,2984
simulated,ando-pricing_model@t1/017-t3-start,ando-pricing_model,E1,6000,True,2984
simulated,ando-pricing_model@t1/017-t3-start,ando-pricing_model,E1,all,True,2984
simulated,ando-pricing_model@t1/017-t3-start,ando-pricing_model,E4,250,False,219
simulated,ando-pricing_model@t1/017-t3-start,ando-pricing_model,E4,500,False,470
simulated,ando-pricing_model@t1/017-t3-start,ando-pricing_model,E4,1000,False,983
simulated,ando-pricing_model@t1/017-t3-start,ando-pricing_model,E4,1500,False,1492
simulated,ando-pricing_model@t1/017-t3-start,ando-pricing_model,E4,3000,True,2984
simulated,ando-pricing_model@t1/017-t3-start,ando-pricing_model,E4,6000,True,2984
simulated,ando-pricing_model@t1/017-t3-start,ando-pricing_model,E4,all,True,2984
simulated,ando-pricing_model@t1/017-t3-middle,ando-pricing_model,D1,250,False,192
simulated,ando-pricing_model@t1/017-t3-middle,ando-pricing_model,D1,500,False,420
simulated,ando-pricing_model@t1/017-t3-middle,ando-pricing_model,D1,1000,False,982
simulated,ando-pricing_model@t1/017-t3-middle,ando-pricing_model,D1,1500,False,1284
simulated,ando-pricing_model@t1/017-t3-middle,ando-pricing_model,D1,3000,False,2974
simulated,ando-pricing_model@t1/017-t3-middle,ando-pricing_model,D1,6000,True,3652
simulated,ando-pricing_model@t1/017-t3-middle,ando-pricing_model,D1,all,True,3652
simulated,ando-pricing_model@t1/017-t3-middle,ando-pricing_model,D2,250,False,192
simulated,ando-pricing_model@t1/017-t3-middle,ando-pricing_model,D2,500,False,496
simulated,ando-pricing_model@t1/017-t3-middle,ando-pricing_model,D2,1000,False,941
simulated,ando-pricing_model@t1/017-t3-middle,ando-pricing_model,D2,1500,False,1255
simulated,ando-pricing_model@t1/017-t3-middle,ando-pricing_model,D2,3000,True,2970
simulated,ando-pricing_model@t1/017-t3-middle,ando-pricing_model,D2,6000,True,3652
simulated,ando-pricing_model@t1/017-t3-middle,ando-pricing_model,D2,all,True,3652
simulated,ando-pricing_model@t1/017-t3-middle,ando-pricing_model,B2,250,False,229
simulated,ando-pricing_model@t1/017-t3-middle,ando-pricing_model,B2,500,True,441
simulated,ando-pricing_model@t1/017-t3-middle,ando-pricing_model,B2,1000,True,860
simulated,ando-pricing_model@t1/017-t3-middle,ando-pricing_model,B2,1500,True,1412
simulated,ando-pricing_model@t1/017-t3-middle,ando-pricing_model,B2,3000,True,2957
simulated,ando-pricing_model@t1/017-t3-middle,ando-pricing_model,B2,6000,True,5961
simulated,ando-pricing_model@t1/017-t3-middle,ando-pricing_model,B2,all,True,7364
simulated,ando-pricing_model@t1/017-t3-middle,ando-pricing_model,D4,250,False,192
simulated,ando-pricing_model@t1/017-t3-middle,ando-pricing_model,D4,500,False,496
simulated,ando-pricing_model@t1/017-t3-middle,ando-pricing_model,D4,1000,False,817
simulated,ando-pricing_model@t1/017-t3-middle,ando-pricing_model,D4,1500,False,1227
simulated,ando-pricing_model@t1/017-t3-middle,ando-pricing_model,D4,3000,True,3000
simulated,ando-pricing_model@t1/017-t3-middle,ando-pricing_model,D4,6000,True,3652
simulated,ando-pricing_model@t1/017-t3-middle,ando-pricing_model,D4,all,True,3652
simulated,ando-pricing_model@t1/017-t3-middle,ando-pricing_model,Z4,250,False,0
simulated,ando-pricing_model@t1/017-t3-middle,ando-pricing_model,Z4,500,True,409
simulated,ando-pricing_model@t1/017-t3-middle,ando-pricing_model,Z4,1000,True,923
simulated,ando-pricing_model@t1/017-t3-middle,ando-pricing_model,Z4,1500,True,1275
simulated,ando-pricing_model@t1/017-t3-middle,ando-pricing_model,Z4,3000,True,2981
simulated,ando-pricing_model@t1/017-t3-middle,ando-pricing_model,Z4,6000,True,3732
simulated,ando-pricing_model@t1/017-t3-middle,ando-pricing_model,Z4,all,True,3732
simulated,ando-pricing_model@t1/017-t3-middle,ando-pricing_model,L4,250,False,203
simulated,ando-pricing_model@t1/017-t3-middle,ando-pricing_model,L4,500,False,430
simulated,ando-pricing_model@t1/017-t3-middle,ando-pricing_model,L4,1000,False,968
simulated,ando-pricing_model@t1/017-t3-middle,ando-pricing_model,L4,1500,False,1387
simulated,ando-pricing_model@t1/017-t3-middle,ando-pricing_model,L4,3000,True,2868
simulated,ando-pricing_model@t1/017-t3-middle,ando-pricing_model,L4,6000,True,3839
simulated,ando-pricing_model@t1/017-t3-middle,ando-pricing_model,L4,all,True,3839
simulated,ando-pricing_model@t1/017-t3-middle,ando-pricing_model,L2,250,False,203
simulated,ando-pricing_model@t1/017-t3-middle,ando-pricing_model,L2,500,False,203
simulated,ando-pricing_model@t1/017-t3-middle,ando-pricing_model,L2,1000,False,843
simulated,ando-pricing_model@t1/017-t3-middle,ando-pricing_model,L2,1500,True,1481
simulated,ando-pricing_model@t1/017-t3-middle,ando-pricing_model,L2,3000,True,2984
simulated,ando-pricing_model@t1/017-t3-middle,ando-pricing_model,L2,6000,True,3839
simulated,ando-pricing_model@t1/017-t3-middle,ando-pricing_model,L2,all,True,3839
simulated,ando-pricing_model@t1/017-t3-middle,ando-pricing_model,E1,250,False,243
simulated,ando-pricing_model@t1/017-t3-middle,ando-pricing_model,E1,500,False,476
simulated,ando-pricing_model@t1/017-t3-middle,ando-pricing_model,E1,1000,True,986
simulated,ando-pricing_model@t1/017-t3-middle,ando-pricing_model,E1,1500,True,1476
simulated,ando-pricing_model@t1/017-t3-middle,ando-pricing_model,E1,3000,True,2973
simulated,ando-pricing_model@t1/017-t3-middle,ando-pricing_model,E1,6000,True,3920
simulated,ando-pricing_model@t1/017-t3-middle,ando-pricing_model,E1,all,True,3920
simulated,ando-pricing_model@t1/017-t3-middle,ando-pricing_model,E4,250,True,243
simulated,ando-pricing_model@t1/017-t3-middle,ando-pricing_model,E4,500,True,471
simulated,ando-pricing_model@t1/017-t3-middle,ando-pricing_model,E4,1000,True,995
simulated,ando-pricing_model@t1/017-t3-middle,ando-pricing_model,E4,1500,True,1472
simulated,ando-pricing_model@t1/017-t3-middle,ando-pricing_model,E4,3000,True,2988
simulated,ando-pricing_model@t1/017-t3-middle,ando-pricing_model,E4,6000,True,3920
simulated,ando-pricing_model@t1/017-t3-middle,ando-pricing_model,E4,all,True,3920
simulated,ando-pricing_model@t1/017-t4-start,ando-pricing_model,D1,250,False,217
simulated,ando-pricing_model@t1/017-t4-start,ando-pricing_model,D1,500,False,414
simulated,ando-pricing_model@t1/017-t4-start,ando-pricing_model,D1,1000,False,563
simulated,ando-pricing_model@t1/017-t4-start,ando-pricing_model,D1,1500,False,1251
simulated,ando-pricing_model@t1/017-t4-start,ando-pricing_model,D1,3000,False,2998
simulated,ando-pricing_model@t1/017-t4-start,ando-pricing_model,D1,6000,True,5036
simulated,ando-pricing_model@t1/017-t4-start,ando-pricing_model,D1,all,True,5036
simulated,ando-pricing_model@t1/017-t4-start,ando-pricing_model,D2,250,False,192
simulated,ando-pricing_model@t1/017-t4-start,ando-pricing_model,D2,500,False,192
simulated,ando-pricing_model@t1/017-t4-start,ando-pricing_model,D2,1000,False,844
simulated,ando-pricing_model@t1/017-t4-start,ando-pricing_model,D2,1500,False,1442
simulated,ando-pricing_model@t1/017-t4-start,ando-pricing_model,D2,3000,True,2714
simulated,ando-pricing_model@t1/017-t4-start,ando-pricing_model,D2,6000,True,5036
simulated,ando-pricing_model@t1/017-t4-start,ando-pricing_model,D2,all,True,5036
simulated,ando-pricing_model@t1/017-t4-start,ando-pricing_model,B2,250,False,229
simulated,ando-pricing_model@t1/017-t4-start,ando-pricing_model,B2,500,False,229
simulated,ando-pricing_model@t1/017-t4-start,ando-pricing_model,B2,1000,True,956
simulated,ando-pricing_model@t1/017-t4-start,ando-pricing_model,B2,1500,True,1488
simulated,ando-pricing_model@t1/017-t4-start,ando-pricing_model,B2,3000,True,2885
simulated,ando-pricing_model@t1/017-t4-start,ando-pricing_model,B2,6000,True,5903
simulated,ando-pricing_model@t1/017-t4-start,ando-pricing_model,B2,all,True,9640
simulated,ando-pricing_model@t1/017-t4-start,ando-pricing_model,D4,250,False,141
simulated,ando-pricing_model@t1/017-t4-start,ando-pricing_model,D4,500,False,141
simulated,ando-pricing_model@t1/017-t4-start,ando-pricing_model,D4,1000,False,946
simulated,ando-pricing_model@t1/017-t4-start,ando-pricing_model,D4,1500,False,1421
simulated,ando-pricing_model@t1/017-t4-start,ando-pricing_model,D4,3000,True,2981
simulated,ando-pricing_model@t1/017-t4-start,ando-pricing_model,D4,6000,True,5036
simulated,ando-pricing_model@t1/017-t4-start,ando-pricing_model,D4,all,True,5036
simulated,ando-pricing_model@t1/017-t4-start,ando-pricing_model,Z4,250,False,237
simulated,ando-pricing_model@t1/017-t4-start,ando-pricing_model,Z4,500,False,237
simulated,ando-pricing_model@t1/017-t4-start,ando-pricing_model,Z4,1000,False,866
simulated,ando-pricing_model@t1/017-t4-start,ando-pricing_model,Z4,1500,False,1103
simulated,ando-pricing_model@t1/017-t4-start,ando-pricing_model,Z4,3000,True,2968
simulated,ando-pricing_model@t1/017-t4-start,ando-pricing_model,Z4,6000,True,5055
simulated,ando-pricing_model@t1/017-t4-start,ando-pricing_model,Z4,all,True,5055
simulated,ando-pricing_model@t1/017-t4-start,ando-pricing_model,L4,250,False,165
simulated,ando-pricing_model@t1/017-t4-start,ando-pricing_model,L4,500,False,165
simulated,ando-pricing_model@t1/017-t4-start,ando-pricing_model,L4,1000,False,988
simulated,ando-pricing_model@t1/017-t4-start,ando-pricing_model,L4,1500,False,1489
simulated,ando-pricing_model@t1/017-t4-start,ando-pricing_model,L4,3000,True,2887
simulated,ando-pricing_model@t1/017-t4-start,ando-pricing_model,L4,6000,True,5303
simulated,ando-pricing_model@t1/017-t4-start,ando-pricing_model,L4,all,True,5303
simulated,ando-pricing_model@t1/017-t4-start,ando-pricing_model,L2,250,False,203
simulated,ando-pricing_model@t1/017-t4-start,ando-pricing_model,L2,500,False,256
simulated,ando-pricing_model@t1/017-t4-start,ando-pricing_model,L2,1000,False,882
simulated,ando-pricing_model@t1/017-t4-start,ando-pricing_model,L2,1500,True,1318
simulated,ando-pricing_model@t1/017-t4-start,ando-pricing_model,L2,3000,True,2976
simulated,ando-pricing_model@t1/017-t4-start,ando-pricing_model,L2,6000,True,5303
simulated,ando-pricing_model@t1/017-t4-start,ando-pricing_model,L2,all,True,5303
simulated,ando-pricing_model@t1/017-t4-start,ando-pricing_model,E1,250,False,248
simulated,ando-pricing_model@t1/017-t4-start,ando-pricing_model,E1,500,False,464
simulated,ando-pricing_model@t1/017-t4-start,ando-pricing_model,E1,1000,False,982
simulated,ando-pricing_model@t1/017-t4-start,ando-pricing_model,E1,1500,False,1495
simulated,ando-pricing_model@t1/017-t4-start,ando-pricing_model,E1,3000,True,2994
simulated,ando-pricing_model@t1/017-t4-start,ando-pricing_model,E1,6000,True,5175
simulated,ando-pricing_model@t1/017-t4-start,ando-pricing_model,E1,all,True,5175
simulated,ando-pricing_model@t1/017-t4-start,ando-pricing_model,E4,250,False,219
simulated,ando-pricing_model@t1/017-t4-start,ando-pricing_model,E4,500,False,500
simulated,ando-pricing_model@t1/017-t4-start,ando-pricing_model,E4,1000,False,966
simulated,ando-pricing_model@t1/017-t4-start,ando-pricing_model,E4,1500,False,1492
simulated,ando-pricing_model@t1/017-t4-start,ando-pricing_model,E4,3000,True,2984
simulated,ando-pricing_model@t1/017-t4-start,ando-pricing_model,E4,6000,True,5175
simulated,ando-pricing_model@t1/017-t4-start,ando-pricing_model,E4,all,True,5175
simulated,ando-dm_policy@t2/005-t3-start,ando-dm_policy,D1,250,False,0
simulated,ando-dm_policy@t2/005-t3-start,ando-dm_policy,D1,500,False,460
simulated,ando-dm_policy@t2/005-t3-start,ando-dm_policy,D1,1000,False,983
simulated,ando-dm_policy@t2/005-t3-start,ando-dm_policy,D1,1500,False,1420
simulated,ando-dm_policy@t2/005-t3-start,ando-dm_policy,D1,3000,True,2916
simulated,ando-dm_policy@t2/005-t3-start,ando-dm_policy,D1,6000,True,2916
simulated,ando-dm_policy@t2/005-t3-start,ando-dm_policy,D1,all,True,2916
simulated,ando-dm_policy@t2/005-t3-start,ando-dm_policy,D2,250,False,133
simulated,ando-dm_policy@t2/005-t3-start,ando-dm_policy,D2,500,False,464
simulated,ando-dm_policy@t2/005-t3-start,ando-dm_policy,D2,1000,False,924
simulated,ando-dm_policy@t2/005-t3-start,ando-dm_policy,D2,1500,True,1489
simulated,ando-dm_policy@t2/005-t3-start,ando-dm_policy,D2,3000,True,2916
simulated,ando-dm_policy@t2/005-t3-start,ando-dm_policy,D2,6000,True,2916
simulated,ando-dm_policy@t2/005-t3-start,ando-dm_policy,D2,all,True,2916
simulated,ando-dm_policy@t2/005-t3-start,ando-dm_policy,B2,250,False,185
simulated,ando-dm_policy@t2/005-t3-start,ando-dm_policy,B2,500,False,443
simulated,ando-dm_policy@t2/005-t3-start,ando-dm_policy,B2,1000,False,892
simulated,ando-dm_policy@t2/005-t3-start,ando-dm_policy,B2,1500,False,1265
simulated,ando-dm_policy@t2/005-t3-start,ando-dm_policy,B2,3000,True,2988
simulated,ando-dm_policy@t2/005-t3-start,ando-dm_policy,B2,6000,True,5629
simulated,ando-dm_policy@t2/005-t3-start,ando-dm_policy,B2,all,True,5629
simulated,ando-dm_policy@t2/005-t3-start,ando-dm_policy,D4,250,False,152
simulated,ando-dm_policy@t2/005-t3-start,ando-dm_policy,D4,500,False,152
simulated,ando-dm_policy@t2/005-t3-start,ando-dm_policy,D4,1000,True,916
simulated,ando-dm_policy@t2/005-t3-start,ando-dm_policy,D4,1500,True,1310
simulated,ando-dm_policy@t2/005-t3-start,ando-dm_policy,D4,3000,True,2916
simulated,ando-dm_policy@t2/005-t3-start,ando-dm_policy,D4,6000,True,2916
simulated,ando-dm_policy@t2/005-t3-start,ando-dm_policy,D4,all,True,2916
simulated,ando-dm_policy@t2/005-t3-start,ando-dm_policy,Z4,250,False,0
simulated,ando-dm_policy@t2/005-t3-start,ando-dm_policy,Z4,500,False,496
simulated,ando-dm_policy@t2/005-t3-start,ando-dm_policy,Z4,1000,False,905
simulated,ando-dm_policy@t2/005-t3-start,ando-dm_policy,Z4,1500,True,1494
simulated,ando-dm_policy@t2/005-t3-start,ando-dm_policy,Z4,3000,True,2996
simulated,ando-dm_policy@t2/005-t3-start,ando-dm_policy,Z4,6000,True,2996
simulated,ando-dm_policy@t2/005-t3-start,ando-dm_policy,Z4,all,True,2996
simulated,ando-dm_policy@t2/005-t3-start,ando-dm_policy,L4,250,False,0
simulated,ando-dm_policy@t2/005-t3-start,ando-dm_policy,L4,500,False,470
simulated,ando-dm_policy@t2/005-t3-start,ando-dm_policy,L4,1000,False,924
simulated,ando-dm_policy@t2/005-t3-start,ando-dm_policy,L4,1500,True,1473
simulated,ando-dm_policy@t2/005-t3-start,ando-dm_policy,L4,3000,True,2970
simulated,ando-dm_policy@t2/005-t3-start,ando-dm_policy,L4,6000,True,3054
simulated,ando-dm_policy@t2/005-t3-start,ando-dm_policy,L4,all,True,3054
simulated,ando-dm_policy@t2/005-t3-start,ando-dm_policy,L2,250,False,144
simulated,ando-dm_policy@t2/005-t3-start,ando-dm_policy,L2,500,False,483
simulated,ando-dm_policy@t2/005-t3-start,ando-dm_policy,L2,1000,True,795
simulated,ando-dm_policy@t2/005-t3-start,ando-dm_policy,L2,1500,True,1382
simulated,ando-dm_policy@t2/005-t3-start,ando-dm_policy,L2,3000,True,2970
simulated,ando-dm_policy@t2/005-t3-start,ando-dm_policy,L2,6000,True,3054
simulated,ando-dm_policy@t2/005-t3-start,ando-dm_policy,L2,all,True,3054
simulated,ando-dm_policy@t2/005-t3-start,ando-dm_policy,E1,250,False,234
simulated,ando-dm_policy@t2/005-t3-start,ando-dm_policy,E1,500,False,488
simulated,ando-dm_policy@t2/005-t3-start,ando-dm_policy,E1,1000,False,975
simulated,ando-dm_policy@t2/005-t3-start,ando-dm_policy,E1,1500,False,1490
simulated,ando-dm_policy@t2/005-t3-start,ando-dm_policy,E1,3000,True,2984
simulated,ando-dm_policy@t2/005-t3-start,ando-dm_policy,E1,6000,True,2984
simulated,ando-dm_policy@t2/005-t3-start,ando-dm_policy,E1,all,True,2984
simulated,ando-dm_policy@t2/005-t3-start,ando-dm_policy,E4,250,True,245
simulated,ando-dm_policy@t2/005-t3-start,ando-dm_policy,E4,500,True,498
simulated,ando-dm_policy@t2/005-t3-start,ando-dm_policy,E4,1000,True,991
simulated,ando-dm_policy@t2/005-t3-start,ando-dm_policy,E4,1500,True,1483
simulated,ando-dm_policy@t2/005-t3-start,ando-dm_policy,E4,3000,True,2984
simulated,ando-dm_policy@t2/005-t3-start,ando-dm_policy,E4,6000,True,2984
simulated,ando-dm_policy@t2/005-t3-start,ando-dm_policy,E4,all,True,2984
simulated,ando-dm_policy@t2/005-t3-middle,ando-dm_policy,D1,250,False,217
simulated,ando-dm_policy@t2/005-t3-middle,ando-dm_policy,D1,500,False,217
simulated,ando-dm_policy@t2/005-t3-middle,ando-dm_policy,D1,1000,False,905
simulated,ando-dm_policy@t2/005-t3-middle,ando-dm_policy,D1,1500,False,1249
simulated,ando-dm_policy@t2/005-t3-middle,ando-dm_policy,D1,3000,True,2900
simulated,ando-dm_policy@t2/005-t3-middle,ando-dm_policy,D1,6000,True,3652
simulated,ando-dm_policy@t2/005-t3-middle,ando-dm_policy,D1,all,True,3652
simulated,ando-dm_policy@t2/005-t3-middle,ando-dm_policy,D2,250,False,0
simulated,ando-dm_policy@t2/005-t3-middle,ando-dm_policy,D2,500,True,304
simulated,ando-dm_policy@t2/005-t3-middle,ando-dm_policy,D2,1000,True,806
simulated,ando-dm_policy@t2/005-t3-middle,ando-dm_policy,D2,1500,True,1461
simulated,ando-dm_policy@t2/005-t3-middle,ando-dm_policy,D2,3000,True,3000
simulated,ando-dm_policy@t2/005-t3-middle,ando-dm_policy,D2,6000,True,3652
simulated,ando-dm_policy@t2/005-t3-middle,ando-dm_policy,D2,all,True,3652
simulated,ando-dm_policy@t2/005-t3-middle,ando-dm_policy,B2,250,False,0
simulated,ando-dm_policy@t2/005-t3-middle,ando-dm_policy,B2,500,True,271
simulated,ando-dm_policy@t2/005-t3-middle,ando-dm_policy,B2,1000,True,968
simulated,ando-dm_policy@t2/005-t3-middle,ando-dm_policy,B2,1500,True,1493
simulated,ando-dm_policy@t2/005-t3-middle,ando-dm_policy,B2,3000,True,2994
simulated,ando-dm_policy@t2/005-t3-middle,ando-dm_policy,B2,6000,True,5973
simulated,ando-dm_policy@t2/005-t3-middle,ando-dm_policy,B2,all,True,7364
simulated,ando-dm_policy@t2/005-t3-middle,ando-dm_policy,D4,250,False,0
simulated,ando-dm_policy@t2/005-t3-middle,ando-dm_policy,D4,500,True,304
simulated,ando-dm_policy@t2/005-t3-middle,ando-dm_policy,D4,1000,True,925
simulated,ando-dm_policy@t2/005-t3-middle,ando-dm_policy,D4,1500,True,1494
simulated,ando-dm_policy@t2/005-t3-middle,ando-dm_policy,D4,3000,True,2971
simulated,ando-dm_policy@t2/005-t3-middle,ando-dm_policy,D4,6000,True,3652
simulated,ando-dm_policy@t2/005-t3-middle,ando-dm_policy,D4,all,True,3652
simulated,ando-dm_policy@t2/005-t3-middle,ando-dm_policy,Z4,250,False,0
simulated,ando-dm_policy@t2/005-t3-middle,ando-dm_policy,Z4,500,False,409
simulated,ando-dm_policy@t2/005-t3-middle,ando-dm_policy,Z4,1000,False,686
simulated,ando-dm_policy@t2/005-t3-middle,ando-dm_policy,Z4,1500,True,1275
simulated,ando-dm_policy@t2/005-t3-middle,ando-dm_policy,Z4,3000,True,2980
simulated,ando-dm_policy@t2/005-t3-middle,ando-dm_policy,Z4,6000,True,3732
simulated,ando-dm_policy@t2/005-t3-middle,ando-dm_policy,Z4,all,True,3732
simulated,ando-dm_policy@t2/005-t3-middle,ando-dm_policy,L4,250,False,226
simulated,ando-dm_policy@t2/005-t3-middle,ando-dm_policy,L4,500,False,293
simulated,ando-dm_policy@t2/005-t3-middle,ando-dm_policy,L4,1000,True,968
simulated,ando-dm_policy@t2/005-t3-middle,ando-dm_policy,L4,1500,True,1085
simulated,ando-dm_policy@t2/005-t3-middle,ando-dm_policy,L4,3000,True,2890
simulated,ando-dm_policy@t2/005-t3-middle,ando-dm_policy,L4,6000,True,3839
simulated,ando-dm_policy@t2/005-t3-middle,ando-dm_policy,L4,all,True,3839
simulated,ando-dm_policy@t2/005-t3-middle,ando-dm_policy,L2,250,False,0
simulated,ando-dm_policy@t2/005-t3-middle,ando-dm_policy,L2,500,True,312
simulated,ando-dm_policy@t2/005-t3-middle,ando-dm_policy,L2,1000,True,832
simulated,ando-dm_policy@t2/005-t3-middle,ando-dm_policy,L2,1500,True,1446
simulated,ando-dm_policy@t2/005-t3-middle,ando-dm_policy,L2,3000,True,2989
simulated,ando-dm_policy@t2/005-t3-middle,ando-dm_policy,L2,6000,True,3839
simulated,ando-dm_policy@t2/005-t3-middle,ando-dm_policy,L2,all,True,3839
simulated,ando-dm_policy@t2/005-t3-middle,ando-dm_policy,E1,250,False,239
simulated,ando-dm_policy@t2/005-t3-middle,ando-dm_policy,E1,500,False,497
simulated,ando-dm_policy@t2/005-t3-middle,ando-dm_policy,E1,1000,False,990
simulated,ando-dm_policy@t2/005-t3-middle,ando-dm_policy,E1,1500,True,1485
simulated,ando-dm_policy@t2/005-t3-middle,ando-dm_policy,E1,3000,True,2998
simulated,ando-dm_policy@t2/005-t3-middle,ando-dm_policy,E1,6000,True,3920
simulated,ando-dm_policy@t2/005-t3-middle,ando-dm_policy,E1,all,True,3920
simulated,ando-dm_policy@t2/005-t3-middle,ando-dm_policy,E4,250,True,216
simulated,ando-dm_policy@t2/005-t3-middle,ando-dm_policy,E4,500,True,474
simulated,ando-dm_policy@t2/005-t3-middle,ando-dm_policy,E4,1000,True,995
simulated,ando-dm_policy@t2/005-t3-middle,ando-dm_policy,E4,1500,True,1500
simulated,ando-dm_policy@t2/005-t3-middle,ando-dm_policy,E4,3000,True,2970
simulated,ando-dm_policy@t2/005-t3-middle,ando-dm_policy,E4,6000,True,3920
simulated,ando-dm_policy@t2/005-t3-middle,ando-dm_policy,E4,all,True,3920
simulated,ando-dm_policy@t2/005-t4-start,ando-dm_policy,D1,250,False,152
simulated,ando-dm_policy@t2/005-t4-start,ando-dm_policy,D1,500,True,456
simulated,ando-dm_policy@t2/005-t4-start,ando-dm_policy,D1,1000,True,933
simulated,ando-dm_policy@t2/005-t4-start,ando-dm_policy,D1,1500,True,1304
simulated,ando-dm_policy@t2/005-t4-start,ando-dm_policy,D1,3000,True,2992
simulated,ando-dm_policy@t2/005-t4-start,ando-dm_policy,D1,6000,True,5036
simulated,ando-dm_policy@t2/005-t4-start,ando-dm_policy,D1,all,True,5036
simulated,ando-dm_policy@t2/005-t4-start,ando-dm_policy,D2,250,False,0
simulated,ando-dm_policy@t2/005-t4-start,ando-dm_policy,D2,500,True,304
simulated,ando-dm_policy@t2/005-t4-start,ando-dm_policy,D2,1000,True,956
simulated,ando-dm_policy@t2/005-t4-start,ando-dm_policy,D2,1500,True,1497
simulated,ando-dm_policy@t2/005-t4-start,ando-dm_policy,D2,3000,True,2510
simulated,ando-dm_policy@t2/005-t4-start,ando-dm_policy,D2,6000,True,5036
simulated,ando-dm_policy@t2/005-t4-start,ando-dm_policy,D2,all,True,5036
simulated,ando-dm_policy@t2/005-t4-start,ando-dm_policy,B2,250,False,0
simulated,ando-dm_policy@t2/005-t4-start,ando-dm_policy,B2,500,True,489
simulated,ando-dm_policy@t2/005-t4-start,ando-dm_policy,B2,1000,True,742
simulated,ando-dm_policy@t2/005-t4-start,ando-dm_policy,B2,1500,True,1465
simulated,ando-dm_policy@t2/005-t4-start,ando-dm_policy,B2,3000,True,2898
simulated,ando-dm_policy@t2/005-t4-start,ando-dm_policy,B2,6000,True,5804
simulated,ando-dm_policy@t2/005-t4-start,ando-dm_policy,B2,all,True,9640
simulated,ando-dm_policy@t2/005-t4-start,ando-dm_policy,D4,250,False,0
simulated,ando-dm_policy@t2/005-t4-start,ando-dm_policy,D4,500,True,456
simulated,ando-dm_policy@t2/005-t4-start,ando-dm_policy,D4,1000,True,716
simulated,ando-dm_policy@t2/005-t4-start,ando-dm_policy,D4,1500,True,1347
simulated,ando-dm_policy@t2/005-t4-start,ando-dm_policy,D4,3000,True,2923
simulated,ando-dm_policy@t2/005-t4-start,ando-dm_policy,D4,6000,True,5036
simulated,ando-dm_policy@t2/005-t4-start,ando-dm_policy,D4,all,True,5036
simulated,ando-dm_policy@t2/005-t4-start,ando-dm_policy,Z4,250,False,0
simulated,ando-dm_policy@t2/005-t4-start,ando-dm_policy,Z4,500,True,352
simulated,ando-dm_policy@t2/005-t4-start,ando-dm_policy,Z4,1000,True,866
simulated,ando-dm_policy@t2/005-t4-start,ando-dm_policy,Z4,1500,True,1362
simulated,ando-dm_policy@t2/005-t4-start,ando-dm_policy,Z4,3000,True,2772
simulated,ando-dm_policy@t2/005-t4-start,ando-dm_policy,Z4,6000,True,5055
simulated,ando-dm_policy@t2/005-t4-start,ando-dm_policy,Z4,all,True,5055
simulated,ando-dm_policy@t2/005-t4-start,ando-dm_policy,L4,250,False,160
simulated,ando-dm_policy@t2/005-t4-start,ando-dm_policy,L4,500,False,386
simulated,ando-dm_policy@t2/005-t4-start,ando-dm_policy,L4,1000,True,747
simulated,ando-dm_policy@t2/005-t4-start,ando-dm_policy,L4,1500,True,1409
simulated,ando-dm_policy@t2/005-t4-start,ando-dm_policy,L4,3000,True,2910
simulated,ando-dm_policy@t2/005-t4-start,ando-dm_policy,L4,6000,True,5303
simulated,ando-dm_policy@t2/005-t4-start,ando-dm_policy,L4,all,True,5303
simulated,ando-dm_policy@t2/005-t4-start,ando-dm_policy,L2,250,False,226
simulated,ando-dm_policy@t2/005-t4-start,ando-dm_policy,L2,500,False,226
simulated,ando-dm_policy@t2/005-t4-start,ando-dm_policy,L2,1000,True,992
simulated,ando-dm_policy@t2/005-t4-start,ando-dm_policy,L2,1500,True,1364
simulated,ando-dm_policy@t2/005-t4-start,ando-dm_policy,L2,3000,True,2628
simulated,ando-dm_policy@t2/005-t4-start,ando-dm_policy,L2,6000,True,5303
simulated,ando-dm_policy@t2/005-t4-start,ando-dm_policy,L2,all,True,5303
simulated,ando-dm_policy@t2/005-t4-start,ando-dm_policy,E1,250,False,222
simulated,ando-dm_policy@t2/005-t4-start,ando-dm_policy,E1,500,True,469
simulated,ando-dm_policy@t2/005-t4-start,ando-dm_policy,E1,1000,True,970
simulated,ando-dm_policy@t2/005-t4-start,ando-dm_policy,E1,1500,True,1464
simulated,ando-dm_policy@t2/005-t4-start,ando-dm_policy,E1,3000,True,2982
simulated,ando-dm_policy@t2/005-t4-start,ando-dm_policy,E1,6000,True,5175
simulated,ando-dm_policy@t2/005-t4-start,ando-dm_policy,E1,all,True,5175
simulated,ando-dm_policy@t2/005-t4-start,ando-dm_policy,E4,250,True,248
simulated,ando-dm_policy@t2/005-t4-start,ando-dm_policy,E4,500,True,489
simulated,ando-dm_policy@t2/005-t4-start,ando-dm_policy,E4,1000,True,970
simulated,ando-dm_policy@t2/005-t4-start,ando-dm_policy,E4,1500,True,1488
simulated,ando-dm_policy@t2/005-t4-start,ando-dm_policy,E4,3000,True,2992
simulated,ando-dm_policy@t2/005-t4-start,ando-dm_policy,E4,6000,True,5175
simulated,ando-dm_policy@t2/005-t4-start,ando-dm_policy,E4,all,True,5175
simulated,ando-dm_policy@t2/005-t4-middle,ando-dm_policy,D1,250,False,228
simulated,ando-dm_policy@t2/005-t4-middle,ando-dm_policy,D1,500,False,420
simulated,ando-dm_policy@t2/005-t4-middle,ando-dm_policy,D1,1000,False,830
simulated,ando-dm_policy@t2/005-t4-middle,ando-dm_policy,D1,1500,False,1490
simulated,ando-dm_policy@t2/005-t4-middle,ando-dm_policy,D1,3000,True,2803
simulated,ando-dm_policy@t2/005-t4-middle,ando-dm_policy,D1,6000,True,5461
simulated,ando-dm_policy@t2/005-t4-middle,ando-dm_policy,D1,all,True,5461
simulated,ando-dm_policy@t2/005-t4-middle,ando-dm_policy,D2,250,False,159
simulated,ando-dm_policy@t2/005-t4-middle,ando-dm_policy,D2,500,True,463
simulated,ando-dm_policy@t2/005-t4-middle,ando-dm_policy,D2,1000,True,941
simulated,ando-dm_policy@t2/005-t4-middle,ando-dm_policy,D2,1500,True,1442
simulated,ando-dm_policy@t2/005-t4-middle,ando-dm_policy,D2,3000,True,2907
simulated,ando-dm_policy@t2/005-t4-middle,ando-dm_policy,D2,6000,True,5461
simulated,ando-dm_policy@t2/005-t4-middle,ando-dm_policy,D2,all,True,5461
simulated,ando-dm_policy@t2/005-t4-middle,ando-dm_policy,B2,250,False,185
simulated,ando-dm_policy@t2/005-t4-middle,ando-dm_policy,B2,500,False,458
simulated,ando-dm_policy@t2/005-t4-middle,ando-dm_policy,B2,1000,False,941
simulated,ando-dm_policy@t2/005-t4-middle,ando-dm_policy,B2,1500,False,1405
simulated,ando-dm_policy@t2/005-t4-middle,ando-dm_policy,B2,3000,True,2845
simulated,ando-dm_policy@t2/005-t4-middle,ando-dm_policy,B2,6000,True,5826
simulated,ando-dm_policy@t2/005-t4-middle,ando-dm_policy,B2,all,True,10098
simulated,ando-dm_policy@t2/005-t4-middle,ando-dm_policy,D4,250,False,0
simulated,ando-dm_policy@t2/005-t4-middle,ando-dm_policy,D4,500,True,347
simulated,ando-dm_policy@t2/005-t4-middle,ando-dm_policy,D4,1000,True,729
simulated,ando-dm_policy@t2/005-t4-middle,ando-dm_policy,D4,1500,True,1423
simulated,ando-dm_policy@t2/005-t4-middle,ando-dm_policy,D4,3000,True,2977
simulated,ando-dm_policy@t2/005-t4-middle,ando-dm_policy,D4,6000,True,5461
simulated,ando-dm_policy@t2/005-t4-middle,ando-dm_policy,D4,all,True,5461
simulated,ando-dm_policy@t2/005-t4-middle,ando-dm_policy,Z4,250,False,0
simulated,ando-dm_policy@t2/005-t4-middle,ando-dm_policy,Z4,500,True,352
simulated,ando-dm_policy@t2/005-t4-middle,ando-dm_policy,Z4,1000,True,716
simulated,ando-dm_policy@t2/005-t4-middle,ando-dm_policy,Z4,1500,True,1142
simulated,ando-dm_policy@t2/005-t4-middle,ando-dm_policy,Z4,3000,True,2789
simulated,ando-dm_policy@t2/005-t4-middle,ando-dm_policy,Z4,6000,True,5481
simulated,ando-dm_policy@t2/005-t4-middle,ando-dm_policy,Z4,all,True,5481
simulated,ando-dm_policy@t2/005-t4-middle,ando-dm_policy,L4,250,False,49
simulated,ando-dm_policy@t2/005-t4-middle,ando-dm_policy,L4,500,True,361
simulated,ando-dm_policy@t2/005-t4-middle,ando-dm_policy,L4,1000,True,993
simulated,ando-dm_policy@t2/005-t4-middle,ando-dm_policy,L4,1500,True,1390
simulated,ando-dm_policy@t2/005-t4-middle,ando-dm_policy,L4,3000,True,2758
simulated,ando-dm_policy@t2/005-t4-middle,ando-dm_policy,L4,6000,True,5757
simulated,ando-dm_policy@t2/005-t4-middle,ando-dm_policy,L4,all,True,5757
simulated,ando-dm_policy@t2/005-t4-middle,ando-dm_policy,L2,250,False,168
simulated,ando-dm_policy@t2/005-t4-middle,ando-dm_policy,L2,500,True,480
simulated,ando-dm_policy@t2/005-t4-middle,ando-dm_policy,L2,1000,True,774
simulated,ando-dm_policy@t2/005-t4-middle,ando-dm_policy,L2,1500,True,1485
simulated,ando-dm_policy@t2/005-t4-middle,ando-dm_policy,L2,3000,True,2836
simulated,ando-dm_policy@t2/005-t4-middle,ando-dm_policy,L2,6000,True,5757
simulated,ando-dm_policy@t2/005-t4-middle,ando-dm_policy,L2,all,True,5757
simulated,ando-dm_policy@t2/005-t4-middle,ando-dm_policy,E1,250,False,243
simulated,ando-dm_policy@t2/005-t4-middle,ando-dm_policy,E1,500,False,473
simulated,ando-dm_policy@t2/005-t4-middle,ando-dm_policy,E1,1000,False,982
simulated,ando-dm_policy@t2/005-t4-middle,ando-dm_policy,E1,1500,False,1498
simulated,ando-dm_policy@t2/005-t4-middle,ando-dm_policy,E1,3000,True,2989
simulated,ando-dm_policy@t2/005-t4-middle,ando-dm_policy,E1,6000,True,5517
simulated,ando-dm_policy@t2/005-t4-middle,ando-dm_policy,E1,all,True,5517
simulated,ando-dm_policy@t2/005-t4-middle,ando-dm_policy,E4,250,True,246
simulated,ando-dm_policy@t2/005-t4-middle,ando-dm_policy,E4,500,True,479
simulated,ando-dm_policy@t2/005-t4-middle,ando-dm_policy,E4,1000,True,994
simulated,ando-dm_policy@t2/005-t4-middle,ando-dm_policy,E4,1500,True,1470
simulated,ando-dm_policy@t2/005-t4-middle,ando-dm_policy,E4,3000,True,2989
simulated,ando-dm_policy@t2/005-t4-middle,ando-dm_policy,E4,6000,True,5517
simulated,ando-dm_policy@t2/005-t4-middle,ando-dm_policy,E4,all,True,5517
simulated,ando-dm_policy@t2/005-t5-start,ando-dm_policy,D1,250,False,192
simulated,ando-dm_policy@t2/005-t5-start,ando-dm_policy,D1,500,False,484
simulated,ando-dm_policy@t2/005-t5-start,ando-dm_policy,D1,1000,True,788
simulated,ando-dm_policy@t2/005-t5-start,ando-dm_policy,D1,1500,True,1441
simulated,ando-dm_policy@t2/005-t5-start,ando-dm_policy,D1,3000,True,2898
simulated,ando-dm_policy@t2/005-t5-start,ando-dm_policy,D1,6000,True,5967
simulated,ando-dm_policy@t2/005-t5-start,ando-dm_policy,D1,all,True,6258
simulated,ando-dm_policy@t2/005-t5-start,ando-dm_policy,D2,250,False,0
simulated,ando-dm_policy@t2/005-t5-start,ando-dm_policy,D2,500,True,347
simulated,ando-dm_policy@t2/005-t5-start,ando-dm_policy,D2,1000,True,999
simulated,ando-dm_policy@t2/005-t5-start,ando-dm_policy,D2,1500,True,1445
simulated,ando-dm_policy@t2/005-t5-start,ando-dm_policy,D2,3000,True,2958
simulated,ando-dm_policy@t2/005-t5-start,ando-dm_policy,D2,6000,True,5945
simulated,ando-dm_policy@t2/005-t5-start,ando-dm_policy,D2,all,True,6258
simulated,ando-dm_policy@t2/005-t5-start,ando-dm_policy,B2,250,False,0
simulated,ando-dm_policy@t2/005-t5-start,ando-dm_policy,B2,500,True,271
simulated,ando-dm_policy@t2/005-t5-start,ando-dm_policy,B2,1000,True,978
simulated,ando-dm_policy@t2/005-t5-start,ando-dm_policy,B2,1500,True,1489
simulated,ando-dm_policy@t2/005-t5-start,ando-dm_policy,B2,3000,True,2825
simulated,ando-dm_policy@t2/005-t5-start,ando-dm_policy,B2,6000,True,5901
simulated,ando-dm_policy@t2/005-t5-start,ando-dm_policy,B2,all,True,11574
simulated,ando-dm_policy@t2/005-t5-start,ando-dm_policy,D4,250,False,0
simulated,ando-dm_policy@t2/005-t5-start,ando-dm_policy,D4,500,True,304
simulated,ando-dm_policy@t2/005-t5-start,ando-dm_policy,D4,1000,True,982
simulated,ando-dm_policy@t2/005-t5-start,ando-dm_policy,D4,1500,True,1435
simulated,ando-dm_policy@t2/005-t5-start,ando-dm_policy,D4,3000,True,2815
simulated,ando-dm_policy@t2/005-t5-start,ando-dm_policy,D4,6000,True,5997
simulated,ando-dm_policy@t2/005-t5-start,ando-dm_policy,D4,all,True,6258
simulated,ando-dm_policy@t2/005-t5-start,ando-dm_policy,Z4,250,False,0
simulated,ando-dm_policy@t2/005-t5-start,ando-dm_policy,Z4,500,True,352
simulated,ando-dm_policy@t2/005-t5-start,ando-dm_policy,Z4,1000,True,778
simulated,ando-dm_policy@t2/005-t5-start,ando-dm_policy,Z4,1500,True,1187
simulated,ando-dm_policy@t2/005-t5-start,ando-dm_policy,Z4,3000,True,2998
simulated,ando-dm_policy@t2/005-t5-start,ando-dm_policy,Z4,6000,True,5895
simulated,ando-dm_policy@t2/005-t5-start,ando-dm_policy,Z4,all,True,6170
simulated,ando-dm_policy@t2/005-t5-start,ando-dm_policy,L4,250,False,0
simulated,ando-dm_policy@t2/005-t5-start,ando-dm_policy,L4,500,True,312
simulated,ando-dm_policy@t2/005-t5-start,ando-dm_policy,L4,1000,True,904
simulated,ando-dm_policy@t2/005-t5-start,ando-dm_policy,L4,1500,True,1304
simulated,ando-dm_policy@t2/005-t5-start,ando-dm_policy,L4,3000,True,2949
simulated,ando-dm_policy@t2/005-t5-start,ando-dm_policy,L4,6000,True,5986
simulated,ando-dm_policy@t2/005-t5-start,ando-dm_policy,L4,all,True,6611
simulated,ando-dm_policy@t2/005-t5-start,ando-dm_policy,L2,250,False,0
simulated,ando-dm_policy@t2/005-t5-start,ando-dm_policy,L2,500,True,361
simulated,ando-dm_policy@t2/005-t5-start,ando-dm_policy,L2,1000,True,996
simulated,ando-dm_policy@t2/005-t5-start,ando-dm_policy,L2,1500,True,1343
simulated,ando-dm_policy@t2/005-t5-start,ando-dm_policy,L2,3000,True,2937
simulated,ando-dm_policy@t2/005-t5-start,ando-dm_policy,L2,6000,True,5926
simulated,ando-dm_policy@t2/005-t5-start,ando-dm_policy,L2,all,True,6611
simulated,ando-dm_policy@t2/005-t5-start,ando-dm_policy,E1,250,False,234
simulated,ando-dm_policy@t2/005-t5-start,ando-dm_policy,E1,500,False,474
simulated,ando-dm_policy@t2/005-t5-start,ando-dm_policy,E1,1000,True,1000
simulated,ando-dm_policy@t2/005-t5-start,ando-dm_policy,E1,1500,True,1486
simulated,ando-dm_policy@t2/005-t5-start,ando-dm_policy,E1,3000,True,2999
simulated,ando-dm_policy@t2/005-t5-start,ando-dm_policy,E1,6000,True,5977
simulated,ando-dm_policy@t2/005-t5-start,ando-dm_policy,E1,all,True,6487
simulated,ando-dm_policy@t2/005-t5-start,ando-dm_policy,E4,250,True,223
simulated,ando-dm_policy@t2/005-t5-start,ando-dm_policy,E4,500,True,498
simulated,ando-dm_policy@t2/005-t5-start,ando-dm_policy,E4,1000,True,977
simulated,ando-dm_policy@t2/005-t5-start,ando-dm_policy,E4,1500,True,1463
simulated,ando-dm_policy@t2/005-t5-start,ando-dm_policy,E4,3000,True,2986
simulated,ando-dm_policy@t2/005-t5-start,ando-dm_policy,E4,6000,True,5999
simulated,ando-dm_policy@t2/005-t5-start,ando-dm_policy,E4,all,True,6487
simulated,ando-dm_policy@t2/005-t5-middle,ando-dm_policy,D1,250,False,0
simulated,ando-dm_policy@t2/005-t5-middle,ando-dm_policy,D1,500,False,385
simulated,ando-dm_policy@t2/005-t5-middle,ando-dm_policy,D1,1000,False,827
simulated,ando-dm_policy@t2/005-t5-middle,ando-dm_policy,D1,1500,False,1437
simulated,ando-dm_policy@t2/005-t5-middle,ando-dm_policy,D1,3000,True,2592
simulated,ando-dm_policy@t2/005-t5-middle,ando-dm_policy,D1,6000,True,5985
simulated,ando-dm_policy@t2/005-t5-middle,ando-dm_policy,D1,all,True,6847
simulated,ando-dm_policy@t2/005-t5-middle,ando-dm_policy,D2,250,False,0
simulated,ando-dm_policy@t2/005-t5-middle,ando-dm_policy,D2,500,True,304
simulated,ando-dm_policy@t2/005-t5-middle,ando-dm_policy,D2,1000,True,857
simulated,ando-dm_policy@t2/005-t5-middle,ando-dm_policy,D2,1500,True,1492
simulated,ando-dm_policy@t2/005-t5-middle,ando-dm_policy,D2,3000,True,2872
simulated,ando-dm_policy@t2/005-t5-middle,ando-dm_policy,D2,6000,True,5954
simulated,ando-dm_policy@t2/005-t5-middle,ando-dm_policy,D2,all,True,6847
simulated,ando-dm_policy@t2/005-t5-middle,ando-dm_policy,B2,250,False,0
simulated,ando-dm_policy@t2/005-t5-middle,ando-dm_policy,B2,500,True,271
simulated,ando-dm_policy@t2/005-t5-middle,ando-dm_policy,B2,1000,True,956
simulated,ando-dm_policy@t2/005-t5-middle,ando-dm_policy,B2,1500,True,1379
simulated,ando-dm_policy@t2/005-t5-middle,ando-dm_policy,B2,3000,True,2786
simulated,ando-dm_policy@t2/005-t5-middle,ando-dm_policy,B2,6000,True,5814
simulated,ando-dm_policy@t2/005-t5-middle,ando-dm_policy,B2,all,True,13400
simulated,ando-dm_policy@t2/005-t5-middle,ando-dm_policy,D4,250,False,0
simulated,ando-dm_policy@t2/005-t5-middle,ando-dm_policy,D4,500,False,466
simulated,ando-dm_policy@t2/005-t5-middle,ando-dm_policy,D4,1000,False,880
simulated,ando-dm_policy@t2/005-t5-middle,ando-dm_policy,D4,1500,False,1381
simulated,ando-dm_policy@t2/005-t5-middle,ando-dm_policy,D4,3000,False,2922
simulated,ando-dm_policy@t2/005-t5-middle,ando-dm_policy,D4,6000,True,5986
simulated,ando-dm_policy@t2/005-t5-middle,ando-dm_policy,D4,all,True,6847
simulated,ando-dm_policy@t2/005-t5-middle,ando-dm_policy,Z4,250,False,0
simulated,ando-dm_policy@t2/005-t5-middle,ando-dm_policy,Z4,500,False,285
simulated,ando-dm_policy@t2/005-t5-middle,ando-dm_policy,Z4,1000,False,988
simulated,ando-dm_policy@t2/005-t5-middle,ando-dm_policy,Z4,1500,False,1251
simulated,ando-dm_policy@t2/005-t5-middle,ando-dm_policy,Z4,3000,False,2745
simulated,ando-dm_policy@t2/005-t5-middle,ando-dm_policy,Z4,6000,True,5950
simulated,ando-dm_policy@t2/005-t5-middle,ando-dm_policy,Z4,all,True,7316
simulated,ando-dm_policy@t2/005-t5-middle,ando-dm_policy,L4,250,False,0
simulated,ando-dm_policy@t2/005-t5-middle,ando-dm_policy,L4,500,False,486
simulated,ando-dm_policy@t2/005-t5-middle,ando-dm_policy,L4,1000,False,924
simulated,ando-dm_policy@t2/005-t5-middle,ando-dm_policy,L4,1500,False,1435
simulated,ando-dm_policy@t2/005-t5-middle,ando-dm_policy,L4,3000,False,2838
simulated,ando-dm_policy@t2/005-t5-middle,ando-dm_policy,L4,6000,True,5934
simulated,ando-dm_policy@t2/005-t5-middle,ando-dm_policy,L4,all,True,7227
simulated,ando-dm_policy@t2/005-t5-middle,ando-dm_policy,L2,250,False,0
simulated,ando-dm_policy@t2/005-t5-middle,ando-dm_policy,L2,500,True,312
simulated,ando-dm_policy@t2/005-t5-middle,ando-dm_policy,L2,1000,True,886
simulated,ando-dm_policy@t2/005-t5-middle,ando-dm_policy,L2,1500,True,1415
simulated,ando-dm_policy@t2/005-t5-middle,ando-dm_policy,L2,3000,True,2972
simulated,ando-dm_policy@t2/005-t5-middle,ando-dm_policy,L2,6000,True,5912
simulated,ando-dm_policy@t2/005-t5-middle,ando-dm_policy,L2,all,True,7227
simulated,ando-dm_policy@t2/005-t5-middle,ando-dm_policy,E1,250,False,242
simulated,ando-dm_policy@t2/005-t5-middle,ando-dm_policy,E1,500,False,495
simulated,ando-dm_policy@t2/005-t5-middle,ando-dm_policy,E1,1000,False,968
simulated,ando-dm_policy@t2/005-t5-middle,ando-dm_policy,E1,1500,True,1496
simulated,ando-dm_policy@t2/005-t5-middle,ando-dm_policy,E1,3000,True,2986
simulated,ando-dm_policy@t2/005-t5-middle,ando-dm_policy,E1,6000,True,5990
simulated,ando-dm_policy@t2/005-t5-middle,ando-dm_policy,E1,all,True,7387
simulated,ando-dm_policy@t2/005-t5-middle,ando-dm_policy,E4,250,False,208
simulated,ando-dm_policy@t2/005-t5-middle,ando-dm_policy,E4,500,False,465
simulated,ando-dm_policy@t2/005-t5-middle,ando-dm_policy,E4,1000,False,994
simulated,ando-dm_policy@t2/005-t5-middle,ando-dm_policy,E4,1500,True,1487
simulated,ando-dm_policy@t2/005-t5-middle,ando-dm_policy,E4,3000,True,2997
simulated,ando-dm_policy@t2/005-t5-middle,ando-dm_policy,E4,6000,True,5987
simulated,ando-dm_policy@t2/005-t5-middle,ando-dm_policy,E4,all,True,7387
simulated,ando-dm_policy@t2/005-t6-start,ando-dm_policy,D1,250,False,226
simulated,ando-dm_policy@t2/005-t6-start,ando-dm_policy,D1,500,False,226
simulated,ando-dm_policy@t2/005-t6-start,ando-dm_policy,D1,1000,True,970
simulated,ando-dm_policy@t2/005-t6-start,ando-dm_policy,D1,1500,True,1418
simulated,ando-dm_policy@t2/005-t6-start,ando-dm_policy,D1,3000,True,2913
simulated,ando-dm_policy@t2/005-t6-start,ando-dm_policy,D1,6000,True,5940
simulated,ando-dm_policy@t2/005-t6-start,ando-dm_policy,D1,all,True,8308
simulated,ando-dm_policy@t2/005-t6-start,ando-dm_policy,D2,250,False,0
simulated,ando-dm_policy@t2/005-t6-start,ando-dm_policy,D2,500,True,304
simulated,ando-dm_policy@t2/005-t6-start,ando-dm_policy,D2,1000,True,858
simulated,ando-dm_policy@t2/005-t6-start,ando-dm_policy,D2,1500,True,1284
simulated,ando-dm_policy@t2/005-t6-start,ando-dm_policy,D2,3000,True,2982
simulated,ando-dm_policy@t2/005-t6-start,ando-dm_policy,D2,6000,True,5935
simulated,ando-dm_policy@t2/005-t6-start,ando-dm_policy,D2,all,True,8308
simulated,ando-dm_policy@t2/005-t6-start,ando-dm_policy,B2,250,False,0
simulated,ando-dm_policy@t2/005-t6-start,ando-dm_policy,B2,500,True,271
simulated,ando-dm_policy@t2/005-t6-start,ando-dm_policy,B2,1000,True,763
simulated,ando-dm_policy@t2/005-t6-start,ando-dm_policy,B2,1500,True,1425
simulated,ando-dm_policy@t2/005-t6-start,ando-dm_policy,B2,3000,True,2824
simulated,ando-dm_policy@t2/005-t6-start,ando-dm_policy,B2,6000,True,5789
simulated,ando-dm_policy@t2/005-t6-start,ando-dm_policy,B2,all,True,15985
simulated,ando-dm_policy@t2/005-t6-start,ando-dm_policy,D4,250,False,0
simulated,ando-dm_policy@t2/005-t6-start,ando-dm_policy,D4,500,True,304
simulated,ando-dm_policy@t2/005-t6-start,ando-dm_policy,D4,1000,True,722
simulated,ando-dm_policy@t2/005-t6-start,ando-dm_policy,D4,1500,True,1453
simulated,ando-dm_policy@t2/005-t6-start,ando-dm_policy,D4,3000,True,2920
simulated,ando-dm_policy@t2/005-t6-start,ando-dm_policy,D4,6000,True,5908
simulated,ando-dm_policy@t2/005-t6-start,ando-dm_policy,D4,all,True,8308
simulated,ando-dm_policy@t2/005-t6-start,ando-dm_policy,Z4,250,False,0
simulated,ando-dm_policy@t2/005-t6-start,ando-dm_policy,Z4,500,True,352
simulated,ando-dm_policy@t2/005-t6-start,ando-dm_policy,Z4,1000,True,915
simulated,ando-dm_policy@t2/005-t6-start,ando-dm_policy,Z4,1500,True,1271
simulated,ando-dm_policy@t2/005-t6-start,ando-dm_policy,Z4,3000,True,2636
simulated,ando-dm_policy@t2/005-t6-start,ando-dm_policy,Z4,6000,True,5937
simulated,ando-dm_policy@t2/005-t6-start,ando-dm_policy,Z4,all,True,8374
simulated,ando-dm_policy@t2/005-t6-start,ando-dm_policy,L4,250,False,0
simulated,ando-dm_policy@t2/005-t6-start,ando-dm_policy,L4,500,True,312
simulated,ando-dm_policy@t2/005-t6-start,ando-dm_policy,L4,1000,True,920
simulated,ando-dm_policy@t2/005-t6-start,ando-dm_policy,L4,1500,True,1288
simulated,ando-dm_policy@t2/005-t6-start,ando-dm_policy,L4,3000,True,2935
simulated,ando-dm_policy@t2/005-t6-start,ando-dm_policy,L4,6000,True,5832
simulated,ando-dm_policy@t2/005-t6-start,ando-dm_policy,L4,all,True,8771
simulated,ando-dm_policy@t2/005-t6-start,ando-dm_policy,L2,250,False,0
simulated,ando-dm_policy@t2/005-t6-start,ando-dm_policy,L2,500,True,312
simulated,ando-dm_policy@t2/005-t6-start,ando-dm_policy,L2,1000,True,809
simulated,ando-dm_policy@t2/005-t6-start,ando-dm_policy,L2,1500,True,1267
simulated,ando-dm_policy@t2/005-t6-start,ando-dm_policy,L2,3000,True,2905
simulated,ando-dm_policy@t2/005-t6-start,ando-dm_policy,L2,6000,True,5992
simulated,ando-dm_policy@t2/005-t6-start,ando-dm_policy,L2,all,True,8771
simulated,ando-dm_policy@t2/005-t6-start,ando-dm_policy,E1,250,True,228
simulated,ando-dm_policy@t2/005-t6-start,ando-dm_policy,E1,500,True,485
simulated,ando-dm_policy@t2/005-t6-start,ando-dm_policy,E1,1000,True,982
simulated,ando-dm_policy@t2/005-t6-start,ando-dm_policy,E1,1500,True,1498
simulated,ando-dm_policy@t2/005-t6-start,ando-dm_policy,E1,3000,True,2978
simulated,ando-dm_policy@t2/005-t6-start,ando-dm_policy,E1,6000,True,5999
simulated,ando-dm_policy@t2/005-t6-start,ando-dm_policy,E1,all,True,9029
simulated,ando-dm_policy@t2/005-t6-start,ando-dm_policy,E4,250,True,228
simulated,ando-dm_policy@t2/005-t6-start,ando-dm_policy,E4,500,True,492
simulated,ando-dm_policy@t2/005-t6-start,ando-dm_policy,E4,1000,True,964
simulated,ando-dm_policy@t2/005-t6-start,ando-dm_policy,E4,1500,True,1480
simulated,ando-dm_policy@t2/005-t6-start,ando-dm_policy,E4,3000,True,2975
simulated,ando-dm_policy@t2/005-t6-start,ando-dm_policy,E4,6000,True,5963
simulated,ando-dm_policy@t2/005-t6-start,ando-dm_policy,E4,all,True,9029
simulated,ando-dm_policy@t2/005-t6-middle,ando-dm_policy,D1,250,False,217
simulated,ando-dm_policy@t2/005-t6-middle,ando-dm_policy,D1,500,False,443
simulated,ando-dm_policy@t2/005-t6-middle,ando-dm_policy,D1,1000,False,903
simulated,ando-dm_policy@t2/005-t6-middle,ando-dm_policy,D1,1500,False,1434
simulated,ando-dm_policy@t2/005-t6-middle,ando-dm_policy,D1,3000,False,2907
simulated,ando-dm_policy@t2/005-t6-middle,ando-dm_policy,D1,6000,False,5879
simulated,ando-dm_policy@t2/005-t6-middle,ando-dm_policy,D1,all,True,8682
simulated,ando-dm_policy@t2/005-t6-middle,ando-dm_policy,D2,250,False,228
simulated,ando-dm_policy@t2/005-t6-middle,ando-dm_policy,D2,500,False,228
simulated,ando-dm_policy@t2/005-t6-middle,ando-dm_policy,D2,1000,False,663
simulated,ando-dm_policy@t2/005-t6-middle,ando-dm_policy,D2,1500,False,1249
simulated,ando-dm_policy@t2/005-t6-middle,ando-dm_policy,D2,3000,True,2915
simulated,ando-dm_policy@t2/005-t6-middle,ando-dm_policy,D2,6000,True,5830
simulated,ando-dm_policy@t2/005-t6-middle,ando-dm_policy,D2,all,True,8682
simulated,ando-dm_policy@t2/005-t6-middle,ando-dm_policy,B2,250,False,239
simulated,ando-dm_policy@t2/005-t6-middle,ando-dm_policy,B2,500,False,393
simulated,ando-dm_policy@t2/005-t6-middle,ando-dm_policy,B2,1000,False,872
simulated,ando-dm_policy@t2/005-t6-middle,ando-dm_policy,B2,1500,False,1304
simulated,ando-dm_policy@t2/005-t6-middle,ando-dm_policy,B2,3000,True,2956
simulated,ando-dm_policy@t2/005-t6-middle,ando-dm_policy,B2,6000,True,5805
simulated,ando-dm_policy@t2/005-t6-middle,ando-dm_policy,B2,all,True,16257
simulated,ando-dm_policy@t2/005-t6-middle,ando-dm_policy,D4,250,False,228
simulated,ando-dm_policy@t2/005-t6-middle,ando-dm_policy,D4,500,False,228
simulated,ando-dm_policy@t2/005-t6-middle,ando-dm_policy,D4,1000,False,814
simulated,ando-dm_policy@t2/005-t6-middle,ando-dm_policy,D4,1500,False,1413
simulated,ando-dm_policy@t2/005-t6-middle,ando-dm_policy,D4,3000,False,2940
simulated,ando-dm_policy@t2/005-t6-middle,ando-dm_policy,D4,6000,False,5897
simulated,ando-dm_policy@t2/005-t6-middle,ando-dm_policy,D4,all,True,8682
simulated,ando-dm_policy@t2/005-t6-middle,ando-dm_policy,Z4,250,False,0
simulated,ando-dm_policy@t2/005-t6-middle,ando-dm_policy,Z4,500,False,323
simulated,ando-dm_policy@t2/005-t6-middle,ando-dm_policy,Z4,1000,False,596
simulated,ando-dm_policy@t2/005-t6-middle,ando-dm_policy,Z4,1500,False,1259
simulated,ando-dm_policy@t2/005-t6-middle,ando-dm_policy,Z4,3000,True,2967
simulated,ando-dm_policy@t2/005-t6-middle,ando-dm_policy,Z4,6000,True,5905
simulated,ando-dm_policy@t2/005-t6-middle,ando-dm_policy,Z4,all,True,8690
simulated,ando-dm_policy@t2/005-t6-middle,ando-dm_policy,L4,250,False,237
simulated,ando-dm_policy@t2/005-t6-middle,ando-dm_policy,L4,500,False,237
simulated,ando-dm_policy@t2/005-t6-middle,ando-dm_policy,L4,1000,False,845
simulated,ando-dm_policy@t2/005-t6-middle,ando-dm_policy,L4,1500,False,1257
simulated,ando-dm_policy@t2/005-t6-middle,ando-dm_policy,L4,3000,False,2781
simulated,ando-dm_policy@t2/005-t6-middle,ando-dm_policy,L4,6000,False,5986
simulated,ando-dm_policy@t2/005-t6-middle,ando-dm_policy,L4,all,True,9161
simulated,ando-dm_policy@t2/005-t6-middle,ando-dm_policy,L2,250,False,237
simulated,ando-dm_policy@t2/005-t6-middle,ando-dm_policy,L2,500,False,237
simulated,ando-dm_policy@t2/005-t6-middle,ando-dm_policy,L2,1000,False,903
simulated,ando-dm_policy@t2/005-t6-middle,ando-dm_policy,L2,1500,False,1297
simulated,ando-dm_policy@t2/005-t6-middle,ando-dm_policy,L2,3000,True,2956
simulated,ando-dm_policy@t2/005-t6-middle,ando-dm_policy,L2,6000,True,5940
simulated,ando-dm_policy@t2/005-t6-middle,ando-dm_policy,L2,all,True,9161
simulated,ando-dm_policy@t2/005-t6-middle,ando-dm_policy,E1,250,False,233
simulated,ando-dm_policy@t2/005-t6-middle,ando-dm_policy,E1,500,False,497
simulated,ando-dm_policy@t2/005-t6-middle,ando-dm_policy,E1,1000,False,984
simulated,ando-dm_policy@t2/005-t6-middle,ando-dm_policy,E1,1500,True,1497
simulated,ando-dm_policy@t2/005-t6-middle,ando-dm_policy,E1,3000,True,2982
simulated,ando-dm_policy@t2/005-t6-middle,ando-dm_policy,E1,6000,True,5982
simulated,ando-dm_policy@t2/005-t6-middle,ando-dm_policy,E1,all,True,9223
simulated,ando-dm_policy@t2/005-t6-middle,ando-dm_policy,E4,250,False,246
simulated,ando-dm_policy@t2/005-t6-middle,ando-dm_policy,E4,500,False,479
simulated,ando-dm_policy@t2/005-t6-middle,ando-dm_policy,E4,1000,False,945
simulated,ando-dm_policy@t2/005-t6-middle,ando-dm_policy,E4,1500,False,1499
simulated,ando-dm_policy@t2/005-t6-middle,ando-dm_policy,E4,3000,True,2977
simulated,ando-dm_policy@t2/005-t6-middle,ando-dm_policy,E4,6000,True,5990
simulated,ando-dm_policy@t2/005-t6-middle,ando-dm_policy,E4,all,True,9223
simulated,ando-and341_owner@t2/011-t3-start,ando-and341_owner,D1,250,False,0
simulated,ando-and341_owner@t2/011-t3-start,ando-and341_owner,D1,500,False,331
simulated,ando-and341_owner@t2/011-t3-start,ando-and341_owner,D1,1000,False,675
simulated,ando-and341_owner@t2/011-t3-start,ando-and341_owner,D1,1500,False,1384
simulated,ando-and341_owner@t2/011-t3-start,ando-and341_owner,D1,3000,True,2916
simulated,ando-and341_owner@t2/011-t3-start,ando-and341_owner,D1,6000,True,2916
simulated,ando-and341_owner@t2/011-t3-start,ando-and341_owner,D1,all,True,2916
simulated,ando-and341_owner@t2/011-t3-start,ando-and341_owner,D2,250,False,242
simulated,ando-and341_owner@t2/011-t3-start,ando-and341_owner,D2,500,False,242
simulated,ando-and341_owner@t2/011-t3-start,ando-and341_owner,D2,1000,False,797
simulated,ando-and341_owner@t2/011-t3-start,ando-and341_owner,D2,1500,False,1452
simulated,ando-and341_owner@t2/011-t3-start,ando-and341_owner,D2,3000,True,2916
simulated,ando-and341_owner@t2/011-t3-start,ando-and341_owner,D2,6000,True,2916
simulated,ando-and341_owner@t2/011-t3-start,ando-and341_owner,D2,all,True,2916
simulated,ando-and341_owner@t2/011-t3-start,ando-and341_owner,B2,250,False,160
simulated,ando-and341_owner@t2/011-t3-start,ando-and341_owner,B2,500,True,355
simulated,ando-and341_owner@t2/011-t3-start,ando-and341_owner,B2,1000,True,977
simulated,ando-and341_owner@t2/011-t3-start,ando-and341_owner,B2,1500,True,1355
simulated,ando-and341_owner@t2/011-t3-start,ando-and341_owner,B2,3000,True,2787
simulated,ando-and341_owner@t2/011-t3-start,ando-and341_owner,B2,6000,True,5629
simulated,ando-and341_owner@t2/011-t3-start,ando-and341_owner,B2,all,True,5629
simulated,ando-and341_owner@t2/011-t3-start,ando-and341_owner,D4,250,False,0
simulated,ando-and341_owner@t2/011-t3-start,ando-and341_owner,D4,500,False,460
simulated,ando-and341_owner@t2/011-t3-start,ando-and341_owner,D4,1000,False,721
simulated,ando-and341_owner@t2/011-t3-start,ando-and341_owner,D4,1500,False,1280
simulated,ando-and341_owner@t2/011-t3-start,ando-and341_owner,D4,3000,True,2916
simulated,ando-and341_owner@t2/011-t3-start,ando-and341_owner,D4,6000,True,2916
simulated,ando-and341_owner@t2/011-t3-start,ando-and341_owner,D4,all,True,2916
simulated,ando-and341_owner@t2/011-t3-start,ando-and341_owner,Z4,250,False,0
simulated,ando-and341_owner@t2/011-t3-start,ando-and341_owner,Z4,500,False,409
simulated,ando-and341_owner@t2/011-t3-start,ando-and341_owner,Z4,1000,False,905
simulated,ando-and341_owner@t2/011-t3-start,ando-and341_owner,Z4,1500,False,1142
simulated,ando-and341_owner@t2/011-t3-start,ando-and341_owner,Z4,3000,True,2996
simulated,ando-and341_owner@t2/011-t3-start,ando-and341_owner,Z4,6000,True,2996
simulated,ando-and341_owner@t2/011-t3-start,ando-and341_owner,Z4,all,True,2996
simulated,ando-and341_owner@t2/011-t3-start,ando-and341_owner,L4,250,False,0
simulated,ando-and341_owner@t2/011-t3-start,ando-and341_owner,L4,500,False,470
simulated,ando-and341_owner@t2/011-t3-start,ando-and341_owner,L4,1000,False,984
simulated,ando-and341_owner@t2/011-t3-start,ando-and341_owner,L4,1500,False,1323
simulated,ando-and341_owner@t2/011-t3-start,ando-and341_owner,L4,3000,True,2866
simulated,ando-and341_owner@t2/011-t3-start,ando-and341_owner,L4,6000,True,3054
simulated,ando-and341_owner@t2/011-t3-start,ando-and341_owner,L4,all,True,3054
simulated,ando-and341_owner@t2/011-t3-start,ando-and341_owner,L2,250,False,0
simulated,ando-and341_owner@t2/011-t3-start,ando-and341_owner,L2,500,False,483
simulated,ando-and341_owner@t2/011-t3-start,ando-and341_owner,L2,1000,False,728
simulated,ando-and341_owner@t2/011-t3-start,ando-and341_owner,L2,1500,False,1308
simulated,ando-and341_owner@t2/011-t3-start,ando-and341_owner,L2,3000,True,2970
simulated,ando-and341_owner@t2/011-t3-start,ando-and341_owner,L2,6000,True,3054
simulated,ando-and341_owner@t2/011-t3-start,ando-and341_owner,L2,all,True,3054
simulated,ando-and341_owner@t2/011-t3-start,ando-and341_owner,E1,250,False,236
simulated,ando-and341_owner@t2/011-t3-start,ando-and341_owner,E1,500,False,484
simulated,ando-and341_owner@t2/011-t3-start,ando-and341_owner,E1,1000,True,993
simulated,ando-and341_owner@t2/011-t3-start,ando-and341_owner,E1,1500,True,1480
simulated,ando-and341_owner@t2/011-t3-start,ando-and341_owner,E1,3000,True,2984
simulated,ando-and341_owner@t2/011-t3-start,ando-and341_owner,E1,6000,True,2984
simulated,ando-and341_owner@t2/011-t3-start,ando-and341_owner,E1,all,True,2984
simulated,ando-and341_owner@t2/011-t3-start,ando-and341_owner,E4,250,False,225
simulated,ando-and341_owner@t2/011-t3-start,ando-and341_owner,E4,500,False,487
simulated,ando-and341_owner@t2/011-t3-start,ando-and341_owner,E4,1000,False,987
simulated,ando-and341_owner@t2/011-t3-start,ando-and341_owner,E4,1500,True,1469
simulated,ando-and341_owner@t2/011-t3-start,ando-and341_owner,E4,3000,True,2984
simulated,ando-and341_owner@t2/011-t3-start,ando-and341_owner,E4,6000,True,2984
simulated,ando-and341_owner@t2/011-t3-start,ando-and341_owner,E4,all,True,2984
simulated,ando-and341_owner@t2/011-t3-middle,ando-and341_owner,D1,250,False,228
simulated,ando-and341_owner@t2/011-t3-middle,ando-and341_owner,D1,500,False,361
simulated,ando-and341_owner@t2/011-t3-middle,ando-and341_owner,D1,1000,False,973
simulated,ando-and341_owner@t2/011-t3-middle,ando-and341_owner,D1,1500,False,1443
simulated,ando-and341_owner@t2/011-t3-middle,ando-and341_owner,D1,3000,False,2929
simulated,ando-and341_owner@t2/011-t3-middle,ando-and341_owner,D1,6000,True,3652
simulated,ando-and341_owner@t2/011-t3-middle,ando-and341_owner,D1,all,True,3652
simulated,ando-and341_owner@t2/011-t3-middle,ando-and341_owner,D2,250,False,0
simulated,ando-and341_owner@t2/011-t3-middle,ando-and341_owner,D2,500,False,480
simulated,ando-and341_owner@t2/011-t3-middle,ando-and341_owner,D2,1000,False,782
simulated,ando-and341_owner@t2/011-t3-middle,ando-and341_owner,D2,1500,False,1491
simulated,ando-and341_owner@t2/011-t3-middle,ando-and341_owner,D2,3000,True,2750
simulated,ando-and341_owner@t2/011-t3-middle,ando-and341_owner,D2,6000,True,3652
simulated,ando-and341_owner@t2/011-t3-middle,ando-and341_owner,D2,all,True,3652
simulated,ando-and341_owner@t2/011-t3-middle,ando-and341_owner,B2,250,False,0
simulated,ando-and341_owner@t2/011-t3-middle,ando-and341_owner,B2,500,False,439
simulated,ando-and341_owner@t2/011-t3-middle,ando-and341_owner,B2,1000,True,865
simulated,ando-and341_owner@t2/011-t3-middle,ando-and341_owner,B2,1500,True,1337
simulated,ando-and341_owner@t2/011-t3-middle,ando-and341_owner,B2,3000,True,2830
simulated,ando-and341_owner@t2/011-t3-middle,ando-and341_owner,B2,6000,True,5779
simulated,ando-and341_owner@t2/011-t3-middle,ando-and341_owner,B2,all,True,7364
simulated,ando-and341_owner@t2/011-t3-middle,ando-and341_owner,D4,250,False,60
simulated,ando-and341_owner@t2/011-t3-middle,ando-and341_owner,D4,500,False,473
simulated,ando-and341_owner@t2/011-t3-middle,ando-and341_owner,D4,1000,False,842
simulated,ando-and341_owner@t2/011-t3-middle,ando-and341_owner,D4,1500,False,1388
simulated,ando-and341_owner@t2/011-t3-middle,ando-and341_owner,D4,3000,False,2973
simulated,ando-and341_owner@t2/011-t3-middle,ando-and341_owner,D4,6000,True,3652
simulated,ando-and341_owner@t2/011-t3-middle,ando-and341_owner,D4,all,True,3652
simulated,ando-and341_owner@t2/011-t3-middle,ando-and341_owner,Z4,250,False,0
simulated,ando-and341_owner@t2/011-t3-middle,ando-and341_owner,Z4,500,False,409
simulated,ando-and341_owner@t2/011-t3-middle,ando-and341_owner,Z4,1000,False,923
simulated,ando-and341_owner@t2/011-t3-middle,ando-and341_owner,Z4,1500,False,1275
simulated,ando-and341_owner@t2/011-t3-middle,ando-and341_owner,Z4,3000,False,2980
simulated,ando-and341_owner@t2/011-t3-middle,ando-and341_owner,Z4,6000,True,3732
simulated,ando-and341_owner@t2/011-t3-middle,ando-and341_owner,Z4,all,True,3732
simulated,ando-and341_owner@t2/011-t3-middle,ando-and341_owner,L4,250,False,227
simulated,ando-and341_owner@t2/011-t3-middle,ando-and341_owner,L4,500,False,453
simulated,ando-and341_owner@t2/011-t3-middle,ando-and341_owner,L4,1000,False,968
simulated,ando-and341_owner@t2/011-t3-middle,ando-and341_owner,L4,1500,False,1210
simulated,ando-and341_owner@t2/011-t3-middle,ando-and341_owner,L4,3000,False,2977
simulated,ando-and341_owner@t2/011-t3-middle,ando-and341_owner,L4,6000,True,3839
simulated,ando-and341_owner@t2/011-t3-middle,ando-and341_owner,L4,all,True,3839
simulated,ando-and341_owner@t2/011-t3-middle,ando-and341_owner,L2,250,False,0
simulated,ando-and341_owner@t2/011-t3-middle,ando-and341_owner,L2,500,False,456
simulated,ando-and341_owner@t2/011-t3-middle,ando-and341_owner,L2,1000,False,995
simulated,ando-and341_owner@t2/011-t3-middle,ando-and341_owner,L2,1500,False,1318
simulated,ando-and341_owner@t2/011-t3-middle,ando-and341_owner,L2,3000,True,2977
simulated,ando-and341_owner@t2/011-t3-middle,ando-and341_owner,L2,6000,True,3839
simulated,ando-and341_owner@t2/011-t3-middle,ando-and341_owner,L2,all,True,3839
simulated,ando-and341_owner@t2/011-t3-middle,ando-and341_owner,E1,250,False,212
simulated,ando-and341_owner@t2/011-t3-middle,ando-and341_owner,E1,500,False,490
simulated,ando-and341_owner@t2/011-t3-middle,ando-and341_owner,E1,1000,True,984
simulated,ando-and341_owner@t2/011-t3-middle,ando-and341_owner,E1,1500,True,1486
simulated,ando-and341_owner@t2/011-t3-middle,ando-and341_owner,E1,3000,True,2971
simulated,ando-and341_owner@t2/011-t3-middle,ando-and341_owner,E1,6000,True,3920
simulated,ando-and341_owner@t2/011-t3-middle,ando-and341_owner,E1,all,True,3920
simulated,ando-and341_owner@t2/011-t3-middle,ando-and341_owner,E4,250,False,236
simulated,ando-and341_owner@t2/011-t3-middle,ando-and341_owner,E4,500,True,479
simulated,ando-and341_owner@t2/011-t3-middle,ando-and341_owner,E4,1000,True,994
simulated,ando-and341_owner@t2/011-t3-middle,ando-and341_owner,E4,1500,True,1493
simulated,ando-and341_owner@t2/011-t3-middle,ando-and341_owner,E4,3000,True,2982
simulated,ando-and341_owner@t2/011-t3-middle,ando-and341_owner,E4,6000,True,3920
simulated,ando-and341_owner@t2/011-t3-middle,ando-and341_owner,E4,all,True,3920
simulated,ando-and341_owner@t2/011-t4-start,ando-and341_owner,D1,250,False,206
simulated,ando-and341_owner@t2/011-t4-start,ando-and341_owner,D1,500,False,206
simulated,ando-and341_owner@t2/011-t4-start,ando-and341_owner,D1,1000,True,946
simulated,ando-and341_owner@t2/011-t4-start,ando-and341_owner,D1,1500,True,1364
simulated,ando-and341_owner@t2/011-t4-start,ando-and341_owner,D1,3000,True,2689
simulated,ando-and341_owner@t2/011-t4-start,ando-and341_owner,D1,6000,True,5036
simulated,ando-and341_owner@t2/011-t4-start,ando-and341_owner,D1,all,True,5036
simulated,ando-and341_owner@t2/011-t4-start,ando-and341_owner,D2,250,False,223
simulated,ando-and341_owner@t2/011-t4-start,ando-and341_owner,D2,500,False,223
simulated,ando-and341_owner@t2/011-t4-start,ando-and341_owner,D2,1000,False,606
simulated,ando-and341_owner@t2/011-t4-start,ando-and341_owner,D2,1500,True,1390
simulated,ando-and341_owner@t2/011-t4-start,ando-and341_owner,D2,3000,True,2824
simulated,ando-and341_owner@t2/011-t4-start,ando-and341_owner,D2,6000,True,5036
simulated,ando-and341_owner@t2/011-t4-start,ando-and341_owner,D2,all,True,5036
simulated,ando-and341_owner@t2/011-t4-start,ando-and341_owner,B2,250,True,195
simulated,ando-and341_owner@t2/011-t4-start,ando-and341_owner,B2,500,True,437
simulated,ando-and341_owner@t2/011-t4-start,ando-and341_owner,B2,1000,True,913
simulated,ando-and341_owner@t2/011-t4-start,ando-and341_owner,B2,1500,True,1351
simulated,ando-and341_owner@t2/011-t4-start,ando-and341_owner,B2,3000,True,2901
simulated,ando-and341_owner@t2/011-t4-start,ando-and341_owner,B2,6000,True,5829
simulated,ando-and341_owner@t2/011-t4-start,ando-and341_owner,B2,all,True,9640
simulated,ando-and341_owner@t2/011-t4-start,ando-and341_owner,D4,250,False,0
simulated,ando-and341_owner@t2/011-t4-start,ando-and341_owner,D4,500,False,0
simulated,ando-and341_owner@t2/011-t4-start,ando-and341_owner,D4,1000,False,908
simulated,ando-and341_owner@t2/011-t4-start,ando-and341_owner,D4,1500,False,1439
simulated,ando-and341_owner@t2/011-t4-start,ando-and341_owner,D4,3000,True,2881
simulated,ando-and341_owner@t2/011-t4-start,ando-and341_owner,D4,6000,True,5036
simulated,ando-and341_owner@t2/011-t4-start,ando-and341_owner,D4,all,True,5036
simulated,ando-and341_owner@t2/011-t4-start,ando-and341_owner,Z4,250,False,0
simulated,ando-and341_owner@t2/011-t4-start,ando-and341_owner,Z4,500,False,277
simulated,ando-and341_owner@t2/011-t4-start,ando-and341_owner,Z4,1000,False,935
simulated,ando-and341_owner@t2/011-t4-start,ando-and341_owner,Z4,1500,False,1273
simulated,ando-and341_owner@t2/011-t4-start,ando-and341_owner,Z4,3000,False,2643
simulated,ando-and341_owner@t2/011-t4-start,ando-and341_owner,Z4,6000,True,5055
simulated,ando-and341_owner@t2/011-t4-start,ando-and341_owner,Z4,all,True,5055
simulated,ando-and341_owner@t2/011-t4-start,ando-and341_owner,L4,250,False,116
simulated,ando-and341_owner@t2/011-t4-start,ando-and341_owner,L4,500,False,116
simulated,ando-and341_owner@t2/011-t4-start,ando-and341_owner,L4,1000,False,978
simulated,ando-and341_owner@t2/011-t4-start,ando-and341_owner,L4,1500,False,1450
simulated,ando-and341_owner@t2/011-t4-start,ando-and341_owner,L4,3000,False,2984
simulated,ando-and341_owner@t2/011-t4-start,ando-and341_owner,L4,6000,True,5303
simulated,ando-and341_owner@t2/011-t4-start,ando-and341_owner,L4,all,True,5303
simulated,ando-and341_owner@t2/011-t4-start,ando-and341_owner,L2,250,False,125
simulated,ando-and341_owner@t2/011-t4-start,ando-and341_owner,L2,500,False,482
simulated,ando-and341_owner@t2/011-t4-start,ando-and341_owner,L2,1000,False,803
simulated,ando-and341_owner@t2/011-t4-start,ando-and341_owner,L2,1500,True,1458
simulated,ando-and341_owner@t2/011-t4-start,ando-and341_owner,L2,3000,True,2840
simulated,ando-and341_owner@t2/011-t4-start,ando-and341_owner,L2,6000,True,5303
simulated,ando-and341_owner@t2/011-t4-start,ando-and341_owner,L2,all,True,5303
simulated,ando-and341_owner@t2/011-t4-start,ando-and341_owner,E1,250,True,208
simulated,ando-and341_owner@t2/011-t4-start,ando-and341_owner,E1,500,True,478
simulated,ando-and341_owner@t2/011-t4-start,ando-and341_owner,E1,1000,True,982
simulated,ando-and341_owner@t2/011-t4-start,ando-and341_owner,E1,1500,True,1469
simulated,ando-and341_owner@t2/011-t4-start,ando-and341_owner,E1,3000,True,2990
simulated,ando-and341_owner@t2/011-t4-start,ando-and341_owner,E1,6000,True,5175
simulated,ando-and341_owner@t2/011-t4-start,ando-and341_owner,E1,all,True,5175
simulated,ando-and341_owner@t2/011-t4-start,ando-and341_owner,E4,250,True,228
simulated,ando-and341_owner@t2/011-t4-start,ando-and341_owner,E4,500,True,496
simulated,ando-and341_owner@t2/011-t4-start,ando-and341_owner,E4,1000,True,997
simulated,ando-and341_owner@t2/011-t4-start,ando-and341_owner,E4,1500,True,1470
simulated,ando-and341_owner@t2/011-t4-start,ando-and341_owner,E4,3000,True,2960
simulated,ando-and341_owner@t2/011-t4-start,ando-and341_owner,E4,6000,True,5175
simulated,ando-and341_owner@t2/011-t4-start,ando-and341_owner,E4,all,True,5175
simulated,ando-and341_owner@t2/011-t4-middle,ando-and341_owner,D1,250,False,228
simulated,ando-and341_owner@t2/011-t4-middle,ando-and341_owner,D1,500,False,378
simulated,ando-and341_owner@t2/011-t4-middle,ando-and341_owner,D1,1000,False,795
simulated,ando-and341_owner@t2/011-t4-middle,ando-and341_owner,D1,1500,False,1296
simulated,ando-and341_owner@t2/011-t4-middle,ando-and341_owner,D1,3000,False,2993
simulated,ando-and341_owner@t2/011-t4-middle,ando-and341_owner,D1,6000,True,5461
simulated,ando-and341_owner@t2/011-t4-middle,ando-and341_owner,D1,all,True,5461
simulated,ando-and341_owner@t2/011-t4-middle,ando-and341_owner,D2,250,False,0
simulated,ando-and341_owner@t2/011-t4-middle,ando-and341_owner,D2,500,False,0
simulated,ando-and341_owner@t2/011-t4-middle,ando-and341_owner,D2,1000,False,998
simulated,ando-and341_owner@t2/011-t4-middle,ando-and341_owner,D2,1500,False,1428
simulated,ando-and341_owner@t2/011-t4-middle,ando-and341_owner,D2,3000,False,2807
simulated,ando-and341_owner@t2/011-t4-middle,ando-and341_owner,D2,6000,True,5461
simulated,ando-and341_owner@t2/011-t4-middle,ando-and341_owner,D2,all,True,5461
simulated,ando-and341_owner@t2/011-t4-middle,ando-and341_owner,B2,250,False,185
simulated,ando-and341_owner@t2/011-t4-middle,ando-and341_owner,B2,500,False,398
simulated,ando-and341_owner@t2/011-t4-middle,ando-and341_owner,B2,1000,True,823
simulated,ando-and341_owner@t2/011-t4-middle,ando-and341_owner,B2,1500,True,1488
simulated,ando-and341_owner@t2/011-t4-middle,ando-and341_owner,B2,3000,True,2994
simulated,ando-and341_owner@t2/011-t4-middle,ando-and341_owner,B2,6000,True,5902
simulated,ando-and341_owner@t2/011-t4-middle,ando-and341_owner,B2,all,True,10098
simulated,ando-and341_owner@t2/011-t4-middle,ando-and341_owner,D4,250,False,0
simulated,ando-and341_owner@t2/011-t4-middle,ando-and341_owner,D4,500,False,385
simulated,ando-and341_owner@t2/011-t4-middle,ando-and341_owner,D4,1000,False,886
simulated,ando-and341_owner@t2/011-t4-middle,ando-and341_owner,D4,1500,False,1312
simulated,ando-and341_owner@t2/011-t4-middle,ando-and341_owner,D4,3000,False,2877
simulated,ando-and341_owner@t2/011-t4-middle,ando-and341_owner,D4,6000,True,5461
simulated,ando-and341_owner@t2/011-t4-middle,ando-and341_owner,D4,all,True,5461
simulated,ando-and341_owner@t2/011-t4-middle,ando-and341_owner,Z4,250,False,0
simulated,ando-and341_owner@t2/011-t4-middle,ando-and341_owner,Z4,500,False,352
simulated,ando-and341_owner@t2/011-t4-middle,ando-and341_owner,Z4,1000,False,716
simulated,ando-and341_owner@t2/011-t4-middle,ando-and341_owner,Z4,1500,False,1379
simulated,ando-and341_owner@t2/011-t4-middle,ando-and341_owner,Z4,3000,False,2922
simulated,ando-and341_owner@t2/011-t4-middle,ando-and341_owner,Z4,6000,True,5481
simulated,ando-and341_owner@t2/011-t4-middle,ando-and341_owner,Z4,all,True,5481
simulated,ando-and341_owner@t2/011-t4-middle,ando-and341_owner,L4,250,False,93
simulated,ando-and341_owner@t2/011-t4-middle,ando-and341_owner,L4,500,False,405
simulated,ando-and341_owner@t2/011-t4-middle,ando-and341_owner,L4,1000,False,941
simulated,ando-and341_owner@t2/011-t4-middle,ando-and341_owner,L4,1500,False,1452
simulated,ando-and341_owner@t2/011-t4-middle,ando-and341_owner,L4,3000,False,2995
simulated,ando-and341_owner@t2/011-t4-middle,ando-and341_owner,L4,6000,True,5757
simulated,ando-and341_owner@t2/011-t4-middle,ando-and341_owner,L4,all,True,5757
simulated,ando-and341_owner@t2/011-t4-middle,ando-and341_owner,L2,250,False,0
simulated,ando-and341_owner@t2/011-t4-middle,ando-and341_owner,L2,500,False,312
simulated,ando-and341_owner@t2/011-t4-middle,ando-and341_owner,L2,1000,False,823
simulated,ando-and341_owner@t2/011-t4-middle,ando-and341_owner,L2,1500,False,1308
simulated,ando-and341_owner@t2/011-t4-middle,ando-and341_owner,L2,3000,False,2793
simulated,ando-and341_owner@t2/011-t4-middle,ando-and341_owner,L2,6000,True,5757
simulated,ando-and341_owner@t2/011-t4-middle,ando-and341_owner,L2,all,True,5757
simulated,ando-and341_owner@t2/011-t4-middle,ando-and341_owner,E1,250,False,229
simulated,ando-and341_owner@t2/011-t4-middle,ando-and341_owner,E1,500,False,479
simulated,ando-and341_owner@t2/011-t4-middle,ando-and341_owner,E1,1000,False,979
simulated,ando-and341_owner@t2/011-t4-middle,ando-and341_owner,E1,1500,False,1478
simulated,ando-and341_owner@t2/011-t4-middle,ando-and341_owner,E1,3000,True,2991
simulated,ando-and341_owner@t2/011-t4-middle,ando-and341_owner,E1,6000,True,5517
simulated,ando-and341_owner@t2/011-t4-middle,ando-and341_owner,E1,all,True,5517
simulated,ando-and341_owner@t2/011-t4-middle,ando-and341_owner,E4,250,True,216
simulated,ando-and341_owner@t2/011-t4-middle,ando-and341_owner,E4,500,True,488
simulated,ando-and341_owner@t2/011-t4-middle,ando-and341_owner,E4,1000,True,970
simulated,ando-and341_owner@t2/011-t4-middle,ando-and341_owner,E4,1500,True,1477
simulated,ando-and341_owner@t2/011-t4-middle,ando-and341_owner,E4,3000,True,2989
simulated,ando-and341_owner@t2/011-t4-middle,ando-and341_owner,E4,6000,True,5517
simulated,ando-and341_owner@t2/011-t4-middle,ando-and341_owner,E4,all,True,5517
simulated,ando-and341_owner@t2/011-t5-start,ando-and341_owner,D1,250,False,0
simulated,ando-and341_owner@t2/011-t5-start,ando-and341_owner,D1,500,False,292
simulated,ando-and341_owner@t2/011-t5-start,ando-and341_owner,D1,1000,False,944
simulated,ando-and341_owner@t2/011-t5-start,ando-and341_owner,D1,1500,False,1398
simulated,ando-and341_owner@t2/011-t5-start,ando-and341_owner,D1,3000,False,2839
simulated,ando-and341_owner@t2/011-t5-start,ando-and341_owner,D1,6000,True,5965
simulated,ando-and341_owner@t2/011-t5-start,ando-and341_owner,D1,all,True,6258
simulated,ando-and341_owner@t2/011-t5-start,ando-and341_owner,D2,250,False,43
simulated,ando-and341_owner@t2/011-t5-start,ando-and341_owner,D2,500,False,480
simulated,ando-and341_owner@t2/011-t5-start,ando-and341_owner,D2,1000,False,596
simulated,ando-and341_owner@t2/011-t5-start,ando-and341_owner,D2,1500,True,1437
simulated,ando-and341_owner@t2/011-t5-start,ando-and341_owner,D2,3000,True,2989
simulated,ando-and341_owner@t2/011-t5-start,ando-and341_owner,D2,6000,True,5919
simulated,ando-and341_owner@t2/011-t5-start,ando-and341_owner,D2,all,True,6258
simulated,ando-and341_owner@t2/011-t5-start,ando-and341_owner,B2,250,True,195
simulated,ando-and341_owner@t2/011-t5-start,ando-and341_owner,B2,500,True,394
simulated,ando-and341_owner@t2/011-t5-start,ando-and341_owner,B2,1000,True,925
simulated,ando-and341_owner@t2/011-t5-start,ando-and341_owner,B2,1500,True,1377
simulated,ando-and341_owner@t2/011-t5-start,ando-and341_owner,B2,3000,True,2945
simulated,ando-and341_owner@t2/011-t5-start,ando-and341_owner,B2,6000,True,5893
simulated,ando-and341_owner@t2/011-t5-start,ando-and341_owner,B2,all,True,11574
simulated,ando-and341_owner@t2/011-t5-start,ando-and341_owner,D4,250,False,0
simulated,ando-and341_owner@t2/011-t5-start,ando-and341_owner,D4,500,False,347
simulated,ando-and341_owner@t2/011-t5-start,ando-and341_owner,D4,1000,False,833
simulated,ando-and341_owner@t2/011-t5-start,ando-and341_owner,D4,1500,False,1488
simulated,ando-and341_owner@t2/011-t5-start,ando-and341_owner,D4,3000,False,2883
simulated,ando-and341_owner@t2/011-t5-start,ando-and341_owner,D4,6000,True,5997
simulated,ando-and341_owner@t2/011-t5-start,ando-and341_owner,D4,all,True,6258
simulated,ando-and341_owner@t2/011-t5-start,ando-and341_owner,Z4,250,False,0
simulated,ando-and341_owner@t2/011-t5-start,ando-and341_owner,Z4,500,False,352
simulated,ando-and341_owner@t2/011-t5-start,ando-and341_owner,Z4,1000,False,778
simulated,ando-and341_owner@t2/011-t5-start,ando-and341_owner,Z4,1500,False,1142
simulated,ando-and341_owner@t2/011-t5-start,ando-and341_owner,Z4,3000,False,2765
simulated,ando-and341_owner@t2/011-t5-start,ando-and341_owner,Z4,6000,True,5929
simulated,ando-and341_owner@t2/011-t5-start,ando-and341_owner,Z4,all,True,6170
simulated,ando-and341_owner@t2/011-t5-start,ando-and341_owner,L4,250,False,0
simulated,ando-and341_owner@t2/011-t5-start,ando-and341_owner,L4,500,False,361
simulated,ando-and341_owner@t2/011-t5-start,ando-and341_owner,L4,1000,False,875
simulated,ando-and341_owner@t2/011-t5-start,ando-and341_owner,L4,1500,False,1361
simulated,ando-and341_owner@t2/011-t5-start,ando-and341_owner,L4,3000,False,2885
simulated,ando-and341_owner@t2/011-t5-start,ando-and341_owner,L4,6000,True,5986
simulated,ando-and341_owner@t2/011-t5-start,ando-and341_owner,L4,all,True,6611
simulated,ando-and341_owner@t2/011-t5-start,ando-and341_owner,L2,250,False,0
simulated,ando-and341_owner@t2/011-t5-start,ando-and341_owner,L2,500,False,479
simulated,ando-and341_owner@t2/011-t5-start,ando-and341_owner,L2,1000,False,780
simulated,ando-and341_owner@t2/011-t5-start,ando-and341_owner,L2,1500,False,1375
simulated,ando-and341_owner@t2/011-t5-start,ando-and341_owner,L2,3000,True,2883
simulated,ando-and341_owner@t2/011-t5-start,ando-and341_owner,L2,6000,True,5983
simulated,ando-and341_owner@t2/011-t5-start,ando-and341_owner,L2,all,True,6611
simulated,ando-and341_owner@t2/011-t5-start,ando-and341_owner,E1,250,False,228
simulated,ando-and341_owner@t2/011-t5-start,ando-and341_owner,E1,500,False,470
simulated,ando-and341_owner@t2/011-t5-start,ando-and341_owner,E1,1000,True,991
simulated,ando-and341_owner@t2/011-t5-start,ando-and341_owner,E1,1500,True,1488
simulated,ando-and341_owner@t2/011-t5-start,ando-and341_owner,E1,3000,True,2996
simulated,ando-and341_owner@t2/011-t5-start,ando-and341_owner,E1,6000,True,5990
simulated,ando-and341_owner@t2/011-t5-start,ando-and341_owner,E1,all,True,6487
simulated,ando-and341_owner@t2/011-t5-start,ando-and341_owner,E4,250,False,243
simulated,ando-and341_owner@t2/011-t5-start,ando-and341_owner,E4,500,False,478
simulated,ando-and341_owner@t2/011-t5-start,ando-and341_owner,E4,1000,False,956
simulated,ando-and341_owner@t2/011-t5-start,ando-and341_owner,E4,1500,False,1477
simulated,ando-and341_owner@t2/011-t5-start,ando-and341_owner,E4,3000,True,2987
simulated,ando-and341_owner@t2/011-t5-start,ando-and341_owner,E4,6000,True,5984
simulated,ando-and341_owner@t2/011-t5-start,ando-and341_owner,E4,all,True,6487
simulated,ando-launch_date@t3/009-t4-start,ando-launch_date,D1,250,False,133
simulated,ando-launch_date@t3/009-t4-start,ando-launch_date,D1,500,False,498
simulated,ando-launch_date@t3/009-t4-start,ando-launch_date,D1,1000,True,999
simulated,ando-launch_date@t3/009-t4-start,ando-launch_date,D1,1500,True,1496
simulated,ando-launch_date@t3/009-t4-start,ando-launch_date,D1,3000,True,2968
simulated,ando-launch_date@t3/009-t4-start,ando-launch_date,D1,6000,True,5036
simulated,ando-launch_date@t3/009-t4-start,ando-launch_date,D1,all,True,5036
simulated,ando-launch_date@t3/009-t4-start,ando-launch_date,D2,250,False,0
simulated,ando-launch_date@t3/009-t4-start,ando-launch_date,D2,500,False,0
simulated,ando-launch_date@t3/009-t4-start,ando-launch_date,D2,1000,True,989
simulated,ando-launch_date@t3/009-t4-start,ando-launch_date,D2,1500,True,1312
simulated,ando-launch_date@t3/009-t4-start,ando-launch_date,D2,3000,True,2947
simulated,ando-launch_date@t3/009-t4-start,ando-launch_date,D2,6000,True,5036
simulated,ando-launch_date@t3/009-t4-start,ando-launch_date,D2,all,True,5036
simulated,ando-launch_date@t3/009-t4-start,ando-launch_date,B2,250,False,0
simulated,ando-launch_date@t3/009-t4-start,ando-launch_date,B2,500,False,273
simulated,ando-launch_date@t3/009-t4-start,ando-launch_date,B2,1000,True,762
simulated,ando-launch_date@t3/009-t4-start,ando-launch_date,B2,1500,True,1251
simulated,ando-launch_date@t3/009-t4-start,ando-launch_date,B2,3000,True,2878
simulated,ando-launch_date@t3/009-t4-start,ando-launch_date,B2,6000,True,5939
simulated,ando-launch_date@t3/009-t4-start,ando-launch_date,B2,all,True,9640
simulated,ando-launch_date@t3/009-t4-start,ando-launch_date,D4,250,False,45
simulated,ando-launch_date@t3/009-t4-start,ando-launch_date,D4,500,False,45
simulated,ando-launch_date@t3/009-t4-start,ando-launch_date,D4,1000,True,956
simulated,ando-launch_date@t3/009-t4-start,ando-launch_date,D4,1500,True,1260
simulated,ando-launch_date@t3/009-t4-start,ando-launch_date,D4,3000,True,2763
simulated,ando-launch_date@t3/009-t4-start,ando-launch_date,D4,6000,True,5036
simulated,ando-launch_date@t3/009-t4-start,ando-launch_date,D4,all,True,5036
simulated,ando-launch_date@t3/009-t4-start,ando-launch_date,Z4,250,False,237
simulated,ando-launch_date@t3/009-t4-start,ando-launch_date,Z4,500,False,237
simulated,ando-launch_date@t3/009-t4-start,ando-launch_date,Z4,1000,True,986
simulated,ando-launch_date@t3/009-t4-start,ando-launch_date,Z4,1500,True,1496
simulated,ando-launch_date@t3/009-t4-start,ando-launch_date,Z4,3000,True,2717
simulated,ando-launch_date@t3/009-t4-start,ando-launch_date,Z4,6000,True,5055
simulated,ando-launch_date@t3/009-t4-start,ando-launch_date,Z4,all,True,5055
simulated,ando-launch_date@t3/009-t4-start,ando-launch_date,L4,250,False,53
simulated,ando-launch_date@t3/009-t4-start,ando-launch_date,L4,500,False,53
simulated,ando-launch_date@t3/009-t4-start,ando-launch_date,L4,1000,True,857
simulated,ando-launch_date@t3/009-t4-start,ando-launch_date,L4,1500,True,1402
simulated,ando-launch_date@t3/009-t4-start,ando-launch_date,L4,3000,True,2916
simulated,ando-launch_date@t3/009-t4-start,ando-launch_date,L4,6000,True,5303
simulated,ando-launch_date@t3/009-t4-start,ando-launch_date,L4,all,True,5303
simulated,ando-launch_date@t3/009-t4-start,ando-launch_date,L2,250,False,0
simulated,ando-launch_date@t3/009-t4-start,ando-launch_date,L2,500,False,0
simulated,ando-launch_date@t3/009-t4-start,ando-launch_date,L2,1000,True,987
simulated,ando-launch_date@t3/009-t4-start,ando-launch_date,L2,1500,True,1381
simulated,ando-launch_date@t3/009-t4-start,ando-launch_date,L2,3000,True,2989
simulated,ando-launch_date@t3/009-t4-start,ando-launch_date,L2,6000,True,5303
simulated,ando-launch_date@t3/009-t4-start,ando-launch_date,L2,all,True,5303
simulated,ando-launch_date@t3/009-t4-start,ando-launch_date,E1,250,True,212
simulated,ando-launch_date@t3/009-t4-start,ando-launch_date,E1,500,True,488
simulated,ando-launch_date@t3/009-t4-start,ando-launch_date,E1,1000,True,992
simulated,ando-launch_date@t3/009-t4-start,ando-launch_date,E1,1500,True,1479
simulated,ando-launch_date@t3/009-t4-start,ando-launch_date,E1,3000,True,2988
simulated,ando-launch_date@t3/009-t4-start,ando-launch_date,E1,6000,True,5175
simulated,ando-launch_date@t3/009-t4-start,ando-launch_date,E1,all,True,5175
simulated,ando-launch_date@t3/009-t4-start,ando-launch_date,E4,250,True,250
simulated,ando-launch_date@t3/009-t4-start,ando-launch_date,E4,500,True,499
simulated,ando-launch_date@t3/009-t4-start,ando-launch_date,E4,1000,True,983
simulated,ando-launch_date@t3/009-t4-start,ando-launch_date,E4,1500,True,1486
simulated,ando-launch_date@t3/009-t4-start,ando-launch_date,E4,3000,True,2982
simulated,ando-launch_date@t3/009-t4-start,ando-launch_date,E4,6000,True,5175
simulated,ando-launch_date@t3/009-t4-start,ando-launch_date,E4,all,True,5175
simulated,ando-launch_date@t3/009-t4-middle,ando-launch_date,D1,250,False,228
simulated,ando-launch_date@t3/009-t4-middle,ando-launch_date,D1,500,False,228
simulated,ando-launch_date@t3/009-t4-middle,ando-launch_date,D1,1000,True,922
simulated,ando-launch_date@t3/009-t4-middle,ando-launch_date,D1,1500,True,1477
simulated,ando-launch_date@t3/009-t4-middle,ando-launch_date,D1,3000,True,2992
simulated,ando-launch_date@t3/009-t4-middle,ando-launch_date,D1,6000,True,5461
simulated,ando-launch_date@t3/009-t4-middle,ando-launch_date,D1,all,True,5461
simulated,ando-launch_date@t3/009-t4-middle,ando-launch_date,D2,250,False,0
simulated,ando-launch_date@t3/009-t4-middle,ando-launch_date,D2,500,False,0
simulated,ando-launch_date@t3/009-t4-middle,ando-launch_date,D2,1000,True,918
simulated,ando-launch_date@t3/009-t4-middle,ando-launch_date,D2,1500,True,1467
simulated,ando-launch_date@t3/009-t4-middle,ando-launch_date,D2,3000,True,2881
simulated,ando-launch_date@t3/009-t4-middle,ando-launch_date,D2,6000,True,5461
simulated,ando-launch_date@t3/009-t4-middle,ando-launch_date,D2,all,True,5461
simulated,ando-launch_date@t3/009-t4-middle,ando-launch_date,B2,250,False,213
simulated,ando-launch_date@t3/009-t4-middle,ando-launch_date,B2,500,False,398
simulated,ando-launch_date@t3/009-t4-middle,ando-launch_date,B2,1000,True,918
simulated,ando-launch_date@t3/009-t4-middle,ando-launch_date,B2,1500,True,1406
simulated,ando-launch_date@t3/009-t4-middle,ando-launch_date,B2,3000,True,2864
simulated,ando-launch_date@t3/009-t4-middle,ando-launch_date,B2,6000,True,5986
simulated,ando-launch_date@t3/009-t4-middle,ando-launch_date,B2,all,True,10098
simulated,ando-launch_date@t3/009-t4-middle,ando-launch_date,D4,250,False,81
simulated,ando-launch_date@t3/009-t4-middle,ando-launch_date,D4,500,False,385
simulated,ando-launch_date@t3/009-t4-middle,ando-launch_date,D4,1000,True,946
simulated,ando-launch_date@t3/009-t4-middle,ando-launch_date,D4,1500,True,1409
simulated,ando-launch_date@t3/009-t4-middle,ando-launch_date,D4,3000,True,2969
simulated,ando-launch_date@t3/009-t4-middle,ando-launch_date,D4,6000,True,5461
simulated,ando-launch_date@t3/009-t4-middle,ando-launch_date,D4,all,True,5461
simulated,ando-launch_date@t3/009-t4-middle,ando-launch_date,Z4,250,False,0
simulated,ando-launch_date@t3/009-t4-middle,ando-launch_date,Z4,500,False,352
simulated,ando-launch_date@t3/009-t4-middle,ando-launch_date,Z4,1000,False,998
simulated,ando-launch_date@t3/009-t4-middle,ando-launch_date,Z4,1500,False,1362
simulated,ando-launch_date@t3/009-t4-middle,ando-launch_date,Z4,3000,False,2829
simulated,ando-launch_date@t3/009-t4-middle,ando-launch_date,Z4,6000,True,5481
simulated,ando-launch_date@t3/009-t4-middle,ando-launch_date,Z4,all,True,5481
simulated,ando-launch_date@t3/009-t4-middle,ando-launch_date,L4,250,False,160
simulated,ando-launch_date@t3/009-t4-middle,ando-launch_date,L4,500,False,285
simulated,ando-launch_date@t3/009-t4-middle,ando-launch_date,L4,1000,False,597
simulated,ando-launch_date@t3/009-t4-middle,ando-launch_date,L4,1500,True,1340
simulated,ando-launch_date@t3/009-t4-middle,ando-launch_date,L4,3000,True,2898
simulated,ando-launch_date@t3/009-t4-middle,ando-launch_date,L4,6000,True,5757
simulated,ando-launch_date@t3/009-t4-middle,ando-launch_date,L4,all,True,5757
simulated,ando-launch_date@t3/009-t4-middle,ando-launch_date,L2,250,False,0
simulated,ando-launch_date@t3/009-t4-middle,ando-launch_date,L2,500,False,0
simulated,ando-launch_date@t3/009-t4-middle,ando-launch_date,L2,1000,True,949
simulated,ando-launch_date@t3/009-t4-middle,ando-launch_date,L2,1500,True,1363
simulated,ando-launch_date@t3/009-t4-middle,ando-launch_date,L2,3000,True,2866
simulated,ando-launch_date@t3/009-t4-middle,ando-launch_date,L2,6000,True,5757
simulated,ando-launch_date@t3/009-t4-middle,ando-launch_date,L2,all,True,5757
simulated,ando-launch_date@t3/009-t4-middle,ando-launch_date,E1,250,False,231
simulated,ando-launch_date@t3/009-t4-middle,ando-launch_date,E1,500,False,488
simulated,ando-launch_date@t3/009-t4-middle,ando-launch_date,E1,1000,True,994
simulated,ando-launch_date@t3/009-t4-middle,ando-launch_date,E1,1500,True,1488
simulated,ando-launch_date@t3/009-t4-middle,ando-launch_date,E1,3000,True,2958
simulated,ando-launch_date@t3/009-t4-middle,ando-launch_date,E1,6000,True,5517
simulated,ando-launch_date@t3/009-t4-middle,ando-launch_date,E1,all,True,5517
simulated,ando-launch_date@t3/009-t4-middle,ando-launch_date,E4,250,False,243
simulated,ando-launch_date@t3/009-t4-middle,ando-launch_date,E4,500,False,472
simulated,ando-launch_date@t3/009-t4-middle,ando-launch_date,E4,1000,False,991
simulated,ando-launch_date@t3/009-t4-middle,ando-launch_date,E4,1500,False,1477
simulated,ando-launch_date@t3/009-t4-middle,ando-launch_date,E4,3000,True,2977
simulated,ando-launch_date@t3/009-t4-middle,ando-launch_date,E4,6000,True,5517
simulated,ando-launch_date@t3/009-t4-middle,ando-launch_date,E4,all,True,5517
simulated,ando-launch_date@t3/009-t5-start,ando-launch_date,D1,250,False,0
simulated,ando-launch_date@t3/009-t5-start,ando-launch_date,D1,500,False,484
simulated,ando-launch_date@t3/009-t5-start,ando-launch_date,D1,1000,False,944
simulated,ando-launch_date@t3/009-t5-start,ando-launch_date,D1,1500,False,1248
simulated,ando-launch_date@t3/009-t5-start,ando-launch_date,D1,3000,True,2846
simulated,ando-launch_date@t3/009-t5-start,ando-launch_date,D1,6000,True,5967
simulated,ando-launch_date@t3/009-t5-start,ando-launch_date,D1,all,True,6258
simulated,ando-launch_date@t3/009-t5-start,ando-launch_date,D2,250,False,103
simulated,ando-launch_date@t3/009-t5-start,ando-launch_date,D2,500,False,103
simulated,ando-launch_date@t3/009-t5-start,ando-launch_date,D2,1000,True,908
simulated,ando-launch_date@t3/009-t5-start,ando-launch_date,D2,1500,True,1460
simulated,ando-launch_date@t3/009-t5-start,ando-launch_date,D2,3000,True,2917
simulated,ando-launch_date@t3/009-t5-start,ando-launch_date,D2,6000,True,5957
simulated,ando-launch_date@t3/009-t5-start,ando-launch_date,D2,all,True,6258
simulated,ando-launch_date@t3/009-t5-start,ando-launch_date,B2,250,False,185
simulated,ando-launch_date@t3/009-t5-start,ando-launch_date,B2,500,False,398
simulated,ando-launch_date@t3/009-t5-start,ando-launch_date,B2,1000,True,892
simulated,ando-launch_date@t3/009-t5-start,ando-launch_date,B2,1500,True,1405
simulated,ando-launch_date@t3/009-t5-start,ando-launch_date,B2,3000,True,2883
simulated,ando-launch_date@t3/009-t5-start,ando-launch_date,B2,6000,True,5867
simulated,ando-launch_date@t3/009-t5-start,ando-launch_date,B2,all,True,11574
simulated,ando-launch_date@t3/009-t5-start,ando-launch_date,D4,250,False,0
simulated,ando-launch_date@t3/009-t5-start,ando-launch_date,D4,500,False,352
simulated,ando-launch_date@t3/009-t5-start,ando-launch_date,D4,1000,False,898
simulated,ando-launch_date@t3/009-t5-start,ando-launch_date,D4,1500,False,1242
simulated,ando-launch_date@t3/009-t5-start,ando-launch_date,D4,3000,True,2982
simulated,ando-launch_date@t3/009-t5-start,ando-launch_date,D4,6000,True,5877
simulated,ando-launch_date@t3/009-t5-start,ando-launch_date,D4,all,True,6258
simulated,ando-launch_date@t3/009-t5-start,ando-launch_date,Z4,250,False,237
simulated,ando-launch_date@t3/009-t5-start,ando-launch_date,Z4,500,False,237
simulated,ando-launch_date@t3/009-t5-start,ando-launch_date,Z4,1000,False,589
simulated,ando-launch_date@t3/009-t5-start,ando-launch_date,Z4,1500,False,1424
simulated,ando-launch_date@t3/009-t5-start,ando-launch_date,Z4,3000,True,2992
simulated,ando-launch_date@t3/009-t5-start,ando-launch_date,Z4,6000,True,5932
simulated,ando-launch_date@t3/009-t5-start,ando-launch_date,Z4,all,True,6170
simulated,ando-launch_date@t3/009-t5-start,ando-launch_date,L4,250,False,0
simulated,ando-launch_date@t3/009-t5-start,ando-launch_date,L4,500,False,369
simulated,ando-launch_date@t3/009-t5-start,ando-launch_date,L4,1000,False,950
simulated,ando-launch_date@t3/009-t5-start,ando-launch_date,L4,1500,False,1319
simulated,ando-launch_date@t3/009-t5-start,ando-launch_date,L4,3000,True,2914
simulated,ando-launch_date@t3/009-t5-start,ando-launch_date,L4,6000,True,5980
simulated,ando-launch_date@t3/009-t5-start,ando-launch_date,L4,all,True,6611
simulated,ando-launch_date@t3/009-t5-start,ando-launch_date,L2,250,False,110
simulated,ando-launch_date@t3/009-t5-start,ando-launch_date,L2,500,False,110
simulated,ando-launch_date@t3/009-t5-start,ando-launch_date,L2,1000,True,933
simulated,ando-launch_date@t3/009-t5-start,ando-launch_date,L2,1500,True,1411
simulated,ando-launch_date@t3/009-t5-start,ando-launch_date,L2,3000,True,2603
simulated,ando-launch_date@t3/009-t5-start,ando-launch_date,L2,6000,True,5954
simulated,ando-launch_date@t3/009-t5-start,ando-launch_date,L2,all,True,6611
simulated,ando-launch_date@t3/009-t5-start,ando-launch_date,E1,250,False,244
simulated,ando-launch_date@t3/009-t5-start,ando-launch_date,E1,500,False,499
simulated,ando-launch_date@t3/009-t5-start,ando-launch_date,E1,1000,False,975
simulated,ando-launch_date@t3/009-t5-start,ando-launch_date,E1,1500,True,1483
simulated,ando-launch_date@t3/009-t5-start,ando-launch_date,E1,3000,True,2992
simulated,ando-launch_date@t3/009-t5-start,ando-launch_date,E1,6000,True,5968
simulated,ando-launch_date@t3/009-t5-start,ando-launch_date,E1,all,True,6487
simulated,ando-launch_date@t3/009-t5-start,ando-launch_date,E4,250,False,232
simulated,ando-launch_date@t3/009-t5-start,ando-launch_date,E4,500,False,485
simulated,ando-launch_date@t3/009-t5-start,ando-launch_date,E4,1000,False,975
simulated,ando-launch_date@t3/009-t5-start,ando-launch_date,E4,1500,True,1476
simulated,ando-launch_date@t3/009-t5-start,ando-launch_date,E4,3000,True,2993
simulated,ando-launch_date@t3/009-t5-start,ando-launch_date,E4,6000,True,5985
simulated,ando-launch_date@t3/009-t5-start,ando-launch_date,E4,all,True,6487
simulated,ando-launch_date@t3/009-t5-middle,ando-launch_date,D1,250,False,0
simulated,ando-launch_date@t3/009-t5-middle,ando-launch_date,D1,500,False,385
simulated,ando-launch_date@t3/009-t5-middle,ando-launch_date,D1,1000,False,944
simulated,ando-launch_date@t3/009-t5-middle,ando-launch_date,D1,1500,False,1094
simulated,ando-launch_date@t3/009-t5-middle,ando-launch_date,D1,3000,True,2577
simulated,ando-launch_date@t3/009-t5-middle,ando-launch_date,D1,6000,True,5936
simulated,ando-launch_date@t3/009-t5-middle,ando-launch_date,D1,all,True,6847
simulated,ando-launch_date@t3/009-t5-middle,ando-launch_date,D2,250,False,0
simulated,ando-launch_date@t3/009-t5-middle,ando-launch_date,D2,500,False,268
simulated,ando-launch_date@t3/009-t5-middle,ando-launch_date,D2,1000,True,879
simulated,ando-launch_date@t3/009-t5-middle,ando-launch_date,D2,1500,True,1342
simulated,ando-launch_date@t3/009-t5-middle,ando-launch_date,D2,3000,True,2781
simulated,ando-launch_date@t3/009-t5-middle,ando-launch_date,D2,6000,True,5963
simulated,ando-launch_date@t3/009-t5-middle,ando-launch_date,D2,all,True,6847
simulated,ando-launch_date@t3/009-t5-middle,ando-launch_date,B2,250,False,248
simulated,ando-launch_date@t3/009-t5-middle,ando-launch_date,B2,500,False,499
simulated,ando-launch_date@t3/009-t5-middle,ando-launch_date,B2,1000,False,866
simulated,ando-launch_date@t3/009-t5-middle,ando-launch_date,B2,1500,True,1395
simulated,ando-launch_date@t3/009-t5-middle,ando-launch_date,B2,3000,True,2945
simulated,ando-launch_date@t3/009-t5-middle,ando-launch_date,B2,6000,True,5947
simulated,ando-launch_date@t3/009-t5-middle,ando-launch_date,B2,all,True,13400
simulated,ando-launch_date@t3/009-t5-middle,ando-launch_date,D4,250,False,0
simulated,ando-launch_date@t3/009-t5-middle,ando-launch_date,D4,500,False,268
simulated,ando-launch_date@t3/009-t5-middle,ando-launch_date,D4,1000,True,807
simulated,ando-launch_date@t3/009-t5-middle,ando-launch_date,D4,1500,True,1355
simulated,ando-launch_date@t3/009-t5-middle,ando-launch_date,D4,3000,True,2745
simulated,ando-launch_date@t3/009-t5-middle,ando-launch_date,D4,6000,True,5834
simulated,ando-launch_date@t3/009-t5-middle,ando-launch_date,D4,all,True,6847
simulated,ando-launch_date@t3/009-t5-middle,ando-launch_date,Z4,250,False,0
simulated,ando-launch_date@t3/009-t5-middle,ando-launch_date,Z4,500,False,285
simulated,ando-launch_date@t3/009-t5-middle,ando-launch_date,Z4,1000,False,999
simulated,ando-launch_date@t3/009-t5-middle,ando-launch_date,Z4,1500,False,1262
simulated,ando-launch_date@t3/009-t5-middle,ando-launch_date,Z4,3000,False,2955
simulated,ando-launch_date@t3/009-t5-middle,ando-launch_date,Z4,6000,True,5945
simulated,ando-launch_date@t3/009-t5-middle,ando-launch_date,Z4,all,True,7316
simulated,ando-launch_date@t3/009-t5-middle,ando-launch_date,L4,250,False,0
simulated,ando-launch_date@t3/009-t5-middle,ando-launch_date,L4,500,False,280
simulated,ando-launch_date@t3/009-t5-middle,ando-launch_date,L4,1000,True,835
simulated,ando-launch_date@t3/009-t5-middle,ando-launch_date,L4,1500,True,1400
simulated,ando-launch_date@t3/009-t5-middle,ando-launch_date,L4,3000,True,2936
simulated,ando-launch_date@t3/009-t5-middle,ando-launch_date,L4,6000,True,5906
simulated,ando-launch_date@t3/009-t5-middle,ando-launch_date,L4,all,True,7227
simulated,ando-launch_date@t3/009-t5-middle,ando-launch_date,L2,250,False,0
simulated,ando-launch_date@t3/009-t5-middle,ando-launch_date,L2,500,False,0
simulated,ando-launch_date@t3/009-t5-middle,ando-launch_date,L2,1000,True,909
simulated,ando-launch_date@t3/009-t5-middle,ando-launch_date,L2,1500,True,1453
simulated,ando-launch_date@t3/009-t5-middle,ando-launch_date,L2,3000,True,2970
simulated,ando-launch_date@t3/009-t5-middle,ando-launch_date,L2,6000,True,5954
simulated,ando-launch_date@t3/009-t5-middle,ando-launch_date,L2,all,True,7227
simulated,ando-launch_date@t3/009-t5-middle,ando-launch_date,E1,250,False,236
simulated,ando-launch_date@t3/009-t5-middle,ando-launch_date,E1,500,False,499
simulated,ando-launch_date@t3/009-t5-middle,ando-launch_date,E1,1000,True,980
simulated,ando-launch_date@t3/009-t5-middle,ando-launch_date,E1,1500,True,1498
simulated,ando-launch_date@t3/009-t5-middle,ando-launch_date,E1,3000,True,2971
simulated,ando-launch_date@t3/009-t5-middle,ando-launch_date,E1,6000,True,5978
simulated,ando-launch_date@t3/009-t5-middle,ando-launch_date,E1,all,True,7387
simulated,ando-launch_date@t3/009-t5-middle,ando-launch_date,E4,250,False,241
simulated,ando-launch_date@t3/009-t5-middle,ando-launch_date,E4,500,False,477
simulated,ando-launch_date@t3/009-t5-middle,ando-launch_date,E4,1000,False,993
simulated,ando-launch_date@t3/009-t5-middle,ando-launch_date,E4,1500,True,1485
simulated,ando-launch_date@t3/009-t5-middle,ando-launch_date,E4,3000,True,2987
simulated,ando-launch_date@t3/009-t5-middle,ando-launch_date,E4,6000,True,5998
simulated,ando-launch_date@t3/009-t5-middle,ando-launch_date,E4,all,True,7387
simulated,ando-launch_date@t3/009-t6-start,ando-launch_date,D1,250,True,184
simulated,ando-launch_date@t3/009-t6-start,ando-launch_date,D1,500,True,184
simulated,ando-launch_date@t3/009-t6-start,ando-launch_date,D1,1000,True,911
simulated,ando-launch_date@t3/009-t6-start,ando-launch_date,D1,1500,True,1482
simulated,ando-launch_date@t3/009-t6-start,ando-launch_date,D1,3000,True,2820
simulated,ando-launch_date@t3/009-t6-start,ando-launch_date,D1,6000,True,5996
simulated,ando-launch_date@t3/009-t6-start,ando-launch_date,D1,all,True,8308
simulated,ando-launch_date@t3/009-t6-start,ando-launch_date,D2,250,False,81
simulated,ando-launch_date@t3/009-t6-start,ando-launch_date,D2,500,False,81
simulated,ando-launch_date@t3/009-t6-start,ando-launch_date,D2,1000,True,970
simulated,ando-launch_date@t3/009-t6-start,ando-launch_date,D2,1500,True,1308
simulated,ando-launch_date@t3/009-t6-start,ando-launch_date,D2,3000,True,2797
simulated,ando-launch_date@t3/009-t6-start,ando-launch_date,D2,6000,True,5977
simulated,ando-launch_date@t3/009-t6-start,ando-launch_date,D2,all,True,8308
simulated,ando-launch_date@t3/009-t6-start,ando-launch_date,B2,250,False,237
simulated,ando-launch_date@t3/009-t6-start,ando-launch_date,B2,500,False,479
simulated,ando-launch_date@t3/009-t6-start,ando-launch_date,B2,1000,True,990
simulated,ando-launch_date@t3/009-t6-start,ando-launch_date,B2,1500,True,1459
simulated,ando-launch_date@t3/009-t6-start,ando-launch_date,B2,3000,True,2899
simulated,ando-launch_date@t3/009-t6-start,ando-launch_date,B2,6000,True,5938
simulated,ando-launch_date@t3/009-t6-start,ando-launch_date,B2,all,True,15985
simulated,ando-launch_date@t3/009-t6-start,ando-launch_date,D4,250,False,45
simulated,ando-launch_date@t3/009-t6-start,ando-launch_date,D4,500,False,45
simulated,ando-launch_date@t3/009-t6-start,ando-launch_date,D4,1000,True,924
simulated,ando-launch_date@t3/009-t6-start,ando-launch_date,D4,1500,True,1499
simulated,ando-launch_date@t3/009-t6-start,ando-launch_date,D4,3000,True,2898
simulated,ando-launch_date@t3/009-t6-start,ando-launch_date,D4,6000,True,5945
simulated,ando-launch_date@t3/009-t6-start,ando-launch_date,D4,all,True,8308
simulated,ando-launch_date@t3/009-t6-start,ando-launch_date,Z4,250,False,237
simulated,ando-launch_date@t3/009-t6-start,ando-launch_date,Z4,500,True,429
simulated,ando-launch_date@t3/009-t6-start,ando-launch_date,Z4,1000,True,906
simulated,ando-launch_date@t3/009-t6-start,ando-launch_date,Z4,1500,True,1406
simulated,ando-launch_date@t3/009-t6-start,ando-launch_date,Z4,3000,True,2844
simulated,ando-launch_date@t3/009-t6-start,ando-launch_date,Z4,6000,True,5936
simulated,ando-launch_date@t3/009-t6-start,ando-launch_date,Z4,all,True,8374
simulated,ando-launch_date@t3/009-t6-start,ando-launch_date,L4,250,False,53
simulated,ando-launch_date@t3/009-t6-start,ando-launch_date,L4,500,False,53
simulated,ando-launch_date@t3/009-t6-start,ando-launch_date,L4,1000,True,975
simulated,ando-launch_date@t3/009-t6-start,ando-launch_date,L4,1500,True,1416
simulated,ando-launch_date@t3/009-t6-start,ando-launch_date,L4,3000,True,2964
simulated,ando-launch_date@t3/009-t6-start,ando-launch_date,L4,6000,True,5940
simulated,ando-launch_date@t3/009-t6-start,ando-launch_date,L4,all,True,8771
simulated,ando-launch_date@t3/009-t6-start,ando-launch_date,L2,250,False,98
simulated,ando-launch_date@t3/009-t6-start,ando-launch_date,L2,500,False,98
simulated,ando-launch_date@t3/009-t6-start,ando-launch_date,L2,1000,True,963
simulated,ando-launch_date@t3/009-t6-start,ando-launch_date,L2,1500,True,1384
simulated,ando-launch_date@t3/009-t6-start,ando-launch_date,L2,3000,True,2884
simulated,ando-launch_date@t3/009-t6-start,ando-launch_date,L2,6000,True,5988
simulated,ando-launch_date@t3/009-t6-start,ando-launch_date,L2,all,True,8771
simulated,ando-launch_date@t3/009-t6-start,ando-launch_date,E1,250,True,240
simulated,ando-launch_date@t3/009-t6-start,ando-launch_date,E1,500,True,477
simulated,ando-launch_date@t3/009-t6-start,ando-launch_date,E1,1000,True,989
simulated,ando-launch_date@t3/009-t6-start,ando-launch_date,E1,1500,True,1488
simulated,ando-launch_date@t3/009-t6-start,ando-launch_date,E1,3000,True,2997
simulated,ando-launch_date@t3/009-t6-start,ando-launch_date,E1,6000,True,5981
simulated,ando-launch_date@t3/009-t6-start,ando-launch_date,E1,all,True,9029
simulated,ando-launch_date@t3/009-t6-start,ando-launch_date,E4,250,True,234
simulated,ando-launch_date@t3/009-t6-start,ando-launch_date,E4,500,True,500
simulated,ando-launch_date@t3/009-t6-start,ando-launch_date,E4,1000,True,987
simulated,ando-launch_date@t3/009-t6-start,ando-launch_date,E4,1500,True,1492
simulated,ando-launch_date@t3/009-t6-start,ando-launch_date,E4,3000,True,2997
simulated,ando-launch_date@t3/009-t6-start,ando-launch_date,E4,6000,True,5993
simulated,ando-launch_date@t3/009-t6-start,ando-launch_date,E4,all,True,9029
simulated,ando-launch_date@t3/009-t6-middle,ando-launch_date,D1,250,False,0
simulated,ando-launch_date@t3/009-t6-middle,ando-launch_date,D1,500,False,460
simulated,ando-launch_date@t3/009-t6-middle,ando-launch_date,D1,1000,False,903
simulated,ando-launch_date@t3/009-t6-middle,ando-launch_date,D1,1500,False,1224
simulated,ando-launch_date@t3/009-t6-middle,ando-launch_date,D1,3000,True,2867
simulated,ando-launch_date@t3/009-t6-middle,ando-launch_date,D1,6000,True,5891
simulated,ando-launch_date@t3/009-t6-middle,ando-launch_date,D1,all,True,8682
simulated,ando-launch_date@t3/009-t6-middle,ando-launch_date,D2,250,False,228
simulated,ando-launch_date@t3/009-t6-middle,ando-launch_date,D2,500,True,347
simulated,ando-launch_date@t3/009-t6-middle,ando-launch_date,D2,1000,True,615
simulated,ando-launch_date@t3/009-t6-middle,ando-launch_date,D2,1500,True,1422
simulated,ando-launch_date@t3/009-t6-middle,ando-launch_date,D2,3000,True,2597
simulated,ando-launch_date@t3/009-t6-middle,ando-launch_date,D2,6000,True,5907
simulated,ando-launch_date@t3/009-t6-middle,ando-launch_date,D2,all,True,8682
simulated,ando-launch_date@t3/009-t6-middle,ando-launch_date,B2,250,True,239
simulated,ando-launch_date@t3/009-t6-middle,ando-launch_date,B2,500,True,466
simulated,ando-launch_date@t3/009-t6-middle,ando-launch_date,B2,1000,True,938
simulated,ando-launch_date@t3/009-t6-middle,ando-launch_date,B2,1500,True,1383
simulated,ando-launch_date@t3/009-t6-middle,ando-launch_date,B2,3000,True,2878
simulated,ando-launch_date@t3/009-t6-middle,ando-launch_date,B2,6000,True,5951
simulated,ando-launch_date@t3/009-t6-middle,ando-launch_date,B2,all,True,16257
simulated,ando-launch_date@t3/009-t6-middle,ando-launch_date,D4,250,False,228
simulated,ando-launch_date@t3/009-t6-middle,ando-launch_date,D4,500,False,454
simulated,ando-launch_date@t3/009-t6-middle,ando-launch_date,D4,1000,False,968
simulated,ando-launch_date@t3/009-t6-middle,ando-launch_date,D4,1500,False,1253
simulated,ando-launch_date@t3/009-t6-middle,ando-launch_date,D4,3000,False,2921
simulated,ando-launch_date@t3/009-t6-middle,ando-launch_date,D4,6000,True,5974
simulated,ando-launch_date@t3/009-t6-middle,ando-launch_date,D4,all,True,8682
simulated,ando-launch_date@t3/009-t6-middle,ando-launch_date,Z4,250,False,0
simulated,ando-launch_date@t3/009-t6-middle,ando-launch_date,Z4,500,False,273
simulated,ando-launch_date@t3/009-t6-middle,ando-launch_date,Z4,1000,False,596
simulated,ando-launch_date@t3/009-t6-middle,ando-launch_date,Z4,1500,False,1390
simulated,ando-launch_date@t3/009-t6-middle,ando-launch_date,Z4,3000,False,2956
simulated,ando-launch_date@t3/009-t6-middle,ando-launch_date,Z4,6000,True,5957
simulated,ando-launch_date@t3/009-t6-middle,ando-launch_date,Z4,all,True,8690
simulated,ando-launch_date@t3/009-t6-middle,ando-launch_date,L4,250,False,237
simulated,ando-launch_date@t3/009-t6-middle,ando-launch_date,L4,500,False,473
simulated,ando-launch_date@t3/009-t6-middle,ando-launch_date,L4,1000,False,963
simulated,ando-launch_date@t3/009-t6-middle,ando-launch_date,L4,1500,False,1306
simulated,ando-launch_date@t3/009-t6-middle,ando-launch_date,L4,3000,False,2920
simulated,ando-launch_date@t3/009-t6-middle,ando-launch_date,L4,6000,True,5971
simulated,ando-launch_date@t3/009-t6-middle,ando-launch_date,L4,all,True,9161
simulated,ando-launch_date@t3/009-t6-middle,ando-launch_date,L2,250,False,237
simulated,ando-launch_date@t3/009-t6-middle,ando-launch_date,L2,500,True,366
simulated,ando-launch_date@t3/009-t6-middle,ando-launch_date,L2,1000,True,646
simulated,ando-launch_date@t3/009-t6-middle,ando-launch_date,L2,1500,True,1291
simulated,ando-launch_date@t3/009-t6-middle,ando-launch_date,L2,3000,True,2895
simulated,ando-launch_date@t3/009-t6-middle,ando-launch_date,L2,6000,True,5914
simulated,ando-launch_date@t3/009-t6-middle,ando-launch_date,L2,all,True,9161
simulated,ando-launch_date@t3/009-t6-middle,ando-launch_date,E1,250,False,250
simulated,ando-launch_date@t3/009-t6-middle,ando-launch_date,E1,500,False,499
simulated,ando-launch_date@t3/009-t6-middle,ando-launch_date,E1,1000,True,998
simulated,ando-launch_date@t3/009-t6-middle,ando-launch_date,E1,1500,True,1467
simulated,ando-launch_date@t3/009-t6-middle,ando-launch_date,E1,3000,True,2999
simulated,ando-launch_date@t3/009-t6-middle,ando-launch_date,E1,6000,True,5983
simulated,ando-launch_date@t3/009-t6-middle,ando-launch_date,E1,all,True,9223
simulated,ando-launch_date@t3/009-t6-middle,ando-launch_date,E4,250,False,246
simulated,ando-launch_date@t3/009-t6-middle,ando-launch_date,E4,500,False,487
simulated,ando-launch_date@t3/009-t6-middle,ando-launch_date,E4,1000,False,999
simulated,ando-launch_date@t3/009-t6-middle,ando-launch_date,E4,1500,True,1499
simulated,ando-launch_date@t3/009-t6-middle,ando-launch_date,E4,3000,True,2970
simulated,ando-launch_date@t3/009-t6-middle,ando-launch_date,E4,6000,True,5985
simulated,ando-launch_date@t3/009-t6-middle,ando-launch_date,E4,all,True,9223
simulated,ando-pricing_model@t4/006-t5-start,ando-pricing_model,D1,250,False,192
simulated,ando-pricing_model@t4/006-t5-start,ando-pricing_model,D1,500,False,409
simulated,ando-pricing_model@t4/006-t5-start,ando-pricing_model,D1,1000,False,869
simulated,ando-pricing_model@t4/006-t5-start,ando-pricing_model,D1,1500,False,1340
simulated,ando-pricing_model@t4/006-t5-start,ando-pricing_model,D1,3000,False,2969
simulated,ando-pricing_model@t4/006-t5-start,ando-pricing_model,D1,6000,True,5985
simulated,ando-pricing_model@t4/006-t5-start,ando-pricing_model,D1,all,True,6258
simulated,ando-pricing_model@t4/006-t5-start,ando-pricing_model,D2,250,False,192
simulated,ando-pricing_model@t4/006-t5-start,ando-pricing_model,D2,500,False,351
simulated,ando-pricing_model@t4/006-t5-start,ando-pricing_model,D2,1000,True,972
simulated,ando-pricing_model@t4/006-t5-start,ando-pricing_model,D2,1500,True,1473
simulated,ando-pricing_model@t4/006-t5-start,ando-pricing_model,D2,3000,True,2663
simulated,ando-pricing_model@t4/006-t5-start,ando-pricing_model,D2,6000,True,5960
simulated,ando-pricing_model@t4/006-t5-start,ando-pricing_model,D2,all,True,6258
simulated,ando-pricing_model@t4/006-t5-start,ando-pricing_model,B2,250,False,239
simulated,ando-pricing_model@t4/006-t5-start,ando-pricing_model,B2,500,True,492
simulated,ando-pricing_model@t4/006-t5-start,ando-pricing_model,B2,1000,True,933
simulated,ando-pricing_model@t4/006-t5-start,ando-pricing_model,B2,1500,True,1337
simulated,ando-pricing_model@t4/006-t5-start,ando-pricing_model,B2,3000,True,2943
simulated,ando-pricing_model@t4/006-t5-start,ando-pricing_model,B2,6000,True,5940
simulated,ando-pricing_model@t4/006-t5-start,ando-pricing_model,B2,all,True,11574
simulated,ando-pricing_model@t4/006-t5-start,ando-pricing_model,D4,250,False,0
simulated,ando-pricing_model@t4/006-t5-start,ando-pricing_model,D4,500,False,304
simulated,ando-pricing_model@t4/006-t5-start,ando-pricing_model,D4,1000,False,873
simulated,ando-pricing_model@t4/006-t5-start,ando-pricing_model,D4,1500,False,1469
simulated,ando-pricing_model@t4/006-t5-start,ando-pricing_model,D4,3000,False,2689
simulated,ando-pricing_model@t4/006-t5-start,ando-pricing_model,D4,6000,True,5962
simulated,ando-pricing_model@t4/006-t5-start,ando-pricing_model,D4,all,True,6258
simulated,ando-pricing_model@t4/006-t5-start,ando-pricing_model,Z4,250,False,0
simulated,ando-pricing_model@t4/006-t5-start,ando-pricing_model,Z4,500,False,352
simulated,ando-pricing_model@t4/006-t5-start,ando-pricing_model,Z4,1000,False,778
simulated,ando-pricing_model@t4/006-t5-start,ando-pricing_model,Z4,1500,False,1142
simulated,ando-pricing_model@t4/006-t5-start,ando-pricing_model,Z4,3000,False,2998
simulated,ando-pricing_model@t4/006-t5-start,ando-pricing_model,Z4,6000,True,5929
simulated,ando-pricing_model@t4/006-t5-start,ando-pricing_model,Z4,all,True,6170
simulated,ando-pricing_model@t4/006-t5-start,ando-pricing_model,L4,250,False,0
simulated,ando-pricing_model@t4/006-t5-start,ando-pricing_model,L4,500,False,312
simulated,ando-pricing_model@t4/006-t5-start,ando-pricing_model,L4,1000,False,918
simulated,ando-pricing_model@t4/006-t5-start,ando-pricing_model,L4,1500,False,1495
simulated,ando-pricing_model@t4/006-t5-start,ando-pricing_model,L4,3000,False,2814
simulated,ando-pricing_model@t4/006-t5-start,ando-pricing_model,L4,6000,True,5877
simulated,ando-pricing_model@t4/006-t5-start,ando-pricing_model,L4,all,True,6611
simulated,ando-pricing_model@t4/006-t5-start,ando-pricing_model,L2,250,False,203
simulated,ando-pricing_model@t4/006-t5-start,ando-pricing_model,L2,500,False,432
simulated,ando-pricing_model@t4/006-t5-start,ando-pricing_model,L2,1000,False,791
simulated,ando-pricing_model@t4/006-t5-start,ando-pricing_model,L2,1500,True,1141
simulated,ando-pricing_model@t4/006-t5-start,ando-pricing_model,L2,3000,True,2962
simulated,ando-pricing_model@t4/006-t5-start,ando-pricing_model,L2,6000,True,5985
simulated,ando-pricing_model@t4/006-t5-start,ando-pricing_model,L2,all,True,6611
simulated,ando-pricing_model@t4/006-t5-start,ando-pricing_model,E1,250,False,223
simulated,ando-pricing_model@t4/006-t5-start,ando-pricing_model,E1,500,False,475
simulated,ando-pricing_model@t4/006-t5-start,ando-pricing_model,E1,1000,True,963
simulated,ando-pricing_model@t4/006-t5-start,ando-pricing_model,E1,1500,True,1496
simulated,ando-pricing_model@t4/006-t5-start,ando-pricing_model,E1,3000,True,2969
simulated,ando-pricing_model@t4/006-t5-start,ando-pricing_model,E1,6000,True,5973
simulated,ando-pricing_model@t4/006-t5-start,ando-pricing_model,E1,all,True,6487
simulated,ando-pricing_model@t4/006-t5-start,ando-pricing_model,E4,250,False,248
simulated,ando-pricing_model@t4/006-t5-start,ando-pricing_model,E4,500,True,483
simulated,ando-pricing_model@t4/006-t5-start,ando-pricing_model,E4,1000,True,997
simulated,ando-pricing_model@t4/006-t5-start,ando-pricing_model,E4,1500,True,1495
simulated,ando-pricing_model@t4/006-t5-start,ando-pricing_model,E4,3000,True,3000
simulated,ando-pricing_model@t4/006-t5-start,ando-pricing_model,E4,6000,True,5987
simulated,ando-pricing_model@t4/006-t5-start,ando-pricing_model,E4,all,True,6487
simulated,ando-pricing_model@t4/006-t5-middle,ando-pricing_model,D1,250,False,0
simulated,ando-pricing_model@t4/006-t5-middle,ando-pricing_model,D1,500,False,385
simulated,ando-pricing_model@t4/006-t5-middle,ando-pricing_model,D1,1000,False,995
simulated,ando-pricing_model@t4/006-t5-middle,ando-pricing_model,D1,1500,False,1352
simulated,ando-pricing_model@t4/006-t5-middle,ando-pricing_model,D1,3000,False,2801
simulated,ando-pricing_model@t4/006-t5-middle,ando-pricing_model,D1,6000,True,5977
simulated,ando-pricing_model@t4/006-t5-middle,ando-pricing_model,D1,all,True,6847
simulated,ando-pricing_model@t4/006-t5-middle,ando-pricing_model,D2,250,False,159
simulated,ando-pricing_model@t4/006-t5-middle,ando-pricing_model,D2,500,False,351
simulated,ando-pricing_model@t4/006-t5-middle,ando-pricing_model,D2,1000,False,754
simulated,ando-pricing_model@t4/006-t5-middle,ando-pricing_model,D2,1500,False,1255
simulated,ando-pricing_model@t4/006-t5-middle,ando-pricing_model,D2,3000,True,2698
simulated,ando-pricing_model@t4/006-t5-middle,ando-pricing_model,D2,6000,True,5999
simulated,ando-pricing_model@t4/006-t5-middle,ando-pricing_model,D2,all,True,6847
simulated,ando-pricing_model@t4/006-t5-middle,ando-pricing_model,B2,250,False,0
simulated,ando-pricing_model@t4/006-t5-middle,ando-pricing_model,B2,500,False,482
simulated,ando-pricing_model@t4/006-t5-middle,ando-pricing_model,B2,1000,True,961
simulated,ando-pricing_model@t4/006-t5-middle,ando-pricing_model,B2,1500,True,1418
simulated,ando-pricing_model@t4/006-t5-middle,ando-pricing_model,B2,3000,True,2900
simulated,ando-pricing_model@t4/006-t5-middle,ando-pricing_model,B2,6000,True,5961
simulated,ando-pricing_model@t4/006-t5-middle,ando-pricing_model,B2,all,True,13400
simulated,ando-pricing_model@t4/006-t5-middle,ando-pricing_model,D4,250,False,0
simulated,ando-pricing_model@t4/006-t5-middle,ando-pricing_model,D4,500,False,427
simulated,ando-pricing_model@t4/006-t5-middle,ando-pricing_model,D4,1000,False,625
simulated,ando-pricing_model@t4/006-t5-middle,ando-pricing_model,D4,1500,False,1243
simulated,ando-pricing_model@t4/006-t5-middle,ando-pricing_model,D4,3000,False,2978
simulated,ando-pricing_model@t4/006-t5-middle,ando-pricing_model,D4,6000,True,5987
simulated,ando-pricing_model@t4/006-t5-middle,ando-pricing_model,D4,all,True,6847
simulated,ando-pricing_model@t4/006-t5-middle,ando-pricing_model,Z4,250,False,0
simulated,ando-pricing_model@t4/006-t5-middle,ando-pricing_model,Z4,500,False,285
simulated,ando-pricing_model@t4/006-t5-middle,ando-pricing_model,Z4,1000,False,711
simulated,ando-pricing_model@t4/006-t5-middle,ando-pricing_model,Z4,1500,False,1411
simulated,ando-pricing_model@t4/006-t5-middle,ando-pricing_model,Z4,3000,False,2973
simulated,ando-pricing_model@t4/006-t5-middle,ando-pricing_model,Z4,6000,True,5829
simulated,ando-pricing_model@t4/006-t5-middle,ando-pricing_model,Z4,all,True,7316
simulated,ando-pricing_model@t4/006-t5-middle,ando-pricing_model,L4,250,False,0
simulated,ando-pricing_model@t4/006-t5-middle,ando-pricing_model,L4,500,False,448
simulated,ando-pricing_model@t4/006-t5-middle,ando-pricing_model,L4,1000,False,654
simulated,ando-pricing_model@t4/006-t5-middle,ando-pricing_model,L4,1500,False,1290
simulated,ando-pricing_model@t4/006-t5-middle,ando-pricing_model,L4,3000,False,2982
simulated,ando-pricing_model@t4/006-t5-middle,ando-pricing_model,L4,6000,True,5981
simulated,ando-pricing_model@t4/006-t5-middle,ando-pricing_model,L4,all,True,7227
simulated,ando-pricing_model@t4/006-t5-middle,ando-pricing_model,L2,250,False,191
simulated,ando-pricing_model@t4/006-t5-middle,ando-pricing_model,L2,500,False,359
simulated,ando-pricing_model@t4/006-t5-middle,ando-pricing_model,L2,1000,False,794
simulated,ando-pricing_model@t4/006-t5-middle,ando-pricing_model,L2,1500,False,1305
simulated,ando-pricing_model@t4/006-t5-middle,ando-pricing_model,L2,3000,True,2936
simulated,ando-pricing_model@t4/006-t5-middle,ando-pricing_model,L2,6000,True,5979
simulated,ando-pricing_model@t4/006-t5-middle,ando-pricing_model,L2,all,True,7227
simulated,ando-pricing_model@t4/006-t5-middle,ando-pricing_model,E1,250,False,243
simulated,ando-pricing_model@t4/006-t5-middle,ando-pricing_model,E1,500,False,474
simulated,ando-pricing_model@t4/006-t5-middle,ando-pricing_model,E1,1000,False,988
simulated,ando-pricing_model@t4/006-t5-middle,ando-pricing_model,E1,1500,True,1468
simulated,ando-pricing_model@t4/006-t5-middle,ando-pricing_model,E1,3000,True,2980
simulated,ando-pricing_model@t4/006-t5-middle,ando-pricing_model,E1,6000,True,5983
simulated,ando-pricing_model@t4/006-t5-middle,ando-pricing_model,E1,all,True,7387
simulated,ando-pricing_model@t4/006-t5-middle,ando-pricing_model,E4,250,False,238
simulated,ando-pricing_model@t4/006-t5-middle,ando-pricing_model,E4,500,False,467
simulated,ando-pricing_model@t4/006-t5-middle,ando-pricing_model,E4,1000,False,970
simulated,ando-pricing_model@t4/006-t5-middle,ando-pricing_model,E4,1500,False,1485
simulated,ando-pricing_model@t4/006-t5-middle,ando-pricing_model,E4,3000,False,2990
simulated,ando-pricing_model@t4/006-t5-middle,ando-pricing_model,E4,6000,True,5987
simulated,ando-pricing_model@t4/006-t5-middle,ando-pricing_model,E4,all,True,7387
simulated,ando-pricing_model@t4/006-t6-start,ando-pricing_model,D1,250,False,217
simulated,ando-pricing_model@t4/006-t6-start,ando-pricing_model,D1,500,False,217
simulated,ando-pricing_model@t4/006-t6-start,ando-pricing_model,D1,1000,False,976
simulated,ando-pricing_model@t4/006-t6-start,ando-pricing_model,D1,1500,False,1378
simulated,ando-pricing_model@t4/006-t6-start,ando-pricing_model,D1,3000,False,2843
simulated,ando-pricing_model@t4/006-t6-start,ando-pricing_model,D1,6000,True,5929
simulated,ando-pricing_model@t4/006-t6-start,ando-pricing_model,D1,all,True,8308
simulated,ando-pricing_model@t4/006-t6-start,ando-pricing_model,D2,250,False,192
simulated,ando-pricing_model@t4/006-t6-start,ando-pricing_model,D2,500,False,457
simulated,ando-pricing_model@t4/006-t6-start,ando-pricing_model,D2,1000,False,675
simulated,ando-pricing_model@t4/006-t6-start,ando-pricing_model,D2,1500,True,1400
simulated,ando-pricing_model@t4/006-t6-start,ando-pricing_model,D2,3000,True,2908
simulated,ando-pricing_model@t4/006-t6-start,ando-pricing_model,D2,6000,True,5802
simulated,ando-pricing_model@t4/006-t6-start,ando-pricing_model,D2,all,True,8308
simulated,ando-pricing_model@t4/006-t6-start,ando-pricing_model,B2,250,False,239
simulated,ando-pricing_model@t4/006-t6-start,ando-pricing_model,B2,500,False,468
simulated,ando-pricing_model@t4/006-t6-start,ando-pricing_model,B2,1000,False,973
simulated,ando-pricing_model@t4/006-t6-start,ando-pricing_model,B2,1500,False,1371
simulated,ando-pricing_model@t4/006-t6-start,ando-pricing_model,B2,3000,True,2828
simulated,ando-pricing_model@t4/006-t6-start,ando-pricing_model,B2,6000,True,5789
simulated,ando-pricing_model@t4/006-t6-start,ando-pricing_model,B2,all,True,15985
simulated,ando-pricing_model@t4/006-t6-start,ando-pricing_model,D4,250,False,27
simulated,ando-pricing_model@t4/006-t6-start,ando-pricing_model,D4,500,False,27
simulated,ando-pricing_model@t4/006-t6-start,ando-pricing_model,D4,1000,False,988
simulated,ando-pricing_model@t4/006-t6-start,ando-pricing_model,D4,1500,False,1292
simulated,ando-pricing_model@t4/006-t6-start,ando-pricing_model,D4,3000,True,2946
simulated,ando-pricing_model@t4/006-t6-start,ando-pricing_model,D4,6000,True,5930
simulated,ando-pricing_model@t4/006-t6-start,ando-pricing_model,D4,all,True,8308
simulated,ando-pricing_model@t4/006-t6-start,ando-pricing_model,Z4,250,False,237
simulated,ando-pricing_model@t4/006-t6-start,ando-pricing_model,Z4,500,False,237
simulated,ando-pricing_model@t4/006-t6-start,ando-pricing_model,Z4,1000,False,923
simulated,ando-pricing_model@t4/006-t6-start,ando-pricing_model,Z4,1500,False,1352
simulated,ando-pricing_model@t4/006-t6-start,ando-pricing_model,Z4,3000,False,2930
simulated,ando-pricing_model@t4/006-t6-start,ando-pricing_model,Z4,6000,True,5976
simulated,ando-pricing_model@t4/006-t6-start,ando-pricing_model,Z4,all,True,8374
simulated,ando-pricing_model@t4/006-t6-start,ando-pricing_model,L4,250,False,240
simulated,ando-pricing_model@t4/006-t6-start,ando-pricing_model,L4,500,False,466
simulated,ando-pricing_model@t4/006-t6-start,ando-pricing_model,L4,1000,False,977
simulated,ando-pricing_model@t4/006-t6-start,ando-pricing_model,L4,1500,False,1328
simulated,ando-pricing_model@t4/006-t6-start,ando-pricing_model,L4,3000,True,2899
simulated,ando-pricing_model@t4/006-t6-start,ando-pricing_model,L4,6000,True,5959
simulated,ando-pricing_model@t4/006-t6-start,ando-pricing_model,L4,all,True,8771
simulated,ando-pricing_model@t4/006-t6-start,ando-pricing_model,L2,250,False,203
simulated,ando-pricing_model@t4/006-t6-start,ando-pricing_model,L2,500,False,432
simulated,ando-pricing_model@t4/006-t6-start,ando-pricing_model,L2,1000,False,906
simulated,ando-pricing_model@t4/006-t6-start,ando-pricing_model,L2,1500,False,1417
simulated,ando-pricing_model@t4/006-t6-start,ando-pricing_model,L2,3000,True,2943
simulated,ando-pricing_model@t4/006-t6-start,ando-pricing_model,L2,6000,True,5724
simulated,ando-pricing_model@t4/006-t6-start,ando-pricing_model,L2,all,True,8771
simulated,ando-pricing_model@t4/006-t6-start,ando-pricing_model,E1,250,False,245
simulated,ando-pricing_model@t4/006-t6-start,ando-pricing_model,E1,500,False,465
simulated,ando-pricing_model@t4/006-t6-start,ando-pricing_model,E1,1000,True,977
simulated,ando-pricing_model@t4/006-t6-start,ando-pricing_model,E1,1500,True,1481
simulated,ando-pricing_model@t4/006-t6-start,ando-pricing_model,E1,3000,True,2996
simulated,ando-pricing_model@t4/006-t6-start,ando-pricing_model,E1,6000,True,6000
simulated,ando-pricing_model@t4/006-t6-start,ando-pricing_model,E1,all,True,9029
simulated,ando-pricing_model@t4/006-t6-start,ando-pricing_model,E4,250,True,215
simulated,ando-pricing_model@t4/006-t6-start,ando-pricing_model,E4,500,True,498
simulated,ando-pricing_model@t4/006-t6-start,ando-pricing_model,E4,1000,True,976
simulated,ando-pricing_model@t4/006-t6-start,ando-pricing_model,E4,1500,True,1497
simulated,ando-pricing_model@t4/006-t6-start,ando-pricing_model,E4,3000,True,2986
simulated,ando-pricing_model@t4/006-t6-start,ando-pricing_model,E4,6000,True,5986
simulated,ando-pricing_model@t4/006-t6-start,ando-pricing_model,E4,all,True,9029
simulated,ando-pricing_model@t4/006-t6-middle,ando-pricing_model,D1,250,False,217
simulated,ando-pricing_model@t4/006-t6-middle,ando-pricing_model,D1,500,False,217
simulated,ando-pricing_model@t4/006-t6-middle,ando-pricing_model,D1,1000,False,764
simulated,ando-pricing_model@t4/006-t6-middle,ando-pricing_model,D1,1500,False,1224
simulated,ando-pricing_model@t4/006-t6-middle,ando-pricing_model,D1,3000,True,2774
simulated,ando-pricing_model@t4/006-t6-middle,ando-pricing_model,D1,6000,True,5956
simulated,ando-pricing_model@t4/006-t6-middle,ando-pricing_model,D1,all,True,8682
simulated,ando-pricing_model@t4/006-t6-middle,ando-pricing_model,D2,250,False,0
simulated,ando-pricing_model@t4/006-t6-middle,ando-pricing_model,D2,500,False,321
simulated,ando-pricing_model@t4/006-t6-middle,ando-pricing_model,D2,1000,False,741
simulated,ando-pricing_model@t4/006-t6-middle,ando-pricing_model,D2,1500,False,1459
simulated,ando-pricing_model@t4/006-t6-middle,ando-pricing_model,D2,3000,True,2916
simulated,ando-pricing_model@t4/006-t6-middle,ando-pricing_model,D2,6000,True,5809
simulated,ando-pricing_model@t4/006-t6-middle,ando-pricing_model,D2,all,True,8682
simulated,ando-pricing_model@t4/006-t6-middle,ando-pricing_model,B2,250,False,240
simulated,ando-pricing_model@t4/006-t6-middle,ando-pricing_model,B2,500,False,469
simulated,ando-pricing_model@t4/006-t6-middle,ando-pricing_model,B2,1000,False,968
simulated,ando-pricing_model@t4/006-t6-middle,ando-pricing_model,B2,1500,False,1433
simulated,ando-pricing_model@t4/006-t6-middle,ando-pricing_model,B2,3000,True,2965
simulated,ando-pricing_model@t4/006-t6-middle,ando-pricing_model,B2,6000,True,5939
simulated,ando-pricing_model@t4/006-t6-middle,ando-pricing_model,B2,all,True,16257
simulated,ando-pricing_model@t4/006-t6-middle,ando-pricing_model,D4,250,False,228
simulated,ando-pricing_model@t4/006-t6-middle,ando-pricing_model,D4,500,False,228
simulated,ando-pricing_model@t4/006-t6-middle,ando-pricing_model,D4,1000,False,588
simulated,ando-pricing_model@t4/006-t6-middle,ando-pricing_model,D4,1500,False,1385
simulated,ando-pricing_model@t4/006-t6-middle,ando-pricing_model,D4,3000,True,2994
simulated,ando-pricing_model@t4/006-t6-middle,ando-pricing_model,D4,6000,True,5939
simulated,ando-pricing_model@t4/006-t6-middle,ando-pricing_model,D4,all,True,8682
simulated,ando-pricing_model@t4/006-t6-middle,ando-pricing_model,Z4,250,False,0
simulated,ando-pricing_model@t4/006-t6-middle,ando-pricing_model,Z4,500,False,298
simulated,ando-pricing_model@t4/006-t6-middle,ando-pricing_model,Z4,1000,False,894
simulated,ando-pricing_model@t4/006-t6-middle,ando-pricing_model,Z4,1500,False,1320
simulated,ando-pricing_model@t4/006-t6-middle,ando-pricing_model,Z4,3000,False,2886
simulated,ando-pricing_model@t4/006-t6-middle,ando-pricing_model,Z4,6000,False,5866
simulated,ando-pricing_model@t4/006-t6-middle,ando-pricing_model,Z4,all,True,8690
simulated,ando-pricing_model@t4/006-t6-middle,ando-pricing_model,L4,250,False,237
simulated,ando-pricing_model@t4/006-t6-middle,ando-pricing_model,L4,500,False,237
simulated,ando-pricing_model@t4/006-t6-middle,ando-pricing_model,L4,1000,False,609
simulated,ando-pricing_model@t4/006-t6-middle,ando-pricing_model,L4,1500,False,1433
simulated,ando-pricing_model@t4/006-t6-middle,ando-pricing_model,L4,3000,True,2905
simulated,ando-pricing_model@t4/006-t6-middle,ando-pricing_model,L4,6000,True,5913
simulated,ando-pricing_model@t4/006-t6-middle,ando-pricing_model,L4,all,True,9161
simulated,ando-pricing_model@t4/006-t6-middle,ando-pricing_model,L2,250,False,0
simulated,ando-pricing_model@t4/006-t6-middle,ando-pricing_model,L2,500,False,330
simulated,ando-pricing_model@t4/006-t6-middle,ando-pricing_model,L2,1000,False,770
simulated,ando-pricing_model@t4/006-t6-middle,ando-pricing_model,L2,1500,False,1279
simulated,ando-pricing_model@t4/006-t6-middle,ando-pricing_model,L2,3000,True,2823
simulated,ando-pricing_model@t4/006-t6-middle,ando-pricing_model,L2,6000,True,5932
simulated,ando-pricing_model@t4/006-t6-middle,ando-pricing_model,L2,all,True,9161
simulated,ando-pricing_model@t4/006-t6-middle,ando-pricing_model,E1,250,False,239
simulated,ando-pricing_model@t4/006-t6-middle,ando-pricing_model,E1,500,False,481
simulated,ando-pricing_model@t4/006-t6-middle,ando-pricing_model,E1,1000,False,996
simulated,ando-pricing_model@t4/006-t6-middle,ando-pricing_model,E1,1500,False,1500
simulated,ando-pricing_model@t4/006-t6-middle,ando-pricing_model,E1,3000,True,2997
simulated,ando-pricing_model@t4/006-t6-middle,ando-pricing_model,E1,6000,True,5985
simulated,ando-pricing_model@t4/006-t6-middle,ando-pricing_model,E1,all,True,9223
simulated,ando-pricing_model@t4/006-t6-middle,ando-pricing_model,E4,250,False,250
simulated,ando-pricing_model@t4/006-t6-middle,ando-pricing_model,E4,500,False,493
simulated,ando-pricing_model@t4/006-t6-middle,ando-pricing_model,E4,1000,False,984
simulated,ando-pricing_model@t4/006-t6-middle,ando-pricing_model,E4,1500,False,1498
simulated,ando-pricing_model@t4/006-t6-middle,ando-pricing_model,E4,3000,False,2997
simulated,ando-pricing_model@t4/006-t6-middle,ando-pricing_model,E4,6000,False,5963
simulated,ando-pricing_model@t4/006-t6-middle,ando-pricing_model,E4,all,True,9223
simulated,ando-and341_owner@t5/005-t6-start,ando-and341_owner,D1,250,False,0
simulated,ando-and341_owner@t5/005-t6-start,ando-and341_owner,D1,500,True,418
simulated,ando-and341_owner@t5/005-t6-start,ando-and341_owner,D1,1000,True,978
simulated,ando-and341_owner@t5/005-t6-start,ando-and341_owner,D1,1500,True,1351
simulated,ando-and341_owner@t5/005-t6-start,ando-and341_owner,D1,3000,True,2940
simulated,ando-and341_owner@t5/005-t6-start,ando-and341_owner,D1,6000,True,5962
simulated,ando-and341_owner@t5/005-t6-start,ando-and341_owner,D1,all,True,8308
simulated,ando-and341_owner@t5/005-t6-start,ando-and341_owner,D2,250,False,0
simulated,ando-and341_owner@t5/005-t6-start,ando-and341_owner,D2,500,False,421
simulated,ando-and341_owner@t5/005-t6-start,ando-and341_owner,D2,1000,True,689
simulated,ando-and341_owner@t5/005-t6-start,ando-and341_owner,D2,1500,True,1422
simulated,ando-and341_owner@t5/005-t6-start,ando-and341_owner,D2,3000,True,2998
simulated,ando-and341_owner@t5/005-t6-start,ando-and341_owner,D2,6000,True,5974
simulated,ando-and341_owner@t5/005-t6-start,ando-and341_owner,D2,all,True,8308
simulated,ando-and341_owner@t5/005-t6-start,ando-and341_owner,B2,250,True,235
simulated,ando-and341_owner@t5/005-t6-start,ando-and341_owner,B2,500,True,495
simulated,ando-and341_owner@t5/005-t6-start,ando-and341_owner,B2,1000,True,986
simulated,ando-and341_owner@t5/005-t6-start,ando-and341_owner,B2,1500,True,1452
simulated,ando-and341_owner@t5/005-t6-start,ando-and341_owner,B2,3000,True,2809
simulated,ando-and341_owner@t5/005-t6-start,ando-and341_owner,B2,6000,True,5795
simulated,ando-and341_owner@t5/005-t6-start,ando-and341_owner,B2,all,True,15985
simulated,ando-and341_owner@t5/005-t6-start,ando-and341_owner,D4,250,False,195
simulated,ando-and341_owner@t5/005-t6-start,ando-and341_owner,D4,500,True,463
simulated,ando-and341_owner@t5/005-t6-start,ando-and341_owner,D4,1000,True,939
simulated,ando-and341_owner@t5/005-t6-start,ando-and341_owner,D4,1500,True,1496
simulated,ando-and341_owner@t5/005-t6-start,ando-and341_owner,D4,3000,True,2834
simulated,ando-and341_owner@t5/005-t6-start,ando-and341_owner,D4,6000,True,5888
simulated,ando-and341_owner@t5/005-t6-start,ando-and341_owner,D4,all,True,8308
simulated,ando-and341_owner@t5/005-t6-start,ando-and341_owner,Z4,250,False,0
simulated,ando-and341_owner@t5/005-t6-start,ando-and341_owner,Z4,500,False,285
simulated,ando-and341_owner@t5/005-t6-start,ando-and341_owner,Z4,1000,False,649
simulated,ando-and341_owner@t5/005-t6-start,ando-and341_owner,Z4,1500,True,1074
simulated,ando-and341_owner@t5/005-t6-start,ando-and341_owner,Z4,3000,True,2994
simulated,ando-and341_owner@t5/005-t6-start,ando-and341_owner,Z4,6000,True,5884
simulated,ando-and341_owner@t5/005-t6-start,ando-and341_owner,Z4,all,True,8374
simulated,ando-and341_owner@t5/005-t6-start,ando-and341_owner,L4,250,False,42
simulated,ando-and341_owner@t5/005-t6-start,ando-and341_owner,L4,500,True,490
simulated,ando-and341_owner@t5/005-t6-start,ando-and341_owner,L4,1000,True,987
simulated,ando-and341_owner@t5/005-t6-start,ando-and341_owner,L4,1500,True,1396
simulated,ando-and341_owner@t5/005-t6-start,ando-and341_owner,L4,3000,True,2968
simulated,ando-and341_owner@t5/005-t6-start,ando-and341_owner,L4,6000,True,5912
simulated,ando-and341_owner@t5/005-t6-start,ando-and341_owner,L4,all,True,8771
simulated,ando-and341_owner@t5/005-t6-start,ando-and341_owner,L2,250,False,0
simulated,ando-and341_owner@t5/005-t6-start,ando-and341_owner,L2,500,False,312
simulated,ando-and341_owner@t5/005-t6-start,ando-and341_owner,L2,1000,False,776
simulated,ando-and341_owner@t5/005-t6-start,ando-and341_owner,L2,1500,True,1056
simulated,ando-and341_owner@t5/005-t6-start,ando-and341_owner,L2,3000,True,2861
simulated,ando-and341_owner@t5/005-t6-start,ando-and341_owner,L2,6000,True,5792
simulated,ando-and341_owner@t5/005-t6-start,ando-and341_owner,L2,all,True,8771
simulated,ando-and341_owner@t5/005-t6-start,ando-and341_owner,E1,250,True,230
simulated,ando-and341_owner@t5/005-t6-start,ando-and341_owner,E1,500,True,475
simulated,ando-and341_owner@t5/005-t6-start,ando-and341_owner,E1,1000,True,982
simulated,ando-and341_owner@t5/005-t6-start,ando-and341_owner,E1,1500,True,1491
simulated,ando-and341_owner@t5/005-t6-start,ando-and341_owner,E1,3000,True,2976
simulated,ando-and341_owner@t5/005-t6-start,ando-and341_owner,E1,6000,True,5979
simulated,ando-and341_owner@t5/005-t6-start,ando-and341_owner,E1,all,True,9029
simulated,ando-and341_owner@t5/005-t6-start,ando-and341_owner,E4,250,True,246
simulated,ando-and341_owner@t5/005-t6-start,ando-and341_owner,E4,500,True,478
simulated,ando-and341_owner@t5/005-t6-start,ando-and341_owner,E4,1000,True,1000
simulated,ando-and341_owner@t5/005-t6-start,ando-and341_owner,E4,1500,True,1466
simulated,ando-and341_owner@t5/005-t6-start,ando-and341_owner,E4,3000,True,2998
simulated,ando-and341_owner@t5/005-t6-start,ando-and341_owner,E4,6000,True,5978
simulated,ando-and341_owner@t5/005-t6-start,ando-and341_owner,E4,all,True,9029
simulated,ando-and341_owner@t5/005-t6-middle,ando-and341_owner,D1,250,False,0
simulated,ando-and341_owner@t5/005-t6-middle,ando-and341_owner,D1,500,False,460
simulated,ando-and341_owner@t5/005-t6-middle,ando-and341_owner,D1,1000,False,686
simulated,ando-and341_owner@t5/005-t6-middle,ando-and341_owner,D1,1500,False,1335
simulated,ando-and341_owner@t5/005-t6-middle,ando-and341_owner,D1,3000,True,2659
simulated,ando-and341_owner@t5/005-t6-middle,ando-and341_owner,D1,6000,True,5972
simulated,ando-and341_owner@t5/005-t6-middle,ando-and341_owner,D1,all,True,8682
simulated,ando-and341_owner@t5/005-t6-middle,ando-and341_owner,D2,250,False,150
simulated,ando-and341_owner@t5/005-t6-middle,ando-and341_owner,D2,500,False,283
simulated,ando-and341_owner@t5/005-t6-middle,ando-and341_owner,D2,1000,False,971
simulated,ando-and341_owner@t5/005-t6-middle,ando-and341_owner,D2,1500,True,1465
simulated,ando-and341_owner@t5/005-t6-middle,ando-and341_owner,D2,3000,True,2897
simulated,ando-and341_owner@t5/005-t6-middle,ando-and341_owner,D2,6000,True,5889
simulated,ando-and341_owner@t5/005-t6-middle,ando-and341_owner,D2,all,True,8682
simulated,ando-and341_owner@t5/005-t6-middle,ando-and341_owner,B2,250,False,235
simulated,ando-and341_owner@t5/005-t6-middle,ando-and341_owner,B2,500,False,430
simulated,ando-and341_owner@t5/005-t6-middle,ando-and341_owner,B2,1000,False,829
simulated,ando-and341_owner@t5/005-t6-middle,ando-and341_owner,B2,1500,True,1303
simulated,ando-and341_owner@t5/005-t6-middle,ando-and341_owner,B2,3000,True,2904
simulated,ando-and341_owner@t5/005-t6-middle,ando-and341_owner,B2,6000,True,5849
simulated,ando-and341_owner@t5/005-t6-middle,ando-and341_owner,B2,all,True,16257
simulated,ando-and341_owner@t5/005-t6-middle,ando-and341_owner,D4,250,False,0
simulated,ando-and341_owner@t5/005-t6-middle,ando-and341_owner,D4,500,True,360
simulated,ando-and341_owner@t5/005-t6-middle,ando-and341_owner,D4,1000,True,856
simulated,ando-and341_owner@t5/005-t6-middle,ando-and341_owner,D4,1500,True,1316
simulated,ando-and341_owner@t5/005-t6-middle,ando-and341_owner,D4,3000,True,2803
simulated,ando-and341_owner@t5/005-t6-middle,ando-and341_owner,D4,6000,True,5988
simulated,ando-and341_owner@t5/005-t6-middle,ando-and341_owner,D4,all,True,8682
simulated,ando-and341_owner@t5/005-t6-middle,ando-and341_owner,Z4,250,False,0
simulated,ando-and341_owner@t5/005-t6-middle,ando-and341_owner,Z4,500,False,323
simulated,ando-and341_owner@t5/005-t6-middle,ando-and341_owner,Z4,1000,False,759
simulated,ando-and341_owner@t5/005-t6-middle,ando-and341_owner,Z4,1500,False,1044
simulated,ando-and341_owner@t5/005-t6-middle,ando-and341_owner,Z4,3000,False,2843
simulated,ando-and341_owner@t5/005-t6-middle,ando-and341_owner,Z4,6000,True,5978
simulated,ando-and341_owner@t5/005-t6-middle,ando-and341_owner,Z4,all,True,8690
simulated,ando-and341_owner@t5/005-t6-middle,ando-and341_owner,L4,250,False,0
simulated,ando-and341_owner@t5/005-t6-middle,ando-and341_owner,L4,500,True,372
simulated,ando-and341_owner@t5/005-t6-middle,ando-and341_owner,L4,1000,True,889
simulated,ando-and341_owner@t5/005-t6-middle,ando-and341_owner,L4,1500,True,1359
simulated,ando-and341_owner@t5/005-t6-middle,ando-and341_owner,L4,3000,True,2911
simulated,ando-and341_owner@t5/005-t6-middle,ando-and341_owner,L4,6000,True,5920
simulated,ando-and341_owner@t5/005-t6-middle,ando-and341_owner,L4,all,True,9161
simulated,ando-and341_owner@t5/005-t6-middle,ando-and341_owner,L2,250,False,144
simulated,ando-and341_owner@t5/005-t6-middle,ando-and341_owner,L2,500,False,301
simulated,ando-and341_owner@t5/005-t6-middle,ando-and341_owner,L2,1000,False,771
simulated,ando-and341_owner@t5/005-t6-middle,ando-and341_owner,L2,1500,True,1288
simulated,ando-and341_owner@t5/005-t6-middle,ando-and341_owner,L2,3000,True,2938
simulated,ando-and341_owner@t5/005-t6-middle,ando-and341_owner,L2,6000,True,5523
simulated,ando-and341_owner@t5/005-t6-middle,ando-and341_owner,L2,all,True,9161
simulated,ando-and341_owner@t5/005-t6-middle,ando-and341_owner,E1,250,False,248
simulated,ando-and341_owner@t5/005-t6-middle,ando-and341_owner,E1,500,False,493
simulated,ando-and341_owner@t5/005-t6-middle,ando-and341_owner,E1,1000,True,967
simulated,ando-and341_owner@t5/005-t6-middle,ando-and341_owner,E1,1500,True,1498
simulated,ando-and341_owner@t5/005-t6-middle,ando-and341_owner,E1,3000,True,2983
simulated,ando-and341_owner@t5/005-t6-middle,ando-and341_owner,E1,6000,True,5961
simulated,ando-and341_owner@t5/005-t6-middle,ando-and341_owner,E1,all,True,9223
simulated,ando-and341_owner@t5/005-t6-middle,ando-and341_owner,E4,250,False,244
simulated,ando-and341_owner@t5/005-t6-middle,ando-and341_owner,E4,500,False,490
simulated,ando-and341_owner@t5/005-t6-middle,ando-and341_owner,E4,1000,False,987
simulated,ando-and341_owner@t5/005-t6-middle,ando-and341_owner,E4,1500,False,1495
simulated,ando-and341_owner@t5/005-t6-middle,ando-and341_owner,E4,3000,True,2964
simulated,ando-and341_owner@t5/005-t6-middle,ando-and341_owner,E4,6000,True,5996
simulated,ando-and341_owner@t5/005-t6-middle,ando-and341_owner,E4,all,True,9223
simulated,anthropic-p01,anthropic-paper_deadline,D1,250,True,122
simulated,anthropic-p01,anthropic-paper_deadline,D1,500,True,122
simulated,anthropic-p01,anthropic-paper_deadline,D1,1000,True,122
simulated,anthropic-p01,anthropic-paper_deadline,D1,1500,True,122
simulated,anthropic-p01,anthropic-paper_deadline,D1,3000,True,122
simulated,anthropic-p01,anthropic-paper_deadline,D1,6000,True,122
simulated,anthropic-p01,anthropic-paper_deadline,D1,all,True,122
simulated,anthropic-p01,anthropic-paper_deadline,D2,250,True,122
simulated,anthropic-p01,anthropic-paper_deadline,D2,500,True,122
simulated,anthropic-p01,anthropic-paper_deadline,D2,1000,True,122
simulated,anthropic-p01,anthropic-paper_deadline,D2,1500,True,122
simulated,anthropic-p01,anthropic-paper_deadline,D2,3000,True,122
simulated,anthropic-p01,anthropic-paper_deadline,D2,6000,True,122
simulated,anthropic-p01,anthropic-paper_deadline,D2,all,True,122
simulated,anthropic-p01,anthropic-paper_deadline,B2,250,True,213
simulated,anthropic-p01,anthropic-paper_deadline,B2,500,True,213
simulated,anthropic-p01,anthropic-paper_deadline,B2,1000,True,213
simulated,anthropic-p01,anthropic-paper_deadline,B2,1500,True,213
simulated,anthropic-p01,anthropic-paper_deadline,B2,3000,True,213
simulated,anthropic-p01,anthropic-paper_deadline,B2,6000,True,213
simulated,anthropic-p01,anthropic-paper_deadline,B2,all,True,213
simulated,anthropic-p01,anthropic-paper_deadline,D4,250,True,122
simulated,anthropic-p01,anthropic-paper_deadline,D4,500,True,122
simulated,anthropic-p01,anthropic-paper_deadline,D4,1000,True,122
simulated,anthropic-p01,anthropic-paper_deadline,D4,1500,True,122
simulated,anthropic-p01,anthropic-paper_deadline,D4,3000,True,122
simulated,anthropic-p01,anthropic-paper_deadline,D4,6000,True,122
simulated,anthropic-p01,anthropic-paper_deadline,D4,all,True,122
simulated,anthropic-p01,anthropic-paper_deadline,Z4,250,True,0
simulated,anthropic-p01,anthropic-paper_deadline,Z4,500,True,441
simulated,anthropic-p01,anthropic-paper_deadline,Z4,1000,True,441
simulated,anthropic-p01,anthropic-paper_deadline,Z4,1500,True,441
simulated,anthropic-p01,anthropic-paper_deadline,Z4,3000,True,441
simulated,anthropic-p01,anthropic-paper_deadline,Z4,6000,True,441
simulated,anthropic-p01,anthropic-paper_deadline,Z4,all,True,441
simulated,anthropic-p01,anthropic-paper_deadline,L4,250,True,134
simulated,anthropic-p01,anthropic-paper_deadline,L4,500,True,134
simulated,anthropic-p01,anthropic-paper_deadline,L4,1000,True,134
simulated,anthropic-p01,anthropic-paper_deadline,L4,1500,True,134
simulated,anthropic-p01,anthropic-paper_deadline,L4,3000,True,134
simulated,anthropic-p01,anthropic-paper_deadline,L4,6000,True,134
simulated,anthropic-p01,anthropic-paper_deadline,L4,all,True,134
simulated,anthropic-p01,anthropic-paper_deadline,L2,250,True,134
simulated,anthropic-p01,anthropic-paper_deadline,L2,500,True,134
simulated,anthropic-p01,anthropic-paper_deadline,L2,1000,True,134
simulated,anthropic-p01,anthropic-paper_deadline,L2,1500,True,134
simulated,anthropic-p01,anthropic-paper_deadline,L2,3000,True,134
simulated,anthropic-p01,anthropic-paper_deadline,L2,6000,True,134
simulated,anthropic-p01,anthropic-paper_deadline,L2,all,True,134
simulated,anthropic-p01,anthropic-paper_deadline,E1,250,True,239
simulated,anthropic-p01,anthropic-paper_deadline,E1,500,True,274
simulated,anthropic-p01,anthropic-paper_deadline,E1,1000,True,274
simulated,anthropic-p01,anthropic-paper_deadline,E1,1500,True,274
simulated,anthropic-p01,anthropic-paper_deadline,E1,3000,True,274
simulated,anthropic-p01,anthropic-paper_deadline,E1,6000,True,274
simulated,anthropic-p01,anthropic-paper_deadline,E1,all,True,274
simulated,anthropic-p01,anthropic-paper_deadline,E4,250,True,237
simulated,anthropic-p01,anthropic-paper_deadline,E4,500,True,274
simulated,anthropic-p01,anthropic-paper_deadline,E4,1000,True,274
simulated,anthropic-p01,anthropic-paper_deadline,E4,1500,True,274
simulated,anthropic-p01,anthropic-paper_deadline,E4,3000,True,274
simulated,anthropic-p01,anthropic-paper_deadline,E4,6000,True,274
simulated,anthropic-p01,anthropic-paper_deadline,E4,all,True,274
simulated,anthropic-p03,anthropic-pass_threshold,D1,250,False,0
simulated,anthropic-p03,anthropic-pass_threshold,D1,500,False,285
simulated,anthropic-p03,anthropic-pass_threshold,D1,1000,False,799
simulated,anthropic-p03,anthropic-pass_threshold,D1,1500,False,1137
simulated,anthropic-p03,anthropic-pass_threshold,D1,3000,True,2978
simulated,anthropic-p03,anthropic-pass_threshold,D1,6000,True,2978
simulated,anthropic-p03,anthropic-pass_threshold,D1,all,True,2978
simulated,anthropic-p03,anthropic-pass_threshold,D2,250,False,0
simulated,anthropic-p03,anthropic-pass_threshold,D2,500,False,285
simulated,anthropic-p03,anthropic-pass_threshold,D2,1000,False,755
simulated,anthropic-p03,anthropic-pass_threshold,D2,1500,True,1499
simulated,anthropic-p03,anthropic-pass_threshold,D2,3000,True,2978
simulated,anthropic-p03,anthropic-pass_threshold,D2,6000,True,2978
simulated,anthropic-p03,anthropic-pass_threshold,D2,all,True,2978
simulated,anthropic-p03,anthropic-pass_threshold,B2,250,False,0
simulated,anthropic-p03,anthropic-pass_threshold,B2,500,False,294
simulated,anthropic-p03,anthropic-pass_threshold,B2,1000,True,852
simulated,anthropic-p03,anthropic-pass_threshold,B2,1500,True,1418
simulated,anthropic-p03,anthropic-pass_threshold,B2,3000,True,2739
simulated,anthropic-p03,anthropic-pass_threshold,B2,6000,True,5654
simulated,anthropic-p03,anthropic-pass_threshold,B2,all,True,5654
simulated,anthropic-p03,anthropic-pass_threshold,D4,250,False,0
simulated,anthropic-p03,anthropic-pass_threshold,D4,500,False,285
simulated,anthropic-p03,anthropic-pass_threshold,D4,1000,False,755
simulated,anthropic-p03,anthropic-pass_threshold,D4,1500,True,1161
simulated,anthropic-p03,anthropic-pass_threshold,D4,3000,True,2978
simulated,anthropic-p03,anthropic-pass_threshold,D4,6000,True,2978
simulated,anthropic-p03,anthropic-pass_threshold,D4,all,True,2978
simulated,anthropic-p03,anthropic-pass_threshold,Z4,250,False,115
simulated,anthropic-p03,anthropic-pass_threshold,Z4,500,False,115
simulated,anthropic-p03,anthropic-pass_threshold,Z4,1000,False,633
simulated,anthropic-p03,anthropic-pass_threshold,Z4,1500,True,1480
simulated,anthropic-p03,anthropic-pass_threshold,Z4,3000,True,2983
simulated,anthropic-p03,anthropic-pass_threshold,Z4,6000,True,3081
simulated,anthropic-p03,anthropic-pass_threshold,Z4,all,True,3081
simulated,anthropic-p03,anthropic-pass_threshold,L4,250,False,0
simulated,anthropic-p03,anthropic-pass_threshold,L4,500,False,295
simulated,anthropic-p03,anthropic-pass_threshold,L4,1000,False,776
simulated,anthropic-p03,anthropic-pass_threshold,L4,1500,True,1190
simulated,anthropic-p03,anthropic-pass_threshold,L4,3000,True,2979
simulated,anthropic-p03,anthropic-pass_threshold,L4,6000,True,3084
simulated,anthropic-p03,anthropic-pass_threshold,L4,all,True,3084
simulated,anthropic-p03,anthropic-pass_threshold,L2,250,False,0
simulated,anthropic-p03,anthropic-pass_threshold,L2,500,False,295
simulated,anthropic-p03,anthropic-pass_threshold,L2,1000,False,776
simulated,anthropic-p03,anthropic-pass_threshold,L2,1500,True,1190
simulated,anthropic-p03,anthropic-pass_threshold,L2,3000,True,2979
simulated,anthropic-p03,anthropic-pass_threshold,L2,6000,True,3084
simulated,anthropic-p03,anthropic-pass_threshold,L2,all,True,3084
simulated,anthropic-p03,anthropic-pass_threshold,E1,250,False,249
simulated,anthropic-p03,anthropic-pass_threshold,E1,500,False,475
simulated,anthropic-p03,anthropic-pass_threshold,E1,1000,True,982
simulated,anthropic-p03,anthropic-pass_threshold,E1,1500,True,1476
simulated,anthropic-p03,anthropic-pass_threshold,E1,3000,True,2996
simulated,anthropic-p03,anthropic-pass_threshold,E1,6000,True,3298
simulated,anthropic-p03,anthropic-pass_threshold,E1,all,True,3298
simulated,anthropic-p03,anthropic-pass_threshold,E4,250,False,233
simulated,anthropic-p03,anthropic-pass_threshold,E4,500,False,497
simulated,anthropic-p03,anthropic-pass_threshold,E4,1000,True,991
simulated,anthropic-p03,anthropic-pass_threshold,E4,1500,True,1468
simulated,anthropic-p03,anthropic-pass_threshold,E4,3000,True,2983
simulated,anthropic-p03,anthropic-pass_threshold,E4,6000,True,3298
simulated,anthropic-p03,anthropic-pass_threshold,E4,all,True,3298
simulated,anthropic-p05,anthropic-suite_version,D1,250,True,169
simulated,anthropic-p05,anthropic-suite_version,D1,500,True,378
simulated,anthropic-p05,anthropic-suite_version,D1,1000,True,839
simulated,anthropic-p05,anthropic-suite_version,D1,1500,True,1353
simulated,anthropic-p05,anthropic-suite_version,D1,3000,True,2607
simulated,anthropic-p05,anthropic-suite_version,D1,6000,True,4449
simulated,anthropic-p05,anthropic-suite_version,D1,all,True,4449
simulated,anthropic-p05,anthropic-suite_version,D2,250,True,236
simulated,anthropic-p05,anthropic-suite_version,D2,500,True,405
simulated,anthropic-p05,anthropic-suite_version,D2,1000,True,581
simulated,anthropic-p05,anthropic-suite_version,D2,1500,True,1304
simulated,anthropic-p05,anthropic-suite_version,D2,3000,True,2887
simulated,anthropic-p05,anthropic-suite_version,D2,6000,True,4449
simulated,anthropic-p05,anthropic-suite_version,D2,all,True,4449
simulated,anthropic-p05,anthropic-suite_version,B2,250,True,0
simulated,anthropic-p05,anthropic-suite_version,B2,500,True,263
simulated,anthropic-p05,anthropic-suite_version,B2,1000,True,791
simulated,anthropic-p05,anthropic-suite_version,B2,1500,True,1500
simulated,anthropic-p05,anthropic-suite_version,B2,3000,True,2787
simulated,anthropic-p05,anthropic-suite_version,B2,6000,True,5731
simulated,anthropic-p05,anthropic-suite_version,B2,all,True,8491
simulated,anthropic-p05,anthropic-suite_version,D4,250,True,169
simulated,anthropic-p05,anthropic-suite_version,D4,500,True,378
simulated,anthropic-p05,anthropic-suite_version,D4,1000,True,554
simulated,anthropic-p05,anthropic-suite_version,D4,1500,True,1304
simulated,anthropic-p05,anthropic-suite_version,D4,3000,True,2660
simulated,anthropic-p05,anthropic-suite_version,D4,6000,True,4449
simulated,anthropic-p05,anthropic-suite_version,D4,all,True,4449
simulated,anthropic-p05,anthropic-suite_version,Z4,250,True,222
simulated,anthropic-p05,anthropic-suite_version,Z4,500,True,386
simulated,anthropic-p05,anthropic-suite_version,Z4,1000,True,891
simulated,anthropic-p05,anthropic-suite_version,Z4,1500,True,1408
simulated,anthropic-p05,anthropic-suite_version,Z4,3000,True,2850
simulated,anthropic-p05,anthropic-suite_version,Z4,6000,True,4969
simulated,anthropic-p05,anthropic-suite_version,Z4,all,True,4969
simulated,anthropic-p05,anthropic-suite_version,L4,250,True,177
simulated,anthropic-p05,anthropic-suite_version,L4,500,True,394
simulated,anthropic-p05,anthropic-suite_version,L4,1000,True,578
simulated,anthropic-p05,anthropic-suite_version,L4,1500,True,1344
simulated,anthropic-p05,anthropic-suite_version,L4,3000,True,2869
simulated,anthropic-p05,anthropic-suite_version,L4,6000,True,4600
simulated,anthropic-p05,anthropic-suite_version,L4,all,True,4600
simulated,anthropic-p05,anthropic-suite_version,L2,250,True,244
simulated,anthropic-p05,anthropic-suite_version,L2,500,True,421
simulated,anthropic-p05,anthropic-suite_version,L2,1000,True,605
simulated,anthropic-p05,anthropic-suite_version,L2,1500,True,1344
simulated,anthropic-p05,anthropic-suite_version,L2,3000,True,2966
simulated,anthropic-p05,anthropic-suite_version,L2,6000,True,4600
simulated,anthropic-p05,anthropic-suite_version,L2,all,True,4600
simulated,anthropic-p05,anthropic-suite_version,E1,250,True,227
simulated,anthropic-p05,anthropic-suite_version,E1,500,True,470
simulated,anthropic-p05,anthropic-suite_version,E1,1000,True,988
simulated,anthropic-p05,anthropic-suite_version,E1,1500,True,1490
simulated,anthropic-p05,anthropic-suite_version,E1,3000,True,2991
simulated,anthropic-p05,anthropic-suite_version,E1,6000,True,4560
simulated,anthropic-p05,anthropic-suite_version,E1,all,True,4560
simulated,anthropic-p05,anthropic-suite_version,E4,250,True,236
simulated,anthropic-p05,anthropic-suite_version,E4,500,True,454
simulated,anthropic-p05,anthropic-suite_version,E4,1000,True,992
simulated,anthropic-p05,anthropic-suite_version,E4,1500,True,1474
simulated,anthropic-p05,anthropic-suite_version,E4,3000,True,2990
simulated,anthropic-p05,anthropic-suite_version,E4,6000,True,4560
simulated,anthropic-p05,anthropic-suite_version,E4,all,True,4560
simulated,anthropic-p06,anthropic-anthropic-p06,D1,250,False,0
simulated,anthropic-p06,anthropic-anthropic-p06,D1,500,False,331
simulated,anthropic-p06,anthropic-anthropic-p06,D1,1000,False,737
simulated,anthropic-p06,anthropic-anthropic-p06,D1,1500,False,1075
simulated,anthropic-p06,anthropic-anthropic-p06,D1,3000,False,2830
simulated,anthropic-p06,anthropic-anthropic-p06,D1,6000,True,5528
simulated,anthropic-p06,anthropic-anthropic-p06,D1,all,True,5528
simulated,anthropic-p06,anthropic-anthropic-p06,D2,250,False,0
simulated,anthropic-p06,anthropic-anthropic-p06,D2,500,False,331
simulated,anthropic-p06,anthropic-anthropic-p06,D2,1000,False,750
simulated,anthropic-p06,anthropic-anthropic-p06,D2,1500,False,1260
simulated,anthropic-p06,anthropic-anthropic-p06,D2,3000,False,2955
simulated,anthropic-p06,anthropic-anthropic-p06,D2,6000,True,5528
simulated,anthropic-p06,anthropic-anthropic-p06,D2,all,True,5528
simulated,anthropic-p06,anthropic-anthropic-p06,B2,250,False,0
simulated,anthropic-p06,anthropic-anthropic-p06,B2,500,False,269
simulated,anthropic-p06,anthropic-anthropic-p06,B2,1000,False,803
simulated,anthropic-p06,anthropic-anthropic-p06,B2,1500,False,1332
simulated,anthropic-p06,anthropic-anthropic-p06,B2,3000,False,2941
simulated,anthropic-p06,anthropic-anthropic-p06,B2,6000,True,5771
simulated,anthropic-p06,anthropic-anthropic-p06,B2,all,True,9966
simulated,anthropic-p06,anthropic-anthropic-p06,D4,250,False,0
simulated,anthropic-p06,anthropic-anthropic-p06,D4,500,False,371
simulated,anthropic-p06,anthropic-anthropic-p06,D4,1000,False,861
simulated,anthropic-p06,anthropic-anthropic-p06,D4,1500,False,1491
simulated,anthropic-p06,anthropic-anthropic-p06,D4,3000,False,2888
simulated,anthropic-p06,anthropic-anthropic-p06,D4,6000,True,5528
simulated,anthropic-p06,anthropic-anthropic-p06,D4,all,True,5528
simulated,anthropic-p06,anthropic-anthropic-p06,Z4,250,False,0
simulated,anthropic-p06,anthropic-anthropic-p06,Z4,500,False,290
simulated,anthropic-p06,anthropic-anthropic-p06,Z4,1000,False,670
simulated,anthropic-p06,anthropic-anthropic-p06,Z4,1500,True,1187
simulated,anthropic-p06,anthropic-anthropic-p06,Z4,3000,True,2715
simulated,anthropic-p06,anthropic-anthropic-p06,Z4,6000,True,5156
simulated,anthropic-p06,anthropic-anthropic-p06,Z4,all,True,5156
simulated,anthropic-p06,anthropic-anthropic-p06,L4,250,False,0
simulated,anthropic-p06,anthropic-anthropic-p06,L4,500,False,387
simulated,anthropic-p06,anthropic-anthropic-p06,L4,1000,False,887
simulated,anthropic-p06,anthropic-anthropic-p06,L4,1500,False,1233
simulated,anthropic-p06,anthropic-anthropic-p06,L4,3000,False,2974
simulated,anthropic-p06,anthropic-anthropic-p06,L4,6000,True,5734
simulated,anthropic-p06,anthropic-anthropic-p06,L4,all,True,5734
simulated,anthropic-p06,anthropic-anthropic-p06,L2,250,False,0
simulated,anthropic-p06,anthropic-anthropic-p06,L2,500,False,473
simulated,anthropic-p06,anthropic-anthropic-p06,L2,1000,False,823
simulated,anthropic-p06,anthropic-anthropic-p06,L2,1500,False,1353
simulated,anthropic-p06,anthropic-anthropic-p06,L2,3000,False,2550
simulated,anthropic-p06,anthropic-anthropic-p06,L2,6000,True,5734
simulated,anthropic-p06,anthropic-anthropic-p06,L2,all,True,5734
simulated,anthropic-p06,anthropic-anthropic-p06,E1,250,True,245
simulated,anthropic-p06,anthropic-anthropic-p06,E1,500,True,455
simulated,anthropic-p06,anthropic-anthropic-p06,E1,1000,True,969
simulated,anthropic-p06,anthropic-anthropic-p06,E1,1500,True,1483
simulated,anthropic-p06,anthropic-anthropic-p06,E1,3000,True,2994
simulated,anthropic-p06,anthropic-anthropic-p06,E1,6000,True,5388
simulated,anthropic-p06,anthropic-anthropic-p06,E1,all,True,5388
simulated,anthropic-p06,anthropic-anthropic-p06,E4,250,False,224
simulated,anthropic-p06,anthropic-anthropic-p06,E4,500,False,488
simulated,anthropic-p06,anthropic-anthropic-p06,E4,1000,True,993
simulated,anthropic-p06,anthropic-anthropic-p06,E4,1500,True,1489
simulated,anthropic-p06,anthropic-anthropic-p06,E4,3000,True,2952
simulated,anthropic-p06,anthropic-anthropic-p06,E4,6000,True,5388
simulated,anthropic-p06,anthropic-anthropic-p06,E4,all,True,5388
simulated,anthropic-p08,anthropic-item_count,D1,250,False,239
simulated,anthropic-p08,anthropic-item_count,D1,500,False,239
simulated,anthropic-p08,anthropic-item_count,D1,1000,True,928
simulated,anthropic-p08,anthropic-item_count,D1,1500,True,1442
simulated,anthropic-p08,anthropic-item_count,D1,3000,True,2977
simulated,anthropic-p08,anthropic-item_count,D1,6000,True,5976
simulated,anthropic-p08,anthropic-item_count,D1,all,True,6416
simulated,anthropic-p08,anthropic-item_count,D2,250,False,239
simulated,anthropic-p08,anthropic-item_count,D2,500,False,239
simulated,anthropic-p08,anthropic-item_count,D2,1000,False,794
simulated,anthropic-p08,anthropic-item_count,D2,1500,False,1291
simulated,anthropic-p08,anthropic-item_count,D2,3000,False,2894
simulated,anthropic-p08,anthropic-item_count,D2,6000,True,5879
simulated,anthropic-p08,anthropic-item_count,D2,all,True,6416
simulated,anthropic-p08,anthropic-item_count,B2,250,False,239
simulated,anthropic-p08,anthropic-item_count,B2,500,True,480
simulated,anthropic-p08,anthropic-item_count,B2,1000,True,981
simulated,anthropic-p08,anthropic-item_count,B2,1500,True,1489
simulated,anthropic-p08,anthropic-item_count,B2,3000,True,2869
simulated,anthropic-p08,anthropic-item_count,B2,6000,True,5981
simulated,anthropic-p08,anthropic-item_count,B2,all,True,12347
simulated,anthropic-p08,anthropic-item_count,D4,250,False,176
simulated,anthropic-p08,anthropic-item_count,D4,500,False,176
simulated,anthropic-p08,anthropic-item_count,D4,1000,False,743
simulated,anthropic-p08,anthropic-item_count,D4,1500,True,1481
simulated,anthropic-p08,anthropic-item_count,D4,3000,True,2994
simulated,anthropic-p08,anthropic-item_count,D4,6000,True,5986
simulated,anthropic-p08,anthropic-item_count,D4,all,True,6416
simulated,anthropic-p08,anthropic-item_count,Z4,250,False,0
simulated,anthropic-p08,anthropic-item_count,Z4,500,True,416
simulated,anthropic-p08,anthropic-item_count,Z4,1000,True,933
simulated,anthropic-p08,anthropic-item_count,Z4,1500,True,1240
simulated,anthropic-p08,anthropic-item_count,Z4,3000,True,2886
simulated,anthropic-p08,anthropic-item_count,Z4,6000,True,5994
simulated,anthropic-p08,anthropic-item_count,Z4,all,True,6476
simulated,anthropic-p08,anthropic-item_count,L4,250,False,184
simulated,anthropic-p08,anthropic-item_count,L4,500,False,184
simulated,anthropic-p08,anthropic-item_count,L4,1000,False,770
simulated,anthropic-p08,anthropic-item_count,L4,1500,True,1289
simulated,anthropic-p08,anthropic-item_count,L4,3000,True,2750
simulated,anthropic-p08,anthropic-item_count,L4,6000,True,5965
simulated,anthropic-p08,anthropic-item_count,L4,all,True,6664
simulated,anthropic-p08,anthropic-item_count,L2,250,False,248
simulated,anthropic-p08,anthropic-item_count,L2,500,False,248
simulated,anthropic-p08,anthropic-item_count,L2,1000,False,820
simulated,anthropic-p08,anthropic-item_count,L2,1500,False,1342
simulated,anthropic-p08,anthropic-item_count,L2,3000,False,2985
simulated,anthropic-p08,anthropic-item_count,L2,6000,True,5861
simulated,anthropic-p08,anthropic-item_count,L2,all,True,6664
simulated,anthropic-p08,anthropic-item_count,E1,250,True,229
simulated,anthropic-p08,anthropic-item_count,E1,500,True,495
simulated,anthropic-p08,anthropic-item_count,E1,1000,True,987
simulated,anthropic-p08,anthropic-item_count,E1,1500,True,1471
simulated,anthropic-p08,anthropic-item_count,E1,3000,True,3000
simulated,anthropic-p08,anthropic-item_count,E1,6000,True,5988
simulated,anthropic-p08,anthropic-item_count,E1,all,True,6768
simulated,anthropic-p08,anthropic-item_count,E4,250,False,211
simulated,anthropic-p08,anthropic-item_count,E4,500,False,486
simulated,anthropic-p08,anthropic-item_count,E4,1000,True,993
simulated,anthropic-p08,anthropic-item_count,E4,1500,True,1462
simulated,anthropic-p08,anthropic-item_count,E4,3000,True,2971
simulated,anthropic-p08,anthropic-item_count,E4,6000,True,5986
simulated,anthropic-p08,anthropic-item_count,E4,all,True,6768
simulated,anthropic-p09,anthropic-compute_owner,D1,250,False,0
simulated,anthropic-p09,anthropic-compute_owner,D1,500,True,336
simulated,anthropic-p09,anthropic-compute_owner,D1,1000,True,850
simulated,anthropic-p09,anthropic-compute_owner,D1,1500,True,1253
simulated,anthropic-p09,anthropic-compute_owner,D1,3000,True,2872
simulated,anthropic-p09,anthropic-compute_owner,D1,6000,True,5940
simulated,anthropic-p09,anthropic-compute_owner,D1,all,True,7365
simulated,anthropic-p09,anthropic-compute_owner,D2,250,False,0
simulated,anthropic-p09,anthropic-compute_owner,D2,500,False,0
simulated,anthropic-p09,anthropic-compute_owner,D2,1000,True,806
simulated,anthropic-p09,anthropic-compute_owner,D2,1500,True,1276
simulated,anthropic-p09,anthropic-compute_owner,D2,3000,True,2864
simulated,anthropic-p09,anthropic-compute_owner,D2,6000,True,5893
simulated,anthropic-p09,anthropic-compute_owner,D2,all,True,7365
simulated,anthropic-p09,anthropic-compute_owner,B2,250,False,0
simulated,anthropic-p09,anthropic-compute_owner,B2,500,False,287
simulated,anthropic-p09,anthropic-compute_owner,B2,1000,True,788
simulated,anthropic-p09,anthropic-compute_owner,B2,1500,True,1317
simulated,anthropic-p09,anthropic-compute_owner,B2,3000,True,2943
simulated,anthropic-p09,anthropic-compute_owner,B2,6000,True,5957
simulated,anthropic-p09,anthropic-compute_owner,B2,all,True,14565
simulated,anthropic-p09,anthropic-compute_owner,D4,250,False,0
simulated,anthropic-p09,anthropic-compute_owner,D4,500,False,470
simulated,anthropic-p09,anthropic-compute_owner,D4,1000,False,801
simulated,anthropic-p09,anthropic-compute_owner,D4,1500,False,1315
simulated,anthropic-p09,anthropic-compute_owner,D4,3000,True,2756
simulated,anthropic-p09,anthropic-compute_owner,D4,6000,True,5884
simulated,anthropic-p09,anthropic-compute_owner,D4,all,True,7365
simulated,anthropic-p09,anthropic-compute_owner,Z4,250,False,0
simulated,anthropic-p09,anthropic-compute_owner,Z4,500,False,441
simulated,anthropic-p09,anthropic-compute_owner,Z4,1000,False,958
simulated,anthropic-p09,anthropic-compute_owner,Z4,1500,False,1476
simulated,anthropic-p09,anthropic-compute_owner,Z4,3000,False,2794
simulated,anthropic-p09,anthropic-compute_owner,Z4,6000,True,5882
simulated,anthropic-p09,anthropic-compute_owner,Z4,all,True,7439
simulated,anthropic-p09,anthropic-compute_owner,L4,250,False,0
simulated,anthropic-p09,anthropic-compute_owner,L4,500,False,481
simulated,anthropic-p09,anthropic-compute_owner,L4,1000,True,782
simulated,anthropic-p09,anthropic-compute_owner,L4,1500,True,1412
simulated,anthropic-p09,anthropic-compute_owner,L4,3000,True,2993
simulated,anthropic-p09,anthropic-compute_owner,L4,6000,True,5670
simulated,anthropic-p09,anthropic-compute_owner,L4,all,True,7649
simulated,anthropic-p09,anthropic-compute_owner,L2,250,False,0
simulated,anthropic-p09,anthropic-compute_owner,L2,500,False,0
simulated,anthropic-p09,anthropic-compute_owner,L2,1000,False,753
simulated,anthropic-p09,anthropic-compute_owner,L2,1500,True,1054
simulated,anthropic-p09,anthropic-compute_owner,L2,3000,True,2752
simulated,anthropic-p09,anthropic-compute_owner,L2,6000,True,5864
simulated,anthropic-p09,anthropic-compute_owner,L2,all,True,7649
simulated,anthropic-p09,anthropic-compute_owner,E1,250,True,250
simulated,anthropic-p09,anthropic-compute_owner,E1,500,True,485
simulated,anthropic-p09,anthropic-compute_owner,E1,1000,True,954
simulated,anthropic-p09,anthropic-compute_owner,E1,1500,True,1483
simulated,anthropic-p09,anthropic-compute_owner,E1,3000,True,2947
simulated,anthropic-p09,anthropic-compute_owner,E1,6000,True,5987
simulated,anthropic-p09,anthropic-compute_owner,E1,all,True,7802
simulated,anthropic-p09,anthropic-compute_owner,E4,250,False,230
simulated,anthropic-p09,anthropic-compute_owner,E4,500,False,473
simulated,anthropic-p09,anthropic-compute_owner,E4,1000,True,999
simulated,anthropic-p09,anthropic-compute_owner,E4,1500,True,1495
simulated,anthropic-p09,anthropic-compute_owner,E4,3000,True,2982
simulated,anthropic-p09,anthropic-compute_owner,E4,6000,True,5980
simulated,anthropic-p09,anthropic-compute_owner,E4,all,True,7802
simulated,anthropic-p10,anthropic-pass_threshold,D1,250,False,199
simulated,anthropic-p10,anthropic-pass_threshold,D1,500,False,199
simulated,anthropic-p10,anthropic-pass_threshold,D1,1000,False,713
simulated,anthropic-p10,anthropic-pass_threshold,D1,1500,False,1495
simulated,anthropic-p10,anthropic-pass_threshold,D1,3000,True,2728
simulated,anthropic-p10,anthropic-pass_threshold,D1,6000,True,5931
simulated,anthropic-p10,anthropic-pass_threshold,D1,all,True,7830
simulated,anthropic-p10,anthropic-pass_threshold,D2,250,False,0
simulated,anthropic-p10,anthropic-pass_threshold,D2,500,False,285
simulated,anthropic-p10,anthropic-pass_threshold,D2,1000,False,755
simulated,anthropic-p10,anthropic-pass_threshold,D2,1500,False,1269
simulated,anthropic-p10,anthropic-pass_threshold,D2,3000,False,2889
simulated,anthropic-p10,anthropic-pass_threshold,D2,6000,True,5958
simulated,anthropic-p10,anthropic-pass_threshold,D2,all,True,7830
simulated,anthropic-p10,anthropic-pass_threshold,B2,250,False,0
simulated,anthropic-p10,anthropic-pass_threshold,B2,500,False,294
simulated,anthropic-p10,anthropic-pass_threshold,B2,1000,False,865
simulated,anthropic-p10,anthropic-pass_threshold,B2,1500,False,1428
simulated,anthropic-p10,anthropic-pass_threshold,B2,3000,False,2966
simulated,anthropic-p10,anthropic-pass_threshold,B2,6000,False,5960
simulated,anthropic-p10,anthropic-pass_threshold,B2,all,True,15062
simulated,anthropic-p10,anthropic-pass_threshold,D4,250,False,0
simulated,anthropic-p10,anthropic-pass_threshold,D4,500,False,281
simulated,anthropic-p10,anthropic-pass_threshold,D4,1000,False,544
simulated,anthropic-p10,anthropic-pass_threshold,D4,1500,False,1034
simulated,anthropic-p10,anthropic-pass_threshold,D4,3000,True,2782
simulated,anthropic-p10,anthropic-pass_threshold,D4,6000,True,5824
simulated,anthropic-p10,anthropic-pass_threshold,D4,all,True,7830
simulated,anthropic-p10,anthropic-pass_threshold,Z4,250,False,222
simulated,anthropic-p10,anthropic-pass_threshold,Z4,500,False,455
simulated,anthropic-p10,anthropic-pass_threshold,Z4,1000,False,896
simulated,anthropic-p10,anthropic-pass_threshold,Z4,1500,False,1401
simulated,anthropic-p10,anthropic-pass_threshold,Z4,3000,True,2615
simulated,anthropic-p10,anthropic-pass_threshold,Z4,6000,True,5733
simulated,anthropic-p10,anthropic-pass_threshold,Z4,all,True,7861
simulated,anthropic-p10,anthropic-pass_threshold,L4,250,False,0
simulated,anthropic-p10,anthropic-pass_threshold,L4,500,False,292
simulated,anthropic-p10,anthropic-pass_threshold,L4,1000,False,563
simulated,anthropic-p10,anthropic-pass_threshold,L4,1500,False,1063
simulated,anthropic-p10,anthropic-pass_threshold,L4,3000,True,2858
simulated,anthropic-p10,anthropic-pass_threshold,L4,6000,True,5973
simulated,anthropic-p10,anthropic-pass_threshold,L4,all,True,8136
simulated,anthropic-p10,anthropic-pass_threshold,L2,250,False,0
simulated,anthropic-p10,anthropic-pass_threshold,L2,500,False,295
simulated,anthropic-p10,anthropic-pass_threshold,L2,1000,False,776
simulated,anthropic-p10,anthropic-pass_threshold,L2,1500,False,1276
simulated,anthropic-p10,anthropic-pass_threshold,L2,3000,False,2992
simulated,anthropic-p10,anthropic-pass_threshold,L2,6000,True,5796
simulated,anthropic-p10,anthropic-pass_threshold,L2,all,True,8136
simulated,anthropic-p10,anthropic-pass_threshold,E1,250,False,219
simulated,anthropic-p10,anthropic-pass_threshold,E1,500,True,472
simulated,anthropic-p10,anthropic-pass_threshold,E1,1000,True,997
simulated,anthropic-p10,anthropic-pass_threshold,E1,1500,True,1479
simulated,anthropic-p10,anthropic-pass_threshold,E1,3000,True,2989
simulated,anthropic-p10,anthropic-pass_threshold,E1,6000,True,5989
simulated,anthropic-p10,anthropic-pass_threshold,E1,all,True,8103
simulated,anthropic-p10,anthropic-pass_threshold,E4,250,False,223
simulated,anthropic-p10,anthropic-pass_threshold,E4,500,False,488
simulated,anthropic-p10,anthropic-pass_threshold,E4,1000,False,996
simulated,anthropic-p10,anthropic-pass_threshold,E4,1500,True,1487
simulated,anthropic-p10,anthropic-pass_threshold,E4,3000,True,2987
simulated,anthropic-p10,anthropic-pass_threshold,E4,6000,True,5989
simulated,anthropic-p10,anthropic-pass_threshold,E4,all,True,8103
simulated,anthropic-p11,anthropic-item_count,D1,250,False,0
simulated,anthropic-p11,anthropic-item_count,D1,500,False,406
simulated,anthropic-p11,anthropic-item_count,D1,1000,False,766
simulated,anthropic-p11,anthropic-item_count,D1,1500,False,1051
simulated,anthropic-p11,anthropic-item_count,D1,3000,False,2971
simulated,anthropic-p11,anthropic-item_count,D1,6000,False,5941
simulated,anthropic-p11,anthropic-item_count,D1,all,True,8314
simulated,anthropic-p11,anthropic-item_count,D2,250,False,0
simulated,anthropic-p11,anthropic-item_count,D2,500,False,412
simulated,anthropic-p11,anthropic-item_count,D2,1000,False,870
simulated,anthropic-p11,anthropic-item_count,D2,1500,False,1328
simulated,anthropic-p11,anthropic-item_count,D2,3000,True,2982
simulated,anthropic-p11,anthropic-item_count,D2,6000,True,5593
simulated,anthropic-p11,anthropic-item_count,D2,all,True,8314
simulated,anthropic-p11,anthropic-item_count,B2,250,False,244
simulated,anthropic-p11,anthropic-item_count,B2,500,True,485
simulated,anthropic-p11,anthropic-item_count,B2,1000,True,755
simulated,anthropic-p11,anthropic-item_count,B2,1500,True,1296
simulated,anthropic-p11,anthropic-item_count,B2,3000,True,2814
simulated,anthropic-p11,anthropic-item_count,B2,6000,True,5922
simulated,anthropic-p11,anthropic-item_count,B2,all,True,16520
simulated,anthropic-p11,anthropic-item_count,D4,250,False,0
simulated,anthropic-p11,anthropic-item_count,D4,500,False,360
simulated,anthropic-p11,anthropic-item_count,D4,1000,False,949
simulated,anthropic-p11,anthropic-item_count,D4,1500,False,1377
simulated,anthropic-p11,anthropic-item_count,D4,3000,False,2811
simulated,anthropic-p11,anthropic-item_count,D4,6000,True,5969
simulated,anthropic-p11,anthropic-item_count,D4,all,True,8314
simulated,anthropic-p11,anthropic-item_count,Z4,250,False,0
simulated,anthropic-p11,anthropic-item_count,Z4,500,False,449
simulated,anthropic-p11,anthropic-item_count,Z4,1000,False,817
simulated,anthropic-p11,anthropic-item_count,Z4,1500,False,1124
simulated,anthropic-p11,anthropic-item_count,Z4,3000,False,2823
simulated,anthropic-p11,anthropic-item_count,Z4,6000,True,5880
simulated,anthropic-p11,anthropic-item_count,Z4,all,True,8841
simulated,anthropic-p11,anthropic-item_count,L4,250,False,0
simulated,anthropic-p11,anthropic-item_count,L4,500,False,368
simulated,anthropic-p11,anthropic-item_count,L4,1000,False,981
simulated,anthropic-p11,anthropic-item_count,L4,1500,False,1429
simulated,anthropic-p11,anthropic-item_count,L4,3000,False,2904
simulated,anthropic-p11,anthropic-item_count,L4,6000,False,5921
simulated,anthropic-p11,anthropic-item_count,L4,all,True,8636
simulated,anthropic-p11,anthropic-item_count,L2,250,False,0
simulated,anthropic-p11,anthropic-item_count,L2,500,False,427
simulated,anthropic-p11,anthropic-item_count,L2,1000,False,793
simulated,anthropic-p11,anthropic-item_count,L2,1500,False,1379
simulated,anthropic-p11,anthropic-item_count,L2,3000,False,2739
simulated,anthropic-p11,anthropic-item_count,L2,6000,True,5798
simulated,anthropic-p11,anthropic-item_count,L2,all,True,8636
simulated,anthropic-p11,anthropic-item_count,E1,250,False,222
simulated,anthropic-p11,anthropic-item_count,E1,500,True,493
simulated,anthropic-p11,anthropic-item_count,E1,1000,True,962
simulated,anthropic-p11,anthropic-item_count,E1,1500,True,1482
simulated,anthropic-p11,anthropic-item_count,E1,3000,True,3000
simulated,anthropic-p11,anthropic-item_count,E1,6000,True,5991
simulated,anthropic-p11,anthropic-item_count,E1,all,True,8697
simulated,anthropic-p11,anthropic-item_count,E4,250,False,209
simulated,anthropic-p11,anthropic-item_count,E4,500,False,493
simulated,anthropic-p11,anthropic-item_count,E4,1000,True,943
simulated,anthropic-p11,anthropic-item_count,E4,1500,True,1453
simulated,anthropic-p11,anthropic-item_count,E4,3000,True,2952
simulated,anthropic-p11,anthropic-item_count,E4,6000,True,5987
simulated,anthropic-p11,anthropic-item_count,E4,all,True,8697
simulated,anthropic-paper_deadline@t1/005-t2-start,anthropic-paper_deadline,D1,250,True,47
simulated,anthropic-paper_deadline@t1/005-t2-start,anthropic-paper_deadline,D1,500,True,300
simulated,anthropic-paper_deadline@t1/005-t2-start,anthropic-paper_deadline,D1,1000,True,814
simulated,anthropic-paper_deadline@t1/005-t2-start,anthropic-paper_deadline,D1,1500,True,1172
simulated,anthropic-paper_deadline@t1/005-t2-start,anthropic-paper_deadline,D1,3000,True,1679
simulated,anthropic-paper_deadline@t1/005-t2-start,anthropic-paper_deadline,D1,6000,True,1679
simulated,anthropic-paper_deadline@t1/005-t2-start,anthropic-paper_deadline,D1,all,True,1679
simulated,anthropic-paper_deadline@t1/005-t2-start,anthropic-paper_deadline,D2,250,True,47
simulated,anthropic-paper_deadline@t1/005-t2-start,anthropic-paper_deadline,D2,500,True,405
simulated,anthropic-paper_deadline@t1/005-t2-start,anthropic-paper_deadline,D2,1000,True,919
simulated,anthropic-paper_deadline@t1/005-t2-start,anthropic-paper_deadline,D2,1500,True,1466
simulated,anthropic-paper_deadline@t1/005-t2-start,anthropic-paper_deadline,D2,3000,True,1679
simulated,anthropic-paper_deadline@t1/005-t2-start,anthropic-paper_deadline,D2,6000,True,1679
simulated,anthropic-paper_deadline@t1/005-t2-start,anthropic-paper_deadline,D2,all,True,1679
simulated,anthropic-paper_deadline@t1/005-t2-start,anthropic-paper_deadline,B2,250,True,213
simulated,anthropic-paper_deadline@t1/005-t2-start,anthropic-paper_deadline,B2,500,True,447
simulated,anthropic-paper_deadline@t1/005-t2-start,anthropic-paper_deadline,B2,1000,True,943
simulated,anthropic-paper_deadline@t1/005-t2-start,anthropic-paper_deadline,B2,1500,True,1438
simulated,anthropic-paper_deadline@t1/005-t2-start,anthropic-paper_deadline,B2,3000,True,2971
simulated,anthropic-paper_deadline@t1/005-t2-start,anthropic-paper_deadline,B2,6000,True,3140
simulated,anthropic-paper_deadline@t1/005-t2-start,anthropic-paper_deadline,B2,all,True,3140
simulated,anthropic-paper_deadline@t1/005-t2-start,anthropic-paper_deadline,D4,250,True,47
simulated,anthropic-paper_deadline@t1/005-t2-start,anthropic-paper_deadline,D4,500,True,283
simulated,anthropic-paper_deadline@t1/005-t2-start,anthropic-paper_deadline,D4,1000,True,963
simulated,anthropic-paper_deadline@t1/005-t2-start,anthropic-paper_deadline,D4,1500,True,1470
simulated,anthropic-paper_deadline@t1/005-t2-start,anthropic-paper_deadline,D4,3000,True,1679
simulated,anthropic-paper_deadline@t1/005-t2-start,anthropic-paper_deadline,D4,6000,True,1679
simulated,anthropic-paper_deadline@t1/005-t2-start,anthropic-paper_deadline,D4,all,True,1679
simulated,anthropic-paper_deadline@t1/005-t2-start,anthropic-paper_deadline,Z4,250,False,0
simulated,anthropic-paper_deadline@t1/005-t2-start,anthropic-paper_deadline,Z4,500,True,441
simulated,anthropic-paper_deadline@t1/005-t2-start,anthropic-paper_deadline,Z4,1000,True,946
simulated,anthropic-paper_deadline@t1/005-t2-start,anthropic-paper_deadline,Z4,1500,True,1424
simulated,anthropic-paper_deadline@t1/005-t2-start,anthropic-paper_deadline,Z4,3000,True,1686
simulated,anthropic-paper_deadline@t1/005-t2-start,anthropic-paper_deadline,Z4,6000,True,1686
simulated,anthropic-paper_deadline@t1/005-t2-start,anthropic-paper_deadline,Z4,all,True,1686
simulated,anthropic-paper_deadline@t1/005-t2-start,anthropic-paper_deadline,L4,250,True,53
simulated,anthropic-paper_deadline@t1/005-t2-start,anthropic-paper_deadline,L4,500,True,431
simulated,anthropic-paper_deadline@t1/005-t2-start,anthropic-paper_deadline,L4,1000,True,953
simulated,anthropic-paper_deadline@t1/005-t2-start,anthropic-paper_deadline,L4,1500,True,1351
simulated,anthropic-paper_deadline@t1/005-t2-start,anthropic-paper_deadline,L4,3000,True,1745
simulated,anthropic-paper_deadline@t1/005-t2-start,anthropic-paper_deadline,L4,6000,True,1745
simulated,anthropic-paper_deadline@t1/005-t2-start,anthropic-paper_deadline,L4,all,True,1745
simulated,anthropic-paper_deadline@t1/005-t2-start,anthropic-paper_deadline,L2,250,True,187
simulated,anthropic-paper_deadline@t1/005-t2-start,anthropic-paper_deadline,L2,500,True,431
simulated,anthropic-paper_deadline@t1/005-t2-start,anthropic-paper_deadline,L2,1000,True,777
simulated,anthropic-paper_deadline@t1/005-t2-start,anthropic-paper_deadline,L2,1500,True,1299
simulated,anthropic-paper_deadline@t1/005-t2-start,anthropic-paper_deadline,L2,3000,True,1745
simulated,anthropic-paper_deadline@t1/005-t2-start,anthropic-paper_deadline,L2,6000,True,1745
simulated,anthropic-paper_deadline@t1/005-t2-start,anthropic-paper_deadline,L2,all,True,1745
simulated,anthropic-paper_deadline@t1/005-t2-start,anthropic-paper_deadline,E1,250,True,231
simulated,anthropic-paper_deadline@t1/005-t2-start,anthropic-paper_deadline,E1,500,True,467
simulated,anthropic-paper_deadline@t1/005-t2-start,anthropic-paper_deadline,E1,1000,True,960
simulated,anthropic-paper_deadline@t1/005-t2-start,anthropic-paper_deadline,E1,1500,True,1470
simulated,anthropic-paper_deadline@t1/005-t2-start,anthropic-paper_deadline,E1,3000,True,1661
simulated,anthropic-paper_deadline@t1/005-t2-start,anthropic-paper_deadline,E1,6000,True,1661
simulated,anthropic-paper_deadline@t1/005-t2-start,anthropic-paper_deadline,E1,all,True,1661
simulated,anthropic-paper_deadline@t1/005-t2-start,anthropic-paper_deadline,E4,250,True,234
simulated,anthropic-paper_deadline@t1/005-t2-start,anthropic-paper_deadline,E4,500,True,499
simulated,anthropic-paper_deadline@t1/005-t2-start,anthropic-paper_deadline,E4,1000,True,985
simulated,anthropic-paper_deadline@t1/005-t2-start,anthropic-paper_deadline,E4,1500,True,1494
simulated,anthropic-paper_deadline@t1/005-t2-start,anthropic-paper_deadline,E4,3000,True,1661
simulated,anthropic-paper_deadline@t1/005-t2-start,anthropic-paper_deadline,E4,6000,True,1661
simulated,anthropic-paper_deadline@t1/005-t2-start,anthropic-paper_deadline,E4,all,True,1661
simulated,anthropic-paper_deadline@t1/005-t2-middle,anthropic-paper_deadline,D1,250,False,0
simulated,anthropic-paper_deadline@t1/005-t2-middle,anthropic-paper_deadline,D1,500,False,406
simulated,anthropic-paper_deadline@t1/005-t2-middle,anthropic-paper_deadline,D1,1000,False,980
simulated,anthropic-paper_deadline@t1/005-t2-middle,anthropic-paper_deadline,D1,1500,False,1102
simulated,anthropic-paper_deadline@t1/005-t2-middle,anthropic-paper_deadline,D1,3000,True,2085
simulated,anthropic-paper_deadline@t1/005-t2-middle,anthropic-paper_deadline,D1,6000,True,2085
simulated,anthropic-paper_deadline@t1/005-t2-middle,anthropic-paper_deadline,D1,all,True,2085
simulated,anthropic-paper_deadline@t1/005-t2-middle,anthropic-paper_deadline,D2,250,False,122
simulated,anthropic-paper_deadline@t1/005-t2-middle,anthropic-paper_deadline,D2,500,False,358
simulated,anthropic-paper_deadline@t1/005-t2-middle,anthropic-paper_deadline,D2,1000,False,696
simulated,anthropic-paper_deadline@t1/005-t2-middle,anthropic-paper_deadline,D2,1500,False,1210
simulated,anthropic-paper_deadline@t1/005-t2-middle,anthropic-paper_deadline,D2,3000,True,2085
simulated,anthropic-paper_deadline@t1/005-t2-middle,anthropic-paper_deadline,D2,6000,True,2085
simulated,anthropic-paper_deadline@t1/005-t2-middle,anthropic-paper_deadline,D2,all,True,2085
simulated,anthropic-paper_deadline@t1/005-t2-middle,anthropic-paper_deadline,B2,250,True,213
simulated,anthropic-paper_deadline@t1/005-t2-middle,anthropic-paper_deadline,B2,500,True,447
simulated,anthropic-paper_deadline@t1/005-t2-middle,anthropic-paper_deadline,B2,1000,True,974
simulated,anthropic-paper_deadline@t1/005-t2-middle,anthropic-paper_deadline,B2,1500,True,1489
simulated,anthropic-paper_deadline@t1/005-t2-middle,anthropic-paper_deadline,B2,3000,True,2964
simulated,anthropic-paper_deadline@t1/005-t2-middle,anthropic-paper_deadline,B2,6000,True,3952
simulated,anthropic-paper_deadline@t1/005-t2-middle,anthropic-paper_deadline,B2,all,True,3952
simulated,anthropic-paper_deadline@t1/005-t2-middle,anthropic-paper_deadline,D4,250,False,236
simulated,anthropic-paper_deadline@t1/005-t2-middle,anthropic-paper_deadline,D4,500,False,236
simulated,anthropic-paper_deadline@t1/005-t2-middle,anthropic-paper_deadline,D4,1000,False,872
simulated,anthropic-paper_deadline@t1/005-t2-middle,anthropic-paper_deadline,D4,1500,False,1278
simulated,anthropic-paper_deadline@t1/005-t2-middle,anthropic-paper_deadline,D4,3000,True,2085
simulated,anthropic-paper_deadline@t1/005-t2-middle,anthropic-paper_deadline,D4,6000,True,2085
simulated,anthropic-paper_deadline@t1/005-t2-middle,anthropic-paper_deadline,D4,all,True,2085
simulated,anthropic-paper_deadline@t1/005-t2-middle,anthropic-paper_deadline,Z4,250,False,0
simulated,anthropic-paper_deadline@t1/005-t2-middle,anthropic-paper_deadline,Z4,500,True,441
simulated,anthropic-paper_deadline@t1/005-t2-middle,anthropic-paper_deadline,Z4,1000,True,946
simulated,anthropic-paper_deadline@t1/005-t2-middle,anthropic-paper_deadline,Z4,1500,True,1352
simulated,anthropic-paper_deadline@t1/005-t2-middle,anthropic-paper_deadline,Z4,3000,True,2092
simulated,anthropic-paper_deadline@t1/005-t2-middle,anthropic-paper_deadline,Z4,6000,True,2092
simulated,anthropic-paper_deadline@t1/005-t2-middle,anthropic-paper_deadline,Z4,all,True,2092
simulated,anthropic-paper_deadline@t1/005-t2-middle,anthropic-paper_deadline,L4,250,False,244
simulated,anthropic-paper_deadline@t1/005-t2-middle,anthropic-paper_deadline,L4,500,False,244
simulated,anthropic-paper_deadline@t1/005-t2-middle,anthropic-paper_deadline,L4,1000,False,900
simulated,anthropic-paper_deadline@t1/005-t2-middle,anthropic-paper_deadline,L4,1500,False,1314
simulated,anthropic-paper_deadline@t1/005-t2-middle,anthropic-paper_deadline,L4,3000,True,2159
simulated,anthropic-paper_deadline@t1/005-t2-middle,anthropic-paper_deadline,L4,6000,True,2159
simulated,anthropic-paper_deadline@t1/005-t2-middle,anthropic-paper_deadline,L4,all,True,2159
simulated,anthropic-paper_deadline@t1/005-t2-middle,anthropic-paper_deadline,L2,250,False,134
simulated,anthropic-paper_deadline@t1/005-t2-middle,anthropic-paper_deadline,L2,500,False,480
simulated,anthropic-paper_deadline@t1/005-t2-middle,anthropic-paper_deadline,L2,1000,False,724
simulated,anthropic-paper_deadline@t1/005-t2-middle,anthropic-paper_deadline,L2,1500,False,1246
simulated,anthropic-paper_deadline@t1/005-t2-middle,anthropic-paper_deadline,L2,3000,True,2159
simulated,anthropic-paper_deadline@t1/005-t2-middle,anthropic-paper_deadline,L2,6000,True,2159
simulated,anthropic-paper_deadline@t1/005-t2-middle,anthropic-paper_deadline,L2,all,True,2159
simulated,anthropic-paper_deadline@t1/005-t2-middle,anthropic-paper_deadline,E1,250,True,229
simulated,anthropic-paper_deadline@t1/005-t2-middle,anthropic-paper_deadline,E1,500,True,480
simulated,anthropic-paper_deadline@t1/005-t2-middle,anthropic-paper_deadline,E1,1000,True,986
simulated,anthropic-paper_deadline@t1/005-t2-middle,anthropic-paper_deadline,E1,1500,True,1484
simulated,anthropic-paper_deadline@t1/005-t2-middle,anthropic-paper_deadline,E1,3000,True,2408
simulated,anthropic-paper_deadline@t1/005-t2-middle,anthropic-paper_deadline,E1,6000,True,2408
simulated,anthropic-paper_deadline@t1/005-t2-middle,anthropic-paper_deadline,E1,all,True,2408
simulated,anthropic-paper_deadline@t1/005-t2-middle,anthropic-paper_deadline,E4,250,False,242
simulated,anthropic-paper_deadline@t1/005-t2-middle,anthropic-paper_deadline,E4,500,False,500
simulated,anthropic-paper_deadline@t1/005-t2-middle,anthropic-paper_deadline,E4,1000,True,992
simulated,anthropic-paper_deadline@t1/005-t2-middle,anthropic-paper_deadline,E4,1500,True,1473
simulated,anthropic-paper_deadline@t1/005-t2-middle,anthropic-paper_deadline,E4,3000,True,2408
simulated,anthropic-paper_deadline@t1/005-t2-middle,anthropic-paper_deadline,E4,6000,True,2408
simulated,anthropic-paper_deadline@t1/005-t2-middle,anthropic-paper_deadline,E4,all,True,2408
simulated,anthropic-paper_deadline@t1/005-t3-start,anthropic-paper_deadline,D1,250,False,0
simulated,anthropic-paper_deadline@t1/005-t3-start,anthropic-paper_deadline,D1,500,False,490
simulated,anthropic-paper_deadline@t1/005-t3-start,anthropic-paper_deadline,D1,1000,False,699
simulated,anthropic-paper_deadline@t1/005-t3-start,anthropic-paper_deadline,D1,1500,False,1213
simulated,anthropic-paper_deadline@t1/005-t3-start,anthropic-paper_deadline,D1,3000,True,2831
simulated,anthropic-paper_deadline@t1/005-t3-start,anthropic-paper_deadline,D1,6000,True,3823
simulated,anthropic-paper_deadline@t1/005-t3-start,anthropic-paper_deadline,D1,all,True,3823
simulated,anthropic-paper_deadline@t1/005-t3-start,anthropic-paper_deadline,D2,250,False,0
simulated,anthropic-paper_deadline@t1/005-t3-start,anthropic-paper_deadline,D2,500,False,338
simulated,anthropic-paper_deadline@t1/005-t3-start,anthropic-paper_deadline,D2,1000,False,852
simulated,anthropic-paper_deadline@t1/005-t3-start,anthropic-paper_deadline,D2,1500,False,1297
simulated,anthropic-paper_deadline@t1/005-t3-start,anthropic-paper_deadline,D2,3000,False,2521
simulated,anthropic-paper_deadline@t1/005-t3-start,anthropic-paper_deadline,D2,6000,True,3823
simulated,anthropic-paper_deadline@t1/005-t3-start,anthropic-paper_deadline,D2,all,True,3823
simulated,anthropic-paper_deadline@t1/005-t3-start,anthropic-paper_deadline,B2,250,False,249
simulated,anthropic-paper_deadline@t1/005-t3-start,anthropic-paper_deadline,B2,500,False,249
simulated,anthropic-paper_deadline@t1/005-t3-start,anthropic-paper_deadline,B2,1000,True,959
simulated,anthropic-paper_deadline@t1/005-t3-start,anthropic-paper_deadline,B2,1500,True,1495
simulated,anthropic-paper_deadline@t1/005-t3-start,anthropic-paper_deadline,B2,3000,True,2838
simulated,anthropic-paper_deadline@t1/005-t3-start,anthropic-paper_deadline,B2,6000,True,5785
simulated,anthropic-paper_deadline@t1/005-t3-start,anthropic-paper_deadline,B2,all,True,6665
simulated,anthropic-paper_deadline@t1/005-t3-start,anthropic-paper_deadline,D4,250,False,209
simulated,anthropic-paper_deadline@t1/005-t3-start,anthropic-paper_deadline,D4,500,False,209
simulated,anthropic-paper_deadline@t1/005-t3-start,anthropic-paper_deadline,D4,1000,False,547
simulated,anthropic-paper_deadline@t1/005-t3-start,anthropic-paper_deadline,D4,1500,False,1061
simulated,anthropic-paper_deadline@t1/005-t3-start,anthropic-paper_deadline,D4,3000,False,2896
simulated,anthropic-paper_deadline@t1/005-t3-start,anthropic-paper_deadline,D4,6000,True,3823
simulated,anthropic-paper_deadline@t1/005-t3-start,anthropic-paper_deadline,D4,all,True,3823
simulated,anthropic-paper_deadline@t1/005-t3-start,anthropic-paper_deadline,Z4,250,False,164
simulated,anthropic-paper_deadline@t1/005-t3-start,anthropic-paper_deadline,Z4,500,False,164
simulated,anthropic-paper_deadline@t1/005-t3-start,anthropic-paper_deadline,Z4,1000,False,669
simulated,anthropic-paper_deadline@t1/005-t3-start,anthropic-paper_deadline,Z4,1500,False,1147
simulated,anthropic-paper_deadline@t1/005-t3-start,anthropic-paper_deadline,Z4,3000,True,2802
simulated,anthropic-paper_deadline@t1/005-t3-start,anthropic-paper_deadline,Z4,6000,True,3997
simulated,anthropic-paper_deadline@t1/005-t3-start,anthropic-paper_deadline,Z4,all,True,3997
simulated,anthropic-paper_deadline@t1/005-t3-start,anthropic-paper_deadline,L4,250,False,217
simulated,anthropic-paper_deadline@t1/005-t3-start,anthropic-paper_deadline,L4,500,False,217
simulated,anthropic-paper_deadline@t1/005-t3-start,anthropic-paper_deadline,L4,1000,False,563
simulated,anthropic-paper_deadline@t1/005-t3-start,anthropic-paper_deadline,L4,1500,False,1085
simulated,anthropic-paper_deadline@t1/005-t3-start,anthropic-paper_deadline,L4,3000,False,2967
simulated,anthropic-paper_deadline@t1/005-t3-start,anthropic-paper_deadline,L4,6000,True,3947
simulated,anthropic-paper_deadline@t1/005-t3-start,anthropic-paper_deadline,L4,all,True,3947
simulated,anthropic-paper_deadline@t1/005-t3-start,anthropic-paper_deadline,L2,250,False,0
simulated,anthropic-paper_deadline@t1/005-t3-start,anthropic-paper_deadline,L2,500,False,346
simulated,anthropic-paper_deadline@t1/005-t3-start,anthropic-paper_deadline,L2,1000,False,868
simulated,anthropic-paper_deadline@t1/005-t3-start,anthropic-paper_deadline,L2,1500,False,1329
simulated,anthropic-paper_deadline@t1/005-t3-start,anthropic-paper_deadline,L2,3000,False,2592
simulated,anthropic-paper_deadline@t1/005-t3-start,anthropic-paper_deadline,L2,6000,True,3947
simulated,anthropic-paper_deadline@t1/005-t3-start,anthropic-paper_deadline,L2,all,True,3947
simulated,anthropic-paper_deadline@t1/005-t3-start,anthropic-paper_deadline,E1,250,True,246
simulated,anthropic-paper_deadline@t1/005-t3-start,anthropic-paper_deadline,E1,500,True,490
simulated,anthropic-paper_deadline@t1/005-t3-start,anthropic-paper_deadline,E1,1000,True,962
simulated,anthropic-paper_deadline@t1/005-t3-start,anthropic-paper_deadline,E1,1500,True,1484
simulated,anthropic-paper_deadline@t1/005-t3-start,anthropic-paper_deadline,E1,3000,True,2974
simulated,anthropic-paper_deadline@t1/005-t3-start,anthropic-paper_deadline,E1,6000,True,3554
simulated,anthropic-paper_deadline@t1/005-t3-start,anthropic-paper_deadline,E1,all,True,3554
simulated,anthropic-paper_deadline@t1/005-t3-start,anthropic-paper_deadline,E4,250,False,236
simulated,anthropic-paper_deadline@t1/005-t3-start,anthropic-paper_deadline,E4,500,False,440
simulated,anthropic-paper_deadline@t1/005-t3-start,anthropic-paper_deadline,E4,1000,True,997
simulated,anthropic-paper_deadline@t1/005-t3-start,anthropic-paper_deadline,E4,1500,True,1492
simulated,anthropic-paper_deadline@t1/005-t3-start,anthropic-paper_deadline,E4,3000,True,2972
simulated,anthropic-paper_deadline@t1/005-t3-start,anthropic-paper_deadline,E4,6000,True,3554
simulated,anthropic-paper_deadline@t1/005-t3-start,anthropic-paper_deadline,E4,all,True,3554
simulated,anthropic-paper_deadline@t1/005-t3-middle,anthropic-paper_deadline,D1,250,False,209
simulated,anthropic-paper_deadline@t1/005-t3-middle,anthropic-paper_deadline,D1,500,False,209
simulated,anthropic-paper_deadline@t1/005-t3-middle,anthropic-paper_deadline,D1,1000,False,723
simulated,anthropic-paper_deadline@t1/005-t3-middle,anthropic-paper_deadline,D1,1500,False,1173
simulated,anthropic-paper_deadline@t1/005-t3-middle,anthropic-paper_deadline,D1,3000,False,2685
simulated,anthropic-paper_deadline@t1/005-t3-middle,anthropic-paper_deadline,D1,6000,True,4273
simulated,anthropic-paper_deadline@t1/005-t3-middle,anthropic-paper_deadline,D1,all,True,4273
simulated,anthropic-paper_deadline@t1/005-t3-middle,anthropic-paper_deadline,D2,250,False,236
simulated,anthropic-paper_deadline@t1/005-t3-middle,anthropic-paper_deadline,D2,500,False,236
simulated,anthropic-paper_deadline@t1/005-t3-middle,anthropic-paper_deadline,D2,1000,False,750
simulated,anthropic-paper_deadline@t1/005-t3-middle,anthropic-paper_deadline,D2,1500,False,1257
simulated,anthropic-paper_deadline@t1/005-t3-middle,anthropic-paper_deadline,D2,3000,False,2624
simulated,anthropic-paper_deadline@t1/005-t3-middle,anthropic-paper_deadline,D2,6000,True,4273
simulated,anthropic-paper_deadline@t1/005-t3-middle,anthropic-paper_deadline,D2,all,True,4273
simulated,anthropic-paper_deadline@t1/005-t3-middle,anthropic-paper_deadline,B2,250,False,0
simulated,anthropic-paper_deadline@t1/005-t3-middle,anthropic-paper_deadline,B2,500,False,275
simulated,anthropic-paper_deadline@t1/005-t3-middle,anthropic-paper_deadline,B2,1000,True,770
simulated,anthropic-paper_deadline@t1/005-t3-middle,anthropic-paper_deadline,B2,1500,True,1281
simulated,anthropic-paper_deadline@t1/005-t3-middle,anthropic-paper_deadline,B2,3000,True,2989
simulated,anthropic-paper_deadline@t1/005-t3-middle,anthropic-paper_deadline,B2,6000,True,5961
simulated,anthropic-paper_deadline@t1/005-t3-middle,anthropic-paper_deadline,B2,all,True,8491
simulated,anthropic-paper_deadline@t1/005-t3-middle,anthropic-paper_deadline,D4,250,False,169
simulated,anthropic-paper_deadline@t1/005-t3-middle,anthropic-paper_deadline,D4,500,False,169
simulated,anthropic-paper_deadline@t1/005-t3-middle,anthropic-paper_deadline,D4,1000,False,892
simulated,anthropic-paper_deadline@t1/005-t3-middle,anthropic-paper_deadline,D4,1500,False,1173
simulated,anthropic-paper_deadline@t1/005-t3-middle,anthropic-paper_deadline,D4,3000,False,2954
simulated,anthropic-paper_deadline@t1/005-t3-middle,anthropic-paper_deadline,D4,6000,True,4273
simulated,anthropic-paper_deadline@t1/005-t3-middle,anthropic-paper_deadline,D4,all,True,4273
simulated,anthropic-paper_deadline@t1/005-t3-middle,anthropic-paper_deadline,Z4,250,False,176
simulated,anthropic-paper_deadline@t1/005-t3-middle,anthropic-paper_deadline,Z4,500,False,176
simulated,anthropic-paper_deadline@t1/005-t3-middle,anthropic-paper_deadline,Z4,1000,False,845
simulated,anthropic-paper_deadline@t1/005-t3-middle,anthropic-paper_deadline,Z4,1500,False,1363
simulated,anthropic-paper_deadline@t1/005-t3-middle,anthropic-paper_deadline,Z4,3000,False,2591
simulated,anthropic-paper_deadline@t1/005-t3-middle,anthropic-paper_deadline,Z4,6000,True,4923
simulated,anthropic-paper_deadline@t1/005-t3-middle,anthropic-paper_deadline,Z4,all,True,4923
simulated,anthropic-paper_deadline@t1/005-t3-middle,anthropic-paper_deadline,L4,250,False,177
simulated,anthropic-paper_deadline@t1/005-t3-middle,anthropic-paper_deadline,L4,500,False,177
simulated,anthropic-paper_deadline@t1/005-t3-middle,anthropic-paper_deadline,L4,1000,False,916
simulated,anthropic-paper_deadline@t1/005-t3-middle,anthropic-paper_deadline,L4,1500,False,1208
simulated,anthropic-paper_deadline@t1/005-t3-middle,anthropic-paper_deadline,L4,3000,False,2787
simulated,anthropic-paper_deadline@t1/005-t3-middle,anthropic-paper_deadline,L4,6000,True,4416
simulated,anthropic-paper_deadline@t1/005-t3-middle,anthropic-paper_deadline,L4,all,True,4416
simulated,anthropic-paper_deadline@t1/005-t3-middle,anthropic-paper_deadline,L2,250,False,0
simulated,anthropic-paper_deadline@t1/005-t3-middle,anthropic-paper_deadline,L2,500,False,0
simulated,anthropic-paper_deadline@t1/005-t3-middle,anthropic-paper_deadline,L2,1000,False,766
simulated,anthropic-paper_deadline@t1/005-t3-middle,anthropic-paper_deadline,L2,1500,False,1289
simulated,anthropic-paper_deadline@t1/005-t3-middle,anthropic-paper_deadline,L2,3000,False,2708
simulated,anthropic-paper_deadline@t1/005-t3-middle,anthropic-paper_deadline,L2,6000,True,4416
simulated,anthropic-paper_deadline@t1/005-t3-middle,anthropic-paper_deadline,L2,all,True,4416
simulated,anthropic-paper_deadline@t1/005-t3-middle,anthropic-paper_deadline,E1,250,False,235
simulated,anthropic-paper_deadline@t1/005-t3-middle,anthropic-paper_deadline,E1,500,True,485
simulated,anthropic-paper_deadline@t1/005-t3-middle,anthropic-paper_deadline,E1,1000,True,969
simulated,anthropic-paper_deadline@t1/005-t3-middle,anthropic-paper_deadline,E1,1500,True,1467
simulated,anthropic-paper_deadline@t1/005-t3-middle,anthropic-paper_deadline,E1,3000,True,2972
simulated,anthropic-paper_deadline@t1/005-t3-middle,anthropic-paper_deadline,E1,6000,True,4526
simulated,anthropic-paper_deadline@t1/005-t3-middle,anthropic-paper_deadline,E1,all,True,4526
simulated,anthropic-paper_deadline@t1/005-t3-middle,anthropic-paper_deadline,E4,250,False,216
simulated,anthropic-paper_deadline@t1/005-t3-middle,anthropic-paper_deadline,E4,500,False,483
simulated,anthropic-paper_deadline@t1/005-t3-middle,anthropic-paper_deadline,E4,1000,False,981
simulated,anthropic-paper_deadline@t1/005-t3-middle,anthropic-paper_deadline,E4,1500,True,1463
simulated,anthropic-paper_deadline@t1/005-t3-middle,anthropic-paper_deadline,E4,3000,True,2983
simulated,anthropic-paper_deadline@t1/005-t3-middle,anthropic-paper_deadline,E4,6000,True,4526
simulated,anthropic-paper_deadline@t1/005-t3-middle,anthropic-paper_deadline,E4,all,True,4526
simulated,anthropic-paper_deadline@t1/005-t4-start,anthropic-paper_deadline,D1,250,False,0
simulated,anthropic-paper_deadline@t1/005-t4-start,anthropic-paper_deadline,D1,500,False,331
simulated,anthropic-paper_deadline@t1/005-t4-start,anthropic-paper_deadline,D1,1000,False,737
simulated,anthropic-paper_deadline@t1/005-t4-start,anthropic-paper_deadline,D1,1500,False,1207
simulated,anthropic-paper_deadline@t1/005-t4-start,anthropic-paper_deadline,D1,3000,True,2881
simulated,anthropic-paper_deadline@t1/005-t4-start,anthropic-paper_deadline,D1,6000,True,5528
simulated,anthropic-paper_deadline@t1/005-t4-start,anthropic-paper_deadline,D1,all,True,5528
simulated,anthropic-paper_deadline@t1/005-t4-start,anthropic-paper_deadline,D2,250,False,0
simulated,anthropic-paper_deadline@t1/005-t4-start,anthropic-paper_deadline,D2,500,False,331
simulated,anthropic-paper_deadline@t1/005-t4-start,anthropic-paper_deadline,D2,1000,False,623
simulated,anthropic-paper_deadline@t1/005-t4-start,anthropic-paper_deadline,D2,1500,False,1113
simulated,anthropic-paper_deadline@t1/005-t4-start,anthropic-paper_deadline,D2,3000,False,2932
simulated,anthropic-paper_deadline@t1/005-t4-start,anthropic-paper_deadline,D2,6000,True,5528
simulated,anthropic-paper_deadline@t1/005-t4-start,anthropic-paper_deadline,D2,all,True,5528
simulated,anthropic-paper_deadline@t1/005-t4-start,anthropic-paper_deadline,B2,250,False,0
simulated,anthropic-paper_deadline@t1/005-t4-start,anthropic-paper_deadline,B2,500,False,290
simulated,anthropic-paper_deadline@t1/005-t4-start,anthropic-paper_deadline,B2,1000,False,827
simulated,anthropic-paper_deadline@t1/005-t4-start,anthropic-paper_deadline,B2,1500,False,1374
simulated,anthropic-paper_deadline@t1/005-t4-start,anthropic-paper_deadline,B2,3000,True,2922
simulated,anthropic-paper_deadline@t1/005-t4-start,anthropic-paper_deadline,B2,6000,True,5844
simulated,anthropic-paper_deadline@t1/005-t4-start,anthropic-paper_deadline,B2,all,True,9966
simulated,anthropic-paper_deadline@t1/005-t4-start,anthropic-paper_deadline,D4,250,False,0
simulated,anthropic-paper_deadline@t1/005-t4-start,anthropic-paper_deadline,D4,500,False,331
simulated,anthropic-paper_deadline@t1/005-t4-start,anthropic-paper_deadline,D4,1000,False,821
simulated,anthropic-paper_deadline@t1/005-t4-start,anthropic-paper_deadline,D4,1500,False,1291
simulated,anthropic-paper_deadline@t1/005-t4-start,anthropic-paper_deadline,D4,3000,False,2852
simulated,anthropic-paper_deadline@t1/005-t4-start,anthropic-paper_deadline,D4,6000,True,5528
simulated,anthropic-paper_deadline@t1/005-t4-start,anthropic-paper_deadline,D4,all,True,5528
simulated,anthropic-paper_deadline@t1/005-t4-start,anthropic-paper_deadline,Z4,250,False,0
simulated,anthropic-paper_deadline@t1/005-t4-start,anthropic-paper_deadline,Z4,500,False,290
simulated,anthropic-paper_deadline@t1/005-t4-start,anthropic-paper_deadline,Z4,1000,False,808
simulated,anthropic-paper_deadline@t1/005-t4-start,anthropic-paper_deadline,Z4,1500,False,1188
simulated,anthropic-paper_deadline@t1/005-t4-start,anthropic-paper_deadline,Z4,3000,True,2552
simulated,anthropic-paper_deadline@t1/005-t4-start,anthropic-paper_deadline,Z4,6000,True,5156
simulated,anthropic-paper_deadline@t1/005-t4-start,anthropic-paper_deadline,Z4,all,True,5156
simulated,anthropic-paper_deadline@t1/005-t4-start,anthropic-paper_deadline,L4,250,False,0
simulated,anthropic-paper_deadline@t1/005-t4-start,anthropic-paper_deadline,L4,500,False,338
simulated,anthropic-paper_deadline@t1/005-t4-start,anthropic-paper_deadline,L4,1000,False,838
simulated,anthropic-paper_deadline@t1/005-t4-start,anthropic-paper_deadline,L4,1500,False,1319
simulated,anthropic-paper_deadline@t1/005-t4-start,anthropic-paper_deadline,L4,3000,False,2920
simulated,anthropic-paper_deadline@t1/005-t4-start,anthropic-paper_deadline,L4,6000,True,5734
simulated,anthropic-paper_deadline@t1/005-t4-start,anthropic-paper_deadline,L4,all,True,5734
simulated,anthropic-paper_deadline@t1/005-t4-start,anthropic-paper_deadline,L2,250,False,0
simulated,anthropic-paper_deadline@t1/005-t4-start,anthropic-paper_deadline,L2,500,False,473
simulated,anthropic-paper_deadline@t1/005-t4-start,anthropic-paper_deadline,L2,1000,False,774
simulated,anthropic-paper_deadline@t1/005-t4-start,anthropic-paper_deadline,L2,1500,False,1069
simulated,anthropic-paper_deadline@t1/005-t4-start,anthropic-paper_deadline,L2,3000,False,2490
simulated,anthropic-paper_deadline@t1/005-t4-start,anthropic-paper_deadline,L2,6000,True,5734
simulated,anthropic-paper_deadline@t1/005-t4-start,anthropic-paper_deadline,L2,all,True,5734
simulated,anthropic-paper_deadline@t1/005-t4-start,anthropic-paper_deadline,E1,250,True,240
simulated,anthropic-paper_deadline@t1/005-t4-start,anthropic-paper_deadline,E1,500,True,462
simulated,anthropic-paper_deadline@t1/005-t4-start,anthropic-paper_deadline,E1,1000,True,986
simulated,anthropic-paper_deadline@t1/005-t4-start,anthropic-paper_deadline,E1,1500,True,1470
simulated,anthropic-paper_deadline@t1/005-t4-start,anthropic-paper_deadline,E1,3000,True,2977
simulated,anthropic-paper_deadline@t1/005-t4-start,anthropic-paper_deadline,E1,6000,True,5388
simulated,anthropic-paper_deadline@t1/005-t4-start,anthropic-paper_deadline,E1,all,True,5388
simulated,anthropic-paper_deadline@t1/005-t4-start,anthropic-paper_deadline,E4,250,False,210
simulated,anthropic-paper_deadline@t1/005-t4-start,anthropic-paper_deadline,E4,500,False,485
simulated,anthropic-paper_deadline@t1/005-t4-start,anthropic-paper_deadline,E4,1000,False,989
simulated,anthropic-paper_deadline@t1/005-t4-start,anthropic-paper_deadline,E4,1500,True,1486
simulated,anthropic-paper_deadline@t1/005-t4-start,anthropic-paper_deadline,E4,3000,True,2992
simulated,anthropic-paper_deadline@t1/005-t4-start,anthropic-paper_deadline,E4,6000,True,5388
simulated,anthropic-paper_deadline@t1/005-t4-start,anthropic-paper_deadline,E4,all,True,5388
simulated,anthropic-paper_deadline@t1/005-t4-middle,anthropic-paper_deadline,D1,250,False,0
simulated,anthropic-paper_deadline@t1/005-t4-middle,anthropic-paper_deadline,D1,500,False,383
simulated,anthropic-paper_deadline@t1/005-t4-middle,anthropic-paper_deadline,D1,1000,False,741
simulated,anthropic-paper_deadline@t1/005-t4-middle,anthropic-paper_deadline,D1,1500,False,1428
simulated,anthropic-paper_deadline@t1/005-t4-middle,anthropic-paper_deadline,D1,3000,False,2755
simulated,anthropic-paper_deadline@t1/005-t4-middle,anthropic-paper_deadline,D1,6000,True,5954
simulated,anthropic-paper_deadline@t1/005-t4-middle,anthropic-paper_deadline,D1,all,True,6177
simulated,anthropic-paper_deadline@t1/005-t4-middle,anthropic-paper_deadline,D2,250,False,0
simulated,anthropic-paper_deadline@t1/005-t4-middle,anthropic-paper_deadline,D2,500,False,292
simulated,anthropic-paper_deadline@t1/005-t4-middle,anthropic-paper_deadline,D2,1000,False,986
simulated,anthropic-paper_deadline@t1/005-t4-middle,anthropic-paper_deadline,D2,1500,False,1247
simulated,anthropic-paper_deadline@t1/005-t4-middle,anthropic-paper_deadline,D2,3000,False,2931
simulated,anthropic-paper_deadline@t1/005-t4-middle,anthropic-paper_deadline,D2,6000,False,5992
simulated,anthropic-paper_deadline@t1/005-t4-middle,anthropic-paper_deadline,D2,all,True,6177
simulated,anthropic-paper_deadline@t1/005-t4-middle,anthropic-paper_deadline,B2,250,True,213
simulated,anthropic-paper_deadline@t1/005-t4-middle,anthropic-paper_deadline,B2,500,True,480
simulated,anthropic-paper_deadline@t1/005-t4-middle,anthropic-paper_deadline,B2,1000,True,953
simulated,anthropic-paper_deadline@t1/005-t4-middle,anthropic-paper_deadline,B2,1500,True,1493
simulated,anthropic-paper_deadline@t1/005-t4-middle,anthropic-paper_deadline,B2,3000,True,2841
simulated,anthropic-paper_deadline@t1/005-t4-middle,anthropic-paper_deadline,B2,6000,True,5765
simulated,anthropic-paper_deadline@t1/005-t4-middle,anthropic-paper_deadline,B2,all,True,12108
simulated,anthropic-paper_deadline@t1/005-t4-middle,anthropic-paper_deadline,D4,250,False,0
simulated,anthropic-paper_deadline@t1/005-t4-middle,anthropic-paper_deadline,D4,500,False,358
simulated,anthropic-paper_deadline@t1/005-t4-middle,anthropic-paper_deadline,D4,1000,False,586
simulated,anthropic-paper_deadline@t1/005-t4-middle,anthropic-paper_deadline,D4,1500,False,1357
simulated,anthropic-paper_deadline@t1/005-t4-middle,anthropic-paper_deadline,D4,3000,False,2977
simulated,anthropic-paper_deadline@t1/005-t4-middle,anthropic-paper_deadline,D4,6000,True,5914
simulated,anthropic-paper_deadline@t1/005-t4-middle,anthropic-paper_deadline,D4,all,True,6177
simulated,anthropic-paper_deadline@t1/005-t4-middle,anthropic-paper_deadline,Z4,250,False,0
simulated,anthropic-paper_deadline@t1/005-t4-middle,anthropic-paper_deadline,Z4,500,False,416
simulated,anthropic-paper_deadline@t1/005-t4-middle,anthropic-paper_deadline,Z4,1000,False,933
simulated,anthropic-paper_deadline@t1/005-t4-middle,anthropic-paper_deadline,Z4,1500,True,1374
simulated,anthropic-paper_deadline@t1/005-t4-middle,anthropic-paper_deadline,Z4,3000,True,2812
simulated,anthropic-paper_deadline@t1/005-t4-middle,anthropic-paper_deadline,Z4,6000,True,5955
simulated,anthropic-paper_deadline@t1/005-t4-middle,anthropic-paper_deadline,Z4,all,True,6476
simulated,anthropic-paper_deadline@t1/005-t4-middle,anthropic-paper_deadline,L4,250,False,0
simulated,anthropic-paper_deadline@t1/005-t4-middle,anthropic-paper_deadline,L4,500,False,428
simulated,anthropic-paper_deadline@t1/005-t4-middle,anthropic-paper_deadline,L4,1000,False,904
simulated,anthropic-paper_deadline@t1/005-t4-middle,anthropic-paper_deadline,L4,1500,False,1385
simulated,anthropic-paper_deadline@t1/005-t4-middle,anthropic-paper_deadline,L4,3000,False,2807
simulated,anthropic-paper_deadline@t1/005-t4-middle,anthropic-paper_deadline,L4,6000,False,5827
simulated,anthropic-paper_deadline@t1/005-t4-middle,anthropic-paper_deadline,L4,all,True,6416
simulated,anthropic-paper_deadline@t1/005-t4-middle,anthropic-paper_deadline,L2,250,False,0
simulated,anthropic-paper_deadline@t1/005-t4-middle,anthropic-paper_deadline,L2,500,False,436
simulated,anthropic-paper_deadline@t1/005-t4-middle,anthropic-paper_deadline,L2,1000,False,868
simulated,anthropic-paper_deadline@t1/005-t4-middle,anthropic-paper_deadline,L2,1500,False,1489
simulated,anthropic-paper_deadline@t1/005-t4-middle,anthropic-paper_deadline,L2,3000,False,2818
simulated,anthropic-paper_deadline@t1/005-t4-middle,anthropic-paper_deadline,L2,6000,False,5940
simulated,anthropic-paper_deadline@t1/005-t4-middle,anthropic-paper_deadline,L2,all,True,6416
simulated,anthropic-paper_deadline@t1/005-t4-middle,anthropic-paper_deadline,E1,250,False,239
simulated,anthropic-paper_deadline@t1/005-t4-middle,anthropic-paper_deadline,E1,500,True,488
simulated,anthropic-paper_deadline@t1/005-t4-middle,anthropic-paper_deadline,E1,1000,True,981
simulated,anthropic-paper_deadline@t1/005-t4-middle,anthropic-paper_deadline,E1,1500,True,1460
simulated,anthropic-paper_deadline@t1/005-t4-middle,anthropic-paper_deadline,E1,3000,True,2996
simulated,anthropic-paper_deadline@t1/005-t4-middle,anthropic-paper_deadline,E1,6000,True,5991
simulated,anthropic-paper_deadline@t1/005-t4-middle,anthropic-paper_deadline,E1,all,True,6519
simulated,anthropic-paper_deadline@t1/005-t4-middle,anthropic-paper_deadline,E4,250,False,232
simulated,anthropic-paper_deadline@t1/005-t4-middle,anthropic-paper_deadline,E4,500,False,478
simulated,anthropic-paper_deadline@t1/005-t4-middle,anthropic-paper_deadline,E4,1000,False,996
simulated,anthropic-paper_deadline@t1/005-t4-middle,anthropic-paper_deadline,E4,1500,True,1484
simulated,anthropic-paper_deadline@t1/005-t4-middle,anthropic-paper_deadline,E4,3000,True,2969
simulated,anthropic-paper_deadline@t1/005-t4-middle,anthropic-paper_deadline,E4,6000,True,5970
simulated,anthropic-paper_deadline@t1/005-t4-middle,anthropic-paper_deadline,E4,all,True,6519
simulated,anthropic-paper_deadline@t1/005-t5-start,anthropic-paper_deadline,D1,250,False,199
simulated,anthropic-paper_deadline@t1/005-t5-start,anthropic-paper_deadline,D1,500,False,199
simulated,anthropic-paper_deadline@t1/005-t5-start,anthropic-paper_deadline,D1,1000,False,858
simulated,anthropic-paper_deadline@t1/005-t5-start,anthropic-paper_deadline,D1,1500,False,1328
simulated,anthropic-paper_deadline@t1/005-t5-start,anthropic-paper_deadline,D1,3000,False,2777
simulated,anthropic-paper_deadline@t1/005-t5-start,anthropic-paper_deadline,D1,6000,True,5727
simulated,anthropic-paper_deadline@t1/005-t5-start,anthropic-paper_deadline,D1,all,True,7073
simulated,anthropic-paper_deadline@t1/005-t5-start,anthropic-paper_deadline,D2,250,False,0
simulated,anthropic-paper_deadline@t1/005-t5-start,anthropic-paper_deadline,D2,500,False,499
simulated,anthropic-paper_deadline@t1/005-t5-start,anthropic-paper_deadline,D2,1000,False,894
simulated,anthropic-paper_deadline@t1/005-t5-start,anthropic-paper_deadline,D2,1500,False,1257
simulated,anthropic-paper_deadline@t1/005-t5-start,anthropic-paper_deadline,D2,3000,False,2810
simulated,anthropic-paper_deadline@t1/005-t5-start,anthropic-paper_deadline,D2,6000,False,5934
simulated,anthropic-paper_deadline@t1/005-t5-start,anthropic-paper_deadline,D2,all,True,7073
simulated,anthropic-paper_deadline@t1/005-t5-start,anthropic-paper_deadline,B2,250,False,0
simulated,anthropic-paper_deadline@t1/005-t5-start,anthropic-paper_deadline,B2,500,False,495
simulated,anthropic-paper_deadline@t1/005-t5-start,anthropic-paper_deadline,B2,1000,True,982
simulated,anthropic-paper_deadline@t1/005-t5-start,anthropic-paper_deadline,B2,1500,True,1234
simulated,anthropic-paper_deadline@t1/005-t5-start,anthropic-paper_deadline,B2,3000,True,2826
simulated,anthropic-paper_deadline@t1/005-t5-start,anthropic-paper_deadline,B2,6000,True,5954
simulated,anthropic-paper_deadline@t1/005-t5-start,anthropic-paper_deadline,B2,all,True,13784
simulated,anthropic-paper_deadline@t1/005-t5-start,anthropic-paper_deadline,D4,250,False,239
simulated,anthropic-paper_deadline@t1/005-t5-start,anthropic-paper_deadline,D4,500,False,448
simulated,anthropic-paper_deadline@t1/005-t5-start,anthropic-paper_deadline,D4,1000,False,843
simulated,anthropic-paper_deadline@t1/005-t5-start,anthropic-paper_deadline,D4,1500,False,1201
simulated,anthropic-paper_deadline@t1/005-t5-start,anthropic-paper_deadline,D4,3000,False,2834
simulated,anthropic-paper_deadline@t1/005-t5-start,anthropic-paper_deadline,D4,6000,False,5787
simulated,anthropic-paper_deadline@t1/005-t5-start,anthropic-paper_deadline,D4,all,True,7073
simulated,anthropic-paper_deadline@t1/005-t5-start,anthropic-paper_deadline,Z4,250,False,0
simulated,anthropic-paper_deadline@t1/005-t5-start,anthropic-paper_deadline,Z4,500,False,0
simulated,anthropic-paper_deadline@t1/005-t5-start,anthropic-paper_deadline,Z4,1000,False,897
simulated,anthropic-paper_deadline@t1/005-t5-start,anthropic-paper_deadline,Z4,1500,False,1402
simulated,anthropic-paper_deadline@t1/005-t5-start,anthropic-paper_deadline,Z4,3000,False,2785
simulated,anthropic-paper_deadline@t1/005-t5-start,anthropic-paper_deadline,Z4,6000,True,5734
simulated,anthropic-paper_deadline@t1/005-t5-start,anthropic-paper_deadline,Z4,all,True,7439
simulated,anthropic-paper_deadline@t1/005-t5-start,anthropic-paper_deadline,L4,250,False,49
simulated,anthropic-paper_deadline@t1/005-t5-start,anthropic-paper_deadline,L4,500,False,473
simulated,anthropic-paper_deadline@t1/005-t5-start,anthropic-paper_deadline,L4,1000,False,888
simulated,anthropic-paper_deadline@t1/005-t5-start,anthropic-paper_deadline,L4,1500,False,1257
simulated,anthropic-paper_deadline@t1/005-t5-start,anthropic-paper_deadline,L4,3000,False,2930
simulated,anthropic-paper_deadline@t1/005-t5-start,anthropic-paper_deadline,L4,6000,False,5980
simulated,anthropic-paper_deadline@t1/005-t5-start,anthropic-paper_deadline,L4,all,True,7348
simulated,anthropic-paper_deadline@t1/005-t5-start,anthropic-paper_deadline,L2,250,False,244
simulated,anthropic-paper_deadline@t1/005-t5-start,anthropic-paper_deadline,L2,500,False,475
simulated,anthropic-paper_deadline@t1/005-t5-start,anthropic-paper_deadline,L2,1000,False,930
simulated,anthropic-paper_deadline@t1/005-t5-start,anthropic-paper_deadline,L2,1500,False,1174
simulated,anthropic-paper_deadline@t1/005-t5-start,anthropic-paper_deadline,L2,3000,False,2846
simulated,anthropic-paper_deadline@t1/005-t5-start,anthropic-paper_deadline,L2,6000,False,5959
simulated,anthropic-paper_deadline@t1/005-t5-start,anthropic-paper_deadline,L2,all,True,7348
simulated,anthropic-paper_deadline@t1/005-t5-start,anthropic-paper_deadline,E1,250,False,230
simulated,anthropic-paper_deadline@t1/005-t5-start,anthropic-paper_deadline,E1,500,False,494
simulated,anthropic-paper_deadline@t1/005-t5-start,anthropic-paper_deadline,E1,1000,True,965
simulated,anthropic-paper_deadline@t1/005-t5-start,anthropic-paper_deadline,E1,1500,True,1497
simulated,anthropic-paper_deadline@t1/005-t5-start,anthropic-paper_deadline,E1,3000,True,2991
simulated,anthropic-paper_deadline@t1/005-t5-start,anthropic-paper_deadline,E1,6000,True,5978
simulated,anthropic-paper_deadline@t1/005-t5-start,anthropic-paper_deadline,E1,all,True,7560
simulated,anthropic-paper_deadline@t1/005-t5-start,anthropic-paper_deadline,E4,250,False,232
simulated,anthropic-paper_deadline@t1/005-t5-start,anthropic-paper_deadline,E4,500,False,497
simulated,anthropic-paper_deadline@t1/005-t5-start,anthropic-paper_deadline,E4,1000,True,992
simulated,anthropic-paper_deadline@t1/005-t5-start,anthropic-paper_deadline,E4,1500,True,1467
simulated,anthropic-paper_deadline@t1/005-t5-start,anthropic-paper_deadline,E4,3000,True,2998
simulated,anthropic-paper_deadline@t1/005-t5-start,anthropic-paper_deadline,E4,6000,True,5965
simulated,anthropic-paper_deadline@t1/005-t5-start,anthropic-paper_deadline,E4,all,True,7560
simulated,anthropic-paper_deadline@t1/005-t5-middle,anthropic-paper_deadline,D1,250,False,0
simulated,anthropic-paper_deadline@t1/005-t5-middle,anthropic-paper_deadline,D1,500,False,406
simulated,anthropic-paper_deadline@t1/005-t5-middle,anthropic-paper_deadline,D1,1000,False,905
simulated,anthropic-paper_deadline@t1/005-t5-middle,anthropic-paper_deadline,D1,1500,False,1395
simulated,anthropic-paper_deadline@t1/005-t5-middle,anthropic-paper_deadline,D1,3000,False,2732
simulated,anthropic-paper_deadline@t1/005-t5-middle,anthropic-paper_deadline,D1,6000,False,5838
simulated,anthropic-paper_deadline@t1/005-t5-middle,anthropic-paper_deadline,D1,all,True,7830
simulated,anthropic-paper_deadline@t1/005-t5-middle,anthropic-paper_deadline,D2,250,False,199
simulated,anthropic-paper_deadline@t1/005-t5-middle,anthropic-paper_deadline,D2,500,False,491
simulated,anthropic-paper_deadline@t1/005-t5-middle,anthropic-paper_deadline,D2,1000,False,727
simulated,anthropic-paper_deadline@t1/005-t5-middle,anthropic-paper_deadline,D2,1500,False,1012
simulated,anthropic-paper_deadline@t1/005-t5-middle,anthropic-paper_deadline,D2,3000,False,2813
simulated,anthropic-paper_deadline@t1/005-t5-middle,anthropic-paper_deadline,D2,6000,False,5887
simulated,anthropic-paper_deadline@t1/005-t5-middle,anthropic-paper_deadline,D2,all,True,7830
simulated,anthropic-paper_deadline@t1/005-t5-middle,anthropic-paper_deadline,B2,250,False,245
simulated,anthropic-paper_deadline@t1/005-t5-middle,anthropic-paper_deadline,B2,500,True,479
simulated,anthropic-paper_deadline@t1/005-t5-middle,anthropic-paper_deadline,B2,1000,True,976
simulated,anthropic-paper_deadline@t1/005-t5-middle,anthropic-paper_deadline,B2,1500,True,1232
simulated,anthropic-paper_deadline@t1/005-t5-middle,anthropic-paper_deadline,B2,3000,True,2805
simulated,anthropic-paper_deadline@t1/005-t5-middle,anthropic-paper_deadline,B2,6000,True,5781
simulated,anthropic-paper_deadline@t1/005-t5-middle,anthropic-paper_deadline,B2,all,True,15307
simulated,anthropic-paper_deadline@t1/005-t5-middle,anthropic-paper_deadline,D4,250,False,0
simulated,anthropic-paper_deadline@t1/005-t5-middle,anthropic-paper_deadline,D4,500,False,406
simulated,anthropic-paper_deadline@t1/005-t5-middle,anthropic-paper_deadline,D4,1000,False,896
simulated,anthropic-paper_deadline@t1/005-t5-middle,anthropic-paper_deadline,D4,1500,False,1366
simulated,anthropic-paper_deadline@t1/005-t5-middle,anthropic-paper_deadline,D4,3000,False,2786
simulated,anthropic-paper_deadline@t1/005-t5-middle,anthropic-paper_deadline,D4,6000,False,5998
simulated,anthropic-paper_deadline@t1/005-t5-middle,anthropic-paper_deadline,D4,all,True,7830
simulated,anthropic-paper_deadline@t1/005-t5-middle,anthropic-paper_deadline,Z4,250,False,0
simulated,anthropic-paper_deadline@t1/005-t5-middle,anthropic-paper_deadline,Z4,500,False,406
simulated,anthropic-paper_deadline@t1/005-t5-middle,anthropic-paper_deadline,Z4,1000,False,924
simulated,anthropic-paper_deadline@t1/005-t5-middle,anthropic-paper_deadline,Z4,1500,True,1365
simulated,anthropic-paper_deadline@t1/005-t5-middle,anthropic-paper_deadline,Z4,3000,True,2871
simulated,anthropic-paper_deadline@t1/005-t5-middle,anthropic-paper_deadline,Z4,6000,True,5802
simulated,anthropic-paper_deadline@t1/005-t5-middle,anthropic-paper_deadline,Z4,all,True,7861
simulated,anthropic-paper_deadline@t1/005-t5-middle,anthropic-paper_deadline,L4,250,False,0
simulated,anthropic-paper_deadline@t1/005-t5-middle,anthropic-paper_deadline,L4,500,False,414
simulated,anthropic-paper_deadline@t1/005-t5-middle,anthropic-paper_deadline,L4,1000,False,914
simulated,anthropic-paper_deadline@t1/005-t5-middle,anthropic-paper_deadline,L4,1500,False,1395
simulated,anthropic-paper_deadline@t1/005-t5-middle,anthropic-paper_deadline,L4,3000,False,2852
simulated,anthropic-paper_deadline@t1/005-t5-middle,anthropic-paper_deadline,L4,6000,False,5980
simulated,anthropic-paper_deadline@t1/005-t5-middle,anthropic-paper_deadline,L4,all,True,8136
simulated,anthropic-paper_deadline@t1/005-t5-middle,anthropic-paper_deadline,L2,250,False,208
simulated,anthropic-paper_deadline@t1/005-t5-middle,anthropic-paper_deadline,L2,500,False,452
simulated,anthropic-paper_deadline@t1/005-t5-middle,anthropic-paper_deadline,L2,1000,False,747
simulated,anthropic-paper_deadline@t1/005-t5-middle,anthropic-paper_deadline,L2,1500,False,1048
simulated,anthropic-paper_deadline@t1/005-t5-middle,anthropic-paper_deadline,L2,3000,False,2826
simulated,anthropic-paper_deadline@t1/005-t5-middle,anthropic-paper_deadline,L2,6000,True,6000
simulated,anthropic-paper_deadline@t1/005-t5-middle,anthropic-paper_deadline,L2,all,True,8136
simulated,anthropic-paper_deadline@t1/005-t5-middle,anthropic-paper_deadline,E1,250,False,218
simulated,anthropic-paper_deadline@t1/005-t5-middle,anthropic-paper_deadline,E1,500,True,451
simulated,anthropic-paper_deadline@t1/005-t5-middle,anthropic-paper_deadline,E1,1000,True,984
simulated,anthropic-paper_deadline@t1/005-t5-middle,anthropic-paper_deadline,E1,1500,True,1493
simulated,anthropic-paper_deadline@t1/005-t5-middle,anthropic-paper_deadline,E1,3000,True,2980
simulated,anthropic-paper_deadline@t1/005-t5-middle,anthropic-paper_deadline,E1,6000,True,5979
simulated,anthropic-paper_deadline@t1/005-t5-middle,anthropic-paper_deadline,E1,all,True,8290
simulated,anthropic-paper_deadline@t1/005-t5-middle,anthropic-paper_deadline,E4,250,False,224
simulated,anthropic-paper_deadline@t1/005-t5-middle,anthropic-paper_deadline,E4,500,False,487
simulated,anthropic-paper_deadline@t1/005-t5-middle,anthropic-paper_deadline,E4,1000,True,972
simulated,anthropic-paper_deadline@t1/005-t5-middle,anthropic-paper_deadline,E4,1500,True,1478
simulated,anthropic-paper_deadline@t1/005-t5-middle,anthropic-paper_deadline,E4,3000,True,2970
simulated,anthropic-paper_deadline@t1/005-t5-middle,anthropic-paper_deadline,E4,6000,True,5963
simulated,anthropic-paper_deadline@t1/005-t5-middle,anthropic-paper_deadline,E4,all,True,8290
simulated,anthropic-suite_version@t1/008-t2-start,anthropic-suite_version,D1,250,False,122
simulated,anthropic-suite_version@t1/008-t2-start,anthropic-suite_version,D1,500,True,402
simulated,anthropic-suite_version@t1/008-t2-start,anthropic-suite_version,D1,1000,True,916
simulated,anthropic-suite_version@t1/008-t2-start,anthropic-suite_version,D1,1500,True,1294
simulated,anthropic-suite_version@t1/008-t2-start,anthropic-suite_version,D1,3000,True,1679
simulated,anthropic-suite_version@t1/008-t2-start,anthropic-suite_version,D1,6000,True,1679
simulated,anthropic-suite_version@t1/008-t2-start,anthropic-suite_version,D1,all,True,1679
simulated,anthropic-suite_version@t1/008-t2-start,anthropic-suite_version,D2,250,True,236
simulated,anthropic-suite_version@t1/008-t2-start,anthropic-suite_version,D2,500,True,445
simulated,anthropic-suite_version@t1/008-t2-start,anthropic-suite_version,D2,1000,True,959
simulated,anthropic-suite_version@t1/008-t2-start,anthropic-suite_version,D2,1500,True,1466
simulated,anthropic-suite_version@t1/008-t2-start,anthropic-suite_version,D2,3000,True,1679
simulated,anthropic-suite_version@t1/008-t2-start,anthropic-suite_version,D2,6000,True,1679
simulated,anthropic-suite_version@t1/008-t2-start,anthropic-suite_version,D2,all,True,1679
simulated,anthropic-suite_version@t1/008-t2-start,anthropic-suite_version,B2,250,True,234
simulated,anthropic-suite_version@t1/008-t2-start,anthropic-suite_version,B2,500,True,447
simulated,anthropic-suite_version@t1/008-t2-start,anthropic-suite_version,B2,1000,True,941
simulated,anthropic-suite_version@t1/008-t2-start,anthropic-suite_version,B2,1500,True,1476
simulated,anthropic-suite_version@t1/008-t2-start,anthropic-suite_version,B2,3000,True,2971
simulated,anthropic-suite_version@t1/008-t2-start,anthropic-suite_version,B2,6000,True,3140
simulated,anthropic-suite_version@t1/008-t2-start,anthropic-suite_version,B2,all,True,3140
simulated,anthropic-suite_version@t1/008-t2-start,anthropic-suite_version,D4,250,True,236
simulated,anthropic-suite_version@t1/008-t2-start,anthropic-suite_version,D4,500,True,449
simulated,anthropic-suite_version@t1/008-t2-start,anthropic-suite_version,D4,1000,True,963
simulated,anthropic-suite_version@t1/008-t2-start,anthropic-suite_version,D4,1500,True,1470
simulated,anthropic-suite_version@t1/008-t2-start,anthropic-suite_version,D4,3000,True,1679
simulated,anthropic-suite_version@t1/008-t2-start,anthropic-suite_version,D4,6000,True,1679
simulated,anthropic-suite_version@t1/008-t2-start,anthropic-suite_version,D4,all,True,1679
simulated,anthropic-suite_version@t1/008-t2-start,anthropic-suite_version,Z4,250,False,0
simulated,anthropic-suite_version@t1/008-t2-start,anthropic-suite_version,Z4,500,True,441
simulated,anthropic-suite_version@t1/008-t2-start,anthropic-suite_version,Z4,1000,True,919
simulated,anthropic-suite_version@t1/008-t2-start,anthropic-suite_version,Z4,1500,True,1424
simulated,anthropic-suite_version@t1/008-t2-start,anthropic-suite_version,Z4,3000,True,1686
simulated,anthropic-suite_version@t1/008-t2-start,anthropic-suite_version,Z4,6000,True,1686
simulated,anthropic-suite_version@t1/008-t2-start,anthropic-suite_version,Z4,all,True,1686
simulated,anthropic-suite_version@t1/008-t2-start,anthropic-suite_version,L4,250,True,244
simulated,anthropic-suite_version@t1/008-t2-start,anthropic-suite_version,L4,500,True,483
simulated,anthropic-suite_version@t1/008-t2-start,anthropic-suite_version,L4,1000,True,483
simulated,anthropic-suite_version@t1/008-t2-start,anthropic-suite_version,L4,1500,True,1351
simulated,anthropic-suite_version@t1/008-t2-start,anthropic-suite_version,L4,3000,True,1745
simulated,anthropic-suite_version@t1/008-t2-start,anthropic-suite_version,L4,6000,True,1745
simulated,anthropic-suite_version@t1/008-t2-start,anthropic-suite_version,L4,all,True,1745
simulated,anthropic-suite_version@t1/008-t2-start,anthropic-suite_version,L2,250,False,134
simulated,anthropic-suite_version@t1/008-t2-start,anthropic-suite_version,L2,500,False,351
simulated,anthropic-suite_version@t1/008-t2-start,anthropic-suite_version,L2,1000,True,648
simulated,anthropic-suite_version@t1/008-t2-start,anthropic-suite_version,L2,1500,True,1170
simulated,anthropic-suite_version@t1/008-t2-start,anthropic-suite_version,L2,3000,True,1745
simulated,anthropic-suite_version@t1/008-t2-start,anthropic-suite_version,L2,6000,True,1745
simulated,anthropic-suite_version@t1/008-t2-start,anthropic-suite_version,L2,all,True,1745
simulated,anthropic-suite_version@t1/008-t2-start,anthropic-suite_version,E1,250,True,218
simulated,anthropic-suite_version@t1/008-t2-start,anthropic-suite_version,E1,500,True,498
simulated,anthropic-suite_version@t1/008-t2-start,anthropic-suite_version,E1,1000,True,996
simulated,anthropic-suite_version@t1/008-t2-start,anthropic-suite_version,E1,1500,True,1483
simulated,anthropic-suite_version@t1/008-t2-start,anthropic-suite_version,E1,3000,True,1661
simulated,anthropic-suite_version@t1/008-t2-start,anthropic-suite_version,E1,6000,True,1661
simulated,anthropic-suite_version@t1/008-t2-start,anthropic-suite_version,E1,all,True,1661
simulated,anthropic-suite_version@t1/008-t2-start,anthropic-suite_version,E4,250,True,236
simulated,anthropic-suite_version@t1/008-t2-start,anthropic-suite_version,E4,500,True,490
simulated,anthropic-suite_version@t1/008-t2-start,anthropic-suite_version,E4,1000,True,997
simulated,anthropic-suite_version@t1/008-t2-start,anthropic-suite_version,E4,1500,True,1497
simulated,anthropic-suite_version@t1/008-t2-start,anthropic-suite_version,E4,3000,True,1661
simulated,anthropic-suite_version@t1/008-t2-start,anthropic-suite_version,E4,6000,True,1661
simulated,anthropic-suite_version@t1/008-t2-start,anthropic-suite_version,E4,all,True,1661
simulated,anthropic-suite_version@t1/008-t2-middle,anthropic-suite_version,D1,250,False,0
simulated,anthropic-suite_version@t1/008-t2-middle,anthropic-suite_version,D1,500,False,406
simulated,anthropic-suite_version@t1/008-t2-middle,anthropic-suite_version,D1,1000,True,642
simulated,anthropic-suite_version@t1/008-t2-middle,anthropic-suite_version,D1,1500,True,1447
simulated,anthropic-suite_version@t1/008-t2-middle,anthropic-suite_version,D1,3000,True,2085
simulated,anthropic-suite_version@t1/008-t2-middle,anthropic-suite_version,D1,6000,True,2085
simulated,anthropic-suite_version@t1/008-t2-middle,anthropic-suite_version,D1,all,True,2085
simulated,anthropic-suite_version@t1/008-t2-middle,anthropic-suite_version,D2,250,True,236
simulated,anthropic-suite_version@t1/008-t2-middle,anthropic-suite_version,D2,500,True,236
simulated,anthropic-suite_version@t1/008-t2-middle,anthropic-suite_version,D2,1000,True,750
simulated,anthropic-suite_version@t1/008-t2-middle,anthropic-suite_version,D2,1500,True,1365
simulated,anthropic-suite_version@t1/008-t2-middle,anthropic-suite_version,D2,3000,True,2085
simulated,anthropic-suite_version@t1/008-t2-middle,anthropic-suite_version,D2,6000,True,2085
simulated,anthropic-suite_version@t1/008-t2-middle,anthropic-suite_version,D2,all,True,2085
simulated,anthropic-suite_version@t1/008-t2-middle,anthropic-suite_version,B2,250,False,0
simulated,anthropic-suite_version@t1/008-t2-middle,anthropic-suite_version,B2,500,False,278
simulated,anthropic-suite_version@t1/008-t2-middle,anthropic-suite_version,B2,1000,True,993
simulated,anthropic-suite_version@t1/008-t2-middle,anthropic-suite_version,B2,1500,True,1484
simulated,anthropic-suite_version@t1/008-t2-middle,anthropic-suite_version,B2,3000,True,2903
simulated,anthropic-suite_version@t1/008-t2-middle,anthropic-suite_version,B2,6000,True,3952
simulated,anthropic-suite_version@t1/008-t2-middle,anthropic-suite_version,B2,all,True,3952
simulated,anthropic-suite_version@t1/008-t2-middle,anthropic-suite_version,D4,250,True,236
simulated,anthropic-suite_version@t1/008-t2-middle,anthropic-suite_version,D4,500,True,236
simulated,anthropic-suite_version@t1/008-t2-middle,anthropic-suite_version,D4,1000,True,750
simulated,anthropic-suite_version@t1/008-t2-middle,anthropic-suite_version,D4,1500,True,1278
simulated,anthropic-suite_version@t1/008-t2-middle,anthropic-suite_version,D4,3000,True,2085
simulated,anthropic-suite_version@t1/008-t2-middle,anthropic-suite_version,D4,6000,True,2085
simulated,anthropic-suite_version@t1/008-t2-middle,anthropic-suite_version,D4,all,True,2085
simulated,anthropic-suite_version@t1/008-t2-middle,anthropic-suite_version,Z4,250,False,0
simulated,anthropic-suite_version@t1/008-t2-middle,anthropic-suite_version,Z4,500,True,441
simulated,anthropic-suite_version@t1/008-t2-middle,anthropic-suite_version,Z4,1000,True,946
simulated,anthropic-suite_version@t1/008-t2-middle,anthropic-suite_version,Z4,1500,True,1352
simulated,anthropic-suite_version@t1/008-t2-middle,anthropic-suite_version,Z4,3000,True,2092
simulated,anthropic-suite_version@t1/008-t2-middle,anthropic-suite_version,Z4,6000,True,2092
simulated,anthropic-suite_version@t1/008-t2-middle,anthropic-suite_version,Z4,all,True,2092
simulated,anthropic-suite_version@t1/008-t2-middle,anthropic-suite_version,L4,250,True,244
simulated,anthropic-suite_version@t1/008-t2-middle,anthropic-suite_version,L4,500,True,244
simulated,anthropic-suite_version@t1/008-t2-middle,anthropic-suite_version,L4,1000,True,766
simulated,anthropic-suite_version@t1/008-t2-middle,anthropic-suite_version,L4,1500,True,1314
simulated,anthropic-suite_version@t1/008-t2-middle,anthropic-suite_version,L4,3000,True,2159
simulated,anthropic-suite_version@t1/008-t2-middle,anthropic-suite_version,L4,6000,True,2159
simulated,anthropic-suite_version@t1/008-t2-middle,anthropic-suite_version,L4,all,True,2159
simulated,anthropic-suite_version@t1/008-t2-middle,anthropic-suite_version,L2,250,True,244
simulated,anthropic-suite_version@t1/008-t2-middle,anthropic-suite_version,L2,500,True,461
simulated,anthropic-suite_version@t1/008-t2-middle,anthropic-suite_version,L2,1000,True,807
simulated,anthropic-suite_version@t1/008-t2-middle,anthropic-suite_version,L2,1500,True,1221
simulated,anthropic-suite_version@t1/008-t2-middle,anthropic-suite_version,L2,3000,True,2159
simulated,anthropic-suite_version@t1/008-t2-middle,anthropic-suite_version,L2,6000,True,2159
simulated,anthropic-suite_version@t1/008-t2-middle,anthropic-suite_version,L2,all,True,2159
simulated,anthropic-suite_version@t1/008-t2-middle,anthropic-suite_version,E1,250,True,241
simulated,anthropic-suite_version@t1/008-t2-middle,anthropic-suite_version,E1,500,True,493
simulated,anthropic-suite_version@t1/008-t2-middle,anthropic-suite_version,E1,1000,True,955
simulated,anthropic-suite_version@t1/008-t2-middle,anthropic-suite_version,E1,1500,True,1471
simulated,anthropic-suite_version@t1/008-t2-middle,anthropic-suite_version,E1,3000,True,2408
simulated,anthropic-suite_version@t1/008-t2-middle,anthropic-suite_version,E1,6000,True,2408
simulated,anthropic-suite_version@t1/008-t2-middle,anthropic-suite_version,E1,all,True,2408
simulated,anthropic-suite_version@t1/008-t2-middle,anthropic-suite_version,E4,250,True,236
simulated,anthropic-suite_version@t1/008-t2-middle,anthropic-suite_version,E4,500,True,487
simulated,anthropic-suite_version@t1/008-t2-middle,anthropic-suite_version,E4,1000,True,998
simulated,anthropic-suite_version@t1/008-t2-middle,anthropic-suite_version,E4,1500,True,1500
simulated,anthropic-suite_version@t1/008-t2-middle,anthropic-suite_version,E4,3000,True,2408
simulated,anthropic-suite_version@t1/008-t2-middle,anthropic-suite_version,E4,6000,True,2408
simulated,anthropic-suite_version@t1/008-t2-middle,anthropic-suite_version,E4,all,True,2408
simulated,anthropic-suite_version@t1/008-t3-start,anthropic-suite_version,D1,250,False,0
simulated,anthropic-suite_version@t1/008-t3-start,anthropic-suite_version,D1,500,False,0
simulated,anthropic-suite_version@t1/008-t3-start,anthropic-suite_version,D1,1000,False,723
simulated,anthropic-suite_version@t1/008-t3-start,anthropic-suite_version,D1,1500,False,1213
simulated,anthropic-suite_version@t1/008-t3-start,anthropic-suite_version,D1,3000,True,2761
simulated,anthropic-suite_version@t1/008-t3-start,anthropic-suite_version,D1,6000,True,3823
simulated,anthropic-suite_version@t1/008-t3-start,anthropic-suite_version,D1,all,True,3823
simulated,anthropic-suite_version@t1/008-t3-start,anthropic-suite_version,D2,250,True,236
simulated,anthropic-suite_version@t1/008-t3-start,anthropic-suite_version,D2,500,True,236
simulated,anthropic-suite_version@t1/008-t3-start,anthropic-suite_version,D2,1000,True,574
simulated,anthropic-suite_version@t1/008-t3-start,anthropic-suite_version,D2,1500,True,1297
simulated,anthropic-suite_version@t1/008-t3-start,anthropic-suite_version,D2,3000,True,2596
simulated,anthropic-suite_version@t1/008-t3-start,anthropic-suite_version,D2,6000,True,3823
simulated,anthropic-suite_version@t1/008-t3-start,anthropic-suite_version,D2,all,True,3823
simulated,anthropic-suite_version@t1/008-t3-start,anthropic-suite_version,B2,250,False,249
simulated,anthropic-suite_version@t1/008-t3-start,anthropic-suite_version,B2,500,False,249
simulated,anthropic-suite_version@t1/008-t3-start,anthropic-suite_version,B2,1000,True,997
simulated,anthropic-suite_version@t1/008-t3-start,anthropic-suite_version,B2,1500,True,1273
simulated,anthropic-suite_version@t1/008-t3-start,anthropic-suite_version,B2,3000,True,2843
simulated,anthropic-suite_version@t1/008-t3-start,anthropic-suite_version,B2,6000,True,5771
simulated,anthropic-suite_version@t1/008-t3-start,anthropic-suite_version,B2,all,True,6665
simulated,anthropic-suite_version@t1/008-t3-start,anthropic-suite_version,D4,250,False,209
simulated,anthropic-suite_version@t1/008-t3-start,anthropic-suite_version,D4,500,False,209
simulated,anthropic-suite_version@t1/008-t3-start,anthropic-suite_version,D4,1000,False,547
simulated,anthropic-suite_version@t1/008-t3-start,anthropic-suite_version,D4,1500,False,1061
simulated,anthropic-suite_version@t1/008-t3-start,anthropic-suite_version,D4,3000,True,2994
simulated,anthropic-suite_version@t1/008-t3-start,anthropic-suite_version,D4,6000,True,3823
simulated,anthropic-suite_version@t1/008-t3-start,anthropic-suite_version,D4,all,True,3823
simulated,anthropic-suite_version@t1/008-t3-start,anthropic-suite_version,Z4,250,False,164
simulated,anthropic-suite_version@t1/008-t3-start,anthropic-suite_version,Z4,500,False,164
simulated,anthropic-suite_version@t1/008-t3-start,anthropic-suite_version,Z4,1000,False,669
simulated,anthropic-suite_version@t1/008-t3-start,anthropic-suite_version,Z4,1500,False,1147
simulated,anthropic-suite_version@t1/008-t3-start,anthropic-suite_version,Z4,3000,True,2802
simulated,anthropic-suite_version@t1/008-t3-start,anthropic-suite_version,Z4,6000,True,3997
simulated,anthropic-suite_version@t1/008-t3-start,anthropic-suite_version,Z4,all,True,3997
simulated,anthropic-suite_version@t1/008-t3-start,anthropic-suite_version,L4,250,False,217
simulated,anthropic-suite_version@t1/008-t3-start,anthropic-suite_version,L4,500,False,217
simulated,anthropic-suite_version@t1/008-t3-start,anthropic-suite_version,L4,1000,False,563
simulated,anthropic-suite_version@t1/008-t3-start,anthropic-suite_version,L4,1500,False,1085
simulated,anthropic-suite_version@t1/008-t3-start,anthropic-suite_version,L4,3000,True,2581
simulated,anthropic-suite_version@t1/008-t3-start,anthropic-suite_version,L4,6000,True,3947
simulated,anthropic-suite_version@t1/008-t3-start,anthropic-suite_version,L4,all,True,3947
simulated,anthropic-suite_version@t1/008-t3-start,anthropic-suite_version,L2,250,True,244
simulated,anthropic-suite_version@t1/008-t3-start,anthropic-suite_version,L2,500,True,244
simulated,anthropic-suite_version@t1/008-t3-start,anthropic-suite_version,L2,1000,True,590
simulated,anthropic-suite_version@t1/008-t3-start,anthropic-suite_version,L2,1500,True,1329
simulated,anthropic-suite_version@t1/008-t3-start,anthropic-suite_version,L2,3000,True,2668
simulated,anthropic-suite_version@t1/008-t3-start,anthropic-suite_version,L2,6000,True,3947
simulated,anthropic-suite_version@t1/008-t3-start,anthropic-suite_version,L2,all,True,3947
simulated,anthropic-suite_version@t1/008-t3-start,anthropic-suite_version,E1,250,True,209
simulated,anthropic-suite_version@t1/008-t3-start,anthropic-suite_version,E1,500,True,466
simulated,anthropic-suite_version@t1/008-t3-start,anthropic-suite_version,E1,1000,True,987
simulated,anthropic-suite_version@t1/008-t3-start,anthropic-suite_version,E1,1500,True,1483
simulated,anthropic-suite_version@t1/008-t3-start,anthropic-suite_version,E1,3000,True,2972
simulated,anthropic-suite_version@t1/008-t3-start,anthropic-suite_version,E1,6000,True,3554
simulated,anthropic-suite_version@t1/008-t3-start,anthropic-suite_version,E1,all,True,3554
simulated,anthropic-suite_version@t1/008-t3-start,anthropic-suite_version,E4,250,True,238
simulated,anthropic-suite_version@t1/008-t3-start,anthropic-suite_version,E4,500,True,482
simulated,anthropic-suite_version@t1/008-t3-start,anthropic-suite_version,E4,1000,True,989
simulated,anthropic-suite_version@t1/008-t3-start,anthropic-suite_version,E4,1500,True,1496
simulated,anthropic-suite_version@t1/008-t3-start,anthropic-suite_version,E4,3000,True,2982
simulated,anthropic-suite_version@t1/008-t3-start,anthropic-suite_version,E4,6000,True,3554
simulated,anthropic-suite_version@t1/008-t3-start,anthropic-suite_version,E4,all,True,3554
simulated,anthropic-compute_owner@t1/012-t2-start,anthropic-compute_owner,D1,250,True,166
simulated,anthropic-compute_owner@t1/012-t2-start,anthropic-compute_owner,D1,500,True,375
simulated,anthropic-compute_owner@t1/012-t2-start,anthropic-compute_owner,D1,1000,True,889
simulated,anthropic-compute_owner@t1/012-t2-start,anthropic-compute_owner,D1,1500,True,1463
simulated,anthropic-compute_owner@t1/012-t2-start,anthropic-compute_owner,D1,3000,True,1679
simulated,anthropic-compute_owner@t1/012-t2-start,anthropic-compute_owner,D1,6000,True,1679
simulated,anthropic-compute_owner@t1/012-t2-start,anthropic-compute_owner,D1,all,True,1679
simulated,anthropic-compute_owner@t1/012-t2-start,anthropic-compute_owner,D2,250,True,166
simulated,anthropic-compute_owner@t1/012-t2-start,anthropic-compute_owner,D2,500,True,166
simulated,anthropic-compute_owner@t1/012-t2-start,anthropic-compute_owner,D2,1000,True,713
simulated,anthropic-compute_owner@t1/012-t2-start,anthropic-compute_owner,D2,1500,True,1274
simulated,anthropic-compute_owner@t1/012-t2-start,anthropic-compute_owner,D2,3000,True,1679
simulated,anthropic-compute_owner@t1/012-t2-start,anthropic-compute_owner,D2,6000,True,1679
simulated,anthropic-compute_owner@t1/012-t2-start,anthropic-compute_owner,D2,all,True,1679
simulated,anthropic-compute_owner@t1/012-t2-start,anthropic-compute_owner,B2,250,True,238
simulated,anthropic-compute_owner@t1/012-t2-start,anthropic-compute_owner,B2,500,True,451
simulated,anthropic-compute_owner@t1/012-t2-start,anthropic-compute_owner,B2,1000,True,912
simulated,anthropic-compute_owner@t1/012-t2-start,anthropic-compute_owner,B2,1500,True,1421
simulated,anthropic-compute_owner@t1/012-t2-start,anthropic-compute_owner,B2,3000,True,2880
simulated,anthropic-compute_owner@t1/012-t2-start,anthropic-compute_owner,B2,6000,True,3140
simulated,anthropic-compute_owner@t1/012-t2-start,anthropic-compute_owner,B2,all,True,3140
simulated,anthropic-compute_owner@t1/012-t2-start,anthropic-compute_owner,D4,250,False,209
simulated,anthropic-compute_owner@t1/012-t2-start,anthropic-compute_owner,D4,500,True,375
simulated,anthropic-compute_owner@t1/012-t2-start,anthropic-compute_owner,D4,1000,True,996
simulated,anthropic-compute_owner@t1/012-t2-start,anthropic-compute_owner,D4,1500,True,1165
simulated,anthropic-compute_owner@t1/012-t2-start,anthropic-compute_owner,D4,3000,True,1679
simulated,anthropic-compute_owner@t1/012-t2-start,anthropic-compute_owner,D4,6000,True,1679
simulated,anthropic-compute_owner@t1/012-t2-start,anthropic-compute_owner,D4,all,True,1679
simulated,anthropic-compute_owner@t1/012-t2-start,anthropic-compute_owner,Z4,250,False,0
simulated,anthropic-compute_owner@t1/012-t2-start,anthropic-compute_owner,Z4,500,False,441
simulated,anthropic-compute_owner@t1/012-t2-start,anthropic-compute_owner,Z4,1000,False,946
simulated,anthropic-compute_owner@t1/012-t2-start,anthropic-compute_owner,Z4,1500,True,1424
simulated,anthropic-compute_owner@t1/012-t2-start,anthropic-compute_owner,Z4,3000,True,1686
simulated,anthropic-compute_owner@t1/012-t2-start,anthropic-compute_owner,Z4,6000,True,1686
simulated,anthropic-compute_owner@t1/012-t2-start,anthropic-compute_owner,Z4,all,True,1686
simulated,anthropic-compute_owner@t1/012-t2-start,anthropic-compute_owner,L4,250,False,217
simulated,anthropic-compute_owner@t1/012-t2-start,anthropic-compute_owner,L4,500,True,403
simulated,anthropic-compute_owner@t1/012-t2-start,anthropic-compute_owner,L4,1000,True,802
simulated,anthropic-compute_owner@t1/012-t2-start,anthropic-compute_owner,L4,1500,True,1223
simulated,anthropic-compute_owner@t1/012-t2-start,anthropic-compute_owner,L4,3000,True,1745
simulated,anthropic-compute_owner@t1/012-t2-start,anthropic-compute_owner,L4,6000,True,1745
simulated,anthropic-compute_owner@t1/012-t2-start,anthropic-compute_owner,L4,all,True,1745
simulated,anthropic-compute_owner@t1/012-t2-start,anthropic-compute_owner,L2,250,True,186
simulated,anthropic-compute_owner@t1/012-t2-start,anthropic-compute_owner,L2,500,True,186
simulated,anthropic-compute_owner@t1/012-t2-start,anthropic-compute_owner,L2,1000,True,979
simulated,anthropic-compute_owner@t1/012-t2-start,anthropic-compute_owner,L2,1500,True,979
simulated,anthropic-compute_owner@t1/012-t2-start,anthropic-compute_owner,L2,3000,True,1745
simulated,anthropic-compute_owner@t1/012-t2-start,anthropic-compute_owner,L2,6000,True,1745
simulated,anthropic-compute_owner@t1/012-t2-start,anthropic-compute_owner,L2,all,True,1745
simulated,anthropic-compute_owner@t1/012-t2-start,anthropic-compute_owner,E1,250,True,208
simulated,anthropic-compute_owner@t1/012-t2-start,anthropic-compute_owner,E1,500,True,463
simulated,anthropic-compute_owner@t1/012-t2-start,anthropic-compute_owner,E1,1000,True,979
simulated,anthropic-compute_owner@t1/012-t2-start,anthropic-compute_owner,E1,1500,True,1489
simulated,anthropic-compute_owner@t1/012-t2-start,anthropic-compute_owner,E1,3000,True,1661
simulated,anthropic-compute_owner@t1/012-t2-start,anthropic-compute_owner,E1,6000,True,1661
simulated,anthropic-compute_owner@t1/012-t2-start,anthropic-compute_owner,E1,all,True,1661
simulated,anthropic-compute_owner@t1/012-t2-start,anthropic-compute_owner,E4,250,True,249
simulated,anthropic-compute_owner@t1/012-t2-start,anthropic-compute_owner,E4,500,True,496
simulated,anthropic-compute_owner@t1/012-t2-start,anthropic-compute_owner,E4,1000,True,992
simulated,anthropic-compute_owner@t1/012-t2-start,anthropic-compute_owner,E4,1500,True,1466
simulated,anthropic-compute_owner@t1/012-t2-start,anthropic-compute_owner,E4,3000,True,1661
simulated,anthropic-compute_owner@t1/012-t2-start,anthropic-compute_owner,E4,6000,True,1661
simulated,anthropic-compute_owner@t1/012-t2-start,anthropic-compute_owner,E4,all,True,1661
simulated,anthropic-compute_owner@t1/012-t2-middle,anthropic-compute_owner,D1,250,False,0
simulated,anthropic-compute_owner@t1/012-t2-middle,anthropic-compute_owner,D1,500,False,406
simulated,anthropic-compute_owner@t1/012-t2-middle,anthropic-compute_owner,D1,1000,False,642
simulated,anthropic-compute_owner@t1/012-t2-middle,anthropic-compute_owner,D1,1500,True,1409
simulated,anthropic-compute_owner@t1/012-t2-middle,anthropic-compute_owner,D1,3000,True,2085
simulated,anthropic-compute_owner@t1/012-t2-middle,anthropic-compute_owner,D1,6000,True,2085
simulated,anthropic-compute_owner@t1/012-t2-middle,anthropic-compute_owner,D1,all,True,2085
simulated,anthropic-compute_owner@t1/012-t2-middle,anthropic-compute_owner,D2,250,False,236
simulated,anthropic-compute_owner@t1/012-t2-middle,anthropic-compute_owner,D2,500,False,236
simulated,anthropic-compute_owner@t1/012-t2-middle,anthropic-compute_owner,D2,1000,False,980
simulated,anthropic-compute_owner@t1/012-t2-middle,anthropic-compute_owner,D2,1500,False,1494
simulated,anthropic-compute_owner@t1/012-t2-middle,anthropic-compute_owner,D2,3000,True,2085
simulated,anthropic-compute_owner@t1/012-t2-middle,anthropic-compute_owner,D2,6000,True,2085
simulated,anthropic-compute_owner@t1/012-t2-middle,anthropic-compute_owner,D2,all,True,2085
simulated,anthropic-compute_owner@t1/012-t2-middle,anthropic-compute_owner,B2,250,False,0
simulated,anthropic-compute_owner@t1/012-t2-middle,anthropic-compute_owner,B2,500,False,278
simulated,anthropic-compute_owner@t1/012-t2-middle,anthropic-compute_owner,B2,1000,True,998
simulated,anthropic-compute_owner@t1/012-t2-middle,anthropic-compute_owner,B2,1500,True,1463
simulated,anthropic-compute_owner@t1/012-t2-middle,anthropic-compute_owner,B2,3000,True,2983
simulated,anthropic-compute_owner@t1/012-t2-middle,anthropic-compute_owner,B2,6000,True,3952
simulated,anthropic-compute_owner@t1/012-t2-middle,anthropic-compute_owner,B2,all,True,3952
simulated,anthropic-compute_owner@t1/012-t2-middle,anthropic-compute_owner,D4,250,False,236
simulated,anthropic-compute_owner@t1/012-t2-middle,anthropic-compute_owner,D4,500,False,236
simulated,anthropic-compute_owner@t1/012-t2-middle,anthropic-compute_owner,D4,1000,False,750
simulated,anthropic-compute_owner@t1/012-t2-middle,anthropic-compute_owner,D4,1500,False,1494
simulated,anthropic-compute_owner@t1/012-t2-middle,anthropic-compute_owner,D4,3000,True,2085
simulated,anthropic-compute_owner@t1/012-t2-middle,anthropic-compute_owner,D4,6000,True,2085
simulated,anthropic-compute_owner@t1/012-t2-middle,anthropic-compute_owner,D4,all,True,2085
simulated,anthropic-compute_owner@t1/012-t2-middle,anthropic-compute_owner,Z4,250,False,0
simulated,anthropic-compute_owner@t1/012-t2-middle,anthropic-compute_owner,Z4,500,False,441
simulated,anthropic-compute_owner@t1/012-t2-middle,anthropic-compute_owner,Z4,1000,False,946
simulated,anthropic-compute_owner@t1/012-t2-middle,anthropic-compute_owner,Z4,1500,False,1352
simulated,anthropic-compute_owner@t1/012-t2-middle,anthropic-compute_owner,Z4,3000,True,2092
simulated,anthropic-compute_owner@t1/012-t2-middle,anthropic-compute_owner,Z4,6000,True,2092
simulated,anthropic-compute_owner@t1/012-t2-middle,anthropic-compute_owner,Z4,all,True,2092
simulated,anthropic-compute_owner@t1/012-t2-middle,anthropic-compute_owner,L4,250,False,244
simulated,anthropic-compute_owner@t1/012-t2-middle,anthropic-compute_owner,L4,500,False,244
simulated,anthropic-compute_owner@t1/012-t2-middle,anthropic-compute_owner,L4,1000,False,766
simulated,anthropic-compute_owner@t1/012-t2-middle,anthropic-compute_owner,L4,1500,False,1180
simulated,anthropic-compute_owner@t1/012-t2-middle,anthropic-compute_owner,L4,3000,True,2159
simulated,anthropic-compute_owner@t1/012-t2-middle,anthropic-compute_owner,L4,6000,True,2159
simulated,anthropic-compute_owner@t1/012-t2-middle,anthropic-compute_owner,L4,all,True,2159
simulated,anthropic-compute_owner@t1/012-t2-middle,anthropic-compute_owner,L2,250,False,0
simulated,anthropic-compute_owner@t1/012-t2-middle,anthropic-compute_owner,L2,500,False,346
simulated,anthropic-compute_owner@t1/012-t2-middle,anthropic-compute_owner,L2,1000,False,724
simulated,anthropic-compute_owner@t1/012-t2-middle,anthropic-compute_owner,L2,1500,False,1355
simulated,anthropic-compute_owner@t1/012-t2-middle,anthropic-compute_owner,L2,3000,True,2159
simulated,anthropic-compute_owner@t1/012-t2-middle,anthropic-compute_owner,L2,6000,True,2159
simulated,anthropic-compute_owner@t1/012-t2-middle,anthropic-compute_owner,L2,all,True,2159
simulated,anthropic-compute_owner@t1/012-t2-middle,anthropic-compute_owner,E1,250,True,250
simulated,anthropic-compute_owner@t1/012-t2-middle,anthropic-compute_owner,E1,500,True,499
simulated,anthropic-compute_owner@t1/012-t2-middle,anthropic-compute_owner,E1,1000,True,981
simulated,anthropic-compute_owner@t1/012-t2-middle,anthropic-compute_owner,E1,1500,True,1492
simulated,anthropic-compute_owner@t1/012-t2-middle,anthropic-compute_owner,E1,3000,True,2408
simulated,anthropic-compute_owner@t1/012-t2-middle,anthropic-compute_owner,E1,6000,True,2408
simulated,anthropic-compute_owner@t1/012-t2-middle,anthropic-compute_owner,E1,all,True,2408
simulated,anthropic-compute_owner@t1/012-t2-middle,anthropic-compute_owner,E4,250,True,238
simulated,anthropic-compute_owner@t1/012-t2-middle,anthropic-compute_owner,E4,500,True,485
simulated,anthropic-compute_owner@t1/012-t2-middle,anthropic-compute_owner,E4,1000,True,960
simulated,anthropic-compute_owner@t1/012-t2-middle,anthropic-compute_owner,E4,1500,True,1499
simulated,anthropic-compute_owner@t1/012-t2-middle,anthropic-compute_owner,E4,3000,True,2408
simulated,anthropic-compute_owner@t1/012-t2-middle,anthropic-compute_owner,E4,6000,True,2408
simulated,anthropic-compute_owner@t1/012-t2-middle,anthropic-compute_owner,E4,all,True,2408
simulated,anthropic-compute_owner@t1/012-t3-start,anthropic-compute_owner,D1,250,False,209
simulated,anthropic-compute_owner@t1/012-t3-start,anthropic-compute_owner,D1,500,True,253
simulated,anthropic-compute_owner@t1/012-t3-start,anthropic-compute_owner,D1,1000,True,767
simulated,anthropic-compute_owner@t1/012-t3-start,anthropic-compute_owner,D1,1500,True,1379
simulated,anthropic-compute_owner@t1/012-t3-start,anthropic-compute_owner,D1,3000,True,2690
simulated,anthropic-compute_owner@t1/012-t3-start,anthropic-compute_owner,D1,6000,True,3823
simulated,anthropic-compute_owner@t1/012-t3-start,anthropic-compute_owner,D1,all,True,3823
simulated,anthropic-compute_owner@t1/012-t3-start,anthropic-compute_owner,D2,250,False,0
simulated,anthropic-compute_owner@t1/012-t3-start,anthropic-compute_owner,D2,500,False,338
simulated,anthropic-compute_owner@t1/012-t3-start,anthropic-compute_owner,D2,1000,False,852
simulated,anthropic-compute_owner@t1/012-t3-start,anthropic-compute_owner,D2,1500,False,1435
simulated,anthropic-compute_owner@t1/012-t3-start,anthropic-compute_owner,D2,3000,False,2680
simulated,anthropic-compute_owner@t1/012-t3-start,anthropic-compute_owner,D2,6000,True,3823
simulated,anthropic-compute_owner@t1/012-t3-start,anthropic-compute_owner,D2,all,True,3823
simulated,anthropic-compute_owner@t1/012-t3-start,anthropic-compute_owner,B2,250,True,214
simulated,anthropic-compute_owner@t1/012-t3-start,anthropic-compute_owner,B2,500,True,490
simulated,anthropic-compute_owner@t1/012-t3-start,anthropic-compute_owner,B2,1000,True,739
simulated,anthropic-compute_owner@t1/012-t3-start,anthropic-compute_owner,B2,1500,True,1279
simulated,anthropic-compute_owner@t1/012-t3-start,anthropic-compute_owner,B2,3000,True,2851
simulated,anthropic-compute_owner@t1/012-t3-start,anthropic-compute_owner,B2,6000,True,5811
simulated,anthropic-compute_owner@t1/012-t3-start,anthropic-compute_owner,B2,all,True,6665
simulated,anthropic-compute_owner@t1/012-t3-start,anthropic-compute_owner,D4,250,False,209
simulated,anthropic-compute_owner@t1/012-t3-start,anthropic-compute_owner,D4,500,False,209
simulated,anthropic-compute_owner@t1/012-t3-start,anthropic-compute_owner,D4,1000,False,547
simulated,anthropic-compute_owner@t1/012-t3-start,anthropic-compute_owner,D4,1500,False,1061
simulated,anthropic-compute_owner@t1/012-t3-start,anthropic-compute_owner,D4,3000,False,2896
simulated,anthropic-compute_owner@t1/012-t3-start,anthropic-compute_owner,D4,6000,True,3823
simulated,anthropic-compute_owner@t1/012-t3-start,anthropic-compute_owner,D4,all,True,3823
simulated,anthropic-compute_owner@t1/012-t3-start,anthropic-compute_owner,Z4,250,False,164
simulated,anthropic-compute_owner@t1/012-t3-start,anthropic-compute_owner,Z4,500,False,164
simulated,anthropic-compute_owner@t1/012-t3-start,anthropic-compute_owner,Z4,1000,False,669
simulated,anthropic-compute_owner@t1/012-t3-start,anthropic-compute_owner,Z4,1500,False,1147
simulated,anthropic-compute_owner@t1/012-t3-start,anthropic-compute_owner,Z4,3000,True,2802
simulated,anthropic-compute_owner@t1/012-t3-start,anthropic-compute_owner,Z4,6000,True,3997
simulated,anthropic-compute_owner@t1/012-t3-start,anthropic-compute_owner,Z4,all,True,3997
simulated,anthropic-compute_owner@t1/012-t3-start,anthropic-compute_owner,L4,250,False,217
simulated,anthropic-compute_owner@t1/012-t3-start,anthropic-compute_owner,L4,500,False,217
simulated,anthropic-compute_owner@t1/012-t3-start,anthropic-compute_owner,L4,1000,False,563
simulated,anthropic-compute_owner@t1/012-t3-start,anthropic-compute_owner,L4,1500,False,1085
simulated,anthropic-compute_owner@t1/012-t3-start,anthropic-compute_owner,L4,3000,False,2967
simulated,anthropic-compute_owner@t1/012-t3-start,anthropic-compute_owner,L4,6000,True,3947
simulated,anthropic-compute_owner@t1/012-t3-start,anthropic-compute_owner,L4,all,True,3947
simulated,anthropic-compute_owner@t1/012-t3-start,anthropic-compute_owner,L2,250,False,0
simulated,anthropic-compute_owner@t1/012-t3-start,anthropic-compute_owner,L2,500,False,346
simulated,anthropic-compute_owner@t1/012-t3-start,anthropic-compute_owner,L2,1000,False,868
simulated,anthropic-compute_owner@t1/012-t3-start,anthropic-compute_owner,L2,1500,False,1478
simulated,anthropic-compute_owner@t1/012-t3-start,anthropic-compute_owner,L2,3000,False,2754
simulated,anthropic-compute_owner@t1/012-t3-start,anthropic-compute_owner,L2,6000,True,3947
simulated,anthropic-compute_owner@t1/012-t3-start,anthropic-compute_owner,L2,all,True,3947
simulated,anthropic-compute_owner@t1/012-t3-start,anthropic-compute_owner,E1,250,True,233
simulated,anthropic-compute_owner@t1/012-t3-start,anthropic-compute_owner,E1,500,True,483
simulated,anthropic-compute_owner@t1/012-t3-start,anthropic-compute_owner,E1,1000,True,973
simulated,anthropic-compute_owner@t1/012-t3-start,anthropic-compute_owner,E1,1500,True,1495
simulated,anthropic-compute_owner@t1/012-t3-start,anthropic-compute_owner,E1,3000,True,2982
simulated,anthropic-compute_owner@t1/012-t3-start,anthropic-compute_owner,E1,6000,True,3554
simulated,anthropic-compute_owner@t1/012-t3-start,anthropic-compute_owner,E1,all,True,3554
simulated,anthropic-compute_owner@t1/012-t3-start,anthropic-compute_owner,E4,250,False,228
simulated,anthropic-compute_owner@t1/012-t3-start,anthropic-compute_owner,E4,500,False,492
simulated,anthropic-compute_owner@t1/012-t3-start,anthropic-compute_owner,E4,1000,True,976
simulated,anthropic-compute_owner@t1/012-t3-start,anthropic-compute_owner,E4,1500,True,1498
simulated,anthropic-compute_owner@t1/012-t3-start,anthropic-compute_owner,E4,3000,True,2970
simulated,anthropic-compute_owner@t1/012-t3-start,anthropic-compute_owner,E4,6000,True,3554
simulated,anthropic-compute_owner@t1/012-t3-start,anthropic-compute_owner,E4,all,True,3554
simulated,anthropic-compute_owner@t1/012-t3-middle,anthropic-compute_owner,D1,250,False,0
simulated,anthropic-compute_owner@t1/012-t3-middle,anthropic-compute_owner,D1,500,False,0
simulated,anthropic-compute_owner@t1/012-t3-middle,anthropic-compute_owner,D1,1000,False,795
simulated,anthropic-compute_owner@t1/012-t3-middle,anthropic-compute_owner,D1,1500,False,1173
simulated,anthropic-compute_owner@t1/012-t3-middle,anthropic-compute_owner,D1,3000,True,2989
simulated,anthropic-compute_owner@t1/012-t3-middle,anthropic-compute_owner,D1,6000,True,4273
simulated,anthropic-compute_owner@t1/012-t3-middle,anthropic-compute_owner,D1,all,True,4273
simulated,anthropic-compute_owner@t1/012-t3-middle,anthropic-compute_owner,D2,250,False,169
simulated,anthropic-compute_owner@t1/012-t3-middle,anthropic-compute_owner,D2,500,False,405
simulated,anthropic-compute_owner@t1/012-t3-middle,anthropic-compute_owner,D2,1000,False,919
simulated,anthropic-compute_owner@t1/012-t3-middle,anthropic-compute_owner,D2,1500,False,1257
simulated,anthropic-compute_owner@t1/012-t3-middle,anthropic-compute_owner,D2,3000,False,2640
simulated,anthropic-compute_owner@t1/012-t3-middle,anthropic-compute_owner,D2,6000,True,4273
simulated,anthropic-compute_owner@t1/012-t3-middle,anthropic-compute_owner,D2,all,True,4273
simulated,anthropic-compute_owner@t1/012-t3-middle,anthropic-compute_owner,B2,250,True,238
simulated,anthropic-compute_owner@t1/012-t3-middle,anthropic-compute_owner,B2,500,True,452
simulated,anthropic-compute_owner@t1/012-t3-middle,anthropic-compute_owner,B2,1000,True,976
simulated,anthropic-compute_owner@t1/012-t3-middle,anthropic-compute_owner,B2,1500,True,1251
simulated,anthropic-compute_owner@t1/012-t3-middle,anthropic-compute_owner,B2,3000,True,2855
simulated,anthropic-compute_owner@t1/012-t3-middle,anthropic-compute_owner,B2,6000,True,5849
simulated,anthropic-compute_owner@t1/012-t3-middle,anthropic-compute_owner,B2,all,True,8491
simulated,anthropic-compute_owner@t1/012-t3-middle,anthropic-compute_owner,D4,250,False,169
simulated,anthropic-compute_owner@t1/012-t3-middle,anthropic-compute_owner,D4,500,False,378
simulated,anthropic-compute_owner@t1/012-t3-middle,anthropic-compute_owner,D4,1000,False,659
simulated,anthropic-compute_owner@t1/012-t3-middle,anthropic-compute_owner,D4,1500,False,1173
simulated,anthropic-compute_owner@t1/012-t3-middle,anthropic-compute_owner,D4,3000,False,2672
simulated,anthropic-compute_owner@t1/012-t3-middle,anthropic-compute_owner,D4,6000,True,4273
simulated,anthropic-compute_owner@t1/012-t3-middle,anthropic-compute_owner,D4,all,True,4273
simulated,anthropic-compute_owner@t1/012-t3-middle,anthropic-compute_owner,Z4,250,False,176
simulated,anthropic-compute_owner@t1/012-t3-middle,anthropic-compute_owner,Z4,500,False,176
simulated,anthropic-compute_owner@t1/012-t3-middle,anthropic-compute_owner,Z4,1000,False,845
simulated,anthropic-compute_owner@t1/012-t3-middle,anthropic-compute_owner,Z4,1500,False,1078
simulated,anthropic-compute_owner@t1/012-t3-middle,anthropic-compute_owner,Z4,3000,False,2591
simulated,anthropic-compute_owner@t1/012-t3-middle,anthropic-compute_owner,Z4,6000,True,4923
simulated,anthropic-compute_owner@t1/012-t3-middle,anthropic-compute_owner,Z4,all,True,4923
simulated,anthropic-compute_owner@t1/012-t3-middle,anthropic-compute_owner,L4,250,False,177
simulated,anthropic-compute_owner@t1/012-t3-middle,anthropic-compute_owner,L4,500,False,394
simulated,anthropic-compute_owner@t1/012-t3-middle,anthropic-compute_owner,L4,1000,False,686
simulated,anthropic-compute_owner@t1/012-t3-middle,anthropic-compute_owner,L4,1500,False,1208
simulated,anthropic-compute_owner@t1/012-t3-middle,anthropic-compute_owner,L4,3000,False,2744
simulated,anthropic-compute_owner@t1/012-t3-middle,anthropic-compute_owner,L4,6000,True,4416
simulated,anthropic-compute_owner@t1/012-t3-middle,anthropic-compute_owner,L4,all,True,4416
simulated,anthropic-compute_owner@t1/012-t3-middle,anthropic-compute_owner,L2,250,False,177
simulated,anthropic-compute_owner@t1/012-t3-middle,anthropic-compute_owner,L2,500,False,177
simulated,anthropic-compute_owner@t1/012-t3-middle,anthropic-compute_owner,L2,1000,False,943
simulated,anthropic-compute_owner@t1/012-t3-middle,anthropic-compute_owner,L2,1500,False,1289
simulated,anthropic-compute_owner@t1/012-t3-middle,anthropic-compute_owner,L2,3000,False,2857
simulated,anthropic-compute_owner@t1/012-t3-middle,anthropic-compute_owner,L2,6000,True,4416
simulated,anthropic-compute_owner@t1/012-t3-middle,anthropic-compute_owner,L2,all,True,4416
simulated,anthropic-compute_owner@t1/012-t3-middle,anthropic-compute_owner,E1,250,False,224
simulated,anthropic-compute_owner@t1/012-t3-middle,anthropic-compute_owner,E1,500,True,490
simulated,anthropic-compute_owner@t1/012-t3-middle,anthropic-compute_owner,E1,1000,True,993
simulated,anthropic-compute_owner@t1/012-t3-middle,anthropic-compute_owner,E1,1500,True,1482
simulated,anthropic-compute_owner@t1/012-t3-middle,anthropic-compute_owner,E1,3000,True,2988
simulated,anthropic-compute_owner@t1/012-t3-middle,anthropic-compute_owner,E1,6000,True,4526
simulated,anthropic-compute_owner@t1/012-t3-middle,anthropic-compute_owner,E1,all,True,4526
simulated,anthropic-compute_owner@t1/012-t3-middle,anthropic-compute_owner,E4,250,False,232
simulated,anthropic-compute_owner@t1/012-t3-middle,anthropic-compute_owner,E4,500,False,489
simulated,anthropic-compute_owner@t1/012-t3-middle,anthropic-compute_owner,E4,1000,False,1000
simulated,anthropic-compute_owner@t1/012-t3-middle,anthropic-compute_owner,E4,1500,True,1500
simulated,anthropic-compute_owner@t1/012-t3-middle,anthropic-compute_owner,E4,3000,True,2981
simulated,anthropic-compute_owner@t1/012-t3-middle,anthropic-compute_owner,E4,6000,True,4526
simulated,anthropic-compute_owner@t1/012-t3-middle,anthropic-compute_owner,E4,all,True,4526
simulated,anthropic-compute_owner@t1/012-t4-start,anthropic-compute_owner,D1,250,False,0
simulated,anthropic-compute_owner@t1/012-t4-start,anthropic-compute_owner,D1,500,False,331
simulated,anthropic-compute_owner@t1/012-t4-start,anthropic-compute_owner,D1,1000,False,737
simulated,anthropic-compute_owner@t1/012-t4-start,anthropic-compute_owner,D1,1500,True,1393
simulated,anthropic-compute_owner@t1/012-t4-start,anthropic-compute_owner,D1,3000,True,2943
simulated,anthropic-compute_owner@t1/012-t4-start,anthropic-compute_owner,D1,6000,True,5528
simulated,anthropic-compute_owner@t1/012-t4-start,anthropic-compute_owner,D1,all,True,5528
simulated,anthropic-compute_owner@t1/012-t4-start,anthropic-compute_owner,D2,250,False,0
simulated,anthropic-compute_owner@t1/012-t4-start,anthropic-compute_owner,D2,500,True,292
simulated,anthropic-compute_owner@t1/012-t4-start,anthropic-compute_owner,D2,1000,True,577
simulated,anthropic-compute_owner@t1/012-t4-start,anthropic-compute_owner,D2,1500,True,1152
simulated,anthropic-compute_owner@t1/012-t4-start,anthropic-compute_owner,D2,3000,True,2899
simulated,anthropic-compute_owner@t1/012-t4-start,anthropic-compute_owner,D2,6000,True,5528
simulated,anthropic-compute_owner@t1/012-t4-start,anthropic-compute_owner,D2,all,True,5528
simulated,anthropic-compute_owner@t1/012-t4-start,anthropic-compute_owner,B2,250,False,0
simulated,anthropic-compute_owner@t1/012-t4-start,anthropic-compute_owner,B2,500,False,281
simulated,anthropic-compute_owner@t1/012-t4-start,anthropic-compute_owner,B2,1000,False,847
simulated,anthropic-compute_owner@t1/012-t4-start,anthropic-compute_owner,B2,1500,True,1379
simulated,anthropic-compute_owner@t1/012-t4-start,anthropic-compute_owner,B2,3000,True,2964
simulated,anthropic-compute_owner@t1/012-t4-start,anthropic-compute_owner,B2,6000,True,5765
simulated,anthropic-compute_owner@t1/012-t4-start,anthropic-compute_owner,B2,all,True,9966
simulated,anthropic-compute_owner@t1/012-t4-start,anthropic-compute_owner,D4,250,False,0
simulated,anthropic-compute_owner@t1/012-t4-start,anthropic-compute_owner,D4,500,False,331
simulated,anthropic-compute_owner@t1/012-t4-start,anthropic-compute_owner,D4,1000,False,737
simulated,anthropic-compute_owner@t1/012-t4-start,anthropic-compute_owner,D4,1500,False,1227
simulated,anthropic-compute_owner@t1/012-t4-start,anthropic-compute_owner,D4,3000,True,2817
simulated,anthropic-compute_owner@t1/012-t4-start,anthropic-compute_owner,D4,6000,True,5528
simulated,anthropic-compute_owner@t1/012-t4-start,anthropic-compute_owner,D4,all,True,5528
simulated,anthropic-compute_owner@t1/012-t4-start,anthropic-compute_owner,Z4,250,False,0
simulated,anthropic-compute_owner@t1/012-t4-start,anthropic-compute_owner,Z4,500,False,290
simulated,anthropic-compute_owner@t1/012-t4-start,anthropic-compute_owner,Z4,1000,False,808
simulated,anthropic-compute_owner@t1/012-t4-start,anthropic-compute_owner,Z4,1500,True,1188
simulated,anthropic-compute_owner@t1/012-t4-start,anthropic-compute_owner,Z4,3000,True,2552
simulated,anthropic-compute_owner@t1/012-t4-start,anthropic-compute_owner,Z4,6000,True,5156
simulated,anthropic-compute_owner@t1/012-t4-start,anthropic-compute_owner,Z4,all,True,5156
simulated,anthropic-compute_owner@t1/012-t4-start,anthropic-compute_owner,L4,250,False,0
simulated,anthropic-compute_owner@t1/012-t4-start,anthropic-compute_owner,L4,500,False,338
simulated,anthropic-compute_owner@t1/012-t4-start,anthropic-compute_owner,L4,1000,False,819
simulated,anthropic-compute_owner@t1/012-t4-start,anthropic-compute_owner,L4,1500,True,1269
simulated,anthropic-compute_owner@t1/012-t4-start,anthropic-compute_owner,L4,3000,True,2708
simulated,anthropic-compute_owner@t1/012-t4-start,anthropic-compute_owner,L4,6000,True,5734
simulated,anthropic-compute_owner@t1/012-t4-start,anthropic-compute_owner,L4,all,True,5734
simulated,anthropic-compute_owner@t1/012-t4-start,anthropic-compute_owner,L2,250,False,0
simulated,anthropic-compute_owner@t1/012-t4-start,anthropic-compute_owner,L2,500,False,295
simulated,anthropic-compute_owner@t1/012-t4-start,anthropic-compute_owner,L2,1000,True,690
simulated,anthropic-compute_owner@t1/012-t4-start,anthropic-compute_owner,L2,1500,True,1028
simulated,anthropic-compute_owner@t1/012-t4-start,anthropic-compute_owner,L2,3000,True,2868
simulated,anthropic-compute_owner@t1/012-t4-start,anthropic-compute_owner,L2,6000,True,5734
simulated,anthropic-compute_owner@t1/012-t4-start,anthropic-compute_owner,L2,all,True,5734
simulated,anthropic-compute_owner@t1/012-t4-start,anthropic-compute_owner,E1,250,True,214
simulated,anthropic-compute_owner@t1/012-t4-start,anthropic-compute_owner,E1,500,True,494
simulated,anthropic-compute_owner@t1/012-t4-start,anthropic-compute_owner,E1,1000,True,967
simulated,anthropic-compute_owner@t1/012-t4-start,anthropic-compute_owner,E1,1500,True,1479
simulated,anthropic-compute_owner@t1/012-t4-start,anthropic-compute_owner,E1,3000,True,2993
simulated,anthropic-compute_owner@t1/012-t4-start,anthropic-compute_owner,E1,6000,True,5388
simulated,anthropic-compute_owner@t1/012-t4-start,anthropic-compute_owner,E1,all,True,5388
simulated,anthropic-compute_owner@t1/012-t4-start,anthropic-compute_owner,E4,250,True,226
simulated,anthropic-compute_owner@t1/012-t4-start,anthropic-compute_owner,E4,500,True,498
simulated,anthropic-compute_owner@t1/012-t4-start,anthropic-compute_owner,E4,1000,True,997
simulated,anthropic-compute_owner@t1/012-t4-start,anthropic-compute_owner,E4,1500,True,1467
simulated,anthropic-compute_owner@t1/012-t4-start,anthropic-compute_owner,E4,3000,True,2992
simulated,anthropic-compute_owner@t1/012-t4-start,anthropic-compute_owner,E4,6000,True,5388
simulated,anthropic-compute_owner@t1/012-t4-start,anthropic-compute_owner,E4,all,True,5388
simulated,anthropic-compute_owner@t1/012-t4-middle,anthropic-compute_owner,D1,250,False,52
simulated,anthropic-compute_owner@t1/012-t4-middle,anthropic-compute_owner,D1,500,False,410
simulated,anthropic-compute_owner@t1/012-t4-middle,anthropic-compute_owner,D1,1000,False,950
simulated,anthropic-compute_owner@t1/012-t4-middle,anthropic-compute_owner,D1,1500,False,1440
simulated,anthropic-compute_owner@t1/012-t4-middle,anthropic-compute_owner,D1,3000,False,2979
simulated,anthropic-compute_owner@t1/012-t4-middle,anthropic-compute_owner,D1,6000,True,5828
simulated,anthropic-compute_owner@t1/012-t4-middle,anthropic-compute_owner,D1,all,True,6177
simulated,anthropic-compute_owner@t1/012-t4-middle,anthropic-compute_owner,D2,250,False,0
simulated,anthropic-compute_owner@t1/012-t4-middle,anthropic-compute_owner,D2,500,True,468
simulated,anthropic-compute_owner@t1/012-t4-middle,anthropic-compute_owner,D2,1000,True,606
simulated,anthropic-compute_owner@t1/012-t4-middle,anthropic-compute_owner,D2,1500,True,1275
simulated,anthropic-compute_owner@t1/012-t4-middle,anthropic-compute_owner,D2,3000,True,2604
simulated,anthropic-compute_owner@t1/012-t4-middle,anthropic-compute_owner,D2,6000,True,5755
simulated,anthropic-compute_owner@t1/012-t4-middle,anthropic-compute_owner,D2,all,True,6177
simulated,anthropic-compute_owner@t1/012-t4-middle,anthropic-compute_owner,B2,250,True,239
simulated,anthropic-compute_owner@t1/012-t4-middle,anthropic-compute_owner,B2,500,True,484
simulated,anthropic-compute_owner@t1/012-t4-middle,anthropic-compute_owner,B2,1000,True,992
simulated,anthropic-compute_owner@t1/012-t4-middle,anthropic-compute_owner,B2,1500,True,1276
simulated,anthropic-compute_owner@t1/012-t4-middle,anthropic-compute_owner,B2,3000,True,2885
simulated,anthropic-compute_owner@t1/012-t4-middle,anthropic-compute_owner,B2,6000,True,5847
simulated,anthropic-compute_owner@t1/012-t4-middle,anthropic-compute_owner,B2,all,True,12108
simulated,anthropic-compute_owner@t1/012-t4-middle,anthropic-compute_owner,D4,250,False,0
simulated,anthropic-compute_owner@t1/012-t4-middle,anthropic-compute_owner,D4,500,False,358
simulated,anthropic-compute_owner@t1/012-t4-middle,anthropic-compute_owner,D4,1000,False,586
simulated,anthropic-compute_owner@t1/012-t4-middle,anthropic-compute_owner,D4,1500,False,1414
simulated,anthropic-compute_owner@t1/012-t4-middle,anthropic-compute_owner,D4,3000,True,2943
simulated,anthropic-compute_owner@t1/012-t4-middle,anthropic-compute_owner,D4,6000,True,5843
simulated,anthropic-compute_owner@t1/012-t4-middle,anthropic-compute_owner,D4,all,True,6177
simulated,anthropic-compute_owner@t1/012-t4-middle,anthropic-compute_owner,Z4,250,False,0
simulated,anthropic-compute_owner@t1/012-t4-middle,anthropic-compute_owner,Z4,500,False,416
simulated,anthropic-compute_owner@t1/012-t4-middle,anthropic-compute_owner,Z4,1000,False,933
simulated,anthropic-compute_owner@t1/012-t4-middle,anthropic-compute_owner,Z4,1500,True,1313
simulated,anthropic-compute_owner@t1/012-t4-middle,anthropic-compute_owner,Z4,3000,True,2539
simulated,anthropic-compute_owner@t1/012-t4-middle,anthropic-compute_owner,Z4,6000,True,5955
simulated,anthropic-compute_owner@t1/012-t4-middle,anthropic-compute_owner,Z4,all,True,6476
simulated,anthropic-compute_owner@t1/012-t4-middle,anthropic-compute_owner,L4,250,False,0
simulated,anthropic-compute_owner@t1/012-t4-middle,anthropic-compute_owner,L4,500,False,428
simulated,anthropic-compute_owner@t1/012-t4-middle,anthropic-compute_owner,L4,1000,True,962
simulated,anthropic-compute_owner@t1/012-t4-middle,anthropic-compute_owner,L4,1500,True,1462
simulated,anthropic-compute_owner@t1/012-t4-middle,anthropic-compute_owner,L4,3000,True,2956
simulated,anthropic-compute_owner@t1/012-t4-middle,anthropic-compute_owner,L4,6000,True,5977
simulated,anthropic-compute_owner@t1/012-t4-middle,anthropic-compute_owner,L4,all,True,6416
simulated,anthropic-compute_owner@t1/012-t4-middle,anthropic-compute_owner,L2,250,False,0
simulated,anthropic-compute_owner@t1/012-t4-middle,anthropic-compute_owner,L2,500,True,485
simulated,anthropic-compute_owner@t1/012-t4-middle,anthropic-compute_owner,L2,1000,True,634
simulated,anthropic-compute_owner@t1/012-t4-middle,anthropic-compute_owner,L2,1500,True,1322
simulated,anthropic-compute_owner@t1/012-t4-middle,anthropic-compute_owner,L2,3000,True,2703
simulated,anthropic-compute_owner@t1/012-t4-middle,anthropic-compute_owner,L2,6000,True,5966
simulated,anthropic-compute_owner@t1/012-t4-middle,anthropic-compute_owner,L2,all,True,6416
simulated,anthropic-compute_owner@t1/012-t4-middle,anthropic-compute_owner,E1,250,True,216
simulated,anthropic-compute_owner@t1/012-t4-middle,anthropic-compute_owner,E1,500,True,475
simulated,anthropic-compute_owner@t1/012-t4-middle,anthropic-compute_owner,E1,1000,True,976
simulated,anthropic-compute_owner@t1/012-t4-middle,anthropic-compute_owner,E1,1500,True,1493
simulated,anthropic-compute_owner@t1/012-t4-middle,anthropic-compute_owner,E1,3000,True,2966
simulated,anthropic-compute_owner@t1/012-t4-middle,anthropic-compute_owner,E1,6000,True,5999
simulated,anthropic-compute_owner@t1/012-t4-middle,anthropic-compute_owner,E1,all,True,6519
simulated,anthropic-compute_owner@t1/012-t4-middle,anthropic-compute_owner,E4,250,True,222
simulated,anthropic-compute_owner@t1/012-t4-middle,anthropic-compute_owner,E4,500,True,495
simulated,anthropic-compute_owner@t1/012-t4-middle,anthropic-compute_owner,E4,1000,True,968
simulated,anthropic-compute_owner@t1/012-t4-middle,anthropic-compute_owner,E4,1500,True,1446
simulated,anthropic-compute_owner@t1/012-t4-middle,anthropic-compute_owner,E4,3000,True,2984
simulated,anthropic-compute_owner@t1/012-t4-middle,anthropic-compute_owner,E4,6000,True,5980
simulated,anthropic-compute_owner@t1/012-t4-middle,anthropic-compute_owner,E4,all,True,6519
simulated,anthropic-compute_owner@t1/012-t5-start,anthropic-compute_owner,D1,250,True,166
simulated,anthropic-compute_owner@t1/012-t5-start,anthropic-compute_owner,D1,500,True,335
simulated,anthropic-compute_owner@t1/012-t5-start,anthropic-compute_owner,D1,1000,True,825
simulated,anthropic-compute_owner@t1/012-t5-start,anthropic-compute_owner,D1,1500,True,1440
simulated,anthropic-compute_owner@t1/012-t5-start,anthropic-compute_owner,D1,3000,True,2954
simulated,anthropic-compute_owner@t1/012-t5-start,anthropic-compute_owner,D1,6000,True,5689
simulated,anthropic-compute_owner@t1/012-t5-start,anthropic-compute_owner,D1,all,True,7073
simulated,anthropic-compute_owner@t1/012-t5-start,anthropic-compute_owner,D2,250,True,219
simulated,anthropic-compute_owner@t1/012-t5-start,anthropic-compute_owner,D2,500,True,395
simulated,anthropic-compute_owner@t1/012-t5-start,anthropic-compute_owner,D2,1000,True,889
simulated,anthropic-compute_owner@t1/012-t5-start,anthropic-compute_owner,D2,1500,True,1463
simulated,anthropic-compute_owner@t1/012-t5-start,anthropic-compute_owner,D2,3000,True,2922
simulated,anthropic-compute_owner@t1/012-t5-start,anthropic-compute_owner,D2,6000,True,5930
simulated,anthropic-compute_owner@t1/012-t5-start,anthropic-compute_owner,D2,all,True,7073
simulated,anthropic-compute_owner@t1/012-t5-start,anthropic-compute_owner,B2,250,True,239
simulated,anthropic-compute_owner@t1/012-t5-start,anthropic-compute_owner,B2,500,True,492
simulated,anthropic-compute_owner@t1/012-t5-start,anthropic-compute_owner,B2,1000,True,762
simulated,anthropic-compute_owner@t1/012-t5-start,anthropic-compute_owner,B2,1500,True,1270
simulated,anthropic-compute_owner@t1/012-t5-start,anthropic-compute_owner,B2,3000,True,2856
simulated,anthropic-compute_owner@t1/012-t5-start,anthropic-compute_owner,B2,6000,True,5975
simulated,anthropic-compute_owner@t1/012-t5-start,anthropic-compute_owner,B2,all,True,13784
simulated,anthropic-compute_owner@t1/012-t5-start,anthropic-compute_owner,D4,250,True,249
simulated,anthropic-compute_owner@t1/012-t5-start,anthropic-compute_owner,D4,500,True,468
simulated,anthropic-compute_owner@t1/012-t5-start,anthropic-compute_owner,D4,1000,True,843
simulated,anthropic-compute_owner@t1/012-t5-start,anthropic-compute_owner,D4,1500,True,1432
simulated,anthropic-compute_owner@t1/012-t5-start,anthropic-compute_owner,D4,3000,True,2740
simulated,anthropic-compute_owner@t1/012-t5-start,anthropic-compute_owner,D4,6000,True,5903
simulated,anthropic-compute_owner@t1/012-t5-start,anthropic-compute_owner,D4,all,True,7073
simulated,anthropic-compute_owner@t1/012-t5-start,anthropic-compute_owner,Z4,250,True,0
simulated,anthropic-compute_owner@t1/012-t5-start,anthropic-compute_owner,Z4,500,True,0
simulated,anthropic-compute_owner@t1/012-t5-start,anthropic-compute_owner,Z4,1000,True,897
simulated,anthropic-compute_owner@t1/012-t5-start,anthropic-compute_owner,Z4,1500,True,1284
simulated,anthropic-compute_owner@t1/012-t5-start,anthropic-compute_owner,Z4,3000,True,2730
simulated,anthropic-compute_owner@t1/012-t5-start,anthropic-compute_owner,Z4,6000,True,5734
simulated,anthropic-compute_owner@t1/012-t5-start,anthropic-compute_owner,Z4,all,True,7439
simulated,anthropic-compute_owner@t1/012-t5-start,anthropic-compute_owner,L4,250,True,49
simulated,anthropic-compute_owner@t1/012-t5-start,anthropic-compute_owner,L4,500,True,464
simulated,anthropic-compute_owner@t1/012-t5-start,anthropic-compute_owner,L4,1000,True,888
simulated,anthropic-compute_owner@t1/012-t5-start,anthropic-compute_owner,L4,1500,True,1494
simulated,anthropic-compute_owner@t1/012-t5-start,anthropic-compute_owner,L4,3000,True,2930
simulated,anthropic-compute_owner@t1/012-t5-start,anthropic-compute_owner,L4,6000,True,5877
simulated,anthropic-compute_owner@t1/012-t5-start,anthropic-compute_owner,L4,all,True,7348
simulated,anthropic-compute_owner@t1/012-t5-start,anthropic-compute_owner,L2,250,True,231
simulated,anthropic-compute_owner@t1/012-t5-start,anthropic-compute_owner,L2,500,True,415
simulated,anthropic-compute_owner@t1/012-t5-start,anthropic-compute_owner,L2,1000,True,998
simulated,anthropic-compute_owner@t1/012-t5-start,anthropic-compute_owner,L2,1500,True,1242
simulated,anthropic-compute_owner@t1/012-t5-start,anthropic-compute_owner,L2,3000,True,2967
simulated,anthropic-compute_owner@t1/012-t5-start,anthropic-compute_owner,L2,6000,True,5910
simulated,anthropic-compute_owner@t1/012-t5-start,anthropic-compute_owner,L2,all,True,7348
simulated,anthropic-compute_owner@t1/012-t5-start,anthropic-compute_owner,E1,250,True,242
simulated,anthropic-compute_owner@t1/012-t5-start,anthropic-compute_owner,E1,500,True,488
simulated,anthropic-compute_owner@t1/012-t5-start,anthropic-compute_owner,E1,1000,True,969
simulated,anthropic-compute_owner@t1/012-t5-start,anthropic-compute_owner,E1,1500,True,1455
simulated,anthropic-compute_owner@t1/012-t5-start,anthropic-compute_owner,E1,3000,True,2996
simulated,anthropic-compute_owner@t1/012-t5-start,anthropic-compute_owner,E1,6000,True,5981
simulated,anthropic-compute_owner@t1/012-t5-start,anthropic-compute_owner,E1,all,True,7560
simulated,anthropic-compute_owner@t1/012-t5-start,anthropic-compute_owner,E4,250,True,212
simulated,anthropic-compute_owner@t1/012-t5-start,anthropic-compute_owner,E4,500,True,469
simulated,anthropic-compute_owner@t1/012-t5-start,anthropic-compute_owner,E4,1000,True,991
simulated,anthropic-compute_owner@t1/012-t5-start,anthropic-compute_owner,E4,1500,True,1488
simulated,anthropic-compute_owner@t1/012-t5-start,anthropic-compute_owner,E4,3000,True,2998
simulated,anthropic-compute_owner@t1/012-t5-start,anthropic-compute_owner,E4,6000,True,5978
simulated,anthropic-compute_owner@t1/012-t5-start,anthropic-compute_owner,E4,all,True,7560
simulated,anthropic-compute_owner@t1/012-t5-middle,anthropic-compute_owner,D1,250,False,0
simulated,anthropic-compute_owner@t1/012-t5-middle,anthropic-compute_owner,D1,500,False,406
simulated,anthropic-compute_owner@t1/012-t5-middle,anthropic-compute_owner,D1,1000,False,905
simulated,anthropic-compute_owner@t1/012-t5-middle,anthropic-compute_owner,D1,1500,True,1439
simulated,anthropic-compute_owner@t1/012-t5-middle,anthropic-compute_owner,D1,3000,True,2948
simulated,anthropic-compute_owner@t1/012-t5-middle,anthropic-compute_owner,D1,6000,True,5997
simulated,anthropic-compute_owner@t1/012-t5-middle,anthropic-compute_owner,D1,all,True,7830
simulated,anthropic-compute_owner@t1/012-t5-middle,anthropic-compute_owner,D2,250,False,0
simulated,anthropic-compute_owner@t1/012-t5-middle,anthropic-compute_owner,D2,500,False,285
simulated,anthropic-compute_owner@t1/012-t5-middle,anthropic-compute_owner,D2,1000,False,755
simulated,anthropic-compute_owner@t1/012-t5-middle,anthropic-compute_owner,D2,1500,True,1453
simulated,anthropic-compute_owner@t1/012-t5-middle,anthropic-compute_owner,D2,3000,True,2826
simulated,anthropic-compute_owner@t1/012-t5-middle,anthropic-compute_owner,D2,6000,True,5992
simulated,anthropic-compute_owner@t1/012-t5-middle,anthropic-compute_owner,D2,all,True,7830
simulated,anthropic-compute_owner@t1/012-t5-middle,anthropic-compute_owner,B2,250,False,245
simulated,anthropic-compute_owner@t1/012-t5-middle,anthropic-compute_owner,B2,500,False,245
simulated,anthropic-compute_owner@t1/012-t5-middle,anthropic-compute_owner,B2,1000,False,774
simulated,anthropic-compute_owner@t1/012-t5-middle,anthropic-compute_owner,B2,1500,False,1334
simulated,anthropic-compute_owner@t1/012-t5-middle,anthropic-compute_owner,B2,3000,True,2939
simulated,anthropic-compute_owner@t1/012-t5-middle,anthropic-compute_owner,B2,6000,True,5789
simulated,anthropic-compute_owner@t1/012-t5-middle,anthropic-compute_owner,B2,all,True,15307
simulated,anthropic-compute_owner@t1/012-t5-middle,anthropic-compute_owner,D4,250,False,0
simulated,anthropic-compute_owner@t1/012-t5-middle,anthropic-compute_owner,D4,500,False,406
simulated,anthropic-compute_owner@t1/012-t5-middle,anthropic-compute_owner,D4,1000,False,920
simulated,anthropic-compute_owner@t1/012-t5-middle,anthropic-compute_owner,D4,1500,False,1410
simulated,anthropic-compute_owner@t1/012-t5-middle,anthropic-compute_owner,D4,3000,False,2897
simulated,anthropic-compute_owner@t1/012-t5-middle,anthropic-compute_owner,D4,6000,True,5919
simulated,anthropic-compute_owner@t1/012-t5-middle,anthropic-compute_owner,D4,all,True,7830
simulated,anthropic-compute_owner@t1/012-t5-middle,anthropic-compute_owner,Z4,250,False,0
simulated,anthropic-compute_owner@t1/012-t5-middle,anthropic-compute_owner,Z4,500,False,406
simulated,anthropic-compute_owner@t1/012-t5-middle,anthropic-compute_owner,Z4,1000,False,911
simulated,anthropic-compute_owner@t1/012-t5-middle,anthropic-compute_owner,Z4,1500,False,1429
simulated,anthropic-compute_owner@t1/012-t5-middle,anthropic-compute_owner,Z4,3000,False,2736
simulated,anthropic-compute_owner@t1/012-t5-middle,anthropic-compute_owner,Z4,6000,True,5970
simulated,anthropic-compute_owner@t1/012-t5-middle,anthropic-compute_owner,Z4,all,True,7861
simulated,anthropic-compute_owner@t1/012-t5-middle,anthropic-compute_owner,L4,250,False,0
simulated,anthropic-compute_owner@t1/012-t5-middle,anthropic-compute_owner,L4,500,False,414
simulated,anthropic-compute_owner@t1/012-t5-middle,anthropic-compute_owner,L4,1000,False,936
simulated,anthropic-compute_owner@t1/012-t5-middle,anthropic-compute_owner,L4,1500,False,1436
simulated,anthropic-compute_owner@t1/012-t5-middle,anthropic-compute_owner,L4,3000,False,2919
simulated,anthropic-compute_owner@t1/012-t5-middle,anthropic-compute_owner,L4,6000,True,5891
simulated,anthropic-compute_owner@t1/012-t5-middle,anthropic-compute_owner,L4,all,True,8136
simulated,anthropic-compute_owner@t1/012-t5-middle,anthropic-compute_owner,L2,250,False,0
simulated,anthropic-compute_owner@t1/012-t5-middle,anthropic-compute_owner,L2,500,False,295
simulated,anthropic-compute_owner@t1/012-t5-middle,anthropic-compute_owner,L2,1000,False,776
simulated,anthropic-compute_owner@t1/012-t5-middle,anthropic-compute_owner,L2,1500,True,1491
simulated,anthropic-compute_owner@t1/012-t5-middle,anthropic-compute_owner,L2,3000,True,2589
simulated,anthropic-compute_owner@t1/012-t5-middle,anthropic-compute_owner,L2,6000,True,5976
simulated,anthropic-compute_owner@t1/012-t5-middle,anthropic-compute_owner,L2,all,True,8136
simulated,anthropic-compute_owner@t1/012-t5-middle,anthropic-compute_owner,E1,250,False,244
simulated,anthropic-compute_owner@t1/012-t5-middle,anthropic-compute_owner,E1,500,True,498
simulated,anthropic-compute_owner@t1/012-t5-middle,anthropic-compute_owner,E1,1000,True,985
simulated,anthropic-compute_owner@t1/012-t5-middle,anthropic-compute_owner,E1,1500,True,1490
simulated,anthropic-compute_owner@t1/012-t5-middle,anthropic-compute_owner,E1,3000,True,2996
simulated,anthropic-compute_owner@t1/012-t5-middle,anthropic-compute_owner,E1,6000,True,5993
simulated,anthropic-compute_owner@t1/012-t5-middle,anthropic-compute_owner,E1,all,True,8290
simulated,anthropic-compute_owner@t1/012-t5-middle,anthropic-compute_owner,E4,250,False,225
simulated,anthropic-compute_owner@t1/012-t5-middle,anthropic-compute_owner,E4,500,False,497
simulated,anthropic-compute_owner@t1/012-t5-middle,anthropic-compute_owner,E4,1000,False,971
simulated,anthropic-compute_owner@t1/012-t5-middle,anthropic-compute_owner,E4,1500,True,1496
simulated,anthropic-compute_owner@t1/012-t5-middle,anthropic-compute_owner,E4,3000,True,2983
simulated,anthropic-compute_owner@t1/012-t5-middle,anthropic-compute_owner,E4,6000,True,5974
simulated,anthropic-compute_owner@t1/012-t5-middle,anthropic-compute_owner,E4,all,True,8290
simulated,anthropic-pass_threshold@t2/005-t3-start,anthropic-pass_threshold,D1,250,False,0
simulated,anthropic-pass_threshold@t2/005-t3-start,anthropic-pass_threshold,D1,500,True,406
simulated,anthropic-pass_threshold@t2/005-t3-start,anthropic-pass_threshold,D1,1000,True,896
simulated,anthropic-pass_threshold@t2/005-t3-start,anthropic-pass_threshold,D1,1500,True,1105
simulated,anthropic-pass_threshold@t2/005-t3-start,anthropic-pass_threshold,D1,3000,True,2717
simulated,anthropic-pass_threshold@t2/005-t3-start,anthropic-pass_threshold,D1,6000,True,3823
simulated,anthropic-pass_threshold@t2/005-t3-start,anthropic-pass_threshold,D1,all,True,3823
simulated,anthropic-pass_threshold@t2/005-t3-start,anthropic-pass_threshold,D2,250,False,0
simulated,anthropic-pass_threshold@t2/005-t3-start,anthropic-pass_threshold,D2,500,False,338
simulated,anthropic-pass_threshold@t2/005-t3-start,anthropic-pass_threshold,D2,1000,False,852
simulated,anthropic-pass_threshold@t2/005-t3-start,anthropic-pass_threshold,D2,1500,False,1297
simulated,anthropic-pass_threshold@t2/005-t3-start,anthropic-pass_threshold,D2,3000,True,2789
simulated,anthropic-pass_threshold@t2/005-t3-start,anthropic-pass_threshold,D2,6000,True,3823
simulated,anthropic-pass_threshold@t2/005-t3-start,anthropic-pass_threshold,D2,all,True,3823
simulated,anthropic-pass_threshold@t2/005-t3-start,anthropic-pass_threshold,B2,250,False,249
simulated,anthropic-pass_threshold@t2/005-t3-start,anthropic-pass_threshold,B2,500,False,249
simulated,anthropic-pass_threshold@t2/005-t3-start,anthropic-pass_threshold,B2,1000,False,763
simulated,anthropic-pass_threshold@t2/005-t3-start,anthropic-pass_threshold,B2,1500,False,1255
simulated,anthropic-pass_threshold@t2/005-t3-start,anthropic-pass_threshold,B2,3000,True,2871
simulated,anthropic-pass_threshold@t2/005-t3-start,anthropic-pass_threshold,B2,6000,True,5862
simulated,anthropic-pass_threshold@t2/005-t3-start,anthropic-pass_threshold,B2,all,True,6665
simulated,anthropic-pass_threshold@t2/005-t3-start,anthropic-pass_threshold,D4,250,False,209
simulated,anthropic-pass_threshold@t2/005-t3-start,anthropic-pass_threshold,D4,500,False,209
simulated,anthropic-pass_threshold@t2/005-t3-start,anthropic-pass_threshold,D4,1000,False,547
simulated,anthropic-pass_threshold@t2/005-t3-start,anthropic-pass_threshold,D4,1500,False,1061
simulated,anthropic-pass_threshold@t2/005-t3-start,anthropic-pass_threshold,D4,3000,True,2896
simulated,anthropic-pass_threshold@t2/005-t3-start,anthropic-pass_threshold,D4,6000,True,3823
simulated,anthropic-pass_threshold@t2/005-t3-start,anthropic-pass_threshold,D4,all,True,3823
simulated,anthropic-pass_threshold@t2/005-t3-start,anthropic-pass_threshold,Z4,250,False,164
simulated,anthropic-pass_threshold@t2/005-t3-start,anthropic-pass_threshold,Z4,500,False,164
simulated,anthropic-pass_threshold@t2/005-t3-start,anthropic-pass_threshold,Z4,1000,False,669
simulated,anthropic-pass_threshold@t2/005-t3-start,anthropic-pass_threshold,Z4,1500,False,1147
simulated,anthropic-pass_threshold@t2/005-t3-start,anthropic-pass_threshold,Z4,3000,True,2802
simulated,anthropic-pass_threshold@t2/005-t3-start,anthropic-pass_threshold,Z4,6000,True,3997
simulated,anthropic-pass_threshold@t2/005-t3-start,anthropic-pass_threshold,Z4,all,True,3997
simulated,anthropic-pass_threshold@t2/005-t3-start,anthropic-pass_threshold,L4,250,False,217
simulated,anthropic-pass_threshold@t2/005-t3-start,anthropic-pass_threshold,L4,500,False,217
simulated,anthropic-pass_threshold@t2/005-t3-start,anthropic-pass_threshold,L4,1000,False,563
simulated,anthropic-pass_threshold@t2/005-t3-start,anthropic-pass_threshold,L4,1500,False,1085
simulated,anthropic-pass_threshold@t2/005-t3-start,anthropic-pass_threshold,L4,3000,True,2967
simulated,anthropic-pass_threshold@t2/005-t3-start,anthropic-pass_threshold,L4,6000,True,3947
simulated,anthropic-pass_threshold@t2/005-t3-start,anthropic-pass_threshold,L4,all,True,3947
simulated,anthropic-pass_threshold@t2/005-t3-start,anthropic-pass_threshold,L2,250,False,0
simulated,anthropic-pass_threshold@t2/005-t3-start,anthropic-pass_threshold,L2,500,False,346
simulated,anthropic-pass_threshold@t2/005-t3-start,anthropic-pass_threshold,L2,1000,False,868
simulated,anthropic-pass_threshold@t2/005-t3-start,anthropic-pass_threshold,L2,1500,False,1329
simulated,anthropic-pass_threshold@t2/005-t3-start,anthropic-pass_threshold,L2,3000,True,2857
simulated,anthropic-pass_threshold@t2/005-t3-start,anthropic-pass_threshold,L2,6000,True,3947
simulated,anthropic-pass_threshold@t2/005-t3-start,anthropic-pass_threshold,L2,all,True,3947
simulated,anthropic-pass_threshold@t2/005-t3-start,anthropic-pass_threshold,E1,250,False,229
simulated,anthropic-pass_threshold@t2/005-t3-start,anthropic-pass_threshold,E1,500,False,479
simulated,anthropic-pass_threshold@t2/005-t3-start,anthropic-pass_threshold,E1,1000,True,975
simulated,anthropic-pass_threshold@t2/005-t3-start,anthropic-pass_threshold,E1,1500,True,1470
simulated,anthropic-pass_threshold@t2/005-t3-start,anthropic-pass_threshold,E1,3000,True,2975
simulated,anthropic-pass_threshold@t2/005-t3-start,anthropic-pass_threshold,E1,6000,True,3554
simulated,anthropic-pass_threshold@t2/005-t3-start,anthropic-pass_threshold,E1,all,True,3554
simulated,anthropic-pass_threshold@t2/005-t3-start,anthropic-pass_threshold,E4,250,False,243
simulated,anthropic-pass_threshold@t2/005-t3-start,anthropic-pass_threshold,E4,500,False,467
simulated,anthropic-pass_threshold@t2/005-t3-start,anthropic-pass_threshold,E4,1000,False,984
simulated,anthropic-pass_threshold@t2/005-t3-start,anthropic-pass_threshold,E4,1500,True,1486
simulated,anthropic-pass_threshold@t2/005-t3-start,anthropic-pass_threshold,E4,3000,True,2986
simulated,anthropic-pass_threshold@t2/005-t3-start,anthropic-pass_threshold,E4,6000,True,3554
simulated,anthropic-pass_threshold@t2/005-t3-start,anthropic-pass_threshold,E4,all,True,3554
simulated,anthropic-pass_threshold@t2/005-t3-middle,anthropic-pass_threshold,D1,250,False,209
simulated,anthropic-pass_threshold@t2/005-t3-middle,anthropic-pass_threshold,D1,500,False,209
simulated,anthropic-pass_threshold@t2/005-t3-middle,anthropic-pass_threshold,D1,1000,True,896
simulated,anthropic-pass_threshold@t2/005-t3-middle,anthropic-pass_threshold,D1,1500,True,1410
simulated,anthropic-pass_threshold@t2/005-t3-middle,anthropic-pass_threshold,D1,3000,True,2665
simulated,anthropic-pass_threshold@t2/005-t3-middle,anthropic-pass_threshold,D1,6000,True,4273
simulated,anthropic-pass_threshold@t2/005-t3-middle,anthropic-pass_threshold,D1,all,True,4273
simulated,anthropic-pass_threshold@t2/005-t3-middle,anthropic-pass_threshold,D2,250,False,236
simulated,anthropic-pass_threshold@t2/005-t3-middle,anthropic-pass_threshold,D2,500,False,236
simulated,anthropic-pass_threshold@t2/005-t3-middle,anthropic-pass_threshold,D2,1000,True,642
simulated,anthropic-pass_threshold@t2/005-t3-middle,anthropic-pass_threshold,D2,1500,True,1494
simulated,anthropic-pass_threshold@t2/005-t3-middle,anthropic-pass_threshold,D2,3000,True,2904
simulated,anthropic-pass_threshold@t2/005-t3-middle,anthropic-pass_threshold,D2,6000,True,4273
simulated,anthropic-pass_threshold@t2/005-t3-middle,anthropic-pass_threshold,D2,all,True,4273
simulated,anthropic-pass_threshold@t2/005-t3-middle,anthropic-pass_threshold,B2,250,False,0
simulated,anthropic-pass_threshold@t2/005-t3-middle,anthropic-pass_threshold,B2,500,False,275
simulated,anthropic-pass_threshold@t2/005-t3-middle,anthropic-pass_threshold,B2,1000,True,809
simulated,anthropic-pass_threshold@t2/005-t3-middle,anthropic-pass_threshold,B2,1500,True,1333
simulated,anthropic-pass_threshold@t2/005-t3-middle,anthropic-pass_threshold,B2,3000,True,2899
simulated,anthropic-pass_threshold@t2/005-t3-middle,anthropic-pass_threshold,B2,6000,True,5814
simulated,anthropic-pass_threshold@t2/005-t3-middle,anthropic-pass_threshold,B2,all,True,8491
simulated,anthropic-pass_threshold@t2/005-t3-middle,anthropic-pass_threshold,D4,250,False,0
simulated,anthropic-pass_threshold@t2/005-t3-middle,anthropic-pass_threshold,D4,500,False,0
simulated,anthropic-pass_threshold@t2/005-t3-middle,anthropic-pass_threshold,D4,1000,False,683
simulated,anthropic-pass_threshold@t2/005-t3-middle,anthropic-pass_threshold,D4,1500,False,1362
simulated,anthropic-pass_threshold@t2/005-t3-middle,anthropic-pass_threshold,D4,3000,True,2672
simulated,anthropic-pass_threshold@t2/005-t3-middle,anthropic-pass_threshold,D4,6000,True,4273
simulated,anthropic-pass_threshold@t2/005-t3-middle,anthropic-pass_threshold,D4,all,True,4273
simulated,anthropic-pass_threshold@t2/005-t3-middle,anthropic-pass_threshold,Z4,250,False,176
simulated,anthropic-pass_threshold@t2/005-t3-middle,anthropic-pass_threshold,Z4,500,False,176
simulated,anthropic-pass_threshold@t2/005-t3-middle,anthropic-pass_threshold,Z4,1000,False,681
simulated,anthropic-pass_threshold@t2/005-t3-middle,anthropic-pass_threshold,Z4,1500,False,1363
simulated,anthropic-pass_threshold@t2/005-t3-middle,anthropic-pass_threshold,Z4,3000,True,2997
simulated,anthropic-pass_threshold@t2/005-t3-middle,anthropic-pass_threshold,Z4,6000,True,4923
simulated,anthropic-pass_threshold@t2/005-t3-middle,anthropic-pass_threshold,Z4,all,True,4923
simulated,anthropic-pass_threshold@t2/005-t3-middle,anthropic-pass_threshold,L4,250,False,0
simulated,anthropic-pass_threshold@t2/005-t3-middle,anthropic-pass_threshold,L4,500,False,0
simulated,anthropic-pass_threshold@t2/005-t3-middle,anthropic-pass_threshold,L4,1000,False,699
simulated,anthropic-pass_threshold@t2/005-t3-middle,anthropic-pass_threshold,L4,1500,False,1397
simulated,anthropic-pass_threshold@t2/005-t3-middle,anthropic-pass_threshold,L4,3000,True,2744
simulated,anthropic-pass_threshold@t2/005-t3-middle,anthropic-pass_threshold,L4,6000,True,4416
simulated,anthropic-pass_threshold@t2/005-t3-middle,anthropic-pass_threshold,L4,all,True,4416
simulated,anthropic-pass_threshold@t2/005-t3-middle,anthropic-pass_threshold,L2,250,False,244
simulated,anthropic-pass_threshold@t2/005-t3-middle,anthropic-pass_threshold,L2,500,False,244
simulated,anthropic-pass_threshold@t2/005-t3-middle,anthropic-pass_threshold,L2,1000,True,658
simulated,anthropic-pass_threshold@t2/005-t3-middle,anthropic-pass_threshold,L2,1500,True,1180
simulated,anthropic-pass_threshold@t2/005-t3-middle,anthropic-pass_threshold,L2,3000,True,2693
simulated,anthropic-pass_threshold@t2/005-t3-middle,anthropic-pass_threshold,L2,6000,True,4416
simulated,anthropic-pass_threshold@t2/005-t3-middle,anthropic-pass_threshold,L2,all,True,4416
simulated,anthropic-pass_threshold@t2/005-t3-middle,anthropic-pass_threshold,E1,250,True,236
simulated,anthropic-pass_threshold@t2/005-t3-middle,anthropic-pass_threshold,E1,500,True,468
simulated,anthropic-pass_threshold@t2/005-t3-middle,anthropic-pass_threshold,E1,1000,True,995
simulated,anthropic-pass_threshold@t2/005-t3-middle,anthropic-pass_threshold,E1,1500,True,1474
simulated,anthropic-pass_threshold@t2/005-t3-middle,anthropic-pass_threshold,E1,3000,True,2991
simulated,anthropic-pass_threshold@t2/005-t3-middle,anthropic-pass_threshold,E1,6000,True,4526
simulated,anthropic-pass_threshold@t2/005-t3-middle,anthropic-pass_threshold,E1,all,True,4526
simulated,anthropic-pass_threshold@t2/005-t3-middle,anthropic-pass_threshold,E4,250,False,229
simulated,anthropic-pass_threshold@t2/005-t3-middle,anthropic-pass_threshold,E4,500,False,488
simulated,anthropic-pass_threshold@t2/005-t3-middle,anthropic-pass_threshold,E4,1000,False,973
simulated,anthropic-pass_threshold@t2/005-t3-middle,anthropic-pass_threshold,E4,1500,True,1499
simulated,anthropic-pass_threshold@t2/005-t3-middle,anthropic-pass_threshold,E4,3000,True,2980
simulated,anthropic-pass_threshold@t2/005-t3-middle,anthropic-pass_threshold,E4,6000,True,4526
simulated,anthropic-pass_threshold@t2/005-t3-middle,anthropic-pass_threshold,E4,all,True,4526
simulated,anthropic-pass_threshold@t2/005-t4-start,anthropic-pass_threshold,D1,250,False,0
simulated,anthropic-pass_threshold@t2/005-t4-start,anthropic-pass_threshold,D1,500,True,406
simulated,anthropic-pass_threshold@t2/005-t4-start,anthropic-pass_threshold,D1,1000,True,737
simulated,anthropic-pass_threshold@t2/005-t4-start,anthropic-pass_threshold,D1,1500,True,1075
simulated,anthropic-pass_threshold@t2/005-t4-start,anthropic-pass_threshold,D1,3000,True,2834
simulated,anthropic-pass_threshold@t2/005-t4-start,anthropic-pass_threshold,D1,6000,True,5528
simulated,anthropic-pass_threshold@t2/005-t4-start,anthropic-pass_threshold,D1,all,True,5528
simulated,anthropic-pass_threshold@t2/005-t4-start,anthropic-pass_threshold,D2,250,False,0
simulated,anthropic-pass_threshold@t2/005-t4-start,anthropic-pass_threshold,D2,500,False,292
simulated,anthropic-pass_threshold@t2/005-t4-start,anthropic-pass_threshold,D2,1000,True,983
simulated,anthropic-pass_threshold@t2/005-t4-start,anthropic-pass_threshold,D2,1500,True,1399
simulated,anthropic-pass_threshold@t2/005-t4-start,anthropic-pass_threshold,D2,3000,True,2595
simulated,anthropic-pass_threshold@t2/005-t4-start,anthropic-pass_threshold,D2,6000,True,5528
simulated,anthropic-pass_threshold@t2/005-t4-start,anthropic-pass_threshold,D2,all,True,5528
simulated,anthropic-pass_threshold@t2/005-t4-start,anthropic-pass_threshold,B2,250,False,0
simulated,anthropic-pass_threshold@t2/005-t4-start,anthropic-pass_threshold,B2,500,False,290
simulated,anthropic-pass_threshold@t2/005-t4-start,anthropic-pass_threshold,B2,1000,False,847
simulated,anthropic-pass_threshold@t2/005-t4-start,anthropic-pass_threshold,B2,1500,False,1419
simulated,anthropic-pass_threshold@t2/005-t4-start,anthropic-pass_threshold,B2,3000,True,2748
simulated,anthropic-pass_threshold@t2/005-t4-start,anthropic-pass_threshold,B2,6000,True,5812
simulated,anthropic-pass_threshold@t2/005-t4-start,anthropic-pass_threshold,B2,all,True,9966
simulated,anthropic-pass_threshold@t2/005-t4-start,anthropic-pass_threshold,D4,250,False,0
simulated,anthropic-pass_threshold@t2/005-t4-start,anthropic-pass_threshold,D4,500,False,331
simulated,anthropic-pass_threshold@t2/005-t4-start,anthropic-pass_threshold,D4,1000,True,737
simulated,anthropic-pass_threshold@t2/005-t4-start,anthropic-pass_threshold,D4,1500,True,1227
simulated,anthropic-pass_threshold@t2/005-t4-start,anthropic-pass_threshold,D4,3000,True,2841
simulated,anthropic-pass_threshold@t2/005-t4-start,anthropic-pass_threshold,D4,6000,True,5528
simulated,anthropic-pass_threshold@t2/005-t4-start,anthropic-pass_threshold,D4,all,True,5528
simulated,anthropic-pass_threshold@t2/005-t4-start,anthropic-pass_threshold,Z4,250,False,0
simulated,anthropic-pass_threshold@t2/005-t4-start,anthropic-pass_threshold,Z4,500,False,290
simulated,anthropic-pass_threshold@t2/005-t4-start,anthropic-pass_threshold,Z4,1000,True,696
simulated,anthropic-pass_threshold@t2/005-t4-start,anthropic-pass_threshold,Z4,1500,True,1214
simulated,anthropic-pass_threshold@t2/005-t4-start,anthropic-pass_threshold,Z4,3000,True,2589
simulated,anthropic-pass_threshold@t2/005-t4-start,anthropic-pass_threshold,Z4,6000,True,5156
simulated,anthropic-pass_threshold@t2/005-t4-start,anthropic-pass_threshold,Z4,all,True,5156
simulated,anthropic-pass_threshold@t2/005-t4-start,anthropic-pass_threshold,L4,250,False,0
simulated,anthropic-pass_threshold@t2/005-t4-start,anthropic-pass_threshold,L4,500,False,338
simulated,anthropic-pass_threshold@t2/005-t4-start,anthropic-pass_threshold,L4,1000,True,752
simulated,anthropic-pass_threshold@t2/005-t4-start,anthropic-pass_threshold,L4,1500,True,1252
simulated,anthropic-pass_threshold@t2/005-t4-start,anthropic-pass_threshold,L4,3000,True,2902
simulated,anthropic-pass_threshold@t2/005-t4-start,anthropic-pass_threshold,L4,6000,True,5734
simulated,anthropic-pass_threshold@t2/005-t4-start,anthropic-pass_threshold,L4,all,True,5734
simulated,anthropic-pass_threshold@t2/005-t4-start,anthropic-pass_threshold,L2,250,False,0
simulated,anthropic-pass_threshold@t2/005-t4-start,anthropic-pass_threshold,L2,500,False,295
simulated,anthropic-pass_threshold@t2/005-t4-start,anthropic-pass_threshold,L2,1000,False,633
simulated,anthropic-pass_threshold@t2/005-t4-start,anthropic-pass_threshold,L2,1500,True,1442
simulated,anthropic-pass_threshold@t2/005-t4-start,anthropic-pass_threshold,L2,3000,True,2667
simulated,anthropic-pass_threshold@t2/005-t4-start,anthropic-pass_threshold,L2,6000,True,5734
simulated,anthropic-pass_threshold@t2/005-t4-start,anthropic-pass_threshold,L2,all,True,5734
simulated,anthropic-pass_threshold@t2/005-t4-start,anthropic-pass_threshold,E1,250,True,243
simulated,anthropic-pass_threshold@t2/005-t4-start,anthropic-pass_threshold,E1,500,True,466
simulated,anthropic-pass_threshold@t2/005-t4-start,anthropic-pass_threshold,E1,1000,True,988
simulated,anthropic-pass_threshold@t2/005-t4-start,anthropic-pass_threshold,E1,1500,True,1472
simulated,anthropic-pass_threshold@t2/005-t4-start,anthropic-pass_threshold,E1,3000,True,2980
simulated,anthropic-pass_threshold@t2/005-t4-start,anthropic-pass_threshold,E1,6000,True,5388
simulated,anthropic-pass_threshold@t2/005-t4-start,anthropic-pass_threshold,E1,all,True,5388
simulated,anthropic-pass_threshold@t2/005-t4-start,anthropic-pass_threshold,E4,250,False,215
simulated,anthropic-pass_threshold@t2/005-t4-start,anthropic-pass_threshold,E4,500,True,497
simulated,anthropic-pass_threshold@t2/005-t4-start,anthropic-pass_threshold,E4,1000,True,994
simulated,anthropic-pass_threshold@t2/005-t4-start,anthropic-pass_threshold,E4,1500,True,1493
simulated,anthropic-pass_threshold@t2/005-t4-start,anthropic-pass_threshold,E4,3000,True,2994
simulated,anthropic-pass_threshold@t2/005-t4-start,anthropic-pass_threshold,E4,6000,True,5388
simulated,anthropic-pass_threshold@t2/005-t4-start,anthropic-pass_threshold,E4,all,True,5388
simulated,anthropic-pass_threshold@t2/005-t4-middle,anthropic-pass_threshold,D1,250,False,209
simulated,anthropic-pass_threshold@t2/005-t4-middle,anthropic-pass_threshold,D1,500,False,209
simulated,anthropic-pass_threshold@t2/005-t4-middle,anthropic-pass_threshold,D1,1000,True,667
simulated,anthropic-pass_threshold@t2/005-t4-middle,anthropic-pass_threshold,D1,1500,True,1198
simulated,anthropic-pass_threshold@t2/005-t4-middle,anthropic-pass_threshold,D1,3000,True,2682
simulated,anthropic-pass_threshold@t2/005-t4-middle,anthropic-pass_threshold,D1,6000,True,5956
simulated,anthropic-pass_threshold@t2/005-t4-middle,anthropic-pass_threshold,D1,all,True,6177
simulated,anthropic-pass_threshold@t2/005-t4-middle,anthropic-pass_threshold,D2,250,False,0
simulated,anthropic-pass_threshold@t2/005-t4-middle,anthropic-pass_threshold,D2,500,False,292
simulated,anthropic-pass_threshold@t2/005-t4-middle,anthropic-pass_threshold,D2,1000,False,989
simulated,anthropic-pass_threshold@t2/005-t4-middle,anthropic-pass_threshold,D2,1500,True,1480
simulated,anthropic-pass_threshold@t2/005-t4-middle,anthropic-pass_threshold,D2,3000,True,2990
simulated,anthropic-pass_threshold@t2/005-t4-middle,anthropic-pass_threshold,D2,6000,True,5992
simulated,anthropic-pass_threshold@t2/005-t4-middle,anthropic-pass_threshold,D2,all,True,6177
simulated,anthropic-pass_threshold@t2/005-t4-middle,anthropic-pass_threshold,B2,250,False,0
simulated,anthropic-pass_threshold@t2/005-t4-middle,anthropic-pass_threshold,B2,500,False,275
simulated,anthropic-pass_threshold@t2/005-t4-middle,anthropic-pass_threshold,B2,1000,False,822
simulated,anthropic-pass_threshold@t2/005-t4-middle,anthropic-pass_threshold,B2,1500,True,1324
simulated,anthropic-pass_threshold@t2/005-t4-middle,anthropic-pass_threshold,B2,3000,True,2869
simulated,anthropic-pass_threshold@t2/005-t4-middle,anthropic-pass_threshold,B2,6000,True,5822
simulated,anthropic-pass_threshold@t2/005-t4-middle,anthropic-pass_threshold,B2,all,True,12108
simulated,anthropic-pass_threshold@t2/005-t4-middle,anthropic-pass_threshold,D4,250,False,176
simulated,anthropic-pass_threshold@t2/005-t4-middle,anthropic-pass_threshold,D4,500,False,176
simulated,anthropic-pass_threshold@t2/005-t4-middle,anthropic-pass_threshold,D4,1000,False,586
simulated,anthropic-pass_threshold@t2/005-t4-middle,anthropic-pass_threshold,D4,1500,False,1357
simulated,anthropic-pass_threshold@t2/005-t4-middle,anthropic-pass_threshold,D4,3000,False,2938
simulated,anthropic-pass_threshold@t2/005-t4-middle,anthropic-pass_threshold,D4,6000,True,5909
simulated,anthropic-pass_threshold@t2/005-t4-middle,anthropic-pass_threshold,D4,all,True,6177
simulated,anthropic-pass_threshold@t2/005-t4-middle,anthropic-pass_threshold,Z4,250,False,0
simulated,anthropic-pass_threshold@t2/005-t4-middle,anthropic-pass_threshold,Z4,500,False,416
simulated,anthropic-pass_threshold@t2/005-t4-middle,anthropic-pass_threshold,Z4,1000,False,933
simulated,anthropic-pass_threshold@t2/005-t4-middle,anthropic-pass_threshold,Z4,1500,False,1313
simulated,anthropic-pass_threshold@t2/005-t4-middle,anthropic-pass_threshold,Z4,3000,False,2579
simulated,anthropic-pass_threshold@t2/005-t4-middle,anthropic-pass_threshold,Z4,6000,True,5955
simulated,anthropic-pass_threshold@t2/005-t4-middle,anthropic-pass_threshold,Z4,all,True,6476
simulated,anthropic-pass_threshold@t2/005-t4-middle,anthropic-pass_threshold,L4,250,False,0
simulated,anthropic-pass_threshold@t2/005-t4-middle,anthropic-pass_threshold,L4,500,False,428
simulated,anthropic-pass_threshold@t2/005-t4-middle,anthropic-pass_threshold,L4,1000,False,904
simulated,anthropic-pass_threshold@t2/005-t4-middle,anthropic-pass_threshold,L4,1500,False,1404
simulated,anthropic-pass_threshold@t2/005-t4-middle,anthropic-pass_threshold,L4,3000,False,2807
simulated,anthropic-pass_threshold@t2/005-t4-middle,anthropic-pass_threshold,L4,6000,True,5549
simulated,anthropic-pass_threshold@t2/005-t4-middle,anthropic-pass_threshold,L4,all,True,6416
simulated,anthropic-pass_threshold@t2/005-t4-middle,anthropic-pass_threshold,L2,250,False,0
simulated,anthropic-pass_threshold@t2/005-t4-middle,anthropic-pass_threshold,L2,500,False,301
simulated,anthropic-pass_threshold@t2/005-t4-middle,anthropic-pass_threshold,L2,1000,False,874
simulated,anthropic-pass_threshold@t2/005-t4-middle,anthropic-pass_threshold,L2,1500,True,1495
simulated,anthropic-pass_threshold@t2/005-t4-middle,anthropic-pass_threshold,L2,3000,True,2968
simulated,anthropic-pass_threshold@t2/005-t4-middle,anthropic-pass_threshold,L2,6000,True,5980
simulated,anthropic-pass_threshold@t2/005-t4-middle,anthropic-pass_threshold,L2,all,True,6416
simulated,anthropic-pass_threshold@t2/005-t4-middle,anthropic-pass_threshold,E1,250,True,223
simulated,anthropic-pass_threshold@t2/005-t4-middle,anthropic-pass_threshold,E1,500,True,471
simulated,anthropic-pass_threshold@t2/005-t4-middle,anthropic-pass_threshold,E1,1000,True,981
simulated,anthropic-pass_threshold@t2/005-t4-middle,anthropic-pass_threshold,E1,1500,True,1496
simulated,anthropic-pass_threshold@t2/005-t4-middle,anthropic-pass_threshold,E1,3000,True,2988
simulated,anthropic-pass_threshold@t2/005-t4-middle,anthropic-pass_threshold,E1,6000,True,5987
simulated,anthropic-pass_threshold@t2/005-t4-middle,anthropic-pass_threshold,E1,all,True,6519
simulated,anthropic-pass_threshold@t2/005-t4-middle,anthropic-pass_threshold,E4,250,False,232
simulated,anthropic-pass_threshold@t2/005-t4-middle,anthropic-pass_threshold,E4,500,False,461
simulated,anthropic-pass_threshold@t2/005-t4-middle,anthropic-pass_threshold,E4,1000,True,999
simulated,anthropic-pass_threshold@t2/005-t4-middle,anthropic-pass_threshold,E4,1500,True,1485
simulated,anthropic-pass_threshold@t2/005-t4-middle,anthropic-pass_threshold,E4,3000,True,2972
simulated,anthropic-pass_threshold@t2/005-t4-middle,anthropic-pass_threshold,E4,6000,True,5970
simulated,anthropic-pass_threshold@t2/005-t4-middle,anthropic-pass_threshold,E4,all,True,6519
simulated,anthropic-pass_threshold@t2/005-t5-start,anthropic-pass_threshold,D1,250,False,169
simulated,anthropic-pass_threshold@t2/005-t5-start,anthropic-pass_threshold,D1,500,False,169
simulated,anthropic-pass_threshold@t2/005-t5-start,anthropic-pass_threshold,D1,1000,True,774
simulated,anthropic-pass_threshold@t2/005-t5-start,anthropic-pass_threshold,D1,1500,True,1244
simulated,anthropic-pass_threshold@t2/005-t5-start,anthropic-pass_threshold,D1,3000,True,2927
simulated,anthropic-pass_threshold@t2/005-t5-start,anthropic-pass_threshold,D1,6000,True,5941
simulated,anthropic-pass_threshold@t2/005-t5-start,anthropic-pass_threshold,D1,all,True,7073
simulated,anthropic-pass_threshold@t2/005-t5-start,anthropic-pass_threshold,D2,250,False,0
simulated,anthropic-pass_threshold@t2/005-t5-start,anthropic-pass_threshold,D2,500,False,499
simulated,anthropic-pass_threshold@t2/005-t5-start,anthropic-pass_threshold,D2,1000,False,911
simulated,anthropic-pass_threshold@t2/005-t5-start,anthropic-pass_threshold,D2,1500,False,1299
simulated,anthropic-pass_threshold@t2/005-t5-start,anthropic-pass_threshold,D2,3000,False,2621
simulated,anthropic-pass_threshold@t2/005-t5-start,anthropic-pass_threshold,D2,6000,True,5875
simulated,anthropic-pass_threshold@t2/005-t5-start,anthropic-pass_threshold,D2,all,True,7073
simulated,anthropic-pass_threshold@t2/005-t5-start,anthropic-pass_threshold,B2,250,False,0
simulated,anthropic-pass_threshold@t2/005-t5-start,anthropic-pass_threshold,B2,500,False,253
simulated,anthropic-pass_threshold@t2/005-t5-start,anthropic-pass_threshold,B2,1000,False,784
simulated,anthropic-pass_threshold@t2/005-t5-start,anthropic-pass_threshold,B2,1500,False,1299
simulated,anthropic-pass_threshold@t2/005-t5-start,anthropic-pass_threshold,B2,3000,False,2837
simulated,anthropic-pass_threshold@t2/005-t5-start,anthropic-pass_threshold,B2,6000,True,6000
simulated,anthropic-pass_threshold@t2/005-t5-start,anthropic-pass_threshold,B2,all,True,13784
simulated,anthropic-pass_threshold@t2/005-t5-start,anthropic-pass_threshold,D4,250,False,216
simulated,anthropic-pass_threshold@t2/005-t5-start,anthropic-pass_threshold,D4,500,False,415
simulated,anthropic-pass_threshold@t2/005-t5-start,anthropic-pass_threshold,D4,1000,False,624
simulated,anthropic-pass_threshold@t2/005-t5-start,anthropic-pass_threshold,D4,1500,False,1482
simulated,anthropic-pass_threshold@t2/005-t5-start,anthropic-pass_threshold,D4,3000,False,2926
simulated,anthropic-pass_threshold@t2/005-t5-start,anthropic-pass_threshold,D4,6000,True,5552
simulated,anthropic-pass_threshold@t2/005-t5-start,anthropic-pass_threshold,D4,all,True,7073
simulated,anthropic-pass_threshold@t2/005-t5-start,anthropic-pass_threshold,Z4,250,False,0
simulated,anthropic-pass_threshold@t2/005-t5-start,anthropic-pass_threshold,Z4,500,False,0
simulated,anthropic-pass_threshold@t2/005-t5-start,anthropic-pass_threshold,Z4,1000,False,897
simulated,anthropic-pass_threshold@t2/005-t5-start,anthropic-pass_threshold,Z4,1500,False,1415
simulated,anthropic-pass_threshold@t2/005-t5-start,anthropic-pass_threshold,Z4,3000,False,2785
simulated,anthropic-pass_threshold@t2/005-t5-start,anthropic-pass_threshold,Z4,6000,False,5608
simulated,anthropic-pass_threshold@t2/005-t5-start,anthropic-pass_threshold,Z4,all,True,7439
simulated,anthropic-pass_threshold@t2/005-t5-start,anthropic-pass_threshold,L4,250,False,233
simulated,anthropic-pass_threshold@t2/005-t5-start,anthropic-pass_threshold,L4,500,False,440
simulated,anthropic-pass_threshold@t2/005-t5-start,anthropic-pass_threshold,L4,1000,False,888
simulated,anthropic-pass_threshold@t2/005-t5-start,anthropic-pass_threshold,L4,1500,False,1369
simulated,anthropic-pass_threshold@t2/005-t5-start,anthropic-pass_threshold,L4,3000,False,2793
simulated,anthropic-pass_threshold@t2/005-t5-start,anthropic-pass_threshold,L4,6000,True,5513
simulated,anthropic-pass_threshold@t2/005-t5-start,anthropic-pass_threshold,L4,all,True,7348
simulated,anthropic-pass_threshold@t2/005-t5-start,anthropic-pass_threshold,L2,250,False,244
simulated,anthropic-pass_threshold@t2/005-t5-start,anthropic-pass_threshold,L2,500,False,244
simulated,anthropic-pass_threshold@t2/005-t5-start,anthropic-pass_threshold,L2,1000,False,930
simulated,anthropic-pass_threshold@t2/005-t5-start,anthropic-pass_threshold,L2,1500,False,1351
simulated,anthropic-pass_threshold@t2/005-t5-start,anthropic-pass_threshold,L2,3000,False,2995
simulated,anthropic-pass_threshold@t2/005-t5-start,anthropic-pass_threshold,L2,6000,True,5875
simulated,anthropic-pass_threshold@t2/005-t5-start,anthropic-pass_threshold,L2,all,True,7348
simulated,anthropic-pass_threshold@t2/005-t5-start,anthropic-pass_threshold,E1,250,False,202
simulated,anthropic-pass_threshold@t2/005-t5-start,anthropic-pass_threshold,E1,500,False,470
simulated,anthropic-pass_threshold@t2/005-t5-start,anthropic-pass_threshold,E1,1000,False,966
simulated,anthropic-pass_threshold@t2/005-t5-start,anthropic-pass_threshold,E1,1500,False,1475
simulated,anthropic-pass_threshold@t2/005-t5-start,anthropic-pass_threshold,E1,3000,True,2972
simulated,anthropic-pass_threshold@t2/005-t5-start,anthropic-pass_threshold,E1,6000,True,5977
simulated,anthropic-pass_threshold@t2/005-t5-start,anthropic-pass_threshold,E1,all,True,7560
simulated,anthropic-pass_threshold@t2/005-t5-start,anthropic-pass_threshold,E4,250,False,223
simulated,anthropic-pass_threshold@t2/005-t5-start,anthropic-pass_threshold,E4,500,False,489
simulated,anthropic-pass_threshold@t2/005-t5-start,anthropic-pass_threshold,E4,1000,False,990
simulated,anthropic-pass_threshold@t2/005-t5-start,anthropic-pass_threshold,E4,1500,False,1478
simulated,anthropic-pass_threshold@t2/005-t5-start,anthropic-pass_threshold,E4,3000,False,2996
simulated,anthropic-pass_threshold@t2/005-t5-start,anthropic-pass_threshold,E4,6000,False,5992
simulated,anthropic-pass_threshold@t2/005-t5-start,anthropic-pass_threshold,E4,all,True,7560
simulated,anthropic-pass_threshold@t2/005-t5-middle,anthropic-pass_threshold,D1,250,False,0
simulated,anthropic-pass_threshold@t2/005-t5-middle,anthropic-pass_threshold,D1,500,True,406
simulated,anthropic-pass_threshold@t2/005-t5-middle,anthropic-pass_threshold,D1,1000,True,905
simulated,anthropic-pass_threshold@t2/005-t5-middle,anthropic-pass_threshold,D1,1500,True,1395
simulated,anthropic-pass_threshold@t2/005-t5-middle,anthropic-pass_threshold,D1,3000,True,2914
simulated,anthropic-pass_threshold@t2/005-t5-middle,anthropic-pass_threshold,D1,6000,True,5942
simulated,anthropic-pass_threshold@t2/005-t5-middle,anthropic-pass_threshold,D1,all,True,7830
simulated,anthropic-pass_threshold@t2/005-t5-middle,anthropic-pass_threshold,D2,250,False,0
simulated,anthropic-pass_threshold@t2/005-t5-middle,anthropic-pass_threshold,D2,500,True,406
simulated,anthropic-pass_threshold@t2/005-t5-middle,anthropic-pass_threshold,D2,1000,True,927
simulated,anthropic-pass_threshold@t2/005-t5-middle,anthropic-pass_threshold,D2,1500,True,1319
simulated,anthropic-pass_threshold@t2/005-t5-middle,anthropic-pass_threshold,D2,3000,True,2858
simulated,anthropic-pass_threshold@t2/005-t5-middle,anthropic-pass_threshold,D2,6000,True,5832
simulated,anthropic-pass_threshold@t2/005-t5-middle,anthropic-pass_threshold,D2,all,True,7830
simulated,anthropic-pass_threshold@t2/005-t5-middle,anthropic-pass_threshold,B2,250,False,245
simulated,anthropic-pass_threshold@t2/005-t5-middle,anthropic-pass_threshold,B2,500,False,490
simulated,anthropic-pass_threshold@t2/005-t5-middle,anthropic-pass_threshold,B2,1000,False,990
simulated,anthropic-pass_threshold@t2/005-t5-middle,anthropic-pass_threshold,B2,1500,True,1258
simulated,anthropic-pass_threshold@t2/005-t5-middle,anthropic-pass_threshold,B2,3000,True,2891
simulated,anthropic-pass_threshold@t2/005-t5-middle,anthropic-pass_threshold,B2,6000,True,5827
simulated,anthropic-pass_threshold@t2/005-t5-middle,anthropic-pass_threshold,B2,all,True,15307
simulated,anthropic-pass_threshold@t2/005-t5-middle,anthropic-pass_threshold,D4,250,False,0
simulated,anthropic-pass_threshold@t2/005-t5-middle,anthropic-pass_threshold,D4,500,True,406
simulated,anthropic-pass_threshold@t2/005-t5-middle,anthropic-pass_threshold,D4,1000,True,920
simulated,anthropic-pass_threshold@t2/005-t5-middle,anthropic-pass_threshold,D4,1500,True,1410
simulated,anthropic-pass_threshold@t2/005-t5-middle,anthropic-pass_threshold,D4,3000,True,2759
simulated,anthropic-pass_threshold@t2/005-t5-middle,anthropic-pass_threshold,D4,6000,True,5762
simulated,anthropic-pass_threshold@t2/005-t5-middle,anthropic-pass_threshold,D4,all,True,7830
simulated,anthropic-pass_threshold@t2/005-t5-middle,anthropic-pass_threshold,Z4,250,False,0
simulated,anthropic-pass_threshold@t2/005-t5-middle,anthropic-pass_threshold,Z4,500,True,406
simulated,anthropic-pass_threshold@t2/005-t5-middle,anthropic-pass_threshold,Z4,1000,True,911
simulated,anthropic-pass_threshold@t2/005-t5-middle,anthropic-pass_threshold,Z4,1500,True,1429
simulated,anthropic-pass_threshold@t2/005-t5-middle,anthropic-pass_threshold,Z4,3000,True,2564
simulated,anthropic-pass_threshold@t2/005-t5-middle,anthropic-pass_threshold,Z4,6000,True,5986
simulated,anthropic-pass_threshold@t2/005-t5-middle,anthropic-pass_threshold,Z4,all,True,7861
simulated,anthropic-pass_threshold@t2/005-t5-middle,anthropic-pass_threshold,L4,250,False,0
simulated,anthropic-pass_threshold@t2/005-t5-middle,anthropic-pass_threshold,L4,500,True,414
simulated,anthropic-pass_threshold@t2/005-t5-middle,anthropic-pass_threshold,L4,1000,True,936
simulated,anthropic-pass_threshold@t2/005-t5-middle,anthropic-pass_threshold,L4,1500,True,1436
simulated,anthropic-pass_threshold@t2/005-t5-middle,anthropic-pass_threshold,L4,3000,True,2852
simulated,anthropic-pass_threshold@t2/005-t5-middle,anthropic-pass_threshold,L4,6000,True,5911
simulated,anthropic-pass_threshold@t2/005-t5-middle,anthropic-pass_threshold,L4,all,True,8136
simulated,anthropic-pass_threshold@t2/005-t5-middle,anthropic-pass_threshold,L2,250,False,0
simulated,anthropic-pass_threshold@t2/005-t5-middle,anthropic-pass_threshold,L2,500,False,295
simulated,anthropic-pass_threshold@t2/005-t5-middle,anthropic-pass_threshold,L2,1000,True,953
simulated,anthropic-pass_threshold@t2/005-t5-middle,anthropic-pass_threshold,L2,1500,True,1363
simulated,anthropic-pass_threshold@t2/005-t5-middle,anthropic-pass_threshold,L2,3000,True,2802
simulated,anthropic-pass_threshold@t2/005-t5-middle,anthropic-pass_threshold,L2,6000,True,5749
simulated,anthropic-pass_threshold@t2/005-t5-middle,anthropic-pass_threshold,L2,all,True,8136
simulated,anthropic-pass_threshold@t2/005-t5-middle,anthropic-pass_threshold,E1,250,True,232
simulated,anthropic-pass_threshold@t2/005-t5-middle,anthropic-pass_threshold,E1,500,True,450
simulated,anthropic-pass_threshold@t2/005-t5-middle,anthropic-pass_threshold,E1,1000,True,991
simulated,anthropic-pass_threshold@t2/005-t5-middle,anthropic-pass_threshold,E1,1500,True,1498
simulated,anthropic-pass_threshold@t2/005-t5-middle,anthropic-pass_threshold,E1,3000,True,2983
simulated,anthropic-pass_threshold@t2/005-t5-middle,anthropic-pass_threshold,E1,6000,True,6000
simulated,anthropic-pass_threshold@t2/005-t5-middle,anthropic-pass_threshold,E1,all,True,8290
simulated,anthropic-pass_threshold@t2/005-t5-middle,anthropic-pass_threshold,E4,250,False,223
simulated,anthropic-pass_threshold@t2/005-t5-middle,anthropic-pass_threshold,E4,500,True,486
simulated,anthropic-pass_threshold@t2/005-t5-middle,anthropic-pass_threshold,E4,1000,True,969
simulated,anthropic-pass_threshold@t2/005-t5-middle,anthropic-pass_threshold,E4,1500,True,1498
simulated,anthropic-pass_threshold@t2/005-t5-middle,anthropic-pass_threshold,E4,3000,True,2962
simulated,anthropic-pass_threshold@t2/005-t5-middle,anthropic-pass_threshold,E4,6000,True,5998
simulated,anthropic-pass_threshold@t2/005-t5-middle,anthropic-pass_threshold,E4,all,True,8290
simulated,anthropic-item_count@t2/009-t3-start,anthropic-item_count,D1,250,False,0
simulated,anthropic-item_count@t2/009-t3-start,anthropic-item_count,D1,500,True,406
simulated,anthropic-item_count@t2/009-t3-start,anthropic-item_count,D1,1000,True,896
simulated,anthropic-item_count@t2/009-t3-start,anthropic-item_count,D1,1500,True,1436
simulated,anthropic-item_count@t2/009-t3-start,anthropic-item_count,D1,3000,True,2809
simulated,anthropic-item_count@t2/009-t3-start,anthropic-item_count,D1,6000,True,3823
simulated,anthropic-item_count@t2/009-t3-start,anthropic-item_count,D1,all,True,3823
simulated,anthropic-item_count@t2/009-t3-start,anthropic-item_count,D2,250,False,236
simulated,anthropic-item_count@t2/009-t3-start,anthropic-item_count,D2,500,False,236
simulated,anthropic-item_count@t2/009-t3-start,anthropic-item_count,D2,1000,False,783
simulated,anthropic-item_count@t2/009-t3-start,anthropic-item_count,D2,1500,False,1297
simulated,anthropic-item_count@t2/009-t3-start,anthropic-item_count,D2,3000,True,2927
simulated,anthropic-item_count@t2/009-t3-start,anthropic-item_count,D2,6000,True,3823
simulated,anthropic-item_count@t2/009-t3-start,anthropic-item_count,D2,all,True,3823
simulated,anthropic-item_count@t2/009-t3-start,anthropic-item_count,B2,250,False,249
simulated,anthropic-item_count@t2/009-t3-start,anthropic-item_count,B2,500,False,249
simulated,anthropic-item_count@t2/009-t3-start,anthropic-item_count,B2,1000,True,789
simulated,anthropic-item_count@t2/009-t3-start,anthropic-item_count,B2,1500,True,1255
simulated,anthropic-item_count@t2/009-t3-start,anthropic-item_count,B2,3000,True,2861
simulated,anthropic-item_count@t2/009-t3-start,anthropic-item_count,B2,6000,True,5788
simulated,anthropic-item_count@t2/009-t3-start,anthropic-item_count,B2,all,True,6665
simulated,anthropic-item_count@t2/009-t3-start,anthropic-item_count,D4,250,False,209
simulated,anthropic-item_count@t2/009-t3-start,anthropic-item_count,D4,500,False,209
simulated,anthropic-item_count@t2/009-t3-start,anthropic-item_count,D4,1000,True,953
simulated,anthropic-item_count@t2/009-t3-start,anthropic-item_count,D4,1500,True,1443
simulated,anthropic-item_count@t2/009-t3-start,anthropic-item_count,D4,3000,True,2896
simulated,anthropic-item_count@t2/009-t3-start,anthropic-item_count,D4,6000,True,3823
simulated,anthropic-item_count@t2/009-t3-start,anthropic-item_count,D4,all,True,3823
simulated,anthropic-item_count@t2/009-t3-start,anthropic-item_count,Z4,250,False,164
simulated,anthropic-item_count@t2/009-t3-start,anthropic-item_count,Z4,500,False,164
simulated,anthropic-item_count@t2/009-t3-start,anthropic-item_count,Z4,1000,False,669
simulated,anthropic-item_count@t2/009-t3-start,anthropic-item_count,Z4,1500,False,1147
simulated,anthropic-item_count@t2/009-t3-start,anthropic-item_count,Z4,3000,True,2802
simulated,anthropic-item_count@t2/009-t3-start,anthropic-item_count,Z4,6000,True,3997
simulated,anthropic-item_count@t2/009-t3-start,anthropic-item_count,Z4,all,True,3997
simulated,anthropic-item_count@t2/009-t3-start,anthropic-item_count,L4,250,False,217
simulated,anthropic-item_count@t2/009-t3-start,anthropic-item_count,L4,500,False,217
simulated,anthropic-item_count@t2/009-t3-start,anthropic-item_count,L4,1000,True,977
simulated,anthropic-item_count@t2/009-t3-start,anthropic-item_count,L4,1500,True,1477
simulated,anthropic-item_count@t2/009-t3-start,anthropic-item_count,L4,3000,True,2967
simulated,anthropic-item_count@t2/009-t3-start,anthropic-item_count,L4,6000,True,3947
simulated,anthropic-item_count@t2/009-t3-start,anthropic-item_count,L4,all,True,3947
simulated,anthropic-item_count@t2/009-t3-start,anthropic-item_count,L2,250,False,0
simulated,anthropic-item_count@t2/009-t3-start,anthropic-item_count,L2,500,False,346
simulated,anthropic-item_count@t2/009-t3-start,anthropic-item_count,L2,1000,False,590
simulated,anthropic-item_count@t2/009-t3-start,anthropic-item_count,L2,1500,False,1329
simulated,anthropic-item_count@t2/009-t3-start,anthropic-item_count,L2,3000,False,2592
simulated,anthropic-item_count@t2/009-t3-start,anthropic-item_count,L2,6000,True,3947
simulated,anthropic-item_count@t2/009-t3-start,anthropic-item_count,L2,all,True,3947
simulated,anthropic-item_count@t2/009-t3-start,anthropic-item_count,E1,250,False,217
simulated,anthropic-item_count@t2/009-t3-start,anthropic-item_count,E1,500,True,487
simulated,anthropic-item_count@t2/009-t3-start,anthropic-item_count,E1,1000,True,963
simulated,anthropic-item_count@t2/009-t3-start,anthropic-item_count,E1,1500,True,1477
simulated,anthropic-item_count@t2/009-t3-start,anthropic-item_count,E1,3000,True,2977
simulated,anthropic-item_count@t2/009-t3-start,anthropic-item_count,E1,6000,True,3554
simulated,anthropic-item_count@t2/009-t3-start,anthropic-item_count,E1,all,True,3554
simulated,anthropic-item_count@t2/009-t3-start,anthropic-item_count,E4,250,False,242
simulated,anthropic-item_count@t2/009-t3-start,anthropic-item_count,E4,500,True,481
simulated,anthropic-item_count@t2/009-t3-start,anthropic-item_count,E4,1000,True,988
simulated,anthropic-item_count@t2/009-t3-start,anthropic-item_count,E4,1500,True,1471
simulated,anthropic-item_count@t2/009-t3-start,anthropic-item_count,E4,3000,True,2975
simulated,anthropic-item_count@t2/009-t3-start,anthropic-item_count,E4,6000,True,3554
simulated,anthropic-item_count@t2/009-t3-start,anthropic-item_count,E4,all,True,3554
simulated,anthropic-item_count@t2/009-t3-middle,anthropic-item_count,D1,250,False,0
simulated,anthropic-item_count@t2/009-t3-middle,anthropic-item_count,D1,500,False,285
simulated,anthropic-item_count@t2/009-t3-middle,anthropic-item_count,D1,1000,True,860
simulated,anthropic-item_count@t2/009-t3-middle,anthropic-item_count,D1,1500,True,1350
simulated,anthropic-item_count@t2/009-t3-middle,anthropic-item_count,D1,3000,True,2533
simulated,anthropic-item_count@t2/009-t3-middle,anthropic-item_count,D1,6000,True,4273
simulated,anthropic-item_count@t2/009-t3-middle,anthropic-item_count,D1,all,True,4273
simulated,anthropic-item_count@t2/009-t3-middle,anthropic-item_count,D2,250,False,236
simulated,anthropic-item_count@t2/009-t3-middle,anthropic-item_count,D2,500,False,405
simulated,anthropic-item_count@t2/009-t3-middle,anthropic-item_count,D2,1000,False,919
simulated,anthropic-item_count@t2/009-t3-middle,anthropic-item_count,D2,1500,False,1200
simulated,anthropic-item_count@t2/009-t3-middle,anthropic-item_count,D2,3000,True,2908
simulated,anthropic-item_count@t2/009-t3-middle,anthropic-item_count,D2,6000,True,4273
simulated,anthropic-item_count@t2/009-t3-middle,anthropic-item_count,D2,all,True,4273
simulated,anthropic-item_count@t2/009-t3-middle,anthropic-item_count,B2,250,False,0
simulated,anthropic-item_count@t2/009-t3-middle,anthropic-item_count,B2,500,False,275
simulated,anthropic-item_count@t2/009-t3-middle,anthropic-item_count,B2,1000,False,799
simulated,anthropic-item_count@t2/009-t3-middle,anthropic-item_count,B2,1500,False,1322
simulated,anthropic-item_count@t2/009-t3-middle,anthropic-item_count,B2,3000,False,2783
simulated,anthropic-item_count@t2/009-t3-middle,anthropic-item_count,B2,6000,True,5744
simulated,anthropic-item_count@t2/009-t3-middle,anthropic-item_count,B2,all,True,8491
simulated,anthropic-item_count@t2/009-t3-middle,anthropic-item_count,D4,250,False,169
simulated,anthropic-item_count@t2/009-t3-middle,anthropic-item_count,D4,500,False,169
simulated,anthropic-item_count@t2/009-t3-middle,anthropic-item_count,D4,1000,False,892
simulated,anthropic-item_count@t2/009-t3-middle,anthropic-item_count,D4,1500,False,1173
simulated,anthropic-item_count@t2/009-t3-middle,anthropic-item_count,D4,3000,True,2672
simulated,anthropic-item_count@t2/009-t3-middle,anthropic-item_count,D4,6000,True,4273
simulated,anthropic-item_count@t2/009-t3-middle,anthropic-item_count,D4,all,True,4273
simulated,anthropic-item_count@t2/009-t3-middle,anthropic-item_count,Z4,250,False,176
simulated,anthropic-item_count@t2/009-t3-middle,anthropic-item_count,Z4,500,False,176
simulated,anthropic-item_count@t2/009-t3-middle,anthropic-item_count,Z4,1000,False,845
simulated,anthropic-item_count@t2/009-t3-middle,anthropic-item_count,Z4,1500,False,1363
simulated,anthropic-item_count@t2/009-t3-middle,anthropic-item_count,Z4,3000,True,2997
simulated,anthropic-item_count@t2/009-t3-middle,anthropic-item_count,Z4,6000,True,4923
simulated,anthropic-item_count@t2/009-t3-middle,anthropic-item_count,Z4,all,True,4923
simulated,anthropic-item_count@t2/009-t3-middle,anthropic-item_count,L4,250,False,177
simulated,anthropic-item_count@t2/009-t3-middle,anthropic-item_count,L4,500,False,177
simulated,anthropic-item_count@t2/009-t3-middle,anthropic-item_count,L4,1000,False,916
simulated,anthropic-item_count@t2/009-t3-middle,anthropic-item_count,L4,1500,False,1208
simulated,anthropic-item_count@t2/009-t3-middle,anthropic-item_count,L4,3000,True,2744
simulated,anthropic-item_count@t2/009-t3-middle,anthropic-item_count,L4,6000,True,4416
simulated,anthropic-item_count@t2/009-t3-middle,anthropic-item_count,L4,all,True,4416
simulated,anthropic-item_count@t2/009-t3-middle,anthropic-item_count,L2,250,False,177
simulated,anthropic-item_count@t2/009-t3-middle,anthropic-item_count,L2,500,False,421
simulated,anthropic-item_count@t2/009-t3-middle,anthropic-item_count,L2,1000,False,943
simulated,anthropic-item_count@t2/009-t3-middle,anthropic-item_count,L2,1500,False,1235
simulated,anthropic-item_count@t2/009-t3-middle,anthropic-item_count,L2,3000,True,2988
simulated,anthropic-item_count@t2/009-t3-middle,anthropic-item_count,L2,6000,True,4416
simulated,anthropic-item_count@t2/009-t3-middle,anthropic-item_count,L2,all,True,4416
simulated,anthropic-item_count@t2/009-t3-middle,anthropic-item_count,E1,250,True,226
simulated,anthropic-item_count@t2/009-t3-middle,anthropic-item_count,E1,500,True,487
simulated,anthropic-item_count@t2/009-t3-middle,anthropic-item_count,E1,1000,True,976
simulated,anthropic-item_count@t2/009-t3-middle,anthropic-item_count,E1,1500,True,1480
simulated,anthropic-item_count@t2/009-t3-middle,anthropic-item_count,E1,3000,True,2995
simulated,anthropic-item_count@t2/009-t3-middle,anthropic-item_count,E1,6000,True,4526
simulated,anthropic-item_count@t2/009-t3-middle,anthropic-item_count,E1,all,True,4526
simulated,anthropic-item_count@t2/009-t3-middle,anthropic-item_count,E4,250,False,216
simulated,anthropic-item_count@t2/009-t3-middle,anthropic-item_count,E4,500,True,462
simulated,anthropic-item_count@t2/009-t3-middle,anthropic-item_count,E4,1000,True,982
simulated,anthropic-item_count@t2/009-t3-middle,anthropic-item_count,E4,1500,True,1496
simulated,anthropic-item_count@t2/009-t3-middle,anthropic-item_count,E4,3000,True,2970
simulated,anthropic-item_count@t2/009-t3-middle,anthropic-item_count,E4,6000,True,4526
simulated,anthropic-item_count@t2/009-t3-middle,anthropic-item_count,E4,all,True,4526
simulated,anthropic-item_count@t2/009-t4-start,anthropic-item_count,D1,250,False,0
simulated,anthropic-item_count@t2/009-t4-start,anthropic-item_count,D1,500,True,406
simulated,anthropic-item_count@t2/009-t4-start,anthropic-item_count,D1,1000,True,737
simulated,anthropic-item_count@t2/009-t4-start,anthropic-item_count,D1,1500,True,1360
simulated,anthropic-item_count@t2/009-t4-start,anthropic-item_count,D1,3000,True,2834
simulated,anthropic-item_count@t2/009-t4-start,anthropic-item_count,D1,6000,True,5528
simulated,anthropic-item_count@t2/009-t4-start,anthropic-item_count,D1,all,True,5528
simulated,anthropic-item_count@t2/009-t4-start,anthropic-item_count,D2,250,False,0
simulated,anthropic-item_count@t2/009-t4-start,anthropic-item_count,D2,500,False,331
simulated,anthropic-item_count@t2/009-t4-start,anthropic-item_count,D2,1000,False,993
simulated,anthropic-item_count@t2/009-t4-start,anthropic-item_count,D2,1500,True,1399
simulated,anthropic-item_count@t2/009-t4-start,anthropic-item_count,D2,3000,True,2800
simulated,anthropic-item_count@t2/009-t4-start,anthropic-item_count,D2,6000,True,5528
simulated,anthropic-item_count@t2/009-t4-start,anthropic-item_count,D2,all,True,5528
simulated,anthropic-item_count@t2/009-t4-start,anthropic-item_count,B2,250,False,0
simulated,anthropic-item_count@t2/009-t4-start,anthropic-item_count,B2,500,True,278
simulated,anthropic-item_count@t2/009-t4-start,anthropic-item_count,B2,1000,True,849
simulated,anthropic-item_count@t2/009-t4-start,anthropic-item_count,B2,1500,True,1411
simulated,anthropic-item_count@t2/009-t4-start,anthropic-item_count,B2,3000,True,2763
simulated,anthropic-item_count@t2/009-t4-start,anthropic-item_count,B2,6000,True,5861
simulated,anthropic-item_count@t2/009-t4-start,anthropic-item_count,B2,all,True,9966
simulated,anthropic-item_count@t2/009-t4-start,anthropic-item_count,D4,250,False,0
simulated,anthropic-item_count@t2/009-t4-start,anthropic-item_count,D4,500,False,331
simulated,anthropic-item_count@t2/009-t4-start,anthropic-item_count,D4,1000,True,737
simulated,anthropic-item_count@t2/009-t4-start,anthropic-item_count,D4,1500,True,1227
simulated,anthropic-item_count@t2/009-t4-start,anthropic-item_count,D4,3000,True,2964
simulated,anthropic-item_count@t2/009-t4-start,anthropic-item_count,D4,6000,True,5528
simulated,anthropic-item_count@t2/009-t4-start,anthropic-item_count,D4,all,True,5528
simulated,anthropic-item_count@t2/009-t4-start,anthropic-item_count,Z4,250,False,0
simulated,anthropic-item_count@t2/009-t4-start,anthropic-item_count,Z4,500,False,290
simulated,anthropic-item_count@t2/009-t4-start,anthropic-item_count,Z4,1000,True,696
simulated,anthropic-item_count@t2/009-t4-start,anthropic-item_count,Z4,1500,True,1076
simulated,anthropic-item_count@t2/009-t4-start,anthropic-item_count,Z4,3000,True,2589
simulated,anthropic-item_count@t2/009-t4-start,anthropic-item_count,Z4,6000,True,5156
simulated,anthropic-item_count@t2/009-t4-start,anthropic-item_count,Z4,all,True,5156
simulated,anthropic-item_count@t2/009-t4-start,anthropic-item_count,L4,250,False,0
simulated,anthropic-item_count@t2/009-t4-start,anthropic-item_count,L4,500,False,338
simulated,anthropic-item_count@t2/009-t4-start,anthropic-item_count,L4,1000,True,752
simulated,anthropic-item_count@t2/009-t4-start,anthropic-item_count,L4,1500,True,1252
simulated,anthropic-item_count@t2/009-t4-start,anthropic-item_count,L4,3000,True,2840
simulated,anthropic-item_count@t2/009-t4-start,anthropic-item_count,L4,6000,True,5734
simulated,anthropic-item_count@t2/009-t4-start,anthropic-item_count,L4,all,True,5734
simulated,anthropic-item_count@t2/009-t4-start,anthropic-item_count,L2,250,False,0
simulated,anthropic-item_count@t2/009-t4-start,anthropic-item_count,L2,500,False,338
simulated,anthropic-item_count@t2/009-t4-start,anthropic-item_count,L2,1000,False,862
simulated,anthropic-item_count@t2/009-t4-start,anthropic-item_count,L2,1500,True,1276
simulated,anthropic-item_count@t2/009-t4-start,anthropic-item_count,L2,3000,True,2737
simulated,anthropic-item_count@t2/009-t4-start,anthropic-item_count,L2,6000,True,5734
simulated,anthropic-item_count@t2/009-t4-start,anthropic-item_count,L2,all,True,5734
simulated,anthropic-item_count@t2/009-t4-start,anthropic-item_count,E1,250,True,243
simulated,anthropic-item_count@t2/009-t4-start,anthropic-item_count,E1,500,True,467
simulated,anthropic-item_count@t2/009-t4-start,anthropic-item_count,E1,1000,True,976
simulated,anthropic-item_count@t2/009-t4-start,anthropic-item_count,E1,1500,True,1460
simulated,anthropic-item_count@t2/009-t4-start,anthropic-item_count,E1,3000,True,2969
simulated,anthropic-item_count@t2/009-t4-start,anthropic-item_count,E1,6000,True,5388
simulated,anthropic-item_count@t2/009-t4-start,anthropic-item_count,E1,all,True,5388
simulated,anthropic-item_count@t2/009-t4-start,anthropic-item_count,E4,250,False,231
simulated,anthropic-item_count@t2/009-t4-start,anthropic-item_count,E4,500,True,463
simulated,anthropic-item_count@t2/009-t4-start,anthropic-item_count,E4,1000,True,997
simulated,anthropic-item_count@t2/009-t4-start,anthropic-item_count,E4,1500,True,1494
simulated,anthropic-item_count@t2/009-t4-start,anthropic-item_count,E4,3000,True,2965
simulated,anthropic-item_count@t2/009-t4-start,anthropic-item_count,E4,6000,True,5388
simulated,anthropic-item_count@t2/009-t4-start,anthropic-item_count,E4,all,True,5388
simulated,anthropic-suite_version@t3/006-t4-start,anthropic-suite_version,D1,250,False,0
simulated,anthropic-suite_version@t3/006-t4-start,anthropic-suite_version,D1,500,False,331
simulated,anthropic-suite_version@t3/006-t4-start,anthropic-suite_version,D1,1000,False,737
simulated,anthropic-suite_version@t3/006-t4-start,anthropic-suite_version,D1,1500,False,1227
simulated,anthropic-suite_version@t3/006-t4-start,anthropic-suite_version,D1,3000,False,2732
simulated,anthropic-suite_version@t3/006-t4-start,anthropic-suite_version,D1,6000,True,5528
simulated,anthropic-suite_version@t3/006-t4-start,anthropic-suite_version,D1,all,True,5528
simulated,anthropic-suite_version@t3/006-t4-start,anthropic-suite_version,D2,250,False,0
simulated,anthropic-suite_version@t3/006-t4-start,anthropic-suite_version,D2,500,False,285
simulated,anthropic-suite_version@t3/006-t4-start,anthropic-suite_version,D2,1000,False,577
simulated,anthropic-suite_version@t3/006-t4-start,anthropic-suite_version,D2,1500,False,1047
simulated,anthropic-suite_version@t3/006-t4-start,anthropic-suite_version,D2,3000,False,2873
simulated,anthropic-suite_version@t3/006-t4-start,anthropic-suite_version,D2,6000,True,5528
simulated,anthropic-suite_version@t3/006-t4-start,anthropic-suite_version,D2,all,True,5528
simulated,anthropic-suite_version@t3/006-t4-start,anthropic-suite_version,B2,250,False,0
simulated,anthropic-suite_version@t3/006-t4-start,anthropic-suite_version,B2,500,False,276
simulated,anthropic-suite_version@t3/006-t4-start,anthropic-suite_version,B2,1000,False,835
simulated,anthropic-suite_version@t3/006-t4-start,anthropic-suite_version,B2,1500,False,1381
simulated,anthropic-suite_version@t3/006-t4-start,anthropic-suite_version,B2,3000,True,2767
simulated,anthropic-suite_version@t3/006-t4-start,anthropic-suite_version,B2,6000,True,5814
simulated,anthropic-suite_version@t3/006-t4-start,anthropic-suite_version,B2,all,True,9966
simulated,anthropic-suite_version@t3/006-t4-start,anthropic-suite_version,D4,250,False,0
simulated,anthropic-suite_version@t3/006-t4-start,anthropic-suite_version,D4,500,False,490
simulated,anthropic-suite_version@t3/006-t4-start,anthropic-suite_version,D4,1000,False,821
simulated,anthropic-suite_version@t3/006-t4-start,anthropic-suite_version,D4,1500,False,1291
simulated,anthropic-suite_version@t3/006-t4-start,anthropic-suite_version,D4,3000,False,2739
simulated,anthropic-suite_version@t3/006-t4-start,anthropic-suite_version,D4,6000,True,5528
simulated,anthropic-suite_version@t3/006-t4-start,anthropic-suite_version,D4,all,True,5528
simulated,anthropic-suite_version@t3/006-t4-start,anthropic-suite_version,Z4,250,False,0
simulated,anthropic-suite_version@t3/006-t4-start,anthropic-suite_version,Z4,500,False,290
simulated,anthropic-suite_version@t3/006-t4-start,anthropic-suite_version,Z4,1000,False,696
simulated,anthropic-suite_version@t3/006-t4-start,anthropic-suite_version,Z4,1500,False,1137
simulated,anthropic-suite_version@t3/006-t4-start,anthropic-suite_version,Z4,3000,True,2552
simulated,anthropic-suite_version@t3/006-t4-start,anthropic-suite_version,Z4,6000,True,5156
simulated,anthropic-suite_version@t3/006-t4-start,anthropic-suite_version,Z4,all,True,5156
simulated,anthropic-suite_version@t3/006-t4-start,anthropic-suite_version,L4,250,False,0
simulated,anthropic-suite_version@t3/006-t4-start,anthropic-suite_version,L4,500,False,481
simulated,anthropic-suite_version@t3/006-t4-start,anthropic-suite_version,L4,1000,False,981
simulated,anthropic-suite_version@t3/006-t4-start,anthropic-suite_version,L4,1500,False,1319
simulated,anthropic-suite_version@t3/006-t4-start,anthropic-suite_version,L4,3000,False,2949
simulated,anthropic-suite_version@t3/006-t4-start,anthropic-suite_version,L4,6000,True,5734
simulated,anthropic-suite_version@t3/006-t4-start,anthropic-suite_version,L4,all,True,5734
simulated,anthropic-suite_version@t3/006-t4-start,anthropic-suite_version,L2,250,False,0
simulated,anthropic-suite_version@t3/006-t4-start,anthropic-suite_version,L2,500,False,295
simulated,anthropic-suite_version@t3/006-t4-start,anthropic-suite_version,L2,1000,False,934
simulated,anthropic-suite_version@t3/006-t4-start,anthropic-suite_version,L2,1500,False,1028
simulated,anthropic-suite_version@t3/006-t4-start,anthropic-suite_version,L2,3000,False,2667
simulated,anthropic-suite_version@t3/006-t4-start,anthropic-suite_version,L2,6000,True,5734
simulated,anthropic-suite_version@t3/006-t4-start,anthropic-suite_version,L2,all,True,5734
simulated,anthropic-suite_version@t3/006-t4-start,anthropic-suite_version,E1,250,False,234
simulated,anthropic-suite_version@t3/006-t4-start,anthropic-suite_version,E1,500,True,471
simulated,anthropic-suite_version@t3/006-t4-start,anthropic-suite_version,E1,1000,True,977
simulated,anthropic-suite_version@t3/006-t4-start,anthropic-suite_version,E1,1500,True,1492
simulated,anthropic-suite_version@t3/006-t4-start,anthropic-suite_version,E1,3000,True,2973
simulated,anthropic-suite_version@t3/006-t4-start,anthropic-suite_version,E1,6000,True,5388
simulated,anthropic-suite_version@t3/006-t4-start,anthropic-suite_version,E1,all,True,5388
simulated,anthropic-suite_version@t3/006-t4-start,anthropic-suite_version,E4,250,True,231
simulated,anthropic-suite_version@t3/006-t4-start,anthropic-suite_version,E4,500,True,497
simulated,anthropic-suite_version@t3/006-t4-start,anthropic-suite_version,E4,1000,True,988
simulated,anthropic-suite_version@t3/006-t4-start,anthropic-suite_version,E4,1500,True,1476
simulated,anthropic-suite_version@t3/006-t4-start,anthropic-suite_version,E4,3000,True,2985
simulated,anthropic-suite_version@t3/006-t4-start,anthropic-suite_version,E4,6000,True,5388
simulated,anthropic-suite_version@t3/006-t4-start,anthropic-suite_version,E4,all,True,5388
simulated,anthropic-suite_version@t3/006-t4-middle,anthropic-suite_version,D1,250,False,52
simulated,anthropic-suite_version@t3/006-t4-middle,anthropic-suite_version,D1,500,False,52
simulated,anthropic-suite_version@t3/006-t4-middle,anthropic-suite_version,D1,1000,False,778
simulated,anthropic-suite_version@t3/006-t4-middle,anthropic-suite_version,D1,1500,True,1322
simulated,anthropic-suite_version@t3/006-t4-middle,anthropic-suite_version,D1,3000,True,2931
simulated,anthropic-suite_version@t3/006-t4-middle,anthropic-suite_version,D1,6000,True,5996
simulated,anthropic-suite_version@t3/006-t4-middle,anthropic-suite_version,D1,all,True,6177
simulated,anthropic-suite_version@t3/006-t4-middle,anthropic-suite_version,D2,250,True,176
simulated,anthropic-suite_version@t3/006-t4-middle,anthropic-suite_version,D2,500,True,412
simulated,anthropic-suite_version@t3/006-t4-middle,anthropic-suite_version,D2,1000,True,789
simulated,anthropic-suite_version@t3/006-t4-middle,anthropic-suite_version,D2,1500,True,1259
simulated,anthropic-suite_version@t3/006-t4-middle,anthropic-suite_version,D2,3000,True,2521
simulated,anthropic-suite_version@t3/006-t4-middle,anthropic-suite_version,D2,6000,True,5992
simulated,anthropic-suite_version@t3/006-t4-middle,anthropic-suite_version,D2,all,True,6177
simulated,anthropic-suite_version@t3/006-t4-middle,anthropic-suite_version,B2,250,False,0
simulated,anthropic-suite_version@t3/006-t4-middle,anthropic-suite_version,B2,500,True,263
simulated,anthropic-suite_version@t3/006-t4-middle,anthropic-suite_version,B2,1000,True,822
simulated,anthropic-suite_version@t3/006-t4-middle,anthropic-suite_version,B2,1500,True,1311
simulated,anthropic-suite_version@t3/006-t4-middle,anthropic-suite_version,B2,3000,True,2852
simulated,anthropic-suite_version@t3/006-t4-middle,anthropic-suite_version,B2,6000,True,5757
simulated,anthropic-suite_version@t3/006-t4-middle,anthropic-suite_version,B2,all,True,12108
simulated,anthropic-suite_version@t3/006-t4-middle,anthropic-suite_version,D4,250,True,228
simulated,anthropic-suite_version@t3/006-t4-middle,anthropic-suite_version,D4,500,True,228
simulated,anthropic-suite_version@t3/006-t4-middle,anthropic-suite_version,D4,1000,True,586
simulated,anthropic-suite_version@t3/006-t4-middle,anthropic-suite_version,D4,1500,True,1357
simulated,anthropic-suite_version@t3/006-t4-middle,anthropic-suite_version,D4,3000,True,2882
simulated,anthropic-suite_version@t3/006-t4-middle,anthropic-suite_version,D4,6000,True,5914
simulated,anthropic-suite_version@t3/006-t4-middle,anthropic-suite_version,D4,all,True,6177
simulated,anthropic-suite_version@t3/006-t4-middle,anthropic-suite_version,Z4,250,False,0
simulated,anthropic-suite_version@t3/006-t4-middle,anthropic-suite_version,Z4,500,False,416
simulated,anthropic-suite_version@t3/006-t4-middle,anthropic-suite_version,Z4,1000,True,933
simulated,anthropic-suite_version@t3/006-t4-middle,anthropic-suite_version,Z4,1500,True,1374
simulated,anthropic-suite_version@t3/006-t4-middle,anthropic-suite_version,Z4,3000,True,2996
simulated,anthropic-suite_version@t3/006-t4-middle,anthropic-suite_version,Z4,6000,True,5955
simulated,anthropic-suite_version@t3/006-t4-middle,anthropic-suite_version,Z4,all,True,6476
simulated,anthropic-suite_version@t3/006-t4-middle,anthropic-suite_version,L4,250,False,59
simulated,anthropic-suite_version@t3/006-t4-middle,anthropic-suite_version,L4,500,False,428
simulated,anthropic-suite_version@t3/006-t4-middle,anthropic-suite_version,L4,1000,True,904
simulated,anthropic-suite_version@t3/006-t4-middle,anthropic-suite_version,L4,1500,True,1404
simulated,anthropic-suite_version@t3/006-t4-middle,anthropic-suite_version,L4,3000,True,2976
simulated,anthropic-suite_version@t3/006-t4-middle,anthropic-suite_version,L4,6000,True,5999
simulated,anthropic-suite_version@t3/006-t4-middle,anthropic-suite_version,L4,all,True,6416
simulated,anthropic-suite_version@t3/006-t4-middle,anthropic-suite_version,L2,250,True,184
simulated,anthropic-suite_version@t3/006-t4-middle,anthropic-suite_version,L2,500,True,428
simulated,anthropic-suite_version@t3/006-t4-middle,anthropic-suite_version,L2,1000,True,823
simulated,anthropic-suite_version@t3/006-t4-middle,anthropic-suite_version,L2,1500,True,1363
simulated,anthropic-suite_version@t3/006-t4-middle,anthropic-suite_version,L2,3000,True,2832
simulated,anthropic-suite_version@t3/006-t4-middle,anthropic-suite_version,L2,6000,True,5635
simulated,anthropic-suite_version@t3/006-t4-middle,anthropic-suite_version,L2,all,True,6416
simulated,anthropic-suite_version@t3/006-t4-middle,anthropic-suite_version,E1,250,False,243
simulated,anthropic-suite_version@t3/006-t4-middle,anthropic-suite_version,E1,500,True,463
simulated,anthropic-suite_version@t3/006-t4-middle,anthropic-suite_version,E1,1000,True,995
simulated,anthropic-suite_version@t3/006-t4-middle,anthropic-suite_version,E1,1500,True,1488
simulated,anthropic-suite_version@t3/006-t4-middle,anthropic-suite_version,E1,3000,True,2963
simulated,anthropic-suite_version@t3/006-t4-middle,anthropic-suite_version,E1,6000,True,5992
simulated,anthropic-suite_version@t3/006-t4-middle,anthropic-suite_version,E1,all,True,6519
simulated,anthropic-suite_version@t3/006-t4-middle,anthropic-suite_version,E4,250,False,210
simulated,anthropic-suite_version@t3/006-t4-middle,anthropic-suite_version,E4,500,True,499
simulated,anthropic-suite_version@t3/006-t4-middle,anthropic-suite_version,E4,1000,True,983
simulated,anthropic-suite_version@t3/006-t4-middle,anthropic-suite_version,E4,1500,True,1471
simulated,anthropic-suite_version@t3/006-t4-middle,anthropic-suite_version,E4,3000,True,2984
simulated,anthropic-suite_version@t3/006-t4-middle,anthropic-suite_version,E4,6000,True,5982
simulated,anthropic-suite_version@t3/006-t4-middle,anthropic-suite_version,E4,all,True,6519
simulated,anthropic-suite_version@t3/006-t5-start,anthropic-suite_version,D1,250,False,169
simulated,anthropic-suite_version@t3/006-t5-start,anthropic-suite_version,D1,500,True,432
simulated,anthropic-suite_version@t3/006-t5-start,anthropic-suite_version,D1,1000,True,946
simulated,anthropic-suite_version@t3/006-t5-start,anthropic-suite_version,D1,1500,True,1155
simulated,anthropic-suite_version@t3/006-t5-start,anthropic-suite_version,D1,3000,True,2959
simulated,anthropic-suite_version@t3/006-t5-start,anthropic-suite_version,D1,6000,True,5826
simulated,anthropic-suite_version@t3/006-t5-start,anthropic-suite_version,D1,all,True,7073
simulated,anthropic-suite_version@t3/006-t5-start,anthropic-suite_version,D2,250,True,176
simulated,anthropic-suite_version@t3/006-t5-start,anthropic-suite_version,D2,500,True,412
simulated,anthropic-suite_version@t3/006-t5-start,anthropic-suite_version,D2,1000,True,894
simulated,anthropic-suite_version@t3/006-t5-start,anthropic-suite_version,D2,1500,True,1125
simulated,anthropic-suite_version@t3/006-t5-start,anthropic-suite_version,D2,3000,True,2667
simulated,anthropic-suite_version@t3/006-t5-start,anthropic-suite_version,D2,6000,True,5907
simulated,anthropic-suite_version@t3/006-t5-start,anthropic-suite_version,D2,all,True,7073
simulated,anthropic-suite_version@t3/006-t5-start,anthropic-suite_version,B2,250,False,0
simulated,anthropic-suite_version@t3/006-t5-start,anthropic-suite_version,B2,500,True,253
simulated,anthropic-suite_version@t3/006-t5-start,anthropic-suite_version,B2,1000,True,768
simulated,anthropic-suite_version@t3/006-t5-start,anthropic-suite_version,B2,1500,True,1500
simulated,anthropic-suite_version@t3/006-t5-start,anthropic-suite_version,B2,3000,True,2813
simulated,anthropic-suite_version@t3/006-t5-start,anthropic-suite_version,B2,6000,True,5747
simulated,anthropic-suite_version@t3/006-t5-start,anthropic-suite_version,B2,all,True,13784
simulated,anthropic-suite_version@t3/006-t5-start,anthropic-suite_version,D4,250,False,249
simulated,anthropic-suite_version@t3/006-t5-start,anthropic-suite_version,D4,500,True,425
simulated,anthropic-suite_version@t3/006-t5-start,anthropic-suite_version,D4,1000,True,887
simulated,anthropic-suite_version@t3/006-t5-start,anthropic-suite_version,D4,1500,True,1444
simulated,anthropic-suite_version@t3/006-t5-start,anthropic-suite_version,D4,3000,True,2881
simulated,anthropic-suite_version@t3/006-t5-start,anthropic-suite_version,D4,6000,True,5805
simulated,anthropic-suite_version@t3/006-t5-start,anthropic-suite_version,D4,all,True,7073
simulated,anthropic-suite_version@t3/006-t5-start,anthropic-suite_version,Z4,250,False,0
simulated,anthropic-suite_version@t3/006-t5-start,anthropic-suite_version,Z4,500,False,0
simulated,anthropic-suite_version@t3/006-t5-start,anthropic-suite_version,Z4,1000,True,517
simulated,anthropic-suite_version@t3/006-t5-start,anthropic-suite_version,Z4,1500,True,1402
simulated,anthropic-suite_version@t3/006-t5-start,anthropic-suite_version,Z4,3000,True,2785
simulated,anthropic-suite_version@t3/006-t5-start,anthropic-suite_version,Z4,6000,True,5734
simulated,anthropic-suite_version@t3/006-t5-start,anthropic-suite_version,Z4,all,True,7439
simulated,anthropic-suite_version@t3/006-t5-start,anthropic-suite_version,L4,250,True,233
simulated,anthropic-suite_version@t3/006-t5-start,anthropic-suite_version,L4,500,True,450
simulated,anthropic-suite_version@t3/006-t5-start,anthropic-suite_version,L4,1000,True,888
simulated,anthropic-suite_version@t3/006-t5-start,anthropic-suite_version,L4,1500,True,1234
simulated,anthropic-suite_version@t3/006-t5-start,anthropic-suite_version,L4,3000,True,2982
simulated,anthropic-suite_version@t3/006-t5-start,anthropic-suite_version,L4,6000,True,5991
simulated,anthropic-suite_version@t3/006-t5-start,anthropic-suite_version,L4,all,True,7348
simulated,anthropic-suite_version@t3/006-t5-start,anthropic-suite_version,L2,250,True,184
simulated,anthropic-suite_version@t3/006-t5-start,anthropic-suite_version,L2,500,True,428
simulated,anthropic-suite_version@t3/006-t5-start,anthropic-suite_version,L2,1000,True,930
simulated,anthropic-suite_version@t3/006-t5-start,anthropic-suite_version,L2,1500,True,1167
simulated,anthropic-suite_version@t3/006-t5-start,anthropic-suite_version,L2,3000,True,2968
simulated,anthropic-suite_version@t3/006-t5-start,anthropic-suite_version,L2,6000,True,5788
simulated,anthropic-suite_version@t3/006-t5-start,anthropic-suite_version,L2,all,True,7348
simulated,anthropic-suite_version@t3/006-t5-start,anthropic-suite_version,E1,250,False,229
simulated,anthropic-suite_version@t3/006-t5-start,anthropic-suite_version,E1,500,True,494
simulated,anthropic-suite_version@t3/006-t5-start,anthropic-suite_version,E1,1000,True,1000
simulated,anthropic-suite_version@t3/006-t5-start,anthropic-suite_version,E1,1500,True,1475
simulated,anthropic-suite_version@t3/006-t5-start,anthropic-suite_version,E1,3000,True,2967
simulated,anthropic-suite_version@t3/006-t5-start,anthropic-suite_version,E1,6000,True,5992
simulated,anthropic-suite_version@t3/006-t5-start,anthropic-suite_version,E1,all,True,7560
simulated,anthropic-suite_version@t3/006-t5-start,anthropic-suite_version,E4,250,True,221
simulated,anthropic-suite_version@t3/006-t5-start,anthropic-suite_version,E4,500,True,498
simulated,anthropic-suite_version@t3/006-t5-start,anthropic-suite_version,E4,1000,True,985
simulated,anthropic-suite_version@t3/006-t5-start,anthropic-suite_version,E4,1500,True,1472
simulated,anthropic-suite_version@t3/006-t5-start,anthropic-suite_version,E4,3000,True,2988
simulated,anthropic-suite_version@t3/006-t5-start,anthropic-suite_version,E4,6000,True,5962
simulated,anthropic-suite_version@t3/006-t5-start,anthropic-suite_version,E4,all,True,7560
simulated,anthropic-suite_version@t3/006-t5-middle,anthropic-suite_version,D1,250,False,0
simulated,anthropic-suite_version@t3/006-t5-middle,anthropic-suite_version,D1,500,False,406
simulated,anthropic-suite_version@t3/006-t5-middle,anthropic-suite_version,D1,1000,False,905
simulated,anthropic-suite_version@t3/006-t5-middle,anthropic-suite_version,D1,1500,False,1395
simulated,anthropic-suite_version@t3/006-t5-middle,anthropic-suite_version,D1,3000,False,2751
simulated,anthropic-suite_version@t3/006-t5-middle,anthropic-suite_version,D1,6000,True,5920
simulated,anthropic-suite_version@t3/006-t5-middle,anthropic-suite_version,D1,all,True,7830
simulated,anthropic-suite_version@t3/006-t5-middle,anthropic-suite_version,D2,250,False,236
simulated,anthropic-suite_version@t3/006-t5-middle,anthropic-suite_version,D2,500,False,236
simulated,anthropic-suite_version@t3/006-t5-middle,anthropic-suite_version,D2,1000,False,714
simulated,anthropic-suite_version@t3/006-t5-middle,anthropic-suite_version,D2,1500,True,1447
simulated,anthropic-suite_version@t3/006-t5-middle,anthropic-suite_version,D2,3000,True,2973
simulated,anthropic-suite_version@t3/006-t5-middle,anthropic-suite_version,D2,6000,True,5793
simulated,anthropic-suite_version@t3/006-t5-middle,anthropic-suite_version,D2,all,True,7830
simulated,anthropic-suite_version@t3/006-t5-middle,anthropic-suite_version,B2,250,False,245
simulated,anthropic-suite_version@t3/006-t5-middle,anthropic-suite_version,B2,500,False,245
simulated,anthropic-suite_version@t3/006-t5-middle,anthropic-suite_version,B2,1000,True,792
simulated,anthropic-suite_version@t3/006-t5-middle,anthropic-suite_version,B2,1500,True,1331
simulated,anthropic-suite_version@t3/006-t5-middle,anthropic-suite_version,B2,3000,True,2922
simulated,anthropic-suite_version@t3/006-t5-middle,anthropic-suite_version,B2,6000,True,5801
simulated,anthropic-suite_version@t3/006-t5-middle,anthropic-suite_version,B2,all,True,15307
simulated,anthropic-suite_version@t3/006-t5-middle,anthropic-suite_version,D4,250,False,0
simulated,anthropic-suite_version@t3/006-t5-middle,anthropic-suite_version,D4,500,False,406
simulated,anthropic-suite_version@t3/006-t5-middle,anthropic-suite_version,D4,1000,False,896
simulated,anthropic-suite_version@t3/006-t5-middle,anthropic-suite_version,D4,1500,False,1366
simulated,anthropic-suite_version@t3/006-t5-middle,anthropic-suite_version,D4,3000,True,2802
simulated,anthropic-suite_version@t3/006-t5-middle,anthropic-suite_version,D4,6000,True,5814
simulated,anthropic-suite_version@t3/006-t5-middle,anthropic-suite_version,D4,all,True,7830
simulated,anthropic-suite_version@t3/006-t5-middle,anthropic-suite_version,Z4,250,False,0
simulated,anthropic-suite_version@t3/006-t5-middle,anthropic-suite_version,Z4,500,False,406
simulated,anthropic-suite_version@t3/006-t5-middle,anthropic-suite_version,Z4,1000,False,924
simulated,anthropic-suite_version@t3/006-t5-middle,anthropic-suite_version,Z4,1500,False,1429
simulated,anthropic-suite_version@t3/006-t5-middle,anthropic-suite_version,Z4,3000,True,2854
simulated,anthropic-suite_version@t3/006-t5-middle,anthropic-suite_version,Z4,6000,True,5864
simulated,anthropic-suite_version@t3/006-t5-middle,anthropic-suite_version,Z4,all,True,7861
simulated,anthropic-suite_version@t3/006-t5-middle,anthropic-suite_version,L4,250,False,0
simulated,anthropic-suite_version@t3/006-t5-middle,anthropic-suite_version,L4,500,False,414
simulated,anthropic-suite_version@t3/006-t5-middle,anthropic-suite_version,L4,1000,False,914
simulated,anthropic-suite_version@t3/006-t5-middle,anthropic-suite_version,L4,1500,False,1395
simulated,anthropic-suite_version@t3/006-t5-middle,anthropic-suite_version,L4,3000,True,2970
simulated,anthropic-suite_version@t3/006-t5-middle,anthropic-suite_version,L4,6000,True,5759
simulated,anthropic-suite_version@t3/006-t5-middle,anthropic-suite_version,L4,all,True,8136
simulated,anthropic-suite_version@t3/006-t5-middle,anthropic-suite_version,L2,250,False,0
simulated,anthropic-suite_version@t3/006-t5-middle,anthropic-suite_version,L2,500,False,295
simulated,anthropic-suite_version@t3/006-t5-middle,anthropic-suite_version,L2,1000,False,741
simulated,anthropic-suite_version@t3/006-t5-middle,anthropic-suite_version,L2,1500,True,1493
simulated,anthropic-suite_version@t3/006-t5-middle,anthropic-suite_version,L2,3000,True,2861
simulated,anthropic-suite_version@t3/006-t5-middle,anthropic-suite_version,L2,6000,True,5910
simulated,anthropic-suite_version@t3/006-t5-middle,anthropic-suite_version,L2,all,True,8136
simulated,anthropic-suite_version@t3/006-t5-middle,anthropic-suite_version,E1,250,False,206
simulated,anthropic-suite_version@t3/006-t5-middle,anthropic-suite_version,E1,500,False,493
simulated,anthropic-suite_version@t3/006-t5-middle,anthropic-suite_version,E1,1000,True,978
simulated,anthropic-suite_version@t3/006-t5-middle,anthropic-suite_version,E1,1500,True,1472
simulated,anthropic-suite_version@t3/006-t5-middle,anthropic-suite_version,E1,3000,True,2975
simulated,anthropic-suite_version@t3/006-t5-middle,anthropic-suite_version,E1,6000,True,5976
simulated,anthropic-suite_version@t3/006-t5-middle,anthropic-suite_version,E1,all,True,8290
simulated,anthropic-suite_version@t3/006-t5-middle,anthropic-suite_version,E4,250,False,225
simulated,anthropic-suite_version@t3/006-t5-middle,anthropic-suite_version,E4,500,False,477
simulated,anthropic-suite_version@t3/006-t5-middle,anthropic-suite_version,E4,1000,True,981
simulated,anthropic-suite_version@t3/006-t5-middle,anthropic-suite_version,E4,1500,True,1450
simulated,anthropic-suite_version@t3/006-t5-middle,anthropic-suite_version,E4,3000,True,2977
simulated,anthropic-suite_version@t3/006-t5-middle,anthropic-suite_version,E4,6000,True,5991
simulated,anthropic-suite_version@t3/006-t5-middle,anthropic-suite_version,E4,all,True,8290
simulated,anthropic-item_count@t4/007-t5-start,anthropic-item_count,D1,250,False,0
simulated,anthropic-item_count@t4/007-t5-start,anthropic-item_count,D1,500,False,406
simulated,anthropic-item_count@t4/007-t5-start,anthropic-item_count,D1,1000,False,913
simulated,anthropic-item_count@t4/007-t5-start,anthropic-item_count,D1,1500,False,1198
simulated,anthropic-item_count@t4/007-t5-start,anthropic-item_count,D1,3000,False,2983
simulated,anthropic-item_count@t4/007-t5-start,anthropic-item_count,D1,6000,False,5741
simulated,anthropic-item_count@t4/007-t5-start,anthropic-item_count,D1,all,True,7073
simulated,anthropic-item_count@t4/007-t5-start,anthropic-item_count,D2,250,False,219
simulated,anthropic-item_count@t4/007-t5-start,anthropic-item_count,D2,500,False,395
simulated,anthropic-item_count@t4/007-t5-start,anthropic-item_count,D2,1000,False,894
simulated,anthropic-item_count@t4/007-t5-start,anthropic-item_count,D2,1500,False,1463
simulated,anthropic-item_count@t4/007-t5-start,anthropic-item_count,D2,3000,False,2604
simulated,anthropic-item_count@t4/007-t5-start,anthropic-item_count,D2,6000,False,5995
simulated,anthropic-item_count@t4/007-t5-start,anthropic-item_count,D2,all,True,7073
simulated,anthropic-item_count@t4/007-t5-start,anthropic-item_count,B2,250,False,0
simulated,anthropic-item_count@t4/007-t5-start,anthropic-item_count,B2,500,False,492
simulated,anthropic-item_count@t4/007-t5-start,anthropic-item_count,B2,1000,False,1000
simulated,anthropic-item_count@t4/007-t5-start,anthropic-item_count,B2,1500,False,1263
simulated,anthropic-item_count@t4/007-t5-start,anthropic-item_count,B2,3000,False,2826
simulated,anthropic-item_count@t4/007-t5-start,anthropic-item_count,B2,6000,False,5970
simulated,anthropic-item_count@t4/007-t5-start,anthropic-item_count,B2,all,True,13784
simulated,anthropic-item_count@t4/007-t5-start,anthropic-item_count,D4,250,False,239
simulated,anthropic-item_count@t4/007-t5-start,anthropic-item_count,D4,500,False,458
simulated,anthropic-item_count@t4/007-t5-start,anthropic-item_count,D4,1000,False,843
simulated,anthropic-item_count@t4/007-t5-start,anthropic-item_count,D4,1500,False,1181
simulated,anthropic-item_count@t4/007-t5-start,anthropic-item_count,D4,3000,False,2908
simulated,anthropic-item_count@t4/007-t5-start,anthropic-item_count,D4,6000,False,5912
simulated,anthropic-item_count@t4/007-t5-start,anthropic-item_count,D4,all,True,7073
simulated,anthropic-item_count@t4/007-t5-start,anthropic-item_count,Z4,250,False,0
simulated,anthropic-item_count@t4/007-t5-start,anthropic-item_count,Z4,500,False,0
simulated,anthropic-item_count@t4/007-t5-start,anthropic-item_count,Z4,1000,False,897
simulated,anthropic-item_count@t4/007-t5-start,anthropic-item_count,Z4,1500,False,1284
simulated,anthropic-item_count@t4/007-t5-start,anthropic-item_count,Z4,3000,True,2683
simulated,anthropic-item_count@t4/007-t5-start,anthropic-item_count,Z4,6000,True,5850
simulated,anthropic-item_count@t4/007-t5-start,anthropic-item_count,Z4,all,True,7439
simulated,anthropic-item_count@t4/007-t5-start,anthropic-item_count,L4,250,False,49
simulated,anthropic-item_count@t4/007-t5-start,anthropic-item_count,L4,500,False,440
simulated,anthropic-item_count@t4/007-t5-start,anthropic-item_count,L4,1000,False,888
simulated,anthropic-item_count@t4/007-t5-start,anthropic-item_count,L4,1500,False,1234
simulated,anthropic-item_count@t4/007-t5-start,anthropic-item_count,L4,3000,False,2769
simulated,anthropic-item_count@t4/007-t5-start,anthropic-item_count,L4,6000,False,5967
simulated,anthropic-item_count@t4/007-t5-start,anthropic-item_count,L4,all,True,7348
simulated,anthropic-item_count@t4/007-t5-start,anthropic-item_count,L2,250,False,231
simulated,anthropic-item_count@t4/007-t5-start,anthropic-item_count,L2,500,False,415
simulated,anthropic-item_count@t4/007-t5-start,anthropic-item_count,L2,1000,False,930
simulated,anthropic-item_count@t4/007-t5-start,anthropic-item_count,L2,1500,False,1411
simulated,anthropic-item_count@t4/007-t5-start,anthropic-item_count,L2,3000,False,2913
simulated,anthropic-item_count@t4/007-t5-start,anthropic-item_count,L2,6000,False,5934
simulated,anthropic-item_count@t4/007-t5-start,anthropic-item_count,L2,all,True,7348
simulated,anthropic-item_count@t4/007-t5-start,anthropic-item_count,E1,250,False,242
simulated,anthropic-item_count@t4/007-t5-start,anthropic-item_count,E1,500,False,474
simulated,anthropic-item_count@t4/007-t5-start,anthropic-item_count,E1,1000,True,979
simulated,anthropic-item_count@t4/007-t5-start,anthropic-item_count,E1,1500,True,1498
simulated,anthropic-item_count@t4/007-t5-start,anthropic-item_count,E1,3000,True,2984
simulated,anthropic-item_count@t4/007-t5-start,anthropic-item_count,E1,6000,True,5977
simulated,anthropic-item_count@t4/007-t5-start,anthropic-item_count,E1,all,True,7560
simulated,anthropic-item_count@t4/007-t5-start,anthropic-item_count,E4,250,False,246
simulated,anthropic-item_count@t4/007-t5-start,anthropic-item_count,E4,500,False,466
simulated,anthropic-item_count@t4/007-t5-start,anthropic-item_count,E4,1000,True,973
simulated,anthropic-item_count@t4/007-t5-start,anthropic-item_count,E4,1500,True,1488
simulated,anthropic-item_count@t4/007-t5-start,anthropic-item_count,E4,3000,True,2966
simulated,anthropic-item_count@t4/007-t5-start,anthropic-item_count,E4,6000,True,5965
simulated,anthropic-item_count@t4/007-t5-start,anthropic-item_count,E4,all,True,7560
simulated,anthropic-item_count@t4/007-t5-middle,anthropic-item_count,D1,250,False,0
simulated,anthropic-item_count@t4/007-t5-middle,anthropic-item_count,D1,500,False,406
simulated,anthropic-item_count@t4/007-t5-middle,anthropic-item_count,D1,1000,False,972
simulated,anthropic-item_count@t4/007-t5-middle,anthropic-item_count,D1,1500,False,1310
simulated,anthropic-item_count@t4/007-t5-middle,anthropic-item_count,D1,3000,False,2794
simulated,anthropic-item_count@t4/007-t5-middle,anthropic-item_count,D1,6000,False,5824
simulated,anthropic-item_count@t4/007-t5-middle,anthropic-item_count,D1,all,True,7830
simulated,anthropic-item_count@t4/007-t5-middle,anthropic-item_count,D2,250,False,0
simulated,anthropic-item_count@t4/007-t5-middle,anthropic-item_count,D2,500,False,285
simulated,anthropic-item_count@t4/007-t5-middle,anthropic-item_count,D2,1000,False,884
simulated,anthropic-item_count@t4/007-t5-middle,anthropic-item_count,D2,1500,False,1319
simulated,anthropic-item_count@t4/007-t5-middle,anthropic-item_count,D2,3000,False,2715
simulated,anthropic-item_count@t4/007-t5-middle,anthropic-item_count,D2,6000,False,5834
simulated,anthropic-item_count@t4/007-t5-middle,anthropic-item_count,D2,all,True,7830
simulated,anthropic-item_count@t4/007-t5-middle,anthropic-item_count,B2,250,False,245
simulated,anthropic-item_count@t4/007-t5-middle,anthropic-item_count,B2,500,False,245
simulated,anthropic-item_count@t4/007-t5-middle,anthropic-item_count,B2,1000,False,758
simulated,anthropic-item_count@t4/007-t5-middle,anthropic-item_count,B2,1500,False,1308
simulated,anthropic-item_count@t4/007-t5-middle,anthropic-item_count,B2,3000,False,2918
simulated,anthropic-item_count@t4/007-t5-middle,anthropic-item_count,B2,6000,False,5850
simulated,anthropic-item_count@t4/007-t5-middle,anthropic-item_count,B2,all,True,15307
simulated,anthropic-item_count@t4/007-t5-middle,anthropic-item_count,D4,250,False,0
simulated,anthropic-item_count@t4/007-t5-middle,anthropic-item_count,D4,500,False,406
simulated,anthropic-item_count@t4/007-t5-middle,anthropic-item_count,D4,1000,False,896
simulated,anthropic-item_count@t4/007-t5-middle,anthropic-item_count,D4,1500,False,1366
simulated,anthropic-item_count@t4/007-t5-middle,anthropic-item_count,D4,3000,False,2992
simulated,anthropic-item_count@t4/007-t5-middle,anthropic-item_count,D4,6000,False,5968
simulated,anthropic-item_count@t4/007-t5-middle,anthropic-item_count,D4,all,True,7830
simulated,anthropic-item_count@t4/007-t5-middle,anthropic-item_count,Z4,250,False,0
simulated,anthropic-item_count@t4/007-t5-middle,anthropic-item_count,Z4,500,False,406
simulated,anthropic-item_count@t4/007-t5-middle,anthropic-item_count,Z4,1000,False,924
simulated,anthropic-item_count@t4/007-t5-middle,anthropic-item_count,Z4,1500,False,1101
simulated,anthropic-item_count@t4/007-t5-middle,anthropic-item_count,Z4,3000,False,2915
simulated,anthropic-item_count@t4/007-t5-middle,anthropic-item_count,Z4,6000,True,5864
simulated,anthropic-item_count@t4/007-t5-middle,anthropic-item_count,Z4,all,True,7861
simulated,anthropic-item_count@t4/007-t5-middle,anthropic-item_count,L4,250,False,0
simulated,anthropic-item_count@t4/007-t5-middle,anthropic-item_count,L4,500,False,414
simulated,anthropic-item_count@t4/007-t5-middle,anthropic-item_count,L4,1000,False,914
simulated,anthropic-item_count@t4/007-t5-middle,anthropic-item_count,L4,1500,False,1395
simulated,anthropic-item_count@t4/007-t5-middle,anthropic-item_count,L4,3000,False,2919
simulated,anthropic-item_count@t4/007-t5-middle,anthropic-item_count,L4,6000,False,5918
simulated,anthropic-item_count@t4/007-t5-middle,anthropic-item_count,L4,all,True,8136
simulated,anthropic-item_count@t4/007-t5-middle,anthropic-item_count,L2,250,False,0
simulated,anthropic-item_count@t4/007-t5-middle,anthropic-item_count,L2,500,False,295
simulated,anthropic-item_count@t4/007-t5-middle,anthropic-item_count,L2,1000,False,953
simulated,anthropic-item_count@t4/007-t5-middle,anthropic-item_count,L2,1500,False,1386
simulated,anthropic-item_count@t4/007-t5-middle,anthropic-item_count,L2,3000,False,2890
simulated,anthropic-item_count@t4/007-t5-middle,anthropic-item_count,L2,6000,False,5596
simulated,anthropic-item_count@t4/007-t5-middle,anthropic-item_count,L2,all,True,8136
simulated,anthropic-item_count@t4/007-t5-middle,anthropic-item_count,E1,250,False,230
simulated,anthropic-item_count@t4/007-t5-middle,anthropic-item_count,E1,500,False,453
simulated,anthropic-item_count@t4/007-t5-middle,anthropic-item_count,E1,1000,True,988
simulated,anthropic-item_count@t4/007-t5-middle,anthropic-item_count,E1,1500,True,1433
simulated,anthropic-item_count@t4/007-t5-middle,anthropic-item_count,E1,3000,True,2960
simulated,anthropic-item_count@t4/007-t5-middle,anthropic-item_count,E1,6000,True,5998
simulated,anthropic-item_count@t4/007-t5-middle,anthropic-item_count,E1,all,True,8290
simulated,anthropic-item_count@t4/007-t5-middle,anthropic-item_count,E4,250,False,225
simulated,anthropic-item_count@t4/007-t5-middle,anthropic-item_count,E4,500,False,482
simulated,anthropic-item_count@t4/007-t5-middle,anthropic-item_count,E4,1000,False,971
simulated,anthropic-item_count@t4/007-t5-middle,anthropic-item_count,E4,1500,True,1484
simulated,anthropic-item_count@t4/007-t5-middle,anthropic-item_count,E4,3000,True,2977
simulated,anthropic-item_count@t4/007-t5-middle,anthropic-item_count,E4,6000,True,5988
simulated,anthropic-item_count@t4/007-t5-middle,anthropic-item_count,E4,all,True,8290
simulated,openai-p02,openai-discount,D1,250,False,222
simulated,openai-p02,openai-discount,D1,500,False,400
simulated,openai-p02,openai-discount,D1,1000,True,802
simulated,openai-p02,openai-discount,D1,1500,True,802
simulated,openai-p02,openai-discount,D1,3000,True,802
simulated,openai-p02,openai-discount,D1,6000,True,802
simulated,openai-p02,openai-discount,D1,all,True,802
simulated,openai-p02,openai-discount,D2,250,True,229
simulated,openai-p02,openai-discount,D2,500,True,407
simulated,openai-p02,openai-discount,D2,1000,True,802
simulated,openai-p02,openai-discount,D2,1500,True,802
simulated,openai-p02,openai-discount,D2,3000,True,802
simulated,openai-p02,openai-discount,D2,6000,True,802
simulated,openai-p02,openai-discount,D2,all,True,802
simulated,openai-p02,openai-discount,B2,250,True,228
simulated,openai-p02,openai-discount,B2,500,True,485
simulated,openai-p02,openai-discount,B2,1000,True,985
simulated,openai-p02,openai-discount,B2,1500,True,1244
simulated,openai-p02,openai-discount,B2,3000,True,1781
simulated,openai-p02,openai-discount,B2,6000,True,1781
simulated,openai-p02,openai-discount,B2,all,True,1781
simulated,openai-p02,openai-discount,D4,250,False,210
simulated,openai-p02,openai-discount,D4,500,True,491
simulated,openai-p02,openai-discount,D4,1000,True,802
simulated,openai-p02,openai-discount,D4,1500,True,802
simulated,openai-p02,openai-discount,D4,3000,True,802
simulated,openai-p02,openai-discount,D4,6000,True,802
simulated,openai-p02,openai-discount,D4,all,True,802
simulated,openai-p02,openai-discount,Z4,250,False,0
simulated,openai-p02,openai-discount,Z4,500,False,360
simulated,openai-p02,openai-discount,Z4,1000,True,938
simulated,openai-p02,openai-discount,Z4,1500,True,938
simulated,openai-p02,openai-discount,Z4,3000,True,938
simulated,openai-p02,openai-discount,Z4,6000,True,938
simulated,openai-p02,openai-discount,Z4,all,True,938
simulated,openai-p02,openai-discount,L4,250,False,234
simulated,openai-p02,openai-discount,L4,500,False,471
simulated,openai-p02,openai-discount,L4,1000,True,873
simulated,openai-p02,openai-discount,L4,1500,True,873
simulated,openai-p02,openai-discount,L4,3000,True,873
simulated,openai-p02,openai-discount,L4,6000,True,873
simulated,openai-p02,openai-discount,L4,all,True,873
simulated,openai-p02,openai-discount,L2,250,False,188
simulated,openai-p02,openai-discount,L2,500,True,446
simulated,openai-p02,openai-discount,L2,1000,True,873
simulated,openai-p02,openai-discount,L2,1500,True,873
simulated,openai-p02,openai-discount,L2,3000,True,873
simulated,openai-p02,openai-discount,L2,6000,True,873
simulated,openai-p02,openai-discount,L2,all,True,873
simulated,openai-p02,openai-discount,E1,250,False,224
simulated,openai-p02,openai-discount,E1,500,True,491
simulated,openai-p02,openai-discount,E1,1000,True,810
simulated,openai-p02,openai-discount,E1,1500,True,810
simulated,openai-p02,openai-discount,E1,3000,True,810
simulated,openai-p02,openai-discount,E1,6000,True,810
simulated,openai-p02,openai-discount,E1,all,True,810
simulated,openai-p02,openai-discount,E4,250,False,223
simulated,openai-p02,openai-discount,E4,500,False,454
simulated,openai-p02,openai-discount,E4,1000,True,810
simulated,openai-p02,openai-discount,E4,1500,True,810
simulated,openai-p02,openai-discount,E4,3000,True,810
simulated,openai-p02,openai-discount,E4,6000,True,810
simulated,openai-p02,openai-discount,E4,all,True,810
simulated,openai-p04,openai-retention,D1,250,False,0
simulated,openai-p04,openai-retention,D1,500,True,472
simulated,openai-p04,openai-retention,D1,1000,True,922
simulated,openai-p04,openai-retention,D1,1500,True,1385
simulated,openai-p04,openai-retention,D1,3000,True,2466
simulated,openai-p04,openai-retention,D1,6000,True,2466
simulated,openai-p04,openai-retention,D1,all,True,2466
simulated,openai-p04,openai-retention,D2,250,False,0
simulated,openai-p04,openai-retention,D2,500,True,472
simulated,openai-p04,openai-retention,D2,1000,True,828
simulated,openai-p04,openai-retention,D2,1500,True,1342
simulated,openai-p04,openai-retention,D2,3000,True,2466
simulated,openai-p04,openai-retention,D2,6000,True,2466
simulated,openai-p04,openai-retention,D2,all,True,2466
simulated,openai-p04,openai-retention,B2,250,False,0
simulated,openai-p04,openai-retention,B2,500,True,273
simulated,openai-p04,openai-retention,B2,1000,True,757
simulated,openai-p04,openai-retention,B2,1500,True,1291
simulated,openai-p04,openai-retention,B2,3000,True,2802
simulated,openai-p04,openai-retention,B2,6000,True,4229
simulated,openai-p04,openai-retention,B2,all,True,4229
simulated,openai-p04,openai-retention,D4,250,False,0
simulated,openai-p04,openai-retention,D4,500,True,384
simulated,openai-p04,openai-retention,D4,1000,True,955
simulated,openai-p04,openai-retention,D4,1500,True,1461
simulated,openai-p04,openai-retention,D4,3000,True,2466
simulated,openai-p04,openai-retention,D4,6000,True,2466
simulated,openai-p04,openai-retention,D4,all,True,2466
simulated,openai-p04,openai-retention,Z4,250,False,0
simulated,openai-p04,openai-retention,Z4,500,False,301
simulated,openai-p04,openai-retention,Z4,1000,False,661
simulated,openai-p04,openai-retention,Z4,1500,True,1157
simulated,openai-p04,openai-retention,Z4,3000,True,2145
simulated,openai-p04,openai-retention,Z4,6000,True,2145
simulated,openai-p04,openai-retention,Z4,all,True,2145
simulated,openai-p04,openai-retention,L4,250,False,0
simulated,openai-p04,openai-retention,L4,500,True,392
simulated,openai-p04,openai-retention,L4,1000,True,867
simulated,openai-p04,openai-retention,L4,1500,True,1488
simulated,openai-p04,openai-retention,L4,3000,True,2609
simulated,openai-p04,openai-retention,L4,6000,True,2609
simulated,openai-p04,openai-retention,L4,all,True,2609
simulated,openai-p04,openai-retention,L2,250,False,0
simulated,openai-p04,openai-retention,L2,500,True,488
simulated,openai-p04,openai-retention,L2,1000,True,862
simulated,openai-p04,openai-retention,L2,1500,True,1375
simulated,openai-p04,openai-retention,L2,3000,True,2609
simulated,openai-p04,openai-retention,L2,6000,True,2609
simulated,openai-p04,openai-retention,L2,all,True,2609
simulated,openai-p04,openai-retention,E1,250,False,240
simulated,openai-p04,openai-retention,E1,500,True,495
simulated,openai-p04,openai-retention,E1,1000,True,998
simulated,openai-p04,openai-retention,E1,1500,True,1496
simulated,openai-p04,openai-retention,E1,3000,True,2235
simulated,openai-p04,openai-retention,E1,6000,True,2235
simulated,openai-p04,openai-retention,E1,all,True,2235
simulated,openai-p04,openai-retention,E4,250,False,236
simulated,openai-p04,openai-retention,E4,500,True,493
simulated,openai-p04,openai-retention,E4,1000,True,998
simulated,openai-p04,openai-retention,E4,1500,True,1470
simulated,openai-p04,openai-retention,E4,3000,True,2235
simulated,openai-p04,openai-retention,E4,6000,True,2235
simulated,openai-p04,openai-retention,E4,all,True,2235
simulated,openai-p05,openai-openai-p05,D1,250,False,176
simulated,openai-p05,openai-openai-p05,D1,500,False,371
simulated,openai-p05,openai-openai-p05,D1,1000,True,962
simulated,openai-p05,openai-openai-p05,D1,1500,True,1346
simulated,openai-p05,openai-openai-p05,D1,3000,True,2956
simulated,openai-p05,openai-openai-p05,D1,6000,True,3302
simulated,openai-p05,openai-openai-p05,D1,all,True,3302
simulated,openai-p05,openai-openai-p05,D2,250,False,82
simulated,openai-p05,openai-openai-p05,D2,500,True,384
simulated,openai-p05,openai-openai-p05,D2,1000,True,809
simulated,openai-p05,openai-openai-p05,D2,1500,True,1428
simulated,openai-p05,openai-openai-p05,D2,3000,True,2964
simulated,openai-p05,openai-openai-p05,D2,6000,True,3302
simulated,openai-p05,openai-openai-p05,D2,all,True,3302
simulated,openai-p05,openai-openai-p05,B2,250,False,238
simulated,openai-p05,openai-openai-p05,B2,500,False,238
simulated,openai-p05,openai-openai-p05,B2,1000,True,772
simulated,openai-p05,openai-openai-p05,B2,1500,True,1277
simulated,openai-p05,openai-openai-p05,B2,3000,True,2778
simulated,openai-p05,openai-openai-p05,B2,6000,True,5782
simulated,openai-p05,openai-openai-p05,B2,all,True,6242
simulated,openai-p05,openai-openai-p05,D4,250,False,218
simulated,openai-p05,openai-openai-p05,D4,500,False,218
simulated,openai-p05,openai-openai-p05,D4,1000,False,877
simulated,openai-p05,openai-openai-p05,D4,1500,True,1295
simulated,openai-p05,openai-openai-p05,D4,3000,True,2841
simulated,openai-p05,openai-openai-p05,D4,6000,True,3302
simulated,openai-p05,openai-openai-p05,D4,all,True,3302
simulated,openai-p05,openai-openai-p05,Z4,250,False,0
simulated,openai-p05,openai-openai-p05,Z4,500,False,360
simulated,openai-p05,openai-openai-p05,Z4,1000,False,673
simulated,openai-p05,openai-openai-p05,Z4,1500,False,1179
simulated,openai-p05,openai-openai-p05,Z4,3000,True,2777
simulated,openai-p05,openai-openai-p05,Z4,6000,True,3352
simulated,openai-p05,openai-openai-p05,Z4,all,True,3352
simulated,openai-p05,openai-openai-p05,L4,250,False,239
simulated,openai-p05,openai-openai-p05,L4,500,False,239
simulated,openai-p05,openai-openai-p05,L4,1000,False,932
simulated,openai-p05,openai-openai-p05,L4,1500,True,1409
simulated,openai-p05,openai-openai-p05,L4,3000,True,2899
simulated,openai-p05,openai-openai-p05,L4,6000,True,3482
simulated,openai-p05,openai-openai-p05,L4,all,True,3482
simulated,openai-p05,openai-openai-p05,L2,250,False,232
simulated,openai-p05,openai-openai-p05,L2,500,True,412
simulated,openai-p05,openai-openai-p05,L2,1000,True,860
simulated,openai-p05,openai-openai-p05,L2,1500,True,1479
simulated,openai-p05,openai-openai-p05,L2,3000,True,2976
simulated,openai-p05,openai-openai-p05,L2,6000,True,3482
simulated,openai-p05,openai-openai-p05,L2,all,True,3482
simulated,openai-p05,openai-openai-p05,E1,250,False,240
simulated,openai-p05,openai-openai-p05,E1,500,False,481
simulated,openai-p05,openai-openai-p05,E1,1000,True,994
simulated,openai-p05,openai-openai-p05,E1,1500,True,1479
simulated,openai-p05,openai-openai-p05,E1,3000,True,2995
simulated,openai-p05,openai-openai-p05,E1,6000,True,3219
simulated,openai-p05,openai-openai-p05,E1,all,True,3219
simulated,openai-p05,openai-openai-p05,E4,250,False,222
simulated,openai-p05,openai-openai-p05,E4,500,False,473
simulated,openai-p05,openai-openai-p05,E4,1000,False,977
simulated,openai-p05,openai-openai-p05,E4,1500,True,1472
simulated,openai-p05,openai-openai-p05,E4,3000,True,2997
simulated,openai-p05,openai-openai-p05,E4,6000,True,3219
simulated,openai-p05,openai-openai-p05,E4,all,True,3219
simulated,openai-p06,openai-discount,D1,250,True,0
simulated,openai-p06,openai-discount,D1,500,True,377
simulated,openai-p06,openai-discount,D1,1000,True,971
simulated,openai-p06,openai-discount,D1,1500,True,1455
simulated,openai-p06,openai-discount,D1,3000,True,2959
simulated,openai-p06,openai-discount,D1,6000,True,4219
simulated,openai-p06,openai-discount,D1,all,True,4219
simulated,openai-p06,openai-discount,D2,250,True,82
simulated,openai-p06,openai-discount,D2,500,True,459
simulated,openai-p06,openai-discount,D2,1000,True,953
simulated,openai-p06,openai-discount,D2,1500,True,1336
simulated,openai-p06,openai-discount,D2,3000,True,2842
simulated,openai-p06,openai-discount,D2,6000,True,4219
simulated,openai-p06,openai-discount,D2,all,True,4219
simulated,openai-p06,openai-discount,B2,250,True,238
simulated,openai-p06,openai-discount,B2,500,True,238
simulated,openai-p06,openai-discount,B2,1000,True,770
simulated,openai-p06,openai-discount,B2,1500,True,1301
simulated,openai-p06,openai-discount,B2,3000,True,2835
simulated,openai-p06,openai-discount,B2,6000,True,5923
simulated,openai-p06,openai-discount,B2,all,True,7823
simulated,openai-p06,openai-discount,D4,250,True,0
simulated,openai-p06,openai-discount,D4,500,True,443
simulated,openai-p06,openai-discount,D4,1000,True,909
simulated,openai-p06,openai-discount,D4,1500,True,1485
simulated,openai-p06,openai-discount,D4,3000,True,2983
simulated,openai-p06,openai-discount,D4,6000,True,4219
simulated,openai-p06,openai-discount,D4,all,True,4219
simulated,openai-p06,openai-discount,Z4,250,True,0
simulated,openai-p06,openai-discount,Z4,500,True,0
simulated,openai-p06,openai-discount,Z4,1000,True,902
simulated,openai-p06,openai-discount,Z4,1500,True,1203
simulated,openai-p06,openai-discount,Z4,3000,True,2851
simulated,openai-p06,openai-discount,Z4,6000,True,4369
simulated,openai-p06,openai-discount,Z4,all,True,4369
simulated,openai-p06,openai-discount,L4,250,True,0
simulated,openai-p06,openai-discount,L4,500,True,462
simulated,openai-p06,openai-discount,L4,1000,True,947
simulated,openai-p06,openai-discount,L4,1500,True,1303
simulated,openai-p06,openai-discount,L4,3000,True,2819
simulated,openai-p06,openai-discount,L4,6000,True,4443
simulated,openai-p06,openai-discount,L4,all,True,4443
simulated,openai-p06,openai-discount,L2,250,True,232
simulated,openai-p06,openai-discount,L2,500,True,232
simulated,openai-p06,openai-discount,L2,1000,True,860
simulated,openai-p06,openai-discount,L2,1500,True,1405
simulated,openai-p06,openai-discount,L2,3000,True,2971
simulated,openai-p06,openai-discount,L2,6000,True,4443
simulated,openai-p06,openai-discount,L2,all,True,4443
simulated,openai-p06,openai-discount,E1,250,True,227
simulated,openai-p06,openai-discount,E1,500,True,487
simulated,openai-p06,openai-discount,E1,1000,True,977
simulated,openai-p06,openai-discount,E1,1500,True,1491
simulated,openai-p06,openai-discount,E1,3000,True,2975
simulated,openai-p06,openai-discount,E1,6000,True,4154
simulated,openai-p06,openai-discount,E1,all,True,4154
simulated,openai-p06,openai-discount,E4,250,True,244
simulated,openai-p06,openai-discount,E4,500,True,464
simulated,openai-p06,openai-discount,E4,1000,True,996
simulated,openai-p06,openai-discount,E4,1500,True,1477
simulated,openai-p06,openai-discount,E4,3000,True,2982
simulated,openai-p06,openai-discount,E4,6000,True,4154
simulated,openai-p06,openai-discount,E4,all,True,4154
simulated,openai-p08,openai-exec_contact,D1,250,False,0
simulated,openai-p08,openai-exec_contact,D1,500,False,459
simulated,openai-p08,openai-exec_contact,D1,1000,False,845
simulated,openai-p08,openai-exec_contact,D1,1500,True,1236
simulated,openai-p08,openai-exec_contact,D1,3000,True,2892
simulated,openai-p08,openai-exec_contact,D1,6000,True,5861
simulated,openai-p08,openai-exec_contact,D1,all,True,6545
simulated,openai-p08,openai-exec_contact,D2,250,False,86
simulated,openai-p08,openai-exec_contact,D2,500,False,86
simulated,openai-p08,openai-exec_contact,D2,1000,True,936
simulated,openai-p08,openai-exec_contact,D2,1500,True,1356
simulated,openai-p08,openai-exec_contact,D2,3000,True,2825
simulated,openai-p08,openai-exec_contact,D2,6000,True,5859
simulated,openai-p08,openai-exec_contact,D2,all,True,6545
simulated,openai-p08,openai-exec_contact,B2,250,False,211
simulated,openai-p08,openai-exec_contact,B2,500,False,439
simulated,openai-p08,openai-exec_contact,B2,1000,True,972
simulated,openai-p08,openai-exec_contact,B2,1500,True,1446
simulated,openai-p08,openai-exec_contact,B2,3000,True,2750
simulated,openai-p08,openai-exec_contact,B2,6000,True,5836
simulated,openai-p08,openai-exec_contact,B2,all,True,11906
simulated,openai-p08,openai-exec_contact,D4,250,False,0
simulated,openai-p08,openai-exec_contact,D4,500,False,459
simulated,openai-p08,openai-exec_contact,D4,1000,False,834
simulated,openai-p08,openai-exec_contact,D4,1500,False,1398
simulated,openai-p08,openai-exec_contact,D4,3000,False,2855
simulated,openai-p08,openai-exec_contact,D4,6000,True,5915
simulated,openai-p08,openai-exec_contact,D4,all,True,6545
simulated,openai-p08,openai-exec_contact,Z4,250,False,0
simulated,openai-p08,openai-exec_contact,Z4,500,False,328
simulated,openai-p08,openai-exec_contact,Z4,1000,False,556
simulated,openai-p08,openai-exec_contact,Z4,1500,False,1062
simulated,openai-p08,openai-exec_contact,Z4,3000,False,2769
simulated,openai-p08,openai-exec_contact,Z4,6000,False,5973
simulated,openai-p08,openai-exec_contact,Z4,all,True,6341
simulated,openai-p08,openai-exec_contact,L4,250,False,0
simulated,openai-p08,openai-exec_contact,L4,500,False,471
simulated,openai-p08,openai-exec_contact,L4,1000,False,863
simulated,openai-p08,openai-exec_contact,L4,1500,False,1402
simulated,openai-p08,openai-exec_contact,L4,3000,False,2956
simulated,openai-p08,openai-exec_contact,L4,6000,True,5987
simulated,openai-p08,openai-exec_contact,L4,all,True,6840
simulated,openai-p08,openai-exec_contact,L2,250,False,95
simulated,openai-p08,openai-exec_contact,L2,500,False,95
simulated,openai-p08,openai-exec_contact,L2,1000,False,746
simulated,openai-p08,openai-exec_contact,L2,1500,True,1442
simulated,openai-p08,openai-exec_contact,L2,3000,True,2920
simulated,openai-p08,openai-exec_contact,L2,6000,True,5837
simulated,openai-p08,openai-exec_contact,L2,all,True,6840
simulated,openai-p08,openai-exec_contact,E1,250,False,237
simulated,openai-p08,openai-exec_contact,E1,500,True,491
simulated,openai-p08,openai-exec_contact,E1,1000,True,993
simulated,openai-p08,openai-exec_contact,E1,1500,True,1488
simulated,openai-p08,openai-exec_contact,E1,3000,True,2946
simulated,openai-p08,openai-exec_contact,E1,6000,True,5991
simulated,openai-p08,openai-exec_contact,E1,all,True,6580
simulated,openai-p08,openai-exec_contact,E4,250,True,235
simulated,openai-p08,openai-exec_contact,E4,500,True,484
simulated,openai-p08,openai-exec_contact,E4,1000,True,983
simulated,openai-p08,openai-exec_contact,E4,1500,True,1482
simulated,openai-p08,openai-exec_contact,E4,3000,True,2999
simulated,openai-p08,openai-exec_contact,E4,6000,True,5978
simulated,openai-p08,openai-exec_contact,E4,all,True,6580
simulated,openai-p09,openai-openai-p09,D1,250,False,0
simulated,openai-p09,openai-openai-p09,D1,500,False,327
simulated,openai-p09,openai-openai-p09,D1,1000,False,718
simulated,openai-p09,openai-openai-p09,D1,1500,True,1418
simulated,openai-p09,openai-openai-p09,D1,3000,True,2734
simulated,openai-p09,openai-openai-p09,D1,6000,True,5921
simulated,openai-p09,openai-openai-p09,D1,all,True,6912
simulated,openai-p09,openai-openai-p09,D2,250,False,0
simulated,openai-p09,openai-openai-p09,D2,500,True,459
simulated,openai-p09,openai-openai-p09,D2,1000,True,759
simulated,openai-p09,openai-openai-p09,D2,1500,True,1327
simulated,openai-p09,openai-openai-p09,D2,3000,True,2820
simulated,openai-p09,openai-openai-p09,D2,6000,True,5965
simulated,openai-p09,openai-openai-p09,D2,all,True,6912
simulated,openai-p09,openai-openai-p09,B2,250,False,0
simulated,openai-p09,openai-openai-p09,B2,500,False,258
simulated,openai-p09,openai-openai-p09,B2,1000,False,779
simulated,openai-p09,openai-openai-p09,B2,1500,False,1413
simulated,openai-p09,openai-openai-p09,B2,3000,False,2926
simulated,openai-p09,openai-openai-p09,B2,6000,True,6000
simulated,openai-p09,openai-openai-p09,B2,all,True,13391
simulated,openai-p09,openai-openai-p09,D4,250,False,0
simulated,openai-p09,openai-openai-p09,D4,500,True,459
simulated,openai-p09,openai-openai-p09,D4,1000,True,813
simulated,openai-p09,openai-openai-p09,D4,1500,True,1467
simulated,openai-p09,openai-openai-p09,D4,3000,True,2931
simulated,openai-p09,openai-openai-p09,D4,6000,True,5982
simulated,openai-p09,openai-openai-p09,D4,all,True,6912
simulated,openai-p09,openai-openai-p09,Z4,250,False,0
simulated,openai-p09,openai-openai-p09,Z4,500,False,328
simulated,openai-p09,openai-openai-p09,Z4,1000,False,870
simulated,openai-p09,openai-openai-p09,Z4,1500,False,1430
simulated,openai-p09,openai-openai-p09,Z4,3000,False,2639
simulated,openai-p09,openai-openai-p09,Z4,6000,True,5890
simulated,openai-p09,openai-openai-p09,Z4,all,True,6852
simulated,openai-p09,openai-openai-p09,L4,250,False,0
simulated,openai-p09,openai-openai-p09,L4,500,True,471
simulated,openai-p09,openai-openai-p09,L4,1000,True,834
simulated,openai-p09,openai-openai-p09,L4,1500,True,1265
simulated,openai-p09,openai-openai-p09,L4,3000,True,2792
simulated,openai-p09,openai-openai-p09,L4,6000,True,5919
simulated,openai-p09,openai-openai-p09,L4,all,True,7227
simulated,openai-p09,openai-openai-p09,L2,250,False,0
simulated,openai-p09,openai-openai-p09,L2,500,True,471
simulated,openai-p09,openai-openai-p09,L2,1000,True,989
simulated,openai-p09,openai-openai-p09,L2,1500,True,1454
simulated,openai-p09,openai-openai-p09,L2,3000,True,2953
simulated,openai-p09,openai-openai-p09,L2,6000,True,5878
simulated,openai-p09,openai-openai-p09,L2,all,True,7227
simulated,openai-p09,openai-openai-p09,E1,250,False,222
simulated,openai-p09,openai-openai-p09,E1,500,True,493
simulated,openai-p09,openai-openai-p09,E1,1000,True,994
simulated,openai-p09,openai-openai-p09,E1,1500,True,1493
simulated,openai-p09,openai-openai-p09,E1,3000,True,2989
simulated,openai-p09,openai-openai-p09,E1,6000,True,5973
simulated,openai-p09,openai-openai-p09,E1,all,True,7209
simulated,openai-p09,openai-openai-p09,E4,250,False,228
simulated,openai-p09,openai-openai-p09,E4,500,False,495
simulated,openai-p09,openai-openai-p09,E4,1000,False,998
simulated,openai-p09,openai-openai-p09,E4,1500,True,1500
simulated,openai-p09,openai-openai-p09,E4,3000,True,2981
simulated,openai-p09,openai-openai-p09,E4,6000,True,5979
simulated,openai-p09,openai-openai-p09,E4,all,True,7209
simulated,openai-p10,openai-renewal_deadline,D1,250,False,0
simulated,openai-p10,openai-renewal_deadline,D1,500,False,391
simulated,openai-p10,openai-renewal_deadline,D1,1000,False,777
simulated,openai-p10,openai-renewal_deadline,D1,1500,False,1415
simulated,openai-p10,openai-renewal_deadline,D1,3000,False,2849
simulated,openai-p10,openai-renewal_deadline,D1,6000,False,5916
simulated,openai-p10,openai-renewal_deadline,D1,all,True,7383
simulated,openai-p10,openai-renewal_deadline,D2,250,True,94
simulated,openai-p10,openai-renewal_deadline,D2,500,True,405
simulated,openai-p10,openai-renewal_deadline,D2,1000,True,935
simulated,openai-p10,openai-renewal_deadline,D2,1500,True,1224
simulated,openai-p10,openai-renewal_deadline,D2,3000,True,2810
simulated,openai-p10,openai-renewal_deadline,D2,6000,True,5929
simulated,openai-p10,openai-renewal_deadline,D2,all,True,7383
simulated,openai-p10,openai-renewal_deadline,B2,250,False,0
simulated,openai-p10,openai-renewal_deadline,B2,500,True,275
simulated,openai-p10,openai-renewal_deadline,B2,1000,True,797
simulated,openai-p10,openai-renewal_deadline,B2,1500,True,1290
simulated,openai-p10,openai-renewal_deadline,B2,3000,True,2885
simulated,openai-p10,openai-renewal_deadline,B2,6000,True,5752
simulated,openai-p10,openai-renewal_deadline,B2,all,True,14426
simulated,openai-p10,openai-renewal_deadline,D4,250,False,103
simulated,openai-p10,openai-renewal_deadline,D4,500,False,487
simulated,openai-p10,openai-renewal_deadline,D4,1000,False,615
simulated,openai-p10,openai-renewal_deadline,D4,1500,False,1233
simulated,openai-p10,openai-renewal_deadline,D4,3000,True,2776
simulated,openai-p10,openai-renewal_deadline,D4,6000,True,5938
simulated,openai-p10,openai-renewal_deadline,D4,all,True,7383
simulated,openai-p10,openai-renewal_deadline,Z4,250,False,0
simulated,openai-p10,openai-renewal_deadline,Z4,500,True,360
simulated,openai-p10,openai-renewal_deadline,Z4,1000,True,993
simulated,openai-p10,openai-renewal_deadline,Z4,1500,True,1343
simulated,openai-p10,openai-renewal_deadline,Z4,3000,True,2726
simulated,openai-p10,openai-renewal_deadline,Z4,6000,True,5916
simulated,openai-p10,openai-renewal_deadline,Z4,all,True,7441
simulated,openai-p10,openai-renewal_deadline,L4,250,False,116
simulated,openai-p10,openai-renewal_deadline,L4,500,False,318
simulated,openai-p10,openai-renewal_deadline,L4,1000,False,894
simulated,openai-p10,openai-renewal_deadline,L4,1500,False,1286
simulated,openai-p10,openai-renewal_deadline,L4,3000,True,2959
simulated,openai-p10,openai-renewal_deadline,L4,6000,True,5956
simulated,openai-p10,openai-renewal_deadline,L4,all,True,7713
simulated,openai-p10,openai-renewal_deadline,L2,250,True,100
simulated,openai-p10,openai-renewal_deadline,L2,500,True,327
simulated,openai-p10,openai-renewal_deadline,L2,1000,True,942
simulated,openai-p10,openai-renewal_deadline,L2,1500,True,1406
simulated,openai-p10,openai-renewal_deadline,L2,3000,True,2945
simulated,openai-p10,openai-renewal_deadline,L2,6000,True,5981
simulated,openai-p10,openai-renewal_deadline,L2,all,True,7713
simulated,openai-p10,openai-renewal_deadline,E1,250,False,250
simulated,openai-p10,openai-renewal_deadline,E1,500,False,467
simulated,openai-p10,openai-renewal_deadline,E1,1000,False,991
simulated,openai-p10,openai-renewal_deadline,E1,1500,False,1484
simulated,openai-p10,openai-renewal_deadline,E1,3000,False,2994
simulated,openai-p10,openai-renewal_deadline,E1,6000,True,5974
simulated,openai-p10,openai-renewal_deadline,E1,all,True,7629
simulated,openai-p10,openai-renewal_deadline,E4,250,False,244
simulated,openai-p10,openai-renewal_deadline,E4,500,True,459
simulated,openai-p10,openai-renewal_deadline,E4,1000,True,977
simulated,openai-p10,openai-renewal_deadline,E4,1500,True,1483
simulated,openai-p10,openai-renewal_deadline,E4,3000,True,2962
simulated,openai-p10,openai-renewal_deadline,E4,6000,True,5989
simulated,openai-p10,openai-renewal_deadline,E4,all,True,7629
simulated,openai-p11,openai-exec_contact,D1,250,False,245
simulated,openai-p11,openai-exec_contact,D1,500,False,245
simulated,openai-p11,openai-exec_contact,D1,1000,False,845
simulated,openai-p11,openai-exec_contact,D1,1500,False,1128
simulated,openai-p11,openai-exec_contact,D1,3000,False,2931
simulated,openai-p11,openai-exec_contact,D1,6000,True,5906
simulated,openai-p11,openai-exec_contact,D1,all,True,8125
simulated,openai-p11,openai-exec_contact,D2,250,False,0
simulated,openai-p11,openai-exec_contact,D2,500,False,459
simulated,openai-p11,openai-exec_contact,D2,1000,False,860
simulated,openai-p11,openai-exec_contact,D2,1500,False,1363
simulated,openai-p11,openai-exec_contact,D2,3000,False,2987
simulated,openai-p11,openai-exec_contact,D2,6000,True,5796
simulated,openai-p11,openai-exec_contact,D2,all,True,8125
simulated,openai-p11,openai-exec_contact,B2,250,False,247
simulated,openai-p11,openai-exec_contact,B2,500,False,247
simulated,openai-p11,openai-exec_contact,B2,1000,False,766
simulated,openai-p11,openai-exec_contact,B2,1500,False,1281
simulated,openai-p11,openai-exec_contact,B2,3000,False,2779
simulated,openai-p11,openai-exec_contact,B2,6000,False,5848
simulated,openai-p11,openai-exec_contact,B2,all,True,16154
simulated,openai-p11,openai-exec_contact,D4,250,False,245
simulated,openai-p11,openai-exec_contact,D4,500,False,408
simulated,openai-p11,openai-exec_contact,D4,1000,False,697
simulated,openai-p11,openai-exec_contact,D4,1500,False,1301
simulated,openai-p11,openai-exec_contact,D4,3000,False,2964
simulated,openai-p11,openai-exec_contact,D4,6000,False,5842
simulated,openai-p11,openai-exec_contact,D4,all,True,8125
simulated,openai-p11,openai-exec_contact,Z4,250,False,0
simulated,openai-p11,openai-exec_contact,Z4,500,False,0
simulated,openai-p11,openai-exec_contact,Z4,1000,False,748
simulated,openai-p11,openai-exec_contact,Z4,1500,False,1328
simulated,openai-p11,openai-exec_contact,Z4,3000,False,2671
simulated,openai-p11,openai-exec_contact,Z4,6000,False,5946
simulated,openai-p11,openai-exec_contact,Z4,all,True,8649
simulated,openai-p11,openai-exec_contact,L4,250,False,0
simulated,openai-p11,openai-exec_contact,L4,500,False,297
simulated,openai-p11,openai-exec_contact,L4,1000,False,986
simulated,openai-p11,openai-exec_contact,L4,1500,False,1213
simulated,openai-p11,openai-exec_contact,L4,3000,False,2921
simulated,openai-p11,openai-exec_contact,L4,6000,False,5876
simulated,openai-p11,openai-exec_contact,L4,all,True,8489
simulated,openai-p11,openai-exec_contact,L2,250,False,168
simulated,openai-p11,openai-exec_contact,L2,500,False,168
simulated,openai-p11,openai-exec_contact,L2,1000,False,930
simulated,openai-p11,openai-exec_contact,L2,1500,False,1409
simulated,openai-p11,openai-exec_contact,L2,3000,False,2839
simulated,openai-p11,openai-exec_contact,L2,6000,True,5998
simulated,openai-p11,openai-exec_contact,L2,all,True,8489
simulated,openai-p11,openai-exec_contact,E1,250,False,232
simulated,openai-p11,openai-exec_contact,E1,500,True,497
simulated,openai-p11,openai-exec_contact,E1,1000,True,970
simulated,openai-p11,openai-exec_contact,E1,1500,True,1496
simulated,openai-p11,openai-exec_contact,E1,3000,True,2993
simulated,openai-p11,openai-exec_contact,E1,6000,True,5997
simulated,openai-p11,openai-exec_contact,E1,all,True,8486
simulated,openai-p11,openai-exec_contact,E4,250,False,218
simulated,openai-p11,openai-exec_contact,E4,500,False,488
simulated,openai-p11,openai-exec_contact,E4,1000,False,971
simulated,openai-p11,openai-exec_contact,E4,1500,True,1499
simulated,openai-p11,openai-exec_contact,E4,3000,True,2986
simulated,openai-p11,openai-exec_contact,E4,6000,True,5993
simulated,openai-p11,openai-exec_contact,E4,all,True,8486
simulated,openai-renewal_deadline@t1/004-t2-start,openai-renewal_deadline,D1,250,True,178
simulated,openai-renewal_deadline@t1/004-t2-start,openai-renewal_deadline,D1,500,True,396
simulated,openai-renewal_deadline@t1/004-t2-start,openai-renewal_deadline,D1,1000,True,973
simulated,openai-renewal_deadline@t1/004-t2-start,openai-renewal_deadline,D1,1500,True,1477
simulated,openai-renewal_deadline@t1/004-t2-start,openai-renewal_deadline,D1,3000,True,1694
simulated,openai-renewal_deadline@t1/004-t2-start,openai-renewal_deadline,D1,6000,True,1694
simulated,openai-renewal_deadline@t1/004-t2-start,openai-renewal_deadline,D1,all,True,1694
simulated,openai-renewal_deadline@t1/004-t2-start,openai-renewal_deadline,D2,250,True,180
simulated,openai-renewal_deadline@t1/004-t2-start,openai-renewal_deadline,D2,500,True,490
simulated,openai-renewal_deadline@t1/004-t2-start,openai-renewal_deadline,D2,1000,True,860
simulated,openai-renewal_deadline@t1/004-t2-start,openai-renewal_deadline,D2,1500,True,1450
simulated,openai-renewal_deadline@t1/004-t2-start,openai-renewal_deadline,D2,3000,True,1694
simulated,openai-renewal_deadline@t1/004-t2-start,openai-renewal_deadline,D2,6000,True,1694
simulated,openai-renewal_deadline@t1/004-t2-start,openai-renewal_deadline,D2,all,True,1694
simulated,openai-renewal_deadline@t1/004-t2-start,openai-renewal_deadline,B2,250,True,238
simulated,openai-renewal_deadline@t1/004-t2-start,openai-renewal_deadline,B2,500,True,238
simulated,openai-renewal_deadline@t1/004-t2-start,openai-renewal_deadline,B2,1000,True,998
simulated,openai-renewal_deadline@t1/004-t2-start,openai-renewal_deadline,B2,1500,True,1258
simulated,openai-renewal_deadline@t1/004-t2-start,openai-renewal_deadline,B2,3000,True,2973
simulated,openai-renewal_deadline@t1/004-t2-start,openai-renewal_deadline,B2,6000,True,3257
simulated,openai-renewal_deadline@t1/004-t2-start,openai-renewal_deadline,B2,all,True,3257
simulated,openai-renewal_deadline@t1/004-t2-start,openai-renewal_deadline,D4,250,True,230
simulated,openai-renewal_deadline@t1/004-t2-start,openai-renewal_deadline,D4,500,True,419
simulated,openai-renewal_deadline@t1/004-t2-start,openai-renewal_deadline,D4,1000,True,977
simulated,openai-renewal_deadline@t1/004-t2-start,openai-renewal_deadline,D4,1500,True,1411
simulated,openai-renewal_deadline@t1/004-t2-start,openai-renewal_deadline,D4,3000,True,1694
simulated,openai-renewal_deadline@t1/004-t2-start,openai-renewal_deadline,D4,6000,True,1694
simulated,openai-renewal_deadline@t1/004-t2-start,openai-renewal_deadline,D4,all,True,1694
simulated,openai-renewal_deadline@t1/004-t2-start,openai-renewal_deadline,Z4,250,False,0
simulated,openai-renewal_deadline@t1/004-t2-start,openai-renewal_deadline,Z4,500,True,360
simulated,openai-renewal_deadline@t1/004-t2-start,openai-renewal_deadline,Z4,1000,True,588
simulated,openai-renewal_deadline@t1/004-t2-start,openai-renewal_deadline,Z4,1500,True,1413
simulated,openai-renewal_deadline@t1/004-t2-start,openai-renewal_deadline,Z4,3000,True,1698
simulated,openai-renewal_deadline@t1/004-t2-start,openai-renewal_deadline,Z4,6000,True,1698
simulated,openai-renewal_deadline@t1/004-t2-start,openai-renewal_deadline,Z4,all,True,1698
simulated,openai-renewal_deadline@t1/004-t2-start,openai-renewal_deadline,L4,250,True,245
simulated,openai-renewal_deadline@t1/004-t2-start,openai-renewal_deadline,L4,500,True,500
simulated,openai-renewal_deadline@t1/004-t2-start,openai-renewal_deadline,L4,1000,True,876
simulated,openai-renewal_deadline@t1/004-t2-start,openai-renewal_deadline,L4,1500,True,1324
simulated,openai-renewal_deadline@t1/004-t2-start,openai-renewal_deadline,L4,3000,True,1803
simulated,openai-renewal_deadline@t1/004-t2-start,openai-renewal_deadline,L4,6000,True,1803
simulated,openai-renewal_deadline@t1/004-t2-start,openai-renewal_deadline,L4,all,True,1803
simulated,openai-renewal_deadline@t1/004-t2-start,openai-renewal_deadline,L2,250,True,195
simulated,openai-renewal_deadline@t1/004-t2-start,openai-renewal_deadline,L2,500,True,375
simulated,openai-renewal_deadline@t1/004-t2-start,openai-renewal_deadline,L2,1000,True,874
simulated,openai-renewal_deadline@t1/004-t2-start,openai-renewal_deadline,L2,1500,True,1365
simulated,openai-renewal_deadline@t1/004-t2-start,openai-renewal_deadline,L2,3000,True,1803
simulated,openai-renewal_deadline@t1/004-t2-start,openai-renewal_deadline,L2,6000,True,1803
simulated,openai-renewal_deadline@t1/004-t2-start,openai-renewal_deadline,L2,all,True,1803
simulated,openai-renewal_deadline@t1/004-t2-start,openai-renewal_deadline,E1,250,True,216
simulated,openai-renewal_deadline@t1/004-t2-start,openai-renewal_deadline,E1,500,True,469
simulated,openai-renewal_deadline@t1/004-t2-start,openai-renewal_deadline,E1,1000,True,977
simulated,openai-renewal_deadline@t1/004-t2-start,openai-renewal_deadline,E1,1500,True,1492
simulated,openai-renewal_deadline@t1/004-t2-start,openai-renewal_deadline,E1,3000,True,1603
simulated,openai-renewal_deadline@t1/004-t2-start,openai-renewal_deadline,E1,6000,True,1603
simulated,openai-renewal_deadline@t1/004-t2-start,openai-renewal_deadline,E1,all,True,1603
simulated,openai-renewal_deadline@t1/004-t2-start,openai-renewal_deadline,E4,250,True,240
simulated,openai-renewal_deadline@t1/004-t2-start,openai-renewal_deadline,E4,500,True,484
simulated,openai-renewal_deadline@t1/004-t2-start,openai-renewal_deadline,E4,1000,True,995
simulated,openai-renewal_deadline@t1/004-t2-start,openai-renewal_deadline,E4,1500,True,1500
simulated,openai-renewal_deadline@t1/004-t2-start,openai-renewal_deadline,E4,3000,True,1603
simulated,openai-renewal_deadline@t1/004-t2-start,openai-renewal_deadline,E4,6000,True,1603
simulated,openai-renewal_deadline@t1/004-t2-start,openai-renewal_deadline,E4,all,True,1603
simulated,openai-renewal_deadline@t1/004-t2-middle,openai-renewal_deadline,D1,250,False,137
simulated,openai-renewal_deadline@t1/004-t2-middle,openai-renewal_deadline,D1,500,False,263
simulated,openai-renewal_deadline@t1/004-t2-middle,openai-renewal_deadline,D1,1000,True,857
simulated,openai-renewal_deadline@t1/004-t2-middle,openai-renewal_deadline,D1,1500,True,1485
simulated,openai-renewal_deadline@t1/004-t2-middle,openai-renewal_deadline,D1,3000,True,2082
simulated,openai-renewal_deadline@t1/004-t2-middle,openai-renewal_deadline,D1,6000,True,2082
simulated,openai-renewal_deadline@t1/004-t2-middle,openai-renewal_deadline,D1,all,True,2082
simulated,openai-renewal_deadline@t1/004-t2-middle,openai-renewal_deadline,D2,250,True,230
simulated,openai-renewal_deadline@t1/004-t2-middle,openai-renewal_deadline,D2,500,True,367
simulated,openai-renewal_deadline@t1/004-t2-middle,openai-renewal_deadline,D2,1000,True,915
simulated,openai-renewal_deadline@t1/004-t2-middle,openai-renewal_deadline,D2,1500,True,1442
simulated,openai-renewal_deadline@t1/004-t2-middle,openai-renewal_deadline,D2,3000,True,2082
simulated,openai-renewal_deadline@t1/004-t2-middle,openai-renewal_deadline,D2,6000,True,2082
simulated,openai-renewal_deadline@t1/004-t2-middle,openai-renewal_deadline,D2,all,True,2082
simulated,openai-renewal_deadline@t1/004-t2-middle,openai-renewal_deadline,B2,250,False,0
simulated,openai-renewal_deadline@t1/004-t2-middle,openai-renewal_deadline,B2,500,True,275
simulated,openai-renewal_deadline@t1/004-t2-middle,openai-renewal_deadline,B2,1000,True,763
simulated,openai-renewal_deadline@t1/004-t2-middle,openai-renewal_deadline,B2,1500,True,1261
simulated,openai-renewal_deadline@t1/004-t2-middle,openai-renewal_deadline,B2,3000,True,2778
simulated,openai-renewal_deadline@t1/004-t2-middle,openai-renewal_deadline,B2,6000,True,4229
simulated,openai-renewal_deadline@t1/004-t2-middle,openai-renewal_deadline,B2,all,True,4229
simulated,openai-renewal_deadline@t1/004-t2-middle,openai-renewal_deadline,D4,250,True,230
simulated,openai-renewal_deadline@t1/004-t2-middle,openai-renewal_deadline,D4,500,True,404
simulated,openai-renewal_deadline@t1/004-t2-middle,openai-renewal_deadline,D4,1000,True,988
simulated,openai-renewal_deadline@t1/004-t2-middle,openai-renewal_deadline,D4,1500,True,1424
simulated,openai-renewal_deadline@t1/004-t2-middle,openai-renewal_deadline,D4,3000,True,2082
simulated,openai-renewal_deadline@t1/004-t2-middle,openai-renewal_deadline,D4,6000,True,2082
simulated,openai-renewal_deadline@t1/004-t2-middle,openai-renewal_deadline,D4,all,True,2082
simulated,openai-renewal_deadline@t1/004-t2-middle,openai-renewal_deadline,Z4,250,False,0
simulated,openai-renewal_deadline@t1/004-t2-middle,openai-renewal_deadline,Z4,500,True,360
simulated,openai-renewal_deadline@t1/004-t2-middle,openai-renewal_deadline,Z4,1000,True,661
simulated,openai-renewal_deadline@t1/004-t2-middle,openai-renewal_deadline,Z4,1500,True,1421
simulated,openai-renewal_deadline@t1/004-t2-middle,openai-renewal_deadline,Z4,3000,True,2145
simulated,openai-renewal_deadline@t1/004-t2-middle,openai-renewal_deadline,Z4,6000,True,2145
simulated,openai-renewal_deadline@t1/004-t2-middle,openai-renewal_deadline,Z4,all,True,2145
simulated,openai-renewal_deadline@t1/004-t2-middle,openai-renewal_deadline,L4,250,True,245
simulated,openai-renewal_deadline@t1/004-t2-middle,openai-renewal_deadline,L4,500,True,434
simulated,openai-renewal_deadline@t1/004-t2-middle,openai-renewal_deadline,L4,1000,True,872
simulated,openai-renewal_deadline@t1/004-t2-middle,openai-renewal_deadline,L4,1500,True,1419
simulated,openai-renewal_deadline@t1/004-t2-middle,openai-renewal_deadline,L4,3000,True,2217
simulated,openai-renewal_deadline@t1/004-t2-middle,openai-renewal_deadline,L4,6000,True,2217
simulated,openai-renewal_deadline@t1/004-t2-middle,openai-renewal_deadline,L4,all,True,2217
simulated,openai-renewal_deadline@t1/004-t2-middle,openai-renewal_deadline,L2,250,True,245
simulated,openai-renewal_deadline@t1/004-t2-middle,openai-renewal_deadline,L2,500,True,391
simulated,openai-renewal_deadline@t1/004-t2-middle,openai-renewal_deadline,L2,1000,True,964
simulated,openai-renewal_deadline@t1/004-t2-middle,openai-renewal_deadline,L2,1500,True,1483
simulated,openai-renewal_deadline@t1/004-t2-middle,openai-renewal_deadline,L2,3000,True,2217
simulated,openai-renewal_deadline@t1/004-t2-middle,openai-renewal_deadline,L2,6000,True,2217
simulated,openai-renewal_deadline@t1/004-t2-middle,openai-renewal_deadline,L2,all,True,2217
simulated,openai-renewal_deadline@t1/004-t2-middle,openai-renewal_deadline,E1,250,True,232
simulated,openai-renewal_deadline@t1/004-t2-middle,openai-renewal_deadline,E1,500,True,475
simulated,openai-renewal_deadline@t1/004-t2-middle,openai-renewal_deadline,E1,1000,True,991
simulated,openai-renewal_deadline@t1/004-t2-middle,openai-renewal_deadline,E1,1500,True,1470
simulated,openai-renewal_deadline@t1/004-t2-middle,openai-renewal_deadline,E1,3000,True,2190
simulated,openai-renewal_deadline@t1/004-t2-middle,openai-renewal_deadline,E1,6000,True,2190
simulated,openai-renewal_deadline@t1/004-t2-middle,openai-renewal_deadline,E1,all,True,2190
simulated,openai-renewal_deadline@t1/004-t2-middle,openai-renewal_deadline,E4,250,True,245
simulated,openai-renewal_deadline@t1/004-t2-middle,openai-renewal_deadline,E4,500,True,479
simulated,openai-renewal_deadline@t1/004-t2-middle,openai-renewal_deadline,E4,1000,True,986
simulated,openai-renewal_deadline@t1/004-t2-middle,openai-renewal_deadline,E4,1500,True,1492
simulated,openai-renewal_deadline@t1/004-t2-middle,openai-renewal_deadline,E4,3000,True,2190
simulated,openai-renewal_deadline@t1/004-t2-middle,openai-renewal_deadline,E4,6000,True,2190
simulated,openai-renewal_deadline@t1/004-t2-middle,openai-renewal_deadline,E4,all,True,2190
simulated,openai-renewal_deadline@t1/004-t3-start,openai-renewal_deadline,D1,250,True,222
simulated,openai-renewal_deadline@t1/004-t3-start,openai-renewal_deadline,D1,500,True,417
simulated,openai-renewal_deadline@t1/004-t3-start,openai-renewal_deadline,D1,1000,True,673
simulated,openai-renewal_deadline@t1/004-t3-start,openai-renewal_deadline,D1,1500,True,1301
simulated,openai-renewal_deadline@t1/004-t3-start,openai-renewal_deadline,D1,3000,True,2932
simulated,openai-renewal_deadline@t1/004-t3-start,openai-renewal_deadline,D1,6000,True,3302
simulated,openai-renewal_deadline@t1/004-t3-start,openai-renewal_deadline,D1,all,True,3302
simulated,openai-renewal_deadline@t1/004-t3-start,openai-renewal_deadline,D2,250,True,230
simulated,openai-renewal_deadline@t1/004-t3-start,openai-renewal_deadline,D2,500,True,404
simulated,openai-renewal_deadline@t1/004-t3-start,openai-renewal_deadline,D2,1000,True,809
simulated,openai-renewal_deadline@t1/004-t3-start,openai-renewal_deadline,D2,1500,True,1499
simulated,openai-renewal_deadline@t1/004-t3-start,openai-renewal_deadline,D2,3000,True,2901
simulated,openai-renewal_deadline@t1/004-t3-start,openai-renewal_deadline,D2,6000,True,3302
simulated,openai-renewal_deadline@t1/004-t3-start,openai-renewal_deadline,D2,all,True,3302
simulated,openai-renewal_deadline@t1/004-t3-start,openai-renewal_deadline,B2,250,False,0
simulated,openai-renewal_deadline@t1/004-t3-start,openai-renewal_deadline,B2,500,True,275
simulated,openai-renewal_deadline@t1/004-t3-start,openai-renewal_deadline,B2,1000,True,763
simulated,openai-renewal_deadline@t1/004-t3-start,openai-renewal_deadline,B2,1500,True,1281
simulated,openai-renewal_deadline@t1/004-t3-start,openai-renewal_deadline,B2,3000,True,2776
simulated,openai-renewal_deadline@t1/004-t3-start,openai-renewal_deadline,B2,6000,True,5993
simulated,openai-renewal_deadline@t1/004-t3-start,openai-renewal_deadline,B2,all,True,6242
simulated,openai-renewal_deadline@t1/004-t3-start,openai-renewal_deadline,D4,250,True,176
simulated,openai-renewal_deadline@t1/004-t3-start,openai-renewal_deadline,D4,500,True,482
simulated,openai-renewal_deadline@t1/004-t3-start,openai-renewal_deadline,D4,1000,True,739
simulated,openai-renewal_deadline@t1/004-t3-start,openai-renewal_deadline,D4,1500,True,1383
simulated,openai-renewal_deadline@t1/004-t3-start,openai-renewal_deadline,D4,3000,True,2967
simulated,openai-renewal_deadline@t1/004-t3-start,openai-renewal_deadline,D4,6000,True,3302
simulated,openai-renewal_deadline@t1/004-t3-start,openai-renewal_deadline,D4,all,True,3302
simulated,openai-renewal_deadline@t1/004-t3-start,openai-renewal_deadline,Z4,250,False,0
simulated,openai-renewal_deadline@t1/004-t3-start,openai-renewal_deadline,Z4,500,True,360
simulated,openai-renewal_deadline@t1/004-t3-start,openai-renewal_deadline,Z4,1000,True,920
simulated,openai-renewal_deadline@t1/004-t3-start,openai-renewal_deadline,Z4,1500,True,1306
simulated,openai-renewal_deadline@t1/004-t3-start,openai-renewal_deadline,Z4,3000,True,2699
simulated,openai-renewal_deadline@t1/004-t3-start,openai-renewal_deadline,Z4,6000,True,3352
simulated,openai-renewal_deadline@t1/004-t3-start,openai-renewal_deadline,Z4,all,True,3352
simulated,openai-renewal_deadline@t1/004-t3-start,openai-renewal_deadline,L4,250,True,193
simulated,openai-renewal_deadline@t1/004-t3-start,openai-renewal_deadline,L4,500,True,477
simulated,openai-renewal_deadline@t1/004-t3-start,openai-renewal_deadline,L4,1000,True,747
simulated,openai-renewal_deadline@t1/004-t3-start,openai-renewal_deadline,L4,1500,True,1460
simulated,openai-renewal_deadline@t1/004-t3-start,openai-renewal_deadline,L4,3000,True,2899
simulated,openai-renewal_deadline@t1/004-t3-start,openai-renewal_deadline,L4,6000,True,3482
simulated,openai-renewal_deadline@t1/004-t3-start,openai-renewal_deadline,L4,all,True,3482
simulated,openai-renewal_deadline@t1/004-t3-start,openai-renewal_deadline,L2,250,True,245
simulated,openai-renewal_deadline@t1/004-t3-start,openai-renewal_deadline,L2,500,True,384
simulated,openai-renewal_deadline@t1/004-t3-start,openai-renewal_deadline,L2,1000,True,791
simulated,openai-renewal_deadline@t1/004-t3-start,openai-renewal_deadline,L2,1500,True,1479
simulated,openai-renewal_deadline@t1/004-t3-start,openai-renewal_deadline,L2,3000,True,2753
simulated,openai-renewal_deadline@t1/004-t3-start,openai-renewal_deadline,L2,6000,True,3482
simulated,openai-renewal_deadline@t1/004-t3-start,openai-renewal_deadline,L2,all,True,3482
simulated,openai-renewal_deadline@t1/004-t3-start,openai-renewal_deadline,E1,250,True,231
simulated,openai-renewal_deadline@t1/004-t3-start,openai-renewal_deadline,E1,500,True,467
simulated,openai-renewal_deadline@t1/004-t3-start,openai-renewal_deadline,E1,1000,True,986
simulated,openai-renewal_deadline@t1/004-t3-start,openai-renewal_deadline,E1,1500,True,1485
simulated,openai-renewal_deadline@t1/004-t3-start,openai-renewal_deadline,E1,3000,True,2985
simulated,openai-renewal_deadline@t1/004-t3-start,openai-renewal_deadline,E1,6000,True,3219
simulated,openai-renewal_deadline@t1/004-t3-start,openai-renewal_deadline,E1,all,True,3219
simulated,openai-renewal_deadline@t1/004-t3-start,openai-renewal_deadline,E4,250,True,250
simulated,openai-renewal_deadline@t1/004-t3-start,openai-renewal_deadline,E4,500,True,474
simulated,openai-renewal_deadline@t1/004-t3-start,openai-renewal_deadline,E4,1000,True,990
simulated,openai-renewal_deadline@t1/004-t3-start,openai-renewal_deadline,E4,1500,True,1464
simulated,openai-renewal_deadline@t1/004-t3-start,openai-renewal_deadline,E4,3000,True,3000
simulated,openai-renewal_deadline@t1/004-t3-start,openai-renewal_deadline,E4,6000,True,3219
simulated,openai-renewal_deadline@t1/004-t3-start,openai-renewal_deadline,E4,all,True,3219
simulated,openai-renewal_deadline@t1/004-t3-middle,openai-renewal_deadline,D1,250,False,0
simulated,openai-renewal_deadline@t1/004-t3-middle,openai-renewal_deadline,D1,500,False,377
simulated,openai-renewal_deadline@t1/004-t3-middle,openai-renewal_deadline,D1,1000,False,953
simulated,openai-renewal_deadline@t1/004-t3-middle,openai-renewal_deadline,D1,1500,True,1492
simulated,openai-renewal_deadline@t1/004-t3-middle,openai-renewal_deadline,D1,3000,True,2869
simulated,openai-renewal_deadline@t1/004-t3-middle,openai-renewal_deadline,D1,6000,True,4219
simulated,openai-renewal_deadline@t1/004-t3-middle,openai-renewal_deadline,D1,all,True,4219
simulated,openai-renewal_deadline@t1/004-t3-middle,openai-renewal_deadline,D2,250,False,0
simulated,openai-renewal_deadline@t1/004-t3-middle,openai-renewal_deadline,D2,500,False,443
simulated,openai-renewal_deadline@t1/004-t3-middle,openai-renewal_deadline,D2,1000,True,969
simulated,openai-renewal_deadline@t1/004-t3-middle,openai-renewal_deadline,D2,1500,True,1434
simulated,openai-renewal_deadline@t1/004-t3-middle,openai-renewal_deadline,D2,3000,True,2951
simulated,openai-renewal_deadline@t1/004-t3-middle,openai-renewal_deadline,D2,6000,True,4219
simulated,openai-renewal_deadline@t1/004-t3-middle,openai-renewal_deadline,D2,all,True,4219
simulated,openai-renewal_deadline@t1/004-t3-middle,openai-renewal_deadline,B2,250,True,238
simulated,openai-renewal_deadline@t1/004-t3-middle,openai-renewal_deadline,B2,500,True,238
simulated,openai-renewal_deadline@t1/004-t3-middle,openai-renewal_deadline,B2,1000,True,790
simulated,openai-renewal_deadline@t1/004-t3-middle,openai-renewal_deadline,B2,1500,True,1297
simulated,openai-renewal_deadline@t1/004-t3-middle,openai-renewal_deadline,B2,3000,True,2839
simulated,openai-renewal_deadline@t1/004-t3-middle,openai-renewal_deadline,B2,6000,True,5922
simulated,openai-renewal_deadline@t1/004-t3-middle,openai-renewal_deadline,B2,all,True,8088
simulated,openai-renewal_deadline@t1/004-t3-middle,openai-renewal_deadline,D4,250,False,0
simulated,openai-renewal_deadline@t1/004-t3-middle,openai-renewal_deadline,D4,500,False,377
simulated,openai-renewal_deadline@t1/004-t3-middle,openai-renewal_deadline,D4,1000,False,956
simulated,openai-renewal_deadline@t1/004-t3-middle,openai-renewal_deadline,D4,1500,False,1218
simulated,openai-renewal_deadline@t1/004-t3-middle,openai-renewal_deadline,D4,3000,True,2918
simulated,openai-renewal_deadline@t1/004-t3-middle,openai-renewal_deadline,D4,6000,True,4219
simulated,openai-renewal_deadline@t1/004-t3-middle,openai-renewal_deadline,D4,all,True,4219
simulated,openai-renewal_deadline@t1/004-t3-middle,openai-renewal_deadline,Z4,250,False,0
simulated,openai-renewal_deadline@t1/004-t3-middle,openai-renewal_deadline,Z4,500,False,0
simulated,openai-renewal_deadline@t1/004-t3-middle,openai-renewal_deadline,Z4,1000,True,902
simulated,openai-renewal_deadline@t1/004-t3-middle,openai-renewal_deadline,Z4,1500,True,1349
simulated,openai-renewal_deadline@t1/004-t3-middle,openai-renewal_deadline,Z4,3000,True,2932
simulated,openai-renewal_deadline@t1/004-t3-middle,openai-renewal_deadline,Z4,6000,True,4369
simulated,openai-renewal_deadline@t1/004-t3-middle,openai-renewal_deadline,Z4,all,True,4369
simulated,openai-renewal_deadline@t1/004-t3-middle,openai-renewal_deadline,L4,250,False,0
simulated,openai-renewal_deadline@t1/004-t3-middle,openai-renewal_deadline,L4,500,False,389
simulated,openai-renewal_deadline@t1/004-t3-middle,openai-renewal_deadline,L4,1000,False,995
simulated,openai-renewal_deadline@t1/004-t3-middle,openai-renewal_deadline,L4,1500,False,1437
simulated,openai-renewal_deadline@t1/004-t3-middle,openai-renewal_deadline,L4,3000,False,2960
simulated,openai-renewal_deadline@t1/004-t3-middle,openai-renewal_deadline,L4,6000,True,4443
simulated,openai-renewal_deadline@t1/004-t3-middle,openai-renewal_deadline,L4,all,True,4443
simulated,openai-renewal_deadline@t1/004-t3-middle,openai-renewal_deadline,L2,250,False,73
simulated,openai-renewal_deadline@t1/004-t3-middle,openai-renewal_deadline,L2,500,False,462
simulated,openai-renewal_deadline@t1/004-t3-middle,openai-renewal_deadline,L2,1000,True,941
simulated,openai-renewal_deadline@t1/004-t3-middle,openai-renewal_deadline,L2,1500,True,1453
simulated,openai-renewal_deadline@t1/004-t3-middle,openai-renewal_deadline,L2,3000,True,3000
simulated,openai-renewal_deadline@t1/004-t3-middle,openai-renewal_deadline,L2,6000,True,4443
simulated,openai-renewal_deadline@t1/004-t3-middle,openai-renewal_deadline,L2,all,True,4443
simulated,openai-renewal_deadline@t1/004-t3-middle,openai-renewal_deadline,E1,250,False,227
simulated,openai-renewal_deadline@t1/004-t3-middle,openai-renewal_deadline,E1,500,False,495
simulated,openai-renewal_deadline@t1/004-t3-middle,openai-renewal_deadline,E1,1000,False,996
simulated,openai-renewal_deadline@t1/004-t3-middle,openai-renewal_deadline,E1,1500,True,1480
simulated,openai-renewal_deadline@t1/004-t3-middle,openai-renewal_deadline,E1,3000,True,2999
simulated,openai-renewal_deadline@t1/004-t3-middle,openai-renewal_deadline,E1,6000,True,4230
simulated,openai-renewal_deadline@t1/004-t3-middle,openai-renewal_deadline,E1,all,True,4230
simulated,openai-renewal_deadline@t1/004-t3-middle,openai-renewal_deadline,E4,250,False,225
simulated,openai-renewal_deadline@t1/004-t3-middle,openai-renewal_deadline,E4,500,False,461
simulated,openai-renewal_deadline@t1/004-t3-middle,openai-renewal_deadline,E4,1000,False,977
simulated,openai-renewal_deadline@t1/004-t3-middle,openai-renewal_deadline,E4,1500,True,1496
simulated,openai-renewal_deadline@t1/004-t3-middle,openai-renewal_deadline,E4,3000,True,2990
simulated,openai-renewal_deadline@t1/004-t3-middle,openai-renewal_deadline,E4,6000,True,4230
simulated,openai-renewal_deadline@t1/004-t3-middle,openai-renewal_deadline,E4,all,True,4230
simulated,openai-renewal_deadline@t1/004-t4-start,openai-renewal_deadline,D1,250,False,230
simulated,openai-renewal_deadline@t1/004-t4-start,openai-renewal_deadline,D1,500,False,230
simulated,openai-renewal_deadline@t1/004-t4-start,openai-renewal_deadline,D1,1000,False,883
simulated,openai-renewal_deadline@t1/004-t4-start,openai-renewal_deadline,D1,1500,False,1388
simulated,openai-renewal_deadline@t1/004-t4-start,openai-renewal_deadline,D1,3000,True,2994
simulated,openai-renewal_deadline@t1/004-t4-start,openai-renewal_deadline,D1,6000,True,5192
simulated,openai-renewal_deadline@t1/004-t4-start,openai-renewal_deadline,D1,all,True,5192
simulated,openai-renewal_deadline@t1/004-t4-start,openai-renewal_deadline,D2,250,False,240
simulated,openai-renewal_deadline@t1/004-t4-start,openai-renewal_deadline,D2,500,False,240
simulated,openai-renewal_deadline@t1/004-t4-start,openai-renewal_deadline,D2,1000,False,978
simulated,openai-renewal_deadline@t1/004-t4-start,openai-renewal_deadline,D2,1500,True,1158
simulated,openai-renewal_deadline@t1/004-t4-start,openai-renewal_deadline,D2,3000,True,2726
simulated,openai-renewal_deadline@t1/004-t4-start,openai-renewal_deadline,D2,6000,True,5192
simulated,openai-renewal_deadline@t1/004-t4-start,openai-renewal_deadline,D2,all,True,5192
simulated,openai-renewal_deadline@t1/004-t4-start,openai-renewal_deadline,B2,250,True,238
simulated,openai-renewal_deadline@t1/004-t4-start,openai-renewal_deadline,B2,500,True,238
simulated,openai-renewal_deadline@t1/004-t4-start,openai-renewal_deadline,B2,1000,True,769
simulated,openai-renewal_deadline@t1/004-t4-start,openai-renewal_deadline,B2,1500,True,1314
simulated,openai-renewal_deadline@t1/004-t4-start,openai-renewal_deadline,B2,3000,True,2902
simulated,openai-renewal_deadline@t1/004-t4-start,openai-renewal_deadline,B2,6000,True,5917
simulated,openai-renewal_deadline@t1/004-t4-start,openai-renewal_deadline,B2,all,True,9666
simulated,openai-renewal_deadline@t1/004-t4-start,openai-renewal_deadline,D4,250,False,66
simulated,openai-renewal_deadline@t1/004-t4-start,openai-renewal_deadline,D4,500,False,452
simulated,openai-renewal_deadline@t1/004-t4-start,openai-renewal_deadline,D4,1000,False,829
simulated,openai-renewal_deadline@t1/004-t4-start,openai-renewal_deadline,D4,1500,False,1495
simulated,openai-renewal_deadline@t1/004-t4-start,openai-renewal_deadline,D4,3000,True,2880
simulated,openai-renewal_deadline@t1/004-t4-start,openai-renewal_deadline,D4,6000,True,5192
simulated,openai-renewal_deadline@t1/004-t4-start,openai-renewal_deadline,D4,all,True,5192
simulated,openai-renewal_deadline@t1/004-t4-start,openai-renewal_deadline,Z4,250,False,0
simulated,openai-renewal_deadline@t1/004-t4-start,openai-renewal_deadline,Z4,500,True,360
simulated,openai-renewal_deadline@t1/004-t4-start,openai-renewal_deadline,Z4,1000,True,902
simulated,openai-renewal_deadline@t1/004-t4-start,openai-renewal_deadline,Z4,1500,True,1377
simulated,openai-renewal_deadline@t1/004-t4-start,openai-renewal_deadline,Z4,3000,True,2874
simulated,openai-renewal_deadline@t1/004-t4-start,openai-renewal_deadline,Z4,6000,True,5115
simulated,openai-renewal_deadline@t1/004-t4-start,openai-renewal_deadline,Z4,all,True,5115
simulated,openai-renewal_deadline@t1/004-t4-start,openai-renewal_deadline,L4,250,False,73
simulated,openai-renewal_deadline@t1/004-t4-start,openai-renewal_deadline,L4,500,False,462
simulated,openai-renewal_deadline@t1/004-t4-start,openai-renewal_deadline,L4,1000,False,825
simulated,openai-renewal_deadline@t1/004-t4-start,openai-renewal_deadline,L4,1500,False,1459
simulated,openai-renewal_deadline@t1/004-t4-start,openai-renewal_deadline,L4,3000,False,2658
simulated,openai-renewal_deadline@t1/004-t4-start,openai-renewal_deadline,L4,6000,True,5442
simulated,openai-renewal_deadline@t1/004-t4-start,openai-renewal_deadline,L4,all,True,5442
simulated,openai-renewal_deadline@t1/004-t4-start,openai-renewal_deadline,L2,250,False,212
simulated,openai-renewal_deadline@t1/004-t4-start,openai-renewal_deadline,L2,500,False,392
simulated,openai-renewal_deadline@t1/004-t4-start,openai-renewal_deadline,L2,1000,True,733
simulated,openai-renewal_deadline@t1/004-t4-start,openai-renewal_deadline,L2,1500,True,1122
simulated,openai-renewal_deadline@t1/004-t4-start,openai-renewal_deadline,L2,3000,True,2811
simulated,openai-renewal_deadline@t1/004-t4-start,openai-renewal_deadline,L2,6000,True,5442
simulated,openai-renewal_deadline@t1/004-t4-start,openai-renewal_deadline,L2,all,True,5442
simulated,openai-renewal_deadline@t1/004-t4-start,openai-renewal_deadline,E1,250,False,207
simulated,openai-renewal_deadline@t1/004-t4-start,openai-renewal_deadline,E1,500,True,468
simulated,openai-renewal_deadline@t1/004-t4-start,openai-renewal_deadline,E1,1000,True,995
simulated,openai-renewal_deadline@t1/004-t4-start,openai-renewal_deadline,E1,1500,True,1440
simulated,openai-renewal_deadline@t1/004-t4-start,openai-renewal_deadline,E1,3000,True,2985
simulated,openai-renewal_deadline@t1/004-t4-start,openai-renewal_deadline,E1,6000,True,5255
simulated,openai-renewal_deadline@t1/004-t4-start,openai-renewal_deadline,E1,all,True,5255
simulated,openai-renewal_deadline@t1/004-t4-start,openai-renewal_deadline,E4,250,True,241
simulated,openai-renewal_deadline@t1/004-t4-start,openai-renewal_deadline,E4,500,True,497
simulated,openai-renewal_deadline@t1/004-t4-start,openai-renewal_deadline,E4,1000,True,981
simulated,openai-renewal_deadline@t1/004-t4-start,openai-renewal_deadline,E4,1500,True,1473
simulated,openai-renewal_deadline@t1/004-t4-start,openai-renewal_deadline,E4,3000,True,2993
simulated,openai-renewal_deadline@t1/004-t4-start,openai-renewal_deadline,E4,6000,True,5255
simulated,openai-renewal_deadline@t1/004-t4-start,openai-renewal_deadline,E4,all,True,5255
simulated,openai-renewal_deadline@t1/004-t4-middle,openai-renewal_deadline,D1,250,False,0
simulated,openai-renewal_deadline@t1/004-t4-middle,openai-renewal_deadline,D1,500,False,391
simulated,openai-renewal_deadline@t1/004-t4-middle,openai-renewal_deadline,D1,1000,False,850
simulated,openai-renewal_deadline@t1/004-t4-middle,openai-renewal_deadline,D1,1500,False,1177
simulated,openai-renewal_deadline@t1/004-t4-middle,openai-renewal_deadline,D1,3000,True,2873
simulated,openai-renewal_deadline@t1/004-t4-middle,openai-renewal_deadline,D1,6000,True,5964
simulated,openai-renewal_deadline@t1/004-t4-middle,openai-renewal_deadline,D1,all,True,5964
simulated,openai-renewal_deadline@t1/004-t4-middle,openai-renewal_deadline,D2,250,False,0
simulated,openai-renewal_deadline@t1/004-t4-middle,openai-renewal_deadline,D2,500,False,477
simulated,openai-renewal_deadline@t1/004-t4-middle,openai-renewal_deadline,D2,1000,False,651
simulated,openai-renewal_deadline@t1/004-t4-middle,openai-renewal_deadline,D2,1500,False,1338
simulated,openai-renewal_deadline@t1/004-t4-middle,openai-renewal_deadline,D2,3000,True,2897
simulated,openai-renewal_deadline@t1/004-t4-middle,openai-renewal_deadline,D2,6000,True,5964
simulated,openai-renewal_deadline@t1/004-t4-middle,openai-renewal_deadline,D2,all,True,5964
simulated,openai-renewal_deadline@t1/004-t4-middle,openai-renewal_deadline,B2,250,False,0
simulated,openai-renewal_deadline@t1/004-t4-middle,openai-renewal_deadline,B2,500,False,264
simulated,openai-renewal_deadline@t1/004-t4-middle,openai-renewal_deadline,B2,1000,False,796
simulated,openai-renewal_deadline@t1/004-t4-middle,openai-renewal_deadline,B2,1500,False,1338
simulated,openai-renewal_deadline@t1/004-t4-middle,openai-renewal_deadline,B2,3000,True,2900
simulated,openai-renewal_deadline@t1/004-t4-middle,openai-renewal_deadline,B2,6000,True,5906
simulated,openai-renewal_deadline@t1/004-t4-middle,openai-renewal_deadline,B2,all,True,11695
simulated,openai-renewal_deadline@t1/004-t4-middle,openai-renewal_deadline,D4,250,False,0
simulated,openai-renewal_deadline@t1/004-t4-middle,openai-renewal_deadline,D4,500,False,457
simulated,openai-renewal_deadline@t1/004-t4-middle,openai-renewal_deadline,D4,1000,False,895
simulated,openai-renewal_deadline@t1/004-t4-middle,openai-renewal_deadline,D4,1500,False,1272
simulated,openai-renewal_deadline@t1/004-t4-middle,openai-renewal_deadline,D4,3000,True,2938
simulated,openai-renewal_deadline@t1/004-t4-middle,openai-renewal_deadline,D4,6000,True,5964
simulated,openai-renewal_deadline@t1/004-t4-middle,openai-renewal_deadline,D4,all,True,5964
simulated,openai-renewal_deadline@t1/004-t4-middle,openai-renewal_deadline,Z4,250,False,0
simulated,openai-renewal_deadline@t1/004-t4-middle,openai-renewal_deadline,Z4,500,False,268
simulated,openai-renewal_deadline@t1/004-t4-middle,openai-renewal_deadline,Z4,1000,False,911
simulated,openai-renewal_deadline@t1/004-t4-middle,openai-renewal_deadline,Z4,1500,True,1356
simulated,openai-renewal_deadline@t1/004-t4-middle,openai-renewal_deadline,Z4,3000,True,2752
simulated,openai-renewal_deadline@t1/004-t4-middle,openai-renewal_deadline,Z4,6000,True,5834
simulated,openai-renewal_deadline@t1/004-t4-middle,openai-renewal_deadline,Z4,all,True,6013
simulated,openai-renewal_deadline@t1/004-t4-middle,openai-renewal_deadline,L4,250,False,0
simulated,openai-renewal_deadline@t1/004-t4-middle,openai-renewal_deadline,L4,500,False,472
simulated,openai-renewal_deadline@t1/004-t4-middle,openai-renewal_deadline,L4,1000,False,927
simulated,openai-renewal_deadline@t1/004-t4-middle,openai-renewal_deadline,L4,1500,False,1316
simulated,openai-renewal_deadline@t1/004-t4-middle,openai-renewal_deadline,L4,3000,True,2967
simulated,openai-renewal_deadline@t1/004-t4-middle,openai-renewal_deadline,L4,6000,True,5971
simulated,openai-renewal_deadline@t1/004-t4-middle,openai-renewal_deadline,L4,all,True,6240
simulated,openai-renewal_deadline@t1/004-t4-middle,openai-renewal_deadline,L2,250,False,0
simulated,openai-renewal_deadline@t1/004-t4-middle,openai-renewal_deadline,L2,500,False,399
simulated,openai-renewal_deadline@t1/004-t4-middle,openai-renewal_deadline,L2,1000,False,747
simulated,openai-renewal_deadline@t1/004-t4-middle,openai-renewal_deadline,L2,1500,False,1444
simulated,openai-renewal_deadline@t1/004-t4-middle,openai-renewal_deadline,L2,3000,True,2934
simulated,openai-renewal_deadline@t1/004-t4-middle,openai-renewal_deadline,L2,6000,True,5965
simulated,openai-renewal_deadline@t1/004-t4-middle,openai-renewal_deadline,L2,all,True,6240
simulated,openai-renewal_deadline@t1/004-t4-middle,openai-renewal_deadline,E1,250,False,217
simulated,openai-renewal_deadline@t1/004-t4-middle,openai-renewal_deadline,E1,500,False,473
simulated,openai-renewal_deadline@t1/004-t4-middle,openai-renewal_deadline,E1,1000,True,982
simulated,openai-renewal_deadline@t1/004-t4-middle,openai-renewal_deadline,E1,1500,True,1488
simulated,openai-renewal_deadline@t1/004-t4-middle,openai-renewal_deadline,E1,3000,True,2988
simulated,openai-renewal_deadline@t1/004-t4-middle,openai-renewal_deadline,E1,6000,True,5974
simulated,openai-renewal_deadline@t1/004-t4-middle,openai-renewal_deadline,E1,all,True,6411
simulated,openai-renewal_deadline@t1/004-t4-middle,openai-renewal_deadline,E4,250,True,230
simulated,openai-renewal_deadline@t1/004-t4-middle,openai-renewal_deadline,E4,500,True,494
simulated,openai-renewal_deadline@t1/004-t4-middle,openai-renewal_deadline,E4,1000,True,968
simulated,openai-renewal_deadline@t1/004-t4-middle,openai-renewal_deadline,E4,1500,True,1495
simulated,openai-renewal_deadline@t1/004-t4-middle,openai-renewal_deadline,E4,3000,True,2977
simulated,openai-renewal_deadline@t1/004-t4-middle,openai-renewal_deadline,E4,6000,True,5988
simulated,openai-renewal_deadline@t1/004-t4-middle,openai-renewal_deadline,E4,all,True,6411
simulated,openai-renewal_deadline@t1/004-t5-start,openai-renewal_deadline,D1,250,False,0
simulated,openai-renewal_deadline@t1/004-t5-start,openai-renewal_deadline,D1,500,False,459
simulated,openai-renewal_deadline@t1/004-t5-start,openai-renewal_deadline,D1,1000,False,700
simulated,openai-renewal_deadline@t1/004-t5-start,openai-renewal_deadline,D1,1500,False,1418
simulated,openai-renewal_deadline@t1/004-t5-start,openai-renewal_deadline,D1,3000,False,2766
simulated,openai-renewal_deadline@t1/004-t5-start,openai-renewal_deadline,D1,6000,True,5892
simulated,openai-renewal_deadline@t1/004-t5-start,openai-renewal_deadline,D1,all,True,6912
simulated,openai-renewal_deadline@t1/004-t5-start,openai-renewal_deadline,D2,250,False,0
simulated,openai-renewal_deadline@t1/004-t5-start,openai-renewal_deadline,D2,500,False,459
simulated,openai-renewal_deadline@t1/004-t5-start,openai-renewal_deadline,D2,1000,False,912
simulated,openai-renewal_deadline@t1/004-t5-start,openai-renewal_deadline,D2,1500,False,1498
simulated,openai-renewal_deadline@t1/004-t5-start,openai-renewal_deadline,D2,3000,False,2933
simulated,openai-renewal_deadline@t1/004-t5-start,openai-renewal_deadline,D2,6000,True,5939
simulated,openai-renewal_deadline@t1/004-t5-start,openai-renewal_deadline,D2,all,True,6912
simulated,openai-renewal_deadline@t1/004-t5-start,openai-renewal_deadline,B2,250,False,228
simulated,openai-renewal_deadline@t1/004-t5-start,openai-renewal_deadline,B2,500,False,486
simulated,openai-renewal_deadline@t1/004-t5-start,openai-renewal_deadline,B2,1000,False,911
simulated,openai-renewal_deadline@t1/004-t5-start,openai-renewal_deadline,B2,1500,False,1427
simulated,openai-renewal_deadline@t1/004-t5-start,openai-renewal_deadline,B2,3000,False,2978
simulated,openai-renewal_deadline@t1/004-t5-start,openai-renewal_deadline,B2,6000,True,5764
simulated,openai-renewal_deadline@t1/004-t5-start,openai-renewal_deadline,B2,all,True,13391
simulated,openai-renewal_deadline@t1/004-t5-start,openai-renewal_deadline,D4,250,False,0
simulated,openai-renewal_deadline@t1/004-t5-start,openai-renewal_deadline,D4,500,False,459
simulated,openai-renewal_deadline@t1/004-t5-start,openai-renewal_deadline,D4,1000,False,933
simulated,openai-renewal_deadline@t1/004-t5-start,openai-renewal_deadline,D4,1500,False,1310
simulated,openai-renewal_deadline@t1/004-t5-start,openai-renewal_deadline,D4,3000,False,2828
simulated,openai-renewal_deadline@t1/004-t5-start,openai-renewal_deadline,D4,6000,True,5956
simulated,openai-renewal_deadline@t1/004-t5-start,openai-renewal_deadline,D4,all,True,6912
simulated,openai-renewal_deadline@t1/004-t5-start,openai-renewal_deadline,Z4,250,False,0
simulated,openai-renewal_deadline@t1/004-t5-start,openai-renewal_deadline,Z4,500,False,328
simulated,openai-renewal_deadline@t1/004-t5-start,openai-renewal_deadline,Z4,1000,True,688
simulated,openai-renewal_deadline@t1/004-t5-start,openai-renewal_deadline,Z4,1500,True,1230
simulated,openai-renewal_deadline@t1/004-t5-start,openai-renewal_deadline,Z4,3000,True,2802
simulated,openai-renewal_deadline@t1/004-t5-start,openai-renewal_deadline,Z4,6000,True,5825
simulated,openai-renewal_deadline@t1/004-t5-start,openai-renewal_deadline,Z4,all,True,6852
simulated,openai-renewal_deadline@t1/004-t5-start,openai-renewal_deadline,L4,250,False,0
simulated,openai-renewal_deadline@t1/004-t5-start,openai-renewal_deadline,L4,500,False,471
simulated,openai-renewal_deadline@t1/004-t5-start,openai-renewal_deadline,L4,1000,False,970
simulated,openai-renewal_deadline@t1/004-t5-start,openai-renewal_deadline,L4,1500,False,1367
simulated,openai-renewal_deadline@t1/004-t5-start,openai-renewal_deadline,L4,3000,False,2938
simulated,openai-renewal_deadline@t1/004-t5-start,openai-renewal_deadline,L4,6000,True,5934
simulated,openai-renewal_deadline@t1/004-t5-start,openai-renewal_deadline,L4,all,True,7227
simulated,openai-renewal_deadline@t1/004-t5-start,openai-renewal_deadline,L2,250,False,0
simulated,openai-renewal_deadline@t1/004-t5-start,openai-renewal_deadline,L2,500,False,471
simulated,openai-renewal_deadline@t1/004-t5-start,openai-renewal_deadline,L2,1000,False,953
simulated,openai-renewal_deadline@t1/004-t5-start,openai-renewal_deadline,L2,1500,False,1352
simulated,openai-renewal_deadline@t1/004-t5-start,openai-renewal_deadline,L2,3000,False,2876
simulated,openai-renewal_deadline@t1/004-t5-start,openai-renewal_deadline,L2,6000,True,5837
simulated,openai-renewal_deadline@t1/004-t5-start,openai-renewal_deadline,L2,all,True,7227
simulated,openai-renewal_deadline@t1/004-t5-start,openai-renewal_deadline,E1,250,False,234
simulated,openai-renewal_deadline@t1/004-t5-start,openai-renewal_deadline,E1,500,False,499
simulated,openai-renewal_deadline@t1/004-t5-start,openai-renewal_deadline,E1,1000,True,997
simulated,openai-renewal_deadline@t1/004-t5-start,openai-renewal_deadline,E1,1500,True,1474
simulated,openai-renewal_deadline@t1/004-t5-start,openai-renewal_deadline,E1,3000,True,2971
simulated,openai-renewal_deadline@t1/004-t5-start,openai-renewal_deadline,E1,6000,True,5972
simulated,openai-renewal_deadline@t1/004-t5-start,openai-renewal_deadline,E1,all,True,7209
simulated,openai-renewal_deadline@t1/004-t5-start,openai-renewal_deadline,E4,250,True,250
simulated,openai-renewal_deadline@t1/004-t5-start,openai-renewal_deadline,E4,500,True,471
simulated,openai-renewal_deadline@t1/004-t5-start,openai-renewal_deadline,E4,1000,True,986
simulated,openai-renewal_deadline@t1/004-t5-start,openai-renewal_deadline,E4,1500,True,1490
simulated,openai-renewal_deadline@t1/004-t5-start,openai-renewal_deadline,E4,3000,True,2982
simulated,openai-renewal_deadline@t1/004-t5-start,openai-renewal_deadline,E4,6000,True,5992
simulated,openai-renewal_deadline@t1/004-t5-start,openai-renewal_deadline,E4,all,True,7209
simulated,openai-renewal_deadline@t1/004-t5-middle,openai-renewal_deadline,D1,250,True,250
simulated,openai-renewal_deadline@t1/004-t5-middle,openai-renewal_deadline,D1,500,True,250
simulated,openai-renewal_deadline@t1/004-t5-middle,openai-renewal_deadline,D1,1000,True,915
simulated,openai-renewal_deadline@t1/004-t5-middle,openai-renewal_deadline,D1,1500,True,1500
simulated,openai-renewal_deadline@t1/004-t5-middle,openai-renewal_deadline,D1,3000,True,2802
simulated,openai-renewal_deadline@t1/004-t5-middle,openai-renewal_deadline,D1,6000,True,5820
simulated,openai-renewal_deadline@t1/004-t5-middle,openai-renewal_deadline,D1,all,True,7597
simulated,openai-renewal_deadline@t1/004-t5-middle,openai-renewal_deadline,D2,250,True,220
simulated,openai-renewal_deadline@t1/004-t5-middle,openai-renewal_deadline,D2,500,True,376
simulated,openai-renewal_deadline@t1/004-t5-middle,openai-renewal_deadline,D2,1000,True,948
simulated,openai-renewal_deadline@t1/004-t5-middle,openai-renewal_deadline,D2,1500,True,1395
simulated,openai-renewal_deadline@t1/004-t5-middle,openai-renewal_deadline,D2,3000,True,2776
simulated,openai-renewal_deadline@t1/004-t5-middle,openai-renewal_deadline,D2,6000,True,5789
simulated,openai-renewal_deadline@t1/004-t5-middle,openai-renewal_deadline,D2,all,True,7597
simulated,openai-renewal_deadline@t1/004-t5-middle,openai-renewal_deadline,B2,250,False,0
simulated,openai-renewal_deadline@t1/004-t5-middle,openai-renewal_deadline,B2,500,True,275
simulated,openai-renewal_deadline@t1/004-t5-middle,openai-renewal_deadline,B2,1000,True,795
simulated,openai-renewal_deadline@t1/004-t5-middle,openai-renewal_deadline,B2,1500,True,1293
simulated,openai-renewal_deadline@t1/004-t5-middle,openai-renewal_deadline,B2,3000,True,2848
simulated,openai-renewal_deadline@t1/004-t5-middle,openai-renewal_deadline,B2,6000,True,5964
simulated,openai-renewal_deadline@t1/004-t5-middle,openai-renewal_deadline,B2,all,True,14925
simulated,openai-renewal_deadline@t1/004-t5-middle,openai-renewal_deadline,D4,250,True,160
simulated,openai-renewal_deadline@t1/004-t5-middle,openai-renewal_deadline,D4,500,True,160
simulated,openai-renewal_deadline@t1/004-t5-middle,openai-renewal_deadline,D4,1000,True,654
simulated,openai-renewal_deadline@t1/004-t5-middle,openai-renewal_deadline,D4,1500,True,1239
simulated,openai-renewal_deadline@t1/004-t5-middle,openai-renewal_deadline,D4,3000,True,2882
simulated,openai-renewal_deadline@t1/004-t5-middle,openai-renewal_deadline,D4,6000,True,5988
simulated,openai-renewal_deadline@t1/004-t5-middle,openai-renewal_deadline,D4,all,True,7597
simulated,openai-renewal_deadline@t1/004-t5-middle,openai-renewal_deadline,Z4,250,False,0
simulated,openai-renewal_deadline@t1/004-t5-middle,openai-renewal_deadline,Z4,500,True,360
simulated,openai-renewal_deadline@t1/004-t5-middle,openai-renewal_deadline,Z4,1000,True,991
simulated,openai-renewal_deadline@t1/004-t5-middle,openai-renewal_deadline,Z4,1500,True,1498
simulated,openai-renewal_deadline@t1/004-t5-middle,openai-renewal_deadline,Z4,3000,True,2710
simulated,openai-renewal_deadline@t1/004-t5-middle,openai-renewal_deadline,Z4,6000,True,5798
simulated,openai-renewal_deadline@t1/004-t5-middle,openai-renewal_deadline,Z4,all,True,7622
simulated,openai-renewal_deadline@t1/004-t5-middle,openai-renewal_deadline,L4,250,False,73
simulated,openai-renewal_deadline@t1/004-t5-middle,openai-renewal_deadline,L4,500,False,436
simulated,openai-renewal_deadline@t1/004-t5-middle,openai-renewal_deadline,L4,1000,True,694
simulated,openai-renewal_deadline@t1/004-t5-middle,openai-renewal_deadline,L4,1500,True,1300
simulated,openai-renewal_deadline@t1/004-t5-middle,openai-renewal_deadline,L4,3000,True,2799
simulated,openai-renewal_deadline@t1/004-t5-middle,openai-renewal_deadline,L4,6000,True,5940
simulated,openai-renewal_deadline@t1/004-t5-middle,openai-renewal_deadline,L4,all,True,7944
simulated,openai-renewal_deadline@t1/004-t5-middle,openai-renewal_deadline,L2,250,True,100
simulated,openai-renewal_deadline@t1/004-t5-middle,openai-renewal_deadline,L2,500,True,473
simulated,openai-renewal_deadline@t1/004-t5-middle,openai-renewal_deadline,L2,1000,True,917
simulated,openai-renewal_deadline@t1/004-t5-middle,openai-renewal_deadline,L2,1500,True,1406
simulated,openai-renewal_deadline@t1/004-t5-middle,openai-renewal_deadline,L2,3000,True,2670
simulated,openai-renewal_deadline@t1/004-t5-middle,openai-renewal_deadline,L2,6000,True,5987
simulated,openai-renewal_deadline@t1/004-t5-middle,openai-renewal_deadline,L2,all,True,7944
simulated,openai-renewal_deadline@t1/004-t5-middle,openai-renewal_deadline,E1,250,True,227
simulated,openai-renewal_deadline@t1/004-t5-middle,openai-renewal_deadline,E1,500,True,497
simulated,openai-renewal_deadline@t1/004-t5-middle,openai-renewal_deadline,E1,1000,True,998
simulated,openai-renewal_deadline@t1/004-t5-middle,openai-renewal_deadline,E1,1500,True,1462
simulated,openai-renewal_deadline@t1/004-t5-middle,openai-renewal_deadline,E1,3000,True,2984
simulated,openai-renewal_deadline@t1/004-t5-middle,openai-renewal_deadline,E1,6000,True,5989
simulated,openai-renewal_deadline@t1/004-t5-middle,openai-renewal_deadline,E1,all,True,7938
simulated,openai-renewal_deadline@t1/004-t5-middle,openai-renewal_deadline,E4,250,True,233
simulated,openai-renewal_deadline@t1/004-t5-middle,openai-renewal_deadline,E4,500,True,478
simulated,openai-renewal_deadline@t1/004-t5-middle,openai-renewal_deadline,E4,1000,True,986
simulated,openai-renewal_deadline@t1/004-t5-middle,openai-renewal_deadline,E4,1500,True,1463
simulated,openai-renewal_deadline@t1/004-t5-middle,openai-renewal_deadline,E4,3000,True,2972
simulated,openai-renewal_deadline@t1/004-t5-middle,openai-renewal_deadline,E4,6000,True,5994
simulated,openai-renewal_deadline@t1/004-t5-middle,openai-renewal_deadline,E4,all,True,7938
simulated,openai-discount@t1/009-t2-start,openai-discount,D1,250,True,61
simulated,openai-discount@t1/009-t2-start,openai-discount,D1,500,True,427
simulated,openai-discount@t1/009-t2-start,openai-discount,D1,1000,True,849
simulated,openai-discount@t1/009-t2-start,openai-discount,D1,1500,True,1357
simulated,openai-discount@t1/009-t2-start,openai-discount,D1,3000,True,1694
simulated,openai-discount@t1/009-t2-start,openai-discount,D1,6000,True,1694
simulated,openai-discount@t1/009-t2-start,openai-discount,D1,all,True,1694
simulated,openai-discount@t1/009-t2-start,openai-discount,D2,250,True,143
simulated,openai-discount@t1/009-t2-start,openai-discount,D2,500,True,467
simulated,openai-discount@t1/009-t2-start,openai-discount,D2,1000,True,851
simulated,openai-discount@t1/009-t2-start,openai-discount,D2,1500,True,1450
simulated,openai-discount@t1/009-t2-start,openai-discount,D2,3000,True,1694
simulated,openai-discount@t1/009-t2-start,openai-discount,D2,6000,True,1694
simulated,openai-discount@t1/009-t2-start,openai-discount,D2,all,True,1694
simulated,openai-discount@t1/009-t2-start,openai-discount,B2,250,True,238
simulated,openai-discount@t1/009-t2-start,openai-discount,B2,500,True,238
simulated,openai-discount@t1/009-t2-start,openai-discount,B2,1000,True,998
simulated,openai-discount@t1/009-t2-start,openai-discount,B2,1500,True,1260
simulated,openai-discount@t1/009-t2-start,openai-discount,B2,3000,True,2757
simulated,openai-discount@t1/009-t2-start,openai-discount,B2,6000,True,3257
simulated,openai-discount@t1/009-t2-start,openai-discount,B2,all,True,3257
simulated,openai-discount@t1/009-t2-start,openai-discount,D4,250,True,197
simulated,openai-discount@t1/009-t2-start,openai-discount,D4,500,True,427
simulated,openai-discount@t1/009-t2-start,openai-discount,D4,1000,True,893
simulated,openai-discount@t1/009-t2-start,openai-discount,D4,1500,True,1397
simulated,openai-discount@t1/009-t2-start,openai-discount,D4,3000,True,1694
simulated,openai-discount@t1/009-t2-start,openai-discount,D4,6000,True,1694
simulated,openai-discount@t1/009-t2-start,openai-discount,D4,all,True,1694
simulated,openai-discount@t1/009-t2-start,openai-discount,Z4,250,False,0
simulated,openai-discount@t1/009-t2-start,openai-discount,Z4,500,False,360
simulated,openai-discount@t1/009-t2-start,openai-discount,Z4,1000,False,835
simulated,openai-discount@t1/009-t2-start,openai-discount,Z4,1500,True,1413
simulated,openai-discount@t1/009-t2-start,openai-discount,Z4,3000,True,1698
simulated,openai-discount@t1/009-t2-start,openai-discount,Z4,6000,True,1698
simulated,openai-discount@t1/009-t2-start,openai-discount,Z4,all,True,1698
simulated,openai-discount@t1/009-t2-start,openai-discount,L4,250,True,212
simulated,openai-discount@t1/009-t2-start,openai-discount,L4,500,True,451
simulated,openai-discount@t1/009-t2-start,openai-discount,L4,1000,True,926
simulated,openai-discount@t1/009-t2-start,openai-discount,L4,1500,True,1483
simulated,openai-discount@t1/009-t2-start,openai-discount,L4,3000,True,1803
simulated,openai-discount@t1/009-t2-start,openai-discount,L4,6000,True,1803
simulated,openai-discount@t1/009-t2-start,openai-discount,L4,all,True,1803
simulated,openai-discount@t1/009-t2-start,openai-discount,L2,250,True,160
simulated,openai-discount@t1/009-t2-start,openai-discount,L2,500,True,499
simulated,openai-discount@t1/009-t2-start,openai-discount,L2,1000,True,919
simulated,openai-discount@t1/009-t2-start,openai-discount,L2,1500,True,1365
simulated,openai-discount@t1/009-t2-start,openai-discount,L2,3000,True,1803
simulated,openai-discount@t1/009-t2-start,openai-discount,L2,6000,True,1803
simulated,openai-discount@t1/009-t2-start,openai-discount,L2,all,True,1803
simulated,openai-discount@t1/009-t2-start,openai-discount,E1,250,False,241
simulated,openai-discount@t1/009-t2-start,openai-discount,E1,500,True,481
simulated,openai-discount@t1/009-t2-start,openai-discount,E1,1000,True,993
simulated,openai-discount@t1/009-t2-start,openai-discount,E1,1500,True,1487
simulated,openai-discount@t1/009-t2-start,openai-discount,E1,3000,True,1603
simulated,openai-discount@t1/009-t2-start,openai-discount,E1,6000,True,1603
simulated,openai-discount@t1/009-t2-start,openai-discount,E1,all,True,1603
simulated,openai-discount@t1/009-t2-start,openai-discount,E4,250,False,220
simulated,openai-discount@t1/009-t2-start,openai-discount,E4,500,True,467
simulated,openai-discount@t1/009-t2-start,openai-discount,E4,1000,True,995
simulated,openai-discount@t1/009-t2-start,openai-discount,E4,1500,True,1494
simulated,openai-discount@t1/009-t2-start,openai-discount,E4,3000,True,1603
simulated,openai-discount@t1/009-t2-start,openai-discount,E4,6000,True,1603
simulated,openai-discount@t1/009-t2-start,openai-discount,E4,all,True,1603
simulated,openai-discount@t1/009-t2-middle,openai-discount,D1,250,False,137
simulated,openai-discount@t1/009-t2-middle,openai-discount,D1,500,False,345
simulated,openai-discount@t1/009-t2-middle,openai-discount,D1,1000,False,847
simulated,openai-discount@t1/009-t2-middle,openai-discount,D1,1500,False,1409
simulated,openai-discount@t1/009-t2-middle,openai-discount,D1,3000,True,2082
simulated,openai-discount@t1/009-t2-middle,openai-discount,D1,6000,True,2082
simulated,openai-discount@t1/009-t2-middle,openai-discount,D1,all,True,2082
simulated,openai-discount@t1/009-t2-middle,openai-discount,D2,250,False,136
simulated,openai-discount@t1/009-t2-middle,openai-discount,D2,500,False,435
simulated,openai-discount@t1/009-t2-middle,openai-discount,D2,1000,False,967
simulated,openai-discount@t1/009-t2-middle,openai-discount,D2,1500,False,1389
simulated,openai-discount@t1/009-t2-middle,openai-discount,D2,3000,True,2082
simulated,openai-discount@t1/009-t2-middle,openai-discount,D2,6000,True,2082
simulated,openai-discount@t1/009-t2-middle,openai-discount,D2,all,True,2082
simulated,openai-discount@t1/009-t2-middle,openai-discount,B2,250,False,0
simulated,openai-discount@t1/009-t2-middle,openai-discount,B2,500,False,488
simulated,openai-discount@t1/009-t2-middle,openai-discount,B2,1000,False,763
simulated,openai-discount@t1/009-t2-middle,openai-discount,B2,1500,True,1261
simulated,openai-discount@t1/009-t2-middle,openai-discount,B2,3000,True,2939
simulated,openai-discount@t1/009-t2-middle,openai-discount,B2,6000,True,4229
simulated,openai-discount@t1/009-t2-middle,openai-discount,B2,all,True,4229
simulated,openai-discount@t1/009-t2-middle,openai-discount,D4,250,False,174
simulated,openai-discount@t1/009-t2-middle,openai-discount,D4,500,False,488
simulated,openai-discount@t1/009-t2-middle,openai-discount,D4,1000,False,988
simulated,openai-discount@t1/009-t2-middle,openai-discount,D4,1500,False,1426
simulated,openai-discount@t1/009-t2-middle,openai-discount,D4,3000,True,2082
simulated,openai-discount@t1/009-t2-middle,openai-discount,D4,6000,True,2082
simulated,openai-discount@t1/009-t2-middle,openai-discount,D4,all,True,2082
simulated,openai-discount@t1/009-t2-middle,openai-discount,Z4,250,False,0
simulated,openai-discount@t1/009-t2-middle,openai-discount,Z4,500,False,301
simulated,openai-discount@t1/009-t2-middle,openai-discount,Z4,1000,False,661
simulated,openai-discount@t1/009-t2-middle,openai-discount,Z4,1500,False,1486
simulated,openai-discount@t1/009-t2-middle,openai-discount,Z4,3000,True,2145
simulated,openai-discount@t1/009-t2-middle,openai-discount,Z4,6000,True,2145
simulated,openai-discount@t1/009-t2-middle,openai-discount,Z4,all,True,2145
simulated,openai-discount@t1/009-t2-middle,openai-discount,L4,250,False,189
simulated,openai-discount@t1/009-t2-middle,openai-discount,L4,500,False,334
simulated,openai-discount@t1/009-t2-middle,openai-discount,L4,1000,False,941
simulated,openai-discount@t1/009-t2-middle,openai-discount,L4,1500,False,1464
simulated,openai-discount@t1/009-t2-middle,openai-discount,L4,3000,True,2217
simulated,openai-discount@t1/009-t2-middle,openai-discount,L4,6000,True,2217
simulated,openai-discount@t1/009-t2-middle,openai-discount,L4,all,True,2217
simulated,openai-discount@t1/009-t2-middle,openai-discount,L2,250,False,145
simulated,openai-discount@t1/009-t2-middle,openai-discount,L2,500,False,460
simulated,openai-discount@t1/009-t2-middle,openai-discount,L2,1000,False,969
simulated,openai-discount@t1/009-t2-middle,openai-discount,L2,1500,False,1459
simulated,openai-discount@t1/009-t2-middle,openai-discount,L2,3000,True,2217
simulated,openai-discount@t1/009-t2-middle,openai-discount,L2,6000,True,2217
simulated,openai-discount@t1/009-t2-middle,openai-discount,L2,all,True,2217
simulated,openai-discount@t1/009-t2-middle,openai-discount,E1,250,False,232
simulated,openai-discount@t1/009-t2-middle,openai-discount,E1,500,False,500
simulated,openai-discount@t1/009-t2-middle,openai-discount,E1,1000,False,999
simulated,openai-discount@t1/009-t2-middle,openai-discount,E1,1500,True,1471
simulated,openai-discount@t1/009-t2-middle,openai-discount,E1,3000,True,2190
simulated,openai-discount@t1/009-t2-middle,openai-discount,E1,6000,True,2190
simulated,openai-discount@t1/009-t2-middle,openai-discount,E1,all,True,2190
simulated,openai-discount@t1/009-t2-middle,openai-discount,E4,250,False,215
simulated,openai-discount@t1/009-t2-middle,openai-discount,E4,500,False,484
simulated,openai-discount@t1/009-t2-middle,openai-discount,E4,1000,False,969
simulated,openai-discount@t1/009-t2-middle,openai-discount,E4,1500,False,1488
simulated,openai-discount@t1/009-t2-middle,openai-discount,E4,3000,True,2190
simulated,openai-discount@t1/009-t2-middle,openai-discount,E4,6000,True,2190
simulated,openai-discount@t1/009-t2-middle,openai-discount,E4,all,True,2190
simulated,openai-discount@t1/009-t3-start,openai-discount,D1,250,False,82
simulated,openai-discount@t1/009-t3-start,openai-discount,D1,500,False,405
simulated,openai-discount@t1/009-t3-start,openai-discount,D1,1000,False,868
simulated,openai-discount@t1/009-t3-start,openai-discount,D1,1500,False,1496
simulated,openai-discount@t1/009-t3-start,openai-discount,D1,3000,True,2912
simulated,openai-discount@t1/009-t3-start,openai-discount,D1,6000,True,3302
simulated,openai-discount@t1/009-t3-start,openai-discount,D1,all,True,3302
simulated,openai-discount@t1/009-t3-start,openai-discount,D2,250,False,210
simulated,openai-discount@t1/009-t3-start,openai-discount,D2,500,False,384
simulated,openai-discount@t1/009-t3-start,openai-discount,D2,1000,True,870
simulated,openai-discount@t1/009-t3-start,openai-discount,D2,1500,True,1403
simulated,openai-discount@t1/009-t3-start,openai-discount,D2,3000,True,2915
simulated,openai-discount@t1/009-t3-start,openai-discount,D2,6000,True,3302
simulated,openai-discount@t1/009-t3-start,openai-discount,D2,all,True,3302
simulated,openai-discount@t1/009-t3-start,openai-discount,B2,250,True,238
simulated,openai-discount@t1/009-t3-start,openai-discount,B2,500,True,483
simulated,openai-discount@t1/009-t3-start,openai-discount,B2,1000,True,988
simulated,openai-discount@t1/009-t3-start,openai-discount,B2,1500,True,1491
simulated,openai-discount@t1/009-t3-start,openai-discount,B2,3000,True,2764
simulated,openai-discount@t1/009-t3-start,openai-discount,B2,6000,True,5782
simulated,openai-discount@t1/009-t3-start,openai-discount,B2,all,True,6242
simulated,openai-discount@t1/009-t3-start,openai-discount,D4,250,False,124
simulated,openai-discount@t1/009-t3-start,openai-discount,D4,500,False,252
simulated,openai-discount@t1/009-t3-start,openai-discount,D4,1000,False,785
simulated,openai-discount@t1/009-t3-start,openai-discount,D4,1500,True,1494
simulated,openai-discount@t1/009-t3-start,openai-discount,D4,3000,True,2996
simulated,openai-discount@t1/009-t3-start,openai-discount,D4,6000,True,3302
simulated,openai-discount@t1/009-t3-start,openai-discount,D4,all,True,3302
simulated,openai-discount@t1/009-t3-start,openai-discount,Z4,250,False,0
simulated,openai-discount@t1/009-t3-start,openai-discount,Z4,500,False,360
simulated,openai-discount@t1/009-t3-start,openai-discount,Z4,1000,True,673
simulated,openai-discount@t1/009-t3-start,openai-discount,Z4,1500,True,1179
simulated,openai-discount@t1/009-t3-start,openai-discount,Z4,3000,True,2777
simulated,openai-discount@t1/009-t3-start,openai-discount,Z4,6000,True,3352
simulated,openai-discount@t1/009-t3-start,openai-discount,Z4,all,True,3352
simulated,openai-discount@t1/009-t3-start,openai-discount,L4,250,False,139
simulated,openai-discount@t1/009-t3-start,openai-discount,L4,500,False,278
simulated,openai-discount@t1/009-t3-start,openai-discount,L4,1000,False,826
simulated,openai-discount@t1/009-t3-start,openai-discount,L4,1500,True,1480
simulated,openai-discount@t1/009-t3-start,openai-discount,L4,3000,True,2899
simulated,openai-discount@t1/009-t3-start,openai-discount,L4,6000,True,3482
simulated,openai-discount@t1/009-t3-start,openai-discount,L4,all,True,3482
simulated,openai-discount@t1/009-t3-start,openai-discount,L2,250,False,232
simulated,openai-discount@t1/009-t3-start,openai-discount,L2,500,False,435
simulated,openai-discount@t1/009-t3-start,openai-discount,L2,1000,True,927
simulated,openai-discount@t1/009-t3-start,openai-discount,L2,1500,True,1475
simulated,openai-discount@t1/009-t3-start,openai-discount,L2,3000,True,2976
simulated,openai-discount@t1/009-t3-start,openai-discount,L2,6000,True,3482
simulated,openai-discount@t1/009-t3-start,openai-discount,L2,all,True,3482
simulated,openai-discount@t1/009-t3-start,openai-discount,E1,250,False,234
simulated,openai-discount@t1/009-t3-start,openai-discount,E1,500,True,487
simulated,openai-discount@t1/009-t3-start,openai-discount,E1,1000,True,976
simulated,openai-discount@t1/009-t3-start,openai-discount,E1,1500,True,1498
simulated,openai-discount@t1/009-t3-start,openai-discount,E1,3000,True,3000
simulated,openai-discount@t1/009-t3-start,openai-discount,E1,6000,True,3219
simulated,openai-discount@t1/009-t3-start,openai-discount,E1,all,True,3219
simulated,openai-discount@t1/009-t3-start,openai-discount,E4,250,False,242
simulated,openai-discount@t1/009-t3-start,openai-discount,E4,500,False,488
simulated,openai-discount@t1/009-t3-start,openai-discount,E4,1000,True,987
simulated,openai-discount@t1/009-t3-start,openai-discount,E4,1500,True,1495
simulated,openai-discount@t1/009-t3-start,openai-discount,E4,3000,True,2998
simulated,openai-discount@t1/009-t3-start,openai-discount,E4,6000,True,3219
simulated,openai-discount@t1/009-t3-start,openai-discount,E4,all,True,3219
simulated,openai-exec_contact@t1/013-t2-start,openai-exec_contact,D1,250,False,230
simulated,openai-exec_contact@t1/013-t2-start,openai-exec_contact,D1,500,False,460
simulated,openai-exec_contact@t1/013-t2-start,openai-exec_contact,D1,1000,True,962
simulated,openai-exec_contact@t1/013-t2-start,openai-exec_contact,D1,1500,True,1455
simulated,openai-exec_contact@t1/013-t2-start,openai-exec_contact,D1,3000,True,1694
simulated,openai-exec_contact@t1/013-t2-start,openai-exec_contact,D1,6000,True,1694
simulated,openai-exec_contact@t1/013-t2-start,openai-exec_contact,D1,all,True,1694
simulated,openai-exec_contact@t1/013-t2-start,openai-exec_contact,D2,250,False,248
simulated,openai-exec_contact@t1/013-t2-start,openai-exec_contact,D2,500,True,426
simulated,openai-exec_contact@t1/013-t2-start,openai-exec_contact,D2,1000,True,818
simulated,openai-exec_contact@t1/013-t2-start,openai-exec_contact,D2,1500,True,1477
simulated,openai-exec_contact@t1/013-t2-start,openai-exec_contact,D2,3000,True,1694
simulated,openai-exec_contact@t1/013-t2-start,openai-exec_contact,D2,6000,True,1694
simulated,openai-exec_contact@t1/013-t2-start,openai-exec_contact,D2,all,True,1694
simulated,openai-exec_contact@t1/013-t2-start,openai-exec_contact,B2,250,False,0
simulated,openai-exec_contact@t1/013-t2-start,openai-exec_contact,B2,500,False,275
simulated,openai-exec_contact@t1/013-t2-start,openai-exec_contact,B2,1000,False,775
simulated,openai-exec_contact@t1/013-t2-start,openai-exec_contact,B2,1500,True,1292
simulated,openai-exec_contact@t1/013-t2-start,openai-exec_contact,B2,3000,True,2963
simulated,openai-exec_contact@t1/013-t2-start,openai-exec_contact,B2,6000,True,3257
simulated,openai-exec_contact@t1/013-t2-start,openai-exec_contact,B2,all,True,3257
simulated,openai-exec_contact@t1/013-t2-start,openai-exec_contact,D4,250,False,136
simulated,openai-exec_contact@t1/013-t2-start,openai-exec_contact,D4,500,False,460
simulated,openai-exec_contact@t1/013-t2-start,openai-exec_contact,D4,1000,True,916
simulated,openai-exec_contact@t1/013-t2-start,openai-exec_contact,D4,1500,True,1477
simulated,openai-exec_contact@t1/013-t2-start,openai-exec_contact,D4,3000,True,1694
simulated,openai-exec_contact@t1/013-t2-start,openai-exec_contact,D4,6000,True,1694
simulated,openai-exec_contact@t1/013-t2-start,openai-exec_contact,D4,all,True,1694
simulated,openai-exec_contact@t1/013-t2-start,openai-exec_contact,Z4,250,False,0
simulated,openai-exec_contact@t1/013-t2-start,openai-exec_contact,Z4,500,False,360
simulated,openai-exec_contact@t1/013-t2-start,openai-exec_contact,Z4,1000,False,835
simulated,openai-exec_contact@t1/013-t2-start,openai-exec_contact,Z4,1500,True,1348
simulated,openai-exec_contact@t1/013-t2-start,openai-exec_contact,Z4,3000,True,1698
simulated,openai-exec_contact@t1/013-t2-start,openai-exec_contact,Z4,6000,True,1698
simulated,openai-exec_contact@t1/013-t2-start,openai-exec_contact,Z4,all,True,1698
simulated,openai-exec_contact@t1/013-t2-start,openai-exec_contact,L4,250,False,145
simulated,openai-exec_contact@t1/013-t2-start,openai-exec_contact,L4,500,False,484
simulated,openai-exec_contact@t1/013-t2-start,openai-exec_contact,L4,1000,True,979
simulated,openai-exec_contact@t1/013-t2-start,openai-exec_contact,L4,1500,True,1477
simulated,openai-exec_contact@t1/013-t2-start,openai-exec_contact,L4,3000,True,1803
simulated,openai-exec_contact@t1/013-t2-start,openai-exec_contact,L4,6000,True,1803
simulated,openai-exec_contact@t1/013-t2-start,openai-exec_contact,L4,all,True,1803
simulated,openai-exec_contact@t1/013-t2-start,openai-exec_contact,L2,250,True,192
simulated,openai-exec_contact@t1/013-t2-start,openai-exec_contact,L2,500,True,380
simulated,openai-exec_contact@t1/013-t2-start,openai-exec_contact,L2,1000,True,874
simulated,openai-exec_contact@t1/013-t2-start,openai-exec_contact,L2,1500,True,1250
simulated,openai-exec_contact@t1/013-t2-start,openai-exec_contact,L2,3000,True,1803
simulated,openai-exec_contact@t1/013-t2-start,openai-exec_contact,L2,6000,True,1803
simulated,openai-exec_contact@t1/013-t2-start,openai-exec_contact,L2,all,True,1803
simulated,openai-exec_contact@t1/013-t2-start,openai-exec_contact,E1,250,False,216
simulated,openai-exec_contact@t1/013-t2-start,openai-exec_contact,E1,500,True,485
simulated,openai-exec_contact@t1/013-t2-start,openai-exec_contact,E1,1000,True,975
simulated,openai-exec_contact@t1/013-t2-start,openai-exec_contact,E1,1500,True,1491
simulated,openai-exec_contact@t1/013-t2-start,openai-exec_contact,E1,3000,True,1603
simulated,openai-exec_contact@t1/013-t2-start,openai-exec_contact,E1,6000,True,1603
simulated,openai-exec_contact@t1/013-t2-start,openai-exec_contact,E1,all,True,1603
simulated,openai-exec_contact@t1/013-t2-start,openai-exec_contact,E4,250,False,243
simulated,openai-exec_contact@t1/013-t2-start,openai-exec_contact,E4,500,True,493
simulated,openai-exec_contact@t1/013-t2-start,openai-exec_contact,E4,1000,True,1000
simulated,openai-exec_contact@t1/013-t2-start,openai-exec_contact,E4,1500,True,1495
simulated,openai-exec_contact@t1/013-t2-start,openai-exec_contact,E4,3000,True,1603
simulated,openai-exec_contact@t1/013-t2-start,openai-exec_contact,E4,6000,True,1603
simulated,openai-exec_contact@t1/013-t2-start,openai-exec_contact,E4,all,True,1603
simulated,openai-exec_contact@t1/013-t2-middle,openai-exec_contact,D1,250,False,137
simulated,openai-exec_contact@t1/013-t2-middle,openai-exec_contact,D1,500,False,381
simulated,openai-exec_contact@t1/013-t2-middle,openai-exec_contact,D1,1000,True,987
simulated,openai-exec_contact@t1/013-t2-middle,openai-exec_contact,D1,1500,True,1477
simulated,openai-exec_contact@t1/013-t2-middle,openai-exec_contact,D1,3000,True,2082
simulated,openai-exec_contact@t1/013-t2-middle,openai-exec_contact,D1,6000,True,2082
simulated,openai-exec_contact@t1/013-t2-middle,openai-exec_contact,D1,all,True,2082
simulated,openai-exec_contact@t1/013-t2-middle,openai-exec_contact,D2,250,False,137
simulated,openai-exec_contact@t1/013-t2-middle,openai-exec_contact,D2,500,False,451
simulated,openai-exec_contact@t1/013-t2-middle,openai-exec_contact,D2,1000,False,833
simulated,openai-exec_contact@t1/013-t2-middle,openai-exec_contact,D2,1500,False,1389
simulated,openai-exec_contact@t1/013-t2-middle,openai-exec_contact,D2,3000,True,2082
simulated,openai-exec_contact@t1/013-t2-middle,openai-exec_contact,D2,6000,True,2082
simulated,openai-exec_contact@t1/013-t2-middle,openai-exec_contact,D2,all,True,2082
simulated,openai-exec_contact@t1/013-t2-middle,openai-exec_contact,B2,250,False,0
simulated,openai-exec_contact@t1/013-t2-middle,openai-exec_contact,B2,500,False,488
simulated,openai-exec_contact@t1/013-t2-middle,openai-exec_contact,B2,1000,False,748
simulated,openai-exec_contact@t1/013-t2-middle,openai-exec_contact,B2,1500,True,1494
simulated,openai-exec_contact@t1/013-t2-middle,openai-exec_contact,B2,3000,True,2946
simulated,openai-exec_contact@t1/013-t2-middle,openai-exec_contact,B2,6000,True,4229
simulated,openai-exec_contact@t1/013-t2-middle,openai-exec_contact,B2,all,True,4229
simulated,openai-exec_contact@t1/013-t2-middle,openai-exec_contact,D4,250,False,178
simulated,openai-exec_contact@t1/013-t2-middle,openai-exec_contact,D4,500,False,451
simulated,openai-exec_contact@t1/013-t2-middle,openai-exec_contact,D4,1000,False,988
simulated,openai-exec_contact@t1/013-t2-middle,openai-exec_contact,D4,1500,False,1424
simulated,openai-exec_contact@t1/013-t2-middle,openai-exec_contact,D4,3000,True,2082
simulated,openai-exec_contact@t1/013-t2-middle,openai-exec_contact,D4,6000,True,2082
simulated,openai-exec_contact@t1/013-t2-middle,openai-exec_contact,D4,all,True,2082
simulated,openai-exec_contact@t1/013-t2-middle,openai-exec_contact,Z4,250,False,0
simulated,openai-exec_contact@t1/013-t2-middle,openai-exec_contact,Z4,500,False,301
simulated,openai-exec_contact@t1/013-t2-middle,openai-exec_contact,Z4,1000,False,661
simulated,openai-exec_contact@t1/013-t2-middle,openai-exec_contact,Z4,1500,False,1296
simulated,openai-exec_contact@t1/013-t2-middle,openai-exec_contact,Z4,3000,True,2145
simulated,openai-exec_contact@t1/013-t2-middle,openai-exec_contact,Z4,6000,True,2145
simulated,openai-exec_contact@t1/013-t2-middle,openai-exec_contact,Z4,all,True,2145
simulated,openai-exec_contact@t1/013-t2-middle,openai-exec_contact,L4,250,False,187
simulated,openai-exec_contact@t1/013-t2-middle,openai-exec_contact,L4,500,False,478
simulated,openai-exec_contact@t1/013-t2-middle,openai-exec_contact,L4,1000,False,941
simulated,openai-exec_contact@t1/013-t2-middle,openai-exec_contact,L4,1500,False,1464
simulated,openai-exec_contact@t1/013-t2-middle,openai-exec_contact,L4,3000,True,2217
simulated,openai-exec_contact@t1/013-t2-middle,openai-exec_contact,L4,6000,True,2217
simulated,openai-exec_contact@t1/013-t2-middle,openai-exec_contact,L4,all,True,2217
simulated,openai-exec_contact@t1/013-t2-middle,openai-exec_contact,L2,250,False,146
simulated,openai-exec_contact@t1/013-t2-middle,openai-exec_contact,L2,500,False,478
simulated,openai-exec_contact@t1/013-t2-middle,openai-exec_contact,L2,1000,False,876
simulated,openai-exec_contact@t1/013-t2-middle,openai-exec_contact,L2,1500,False,1500
simulated,openai-exec_contact@t1/013-t2-middle,openai-exec_contact,L2,3000,True,2217
simulated,openai-exec_contact@t1/013-t2-middle,openai-exec_contact,L2,6000,True,2217
simulated,openai-exec_contact@t1/013-t2-middle,openai-exec_contact,L2,all,True,2217
simulated,openai-exec_contact@t1/013-t2-middle,openai-exec_contact,E1,250,False,225
simulated,openai-exec_contact@t1/013-t2-middle,openai-exec_contact,E1,500,True,486
simulated,openai-exec_contact@t1/013-t2-middle,openai-exec_contact,E1,1000,True,975
simulated,openai-exec_contact@t1/013-t2-middle,openai-exec_contact,E1,1500,True,1500
simulated,openai-exec_contact@t1/013-t2-middle,openai-exec_contact,E1,3000,True,2190
simulated,openai-exec_contact@t1/013-t2-middle,openai-exec_contact,E1,6000,True,2190
simulated,openai-exec_contact@t1/013-t2-middle,openai-exec_contact,E1,all,True,2190
simulated,openai-exec_contact@t1/013-t2-middle,openai-exec_contact,E4,250,False,228
simulated,openai-exec_contact@t1/013-t2-middle,openai-exec_contact,E4,500,False,498
simulated,openai-exec_contact@t1/013-t2-middle,openai-exec_contact,E4,1000,False,980
simulated,openai-exec_contact@t1/013-t2-middle,openai-exec_contact,E4,1500,True,1478
simulated,openai-exec_contact@t1/013-t2-middle,openai-exec_contact,E4,3000,True,2190
simulated,openai-exec_contact@t1/013-t2-middle,openai-exec_contact,E4,6000,True,2190
simulated,openai-exec_contact@t1/013-t2-middle,openai-exec_contact,E4,all,True,2190
simulated,openai-exec_contact@t1/013-t3-start,openai-exec_contact,D1,250,False,176
simulated,openai-exec_contact@t1/013-t3-start,openai-exec_contact,D1,500,True,455
simulated,openai-exec_contact@t1/013-t3-start,openai-exec_contact,D1,1000,True,839
simulated,openai-exec_contact@t1/013-t3-start,openai-exec_contact,D1,1500,True,1430
simulated,openai-exec_contact@t1/013-t3-start,openai-exec_contact,D1,3000,True,2987
simulated,openai-exec_contact@t1/013-t3-start,openai-exec_contact,D1,6000,True,3302
simulated,openai-exec_contact@t1/013-t3-start,openai-exec_contact,D1,all,True,3302
simulated,openai-exec_contact@t1/013-t3-start,openai-exec_contact,D2,250,False,94
simulated,openai-exec_contact@t1/013-t3-start,openai-exec_contact,D2,500,False,463
simulated,openai-exec_contact@t1/013-t3-start,openai-exec_contact,D2,1000,True,851
simulated,openai-exec_contact@t1/013-t3-start,openai-exec_contact,D2,1500,True,1317
simulated,openai-exec_contact@t1/013-t3-start,openai-exec_contact,D2,3000,True,2910
simulated,openai-exec_contact@t1/013-t3-start,openai-exec_contact,D2,6000,True,3302
simulated,openai-exec_contact@t1/013-t3-start,openai-exec_contact,D2,all,True,3302
simulated,openai-exec_contact@t1/013-t3-start,openai-exec_contact,B2,250,False,0
simulated,openai-exec_contact@t1/013-t3-start,openai-exec_contact,B2,500,True,257
simulated,openai-exec_contact@t1/013-t3-start,openai-exec_contact,B2,1000,True,757
simulated,openai-exec_contact@t1/013-t3-start,openai-exec_contact,B2,1500,True,1461
simulated,openai-exec_contact@t1/013-t3-start,openai-exec_contact,B2,3000,True,2965
simulated,openai-exec_contact@t1/013-t3-start,openai-exec_contact,B2,6000,True,5812
simulated,openai-exec_contact@t1/013-t3-start,openai-exec_contact,B2,all,True,6242
simulated,openai-exec_contact@t1/013-t3-start,openai-exec_contact,D4,250,True,208
simulated,openai-exec_contact@t1/013-t3-start,openai-exec_contact,D4,500,True,294
simulated,openai-exec_contact@t1/013-t3-start,openai-exec_contact,D4,1000,True,967
simulated,openai-exec_contact@t1/013-t3-start,openai-exec_contact,D4,1500,True,1384
simulated,openai-exec_contact@t1/013-t3-start,openai-exec_contact,D4,3000,True,2996
simulated,openai-exec_contact@t1/013-t3-start,openai-exec_contact,D4,6000,True,3302
simulated,openai-exec_contact@t1/013-t3-start,openai-exec_contact,D4,all,True,3302
simulated,openai-exec_contact@t1/013-t3-start,openai-exec_contact,Z4,250,False,0
simulated,openai-exec_contact@t1/013-t3-start,openai-exec_contact,Z4,500,False,360
simulated,openai-exec_contact@t1/013-t3-start,openai-exec_contact,Z4,1000,True,889
simulated,openai-exec_contact@t1/013-t3-start,openai-exec_contact,Z4,1500,True,1219
simulated,openai-exec_contact@t1/013-t3-start,openai-exec_contact,Z4,3000,True,2777
simulated,openai-exec_contact@t1/013-t3-start,openai-exec_contact,Z4,6000,True,3352
simulated,openai-exec_contact@t1/013-t3-start,openai-exec_contact,Z4,all,True,3352
simulated,openai-exec_contact@t1/013-t3-start,openai-exec_contact,L4,250,True,231
simulated,openai-exec_contact@t1/013-t3-start,openai-exec_contact,L4,500,True,326
simulated,openai-exec_contact@t1/013-t3-start,openai-exec_contact,L4,1000,True,718
simulated,openai-exec_contact@t1/013-t3-start,openai-exec_contact,L4,1500,True,1457
simulated,openai-exec_contact@t1/013-t3-start,openai-exec_contact,L4,3000,True,2856
simulated,openai-exec_contact@t1/013-t3-start,openai-exec_contact,L4,6000,True,3482
simulated,openai-exec_contact@t1/013-t3-start,openai-exec_contact,L4,all,True,3482
simulated,openai-exec_contact@t1/013-t3-start,openai-exec_contact,L2,250,False,100
simulated,openai-exec_contact@t1/013-t3-start,openai-exec_contact,L2,500,False,483
simulated,openai-exec_contact@t1/013-t3-start,openai-exec_contact,L2,1000,False,816
simulated,openai-exec_contact@t1/013-t3-start,openai-exec_contact,L2,1500,True,1402
simulated,openai-exec_contact@t1/013-t3-start,openai-exec_contact,L2,3000,True,2970
simulated,openai-exec_contact@t1/013-t3-start,openai-exec_contact,L2,6000,True,3482
simulated,openai-exec_contact@t1/013-t3-start,openai-exec_contact,L2,all,True,3482
simulated,openai-exec_contact@t1/013-t3-start,openai-exec_contact,E1,250,True,233
simulated,openai-exec_contact@t1/013-t3-start,openai-exec_contact,E1,500,True,470
simulated,openai-exec_contact@t1/013-t3-start,openai-exec_contact,E1,1000,True,985
simulated,openai-exec_contact@t1/013-t3-start,openai-exec_contact,E1,1500,True,1486
simulated,openai-exec_contact@t1/013-t3-start,openai-exec_contact,E1,3000,True,2965
simulated,openai-exec_contact@t1/013-t3-start,openai-exec_contact,E1,6000,True,3219
simulated,openai-exec_contact@t1/013-t3-start,openai-exec_contact,E1,all,True,3219
simulated,openai-exec_contact@t1/013-t3-start,openai-exec_contact,E4,250,True,238
simulated,openai-exec_contact@t1/013-t3-start,openai-exec_contact,E4,500,True,487
simulated,openai-exec_contact@t1/013-t3-start,openai-exec_contact,E4,1000,True,997
simulated,openai-exec_contact@t1/013-t3-start,openai-exec_contact,E4,1500,True,1493
simulated,openai-exec_contact@t1/013-t3-start,openai-exec_contact,E4,3000,True,2991
simulated,openai-exec_contact@t1/013-t3-start,openai-exec_contact,E4,6000,True,3219
simulated,openai-exec_contact@t1/013-t3-start,openai-exec_contact,E4,all,True,3219
simulated,openai-exec_contact@t1/013-t3-middle,openai-exec_contact,D1,250,False,0
simulated,openai-exec_contact@t1/013-t3-middle,openai-exec_contact,D1,500,False,377
simulated,openai-exec_contact@t1/013-t3-middle,openai-exec_contact,D1,1000,False,978
simulated,openai-exec_contact@t1/013-t3-middle,openai-exec_contact,D1,1500,False,1324
simulated,openai-exec_contact@t1/013-t3-middle,openai-exec_contact,D1,3000,True,2914
simulated,openai-exec_contact@t1/013-t3-middle,openai-exec_contact,D1,6000,True,4219
simulated,openai-exec_contact@t1/013-t3-middle,openai-exec_contact,D1,all,True,4219
simulated,openai-exec_contact@t1/013-t3-middle,openai-exec_contact,D2,250,False,0
simulated,openai-exec_contact@t1/013-t3-middle,openai-exec_contact,D2,500,False,443
simulated,openai-exec_contact@t1/013-t3-middle,openai-exec_contact,D2,1000,False,969
simulated,openai-exec_contact@t1/013-t3-middle,openai-exec_contact,D2,1500,False,1340
simulated,openai-exec_contact@t1/013-t3-middle,openai-exec_contact,D2,3000,True,2951
simulated,openai-exec_contact@t1/013-t3-middle,openai-exec_contact,D2,6000,True,4219
simulated,openai-exec_contact@t1/013-t3-middle,openai-exec_contact,D2,all,True,4219
simulated,openai-exec_contact@t1/013-t3-middle,openai-exec_contact,B2,250,False,0
simulated,openai-exec_contact@t1/013-t3-middle,openai-exec_contact,B2,500,False,277
simulated,openai-exec_contact@t1/013-t3-middle,openai-exec_contact,B2,1000,False,780
simulated,openai-exec_contact@t1/013-t3-middle,openai-exec_contact,B2,1500,True,1312
simulated,openai-exec_contact@t1/013-t3-middle,openai-exec_contact,B2,3000,True,2840
simulated,openai-exec_contact@t1/013-t3-middle,openai-exec_contact,B2,6000,True,5953
simulated,openai-exec_contact@t1/013-t3-middle,openai-exec_contact,B2,all,True,8088
simulated,openai-exec_contact@t1/013-t3-middle,openai-exec_contact,D4,250,False,0
simulated,openai-exec_contact@t1/013-t3-middle,openai-exec_contact,D4,500,False,377
simulated,openai-exec_contact@t1/013-t3-middle,openai-exec_contact,D4,1000,False,956
simulated,openai-exec_contact@t1/013-t3-middle,openai-exec_contact,D4,1500,False,1218
simulated,openai-exec_contact@t1/013-t3-middle,openai-exec_contact,D4,3000,False,2947
simulated,openai-exec_contact@t1/013-t3-middle,openai-exec_contact,D4,6000,True,4219
simulated,openai-exec_contact@t1/013-t3-middle,openai-exec_contact,D4,all,True,4219
simulated,openai-exec_contact@t1/013-t3-middle,openai-exec_contact,Z4,250,False,0
simulated,openai-exec_contact@t1/013-t3-middle,openai-exec_contact,Z4,500,False,0
simulated,openai-exec_contact@t1/013-t3-middle,openai-exec_contact,Z4,1000,False,902
simulated,openai-exec_contact@t1/013-t3-middle,openai-exec_contact,Z4,1500,False,1349
simulated,openai-exec_contact@t1/013-t3-middle,openai-exec_contact,Z4,3000,False,2932
simulated,openai-exec_contact@t1/013-t3-middle,openai-exec_contact,Z4,6000,True,4369
simulated,openai-exec_contact@t1/013-t3-middle,openai-exec_contact,Z4,all,True,4369
simulated,openai-exec_contact@t1/013-t3-middle,openai-exec_contact,L4,250,False,0
simulated,openai-exec_contact@t1/013-t3-middle,openai-exec_contact,L4,500,False,389
simulated,openai-exec_contact@t1/013-t3-middle,openai-exec_contact,L4,1000,False,995
simulated,openai-exec_contact@t1/013-t3-middle,openai-exec_contact,L4,1500,False,1446
simulated,openai-exec_contact@t1/013-t3-middle,openai-exec_contact,L4,3000,False,2881
simulated,openai-exec_contact@t1/013-t3-middle,openai-exec_contact,L4,6000,True,4443
simulated,openai-exec_contact@t1/013-t3-middle,openai-exec_contact,L4,all,True,4443
simulated,openai-exec_contact@t1/013-t3-middle,openai-exec_contact,L2,250,False,0
simulated,openai-exec_contact@t1/013-t3-middle,openai-exec_contact,L2,500,False,462
simulated,openai-exec_contact@t1/013-t3-middle,openai-exec_contact,L2,1000,False,933
simulated,openai-exec_contact@t1/013-t3-middle,openai-exec_contact,L2,1500,False,1340
simulated,openai-exec_contact@t1/013-t3-middle,openai-exec_contact,L2,3000,False,3000
simulated,openai-exec_contact@t1/013-t3-middle,openai-exec_contact,L2,6000,True,4443
simulated,openai-exec_contact@t1/013-t3-middle,openai-exec_contact,L2,all,True,4443
simulated,openai-exec_contact@t1/013-t3-middle,openai-exec_contact,E1,250,False,248
simulated,openai-exec_contact@t1/013-t3-middle,openai-exec_contact,E1,500,False,479
simulated,openai-exec_contact@t1/013-t3-middle,openai-exec_contact,E1,1000,True,998
simulated,openai-exec_contact@t1/013-t3-middle,openai-exec_contact,E1,1500,True,1498
simulated,openai-exec_contact@t1/013-t3-middle,openai-exec_contact,E1,3000,True,2987
simulated,openai-exec_contact@t1/013-t3-middle,openai-exec_contact,E1,6000,True,4230
simulated,openai-exec_contact@t1/013-t3-middle,openai-exec_contact,E1,all,True,4230
simulated,openai-exec_contact@t1/013-t3-middle,openai-exec_contact,E4,250,False,233
simulated,openai-exec_contact@t1/013-t3-middle,openai-exec_contact,E4,500,False,476
simulated,openai-exec_contact@t1/013-t3-middle,openai-exec_contact,E4,1000,True,981
simulated,openai-exec_contact@t1/013-t3-middle,openai-exec_contact,E4,1500,True,1482
simulated,openai-exec_contact@t1/013-t3-middle,openai-exec_contact,E4,3000,True,2975
simulated,openai-exec_contact@t1/013-t3-middle,openai-exec_contact,E4,6000,True,4230
simulated,openai-exec_contact@t1/013-t3-middle,openai-exec_contact,E4,all,True,4230
simulated,openai-exec_contact@t1/013-t4-start,openai-exec_contact,D1,250,False,0
simulated,openai-exec_contact@t1/013-t4-start,openai-exec_contact,D1,500,False,386
simulated,openai-exec_contact@t1/013-t4-start,openai-exec_contact,D1,1000,False,973
simulated,openai-exec_contact@t1/013-t4-start,openai-exec_contact,D1,1500,True,1500
simulated,openai-exec_contact@t1/013-t4-start,openai-exec_contact,D1,3000,True,2738
simulated,openai-exec_contact@t1/013-t4-start,openai-exec_contact,D1,6000,True,5192
simulated,openai-exec_contact@t1/013-t4-start,openai-exec_contact,D1,all,True,5192
simulated,openai-exec_contact@t1/013-t4-start,openai-exec_contact,D2,250,False,162
simulated,openai-exec_contact@t1/013-t4-start,openai-exec_contact,D2,500,False,395
simulated,openai-exec_contact@t1/013-t4-start,openai-exec_contact,D2,1000,False,625
simulated,openai-exec_contact@t1/013-t4-start,openai-exec_contact,D2,1500,False,1438
simulated,openai-exec_contact@t1/013-t4-start,openai-exec_contact,D2,3000,True,2928
simulated,openai-exec_contact@t1/013-t4-start,openai-exec_contact,D2,6000,True,5192
simulated,openai-exec_contact@t1/013-t4-start,openai-exec_contact,D2,all,True,5192
simulated,openai-exec_contact@t1/013-t4-start,openai-exec_contact,B2,250,False,0
simulated,openai-exec_contact@t1/013-t4-start,openai-exec_contact,B2,500,False,262
simulated,openai-exec_contact@t1/013-t4-start,openai-exec_contact,B2,1000,False,788
simulated,openai-exec_contact@t1/013-t4-start,openai-exec_contact,B2,1500,True,1301
simulated,openai-exec_contact@t1/013-t4-start,openai-exec_contact,B2,3000,True,2793
simulated,openai-exec_contact@t1/013-t4-start,openai-exec_contact,B2,6000,True,5887
simulated,openai-exec_contact@t1/013-t4-start,openai-exec_contact,B2,all,True,9666
simulated,openai-exec_contact@t1/013-t4-start,openai-exec_contact,D4,250,False,0
simulated,openai-exec_contact@t1/013-t4-start,openai-exec_contact,D4,500,False,386
simulated,openai-exec_contact@t1/013-t4-start,openai-exec_contact,D4,1000,False,698
simulated,openai-exec_contact@t1/013-t4-start,openai-exec_contact,D4,1500,False,1429
simulated,openai-exec_contact@t1/013-t4-start,openai-exec_contact,D4,3000,True,2819
simulated,openai-exec_contact@t1/013-t4-start,openai-exec_contact,D4,6000,True,5192
simulated,openai-exec_contact@t1/013-t4-start,openai-exec_contact,D4,all,True,5192
simulated,openai-exec_contact@t1/013-t4-start,openai-exec_contact,Z4,250,False,0
simulated,openai-exec_contact@t1/013-t4-start,openai-exec_contact,Z4,500,False,475
simulated,openai-exec_contact@t1/013-t4-start,openai-exec_contact,Z4,1000,False,475
simulated,openai-exec_contact@t1/013-t4-start,openai-exec_contact,Z4,1500,False,1377
simulated,openai-exec_contact@t1/013-t4-start,openai-exec_contact,Z4,3000,True,2602
simulated,openai-exec_contact@t1/013-t4-start,openai-exec_contact,Z4,6000,True,5115
simulated,openai-exec_contact@t1/013-t4-start,openai-exec_contact,Z4,all,True,5115
simulated,openai-exec_contact@t1/013-t4-start,openai-exec_contact,L4,250,False,239
simulated,openai-exec_contact@t1/013-t4-start,openai-exec_contact,L4,500,False,332
simulated,openai-exec_contact@t1/013-t4-start,openai-exec_contact,L4,1000,False,695
simulated,openai-exec_contact@t1/013-t4-start,openai-exec_contact,L4,1500,False,1479
simulated,openai-exec_contact@t1/013-t4-start,openai-exec_contact,L4,3000,False,2883
simulated,openai-exec_contact@t1/013-t4-start,openai-exec_contact,L4,6000,True,5442
simulated,openai-exec_contact@t1/013-t4-start,openai-exec_contact,L4,all,True,5442
simulated,openai-exec_contact@t1/013-t4-start,openai-exec_contact,L2,250,False,169
simulated,openai-exec_contact@t1/013-t4-start,openai-exec_contact,L2,500,False,410
simulated,openai-exec_contact@t1/013-t4-start,openai-exec_contact,L2,1000,False,898
simulated,openai-exec_contact@t1/013-t4-start,openai-exec_contact,L2,1500,False,1500
simulated,openai-exec_contact@t1/013-t4-start,openai-exec_contact,L2,3000,True,2968
simulated,openai-exec_contact@t1/013-t4-start,openai-exec_contact,L2,6000,True,5442
simulated,openai-exec_contact@t1/013-t4-start,openai-exec_contact,L2,all,True,5442
simulated,openai-exec_contact@t1/013-t4-start,openai-exec_contact,E1,250,False,214
simulated,openai-exec_contact@t1/013-t4-start,openai-exec_contact,E1,500,False,481
simulated,openai-exec_contact@t1/013-t4-start,openai-exec_contact,E1,1000,True,997
simulated,openai-exec_contact@t1/013-t4-start,openai-exec_contact,E1,1500,True,1499
simulated,openai-exec_contact@t1/013-t4-start,openai-exec_contact,E1,3000,True,2975
simulated,openai-exec_contact@t1/013-t4-start,openai-exec_contact,E1,6000,True,5255
simulated,openai-exec_contact@t1/013-t4-start,openai-exec_contact,E1,all,True,5255
simulated,openai-exec_contact@t1/013-t4-start,openai-exec_contact,E4,250,False,219
simulated,openai-exec_contact@t1/013-t4-start,openai-exec_contact,E4,500,False,458
simulated,openai-exec_contact@t1/013-t4-start,openai-exec_contact,E4,1000,True,999
simulated,openai-exec_contact@t1/013-t4-start,openai-exec_contact,E4,1500,True,1484
simulated,openai-exec_contact@t1/013-t4-start,openai-exec_contact,E4,3000,True,2992
simulated,openai-exec_contact@t1/013-t4-start,openai-exec_contact,E4,6000,True,5255
simulated,openai-exec_contact@t1/013-t4-start,openai-exec_contact,E4,all,True,5255
simulated,openai-rate_limit@t2/005-t3-start,openai-rate_limit,D1,250,False,82
simulated,openai-rate_limit@t2/005-t3-start,openai-rate_limit,D1,500,False,451
simulated,openai-rate_limit@t2/005-t3-start,openai-rate_limit,D1,1000,False,917
simulated,openai-rate_limit@t2/005-t3-start,openai-rate_limit,D1,1500,False,1206
simulated,openai-rate_limit@t2/005-t3-start,openai-rate_limit,D1,3000,True,2993
simulated,openai-rate_limit@t2/005-t3-start,openai-rate_limit,D1,6000,True,3302
simulated,openai-rate_limit@t2/005-t3-start,openai-rate_limit,D1,all,True,3302
simulated,openai-rate_limit@t2/005-t3-start,openai-rate_limit,D2,250,False,230
simulated,openai-rate_limit@t2/005-t3-start,openai-rate_limit,D2,500,False,450
simulated,openai-rate_limit@t2/005-t3-start,openai-rate_limit,D2,1000,False,947
simulated,openai-rate_limit@t2/005-t3-start,openai-rate_limit,D2,1500,False,1413
simulated,openai-rate_limit@t2/005-t3-start,openai-rate_limit,D2,3000,True,2988
simulated,openai-rate_limit@t2/005-t3-start,openai-rate_limit,D2,6000,True,3302
simulated,openai-rate_limit@t2/005-t3-start,openai-rate_limit,D2,all,True,3302
simulated,openai-rate_limit@t2/005-t3-start,openai-rate_limit,B2,250,False,0
simulated,openai-rate_limit@t2/005-t3-start,openai-rate_limit,B2,500,False,255
simulated,openai-rate_limit@t2/005-t3-start,openai-rate_limit,B2,1000,True,958
simulated,openai-rate_limit@t2/005-t3-start,openai-rate_limit,B2,1500,True,1233
simulated,openai-rate_limit@t2/005-t3-start,openai-rate_limit,B2,3000,True,2796
simulated,openai-rate_limit@t2/005-t3-start,openai-rate_limit,B2,6000,True,5765
simulated,openai-rate_limit@t2/005-t3-start,openai-rate_limit,B2,all,True,6242
simulated,openai-rate_limit@t2/005-t3-start,openai-rate_limit,D4,250,False,161
simulated,openai-rate_limit@t2/005-t3-start,openai-rate_limit,D4,500,False,297
simulated,openai-rate_limit@t2/005-t3-start,openai-rate_limit,D4,1000,False,900
simulated,openai-rate_limit@t2/005-t3-start,openai-rate_limit,D4,1500,False,1144
simulated,openai-rate_limit@t2/005-t3-start,openai-rate_limit,D4,3000,True,2928
simulated,openai-rate_limit@t2/005-t3-start,openai-rate_limit,D4,6000,True,3302
simulated,openai-rate_limit@t2/005-t3-start,openai-rate_limit,D4,all,True,3302
simulated,openai-rate_limit@t2/005-t3-start,openai-rate_limit,Z4,250,False,0
simulated,openai-rate_limit@t2/005-t3-start,openai-rate_limit,Z4,500,False,360
simulated,openai-rate_limit@t2/005-t3-start,openai-rate_limit,Z4,1000,True,974
simulated,openai-rate_limit@t2/005-t3-start,openai-rate_limit,Z4,1500,True,1324
simulated,openai-rate_limit@t2/005-t3-start,openai-rate_limit,Z4,3000,True,2777
simulated,openai-rate_limit@t2/005-t3-start,openai-rate_limit,Z4,6000,True,3352
simulated,openai-rate_limit@t2/005-t3-start,openai-rate_limit,Z4,all,True,3352
simulated,openai-rate_limit@t2/005-t3-start,openai-rate_limit,L4,250,False,182
simulated,openai-rate_limit@t2/005-t3-start,openai-rate_limit,L4,500,False,327
simulated,openai-rate_limit@t2/005-t3-start,openai-rate_limit,L4,1000,False,851
simulated,openai-rate_limit@t2/005-t3-start,openai-rate_limit,L4,1500,False,1494
simulated,openai-rate_limit@t2/005-t3-start,openai-rate_limit,L4,3000,True,2899
simulated,openai-rate_limit@t2/005-t3-start,openai-rate_limit,L4,6000,True,3482
simulated,openai-rate_limit@t2/005-t3-start,openai-rate_limit,L4,all,True,3482
simulated,openai-rate_limit@t2/005-t3-start,openai-rate_limit,L2,250,False,245
simulated,openai-rate_limit@t2/005-t3-start,openai-rate_limit,L2,500,False,472
simulated,openai-rate_limit@t2/005-t3-start,openai-rate_limit,L2,1000,False,814
simulated,openai-rate_limit@t2/005-t3-start,openai-rate_limit,L2,1500,False,1342
simulated,openai-rate_limit@t2/005-t3-start,openai-rate_limit,L2,3000,True,2946
simulated,openai-rate_limit@t2/005-t3-start,openai-rate_limit,L2,6000,True,3482
simulated,openai-rate_limit@t2/005-t3-start,openai-rate_limit,L2,all,True,3482
simulated,openai-rate_limit@t2/005-t3-start,openai-rate_limit,E1,250,False,226
simulated,openai-rate_limit@t2/005-t3-start,openai-rate_limit,E1,500,True,497
simulated,openai-rate_limit@t2/005-t3-start,openai-rate_limit,E1,1000,True,994
simulated,openai-rate_limit@t2/005-t3-start,openai-rate_limit,E1,1500,True,1463
simulated,openai-rate_limit@t2/005-t3-start,openai-rate_limit,E1,3000,True,2961
simulated,openai-rate_limit@t2/005-t3-start,openai-rate_limit,E1,6000,True,3219
simulated,openai-rate_limit@t2/005-t3-start,openai-rate_limit,E1,all,True,3219
simulated,openai-rate_limit@t2/005-t3-start,openai-rate_limit,E4,250,False,208
simulated,openai-rate_limit@t2/005-t3-start,openai-rate_limit,E4,500,False,478
simulated,openai-rate_limit@t2/005-t3-start,openai-rate_limit,E4,1000,True,964
simulated,openai-rate_limit@t2/005-t3-start,openai-rate_limit,E4,1500,True,1487
simulated,openai-rate_limit@t2/005-t3-start,openai-rate_limit,E4,3000,True,2983
simulated,openai-rate_limit@t2/005-t3-start,openai-rate_limit,E4,6000,True,3219
simulated,openai-rate_limit@t2/005-t3-start,openai-rate_limit,E4,all,True,3219
simulated,openai-rate_limit@t2/005-t3-middle,openai-rate_limit,D1,250,False,0
simulated,openai-rate_limit@t2/005-t3-middle,openai-rate_limit,D1,500,False,377
simulated,openai-rate_limit@t2/005-t3-middle,openai-rate_limit,D1,1000,False,998
simulated,openai-rate_limit@t2/005-t3-middle,openai-rate_limit,D1,1500,False,1412
simulated,openai-rate_limit@t2/005-t3-middle,openai-rate_limit,D1,3000,False,2874
simulated,openai-rate_limit@t2/005-t3-middle,openai-rate_limit,D1,6000,True,4219
simulated,openai-rate_limit@t2/005-t3-middle,openai-rate_limit,D1,all,True,4219
simulated,openai-rate_limit@t2/005-t3-middle,openai-rate_limit,D2,250,False,0
simulated,openai-rate_limit@t2/005-t3-middle,openai-rate_limit,D2,500,False,377
simulated,openai-rate_limit@t2/005-t3-middle,openai-rate_limit,D2,1000,False,789
simulated,openai-rate_limit@t2/005-t3-middle,openai-rate_limit,D2,1500,False,1497
simulated,openai-rate_limit@t2/005-t3-middle,openai-rate_limit,D2,3000,False,2840
simulated,openai-rate_limit@t2/005-t3-middle,openai-rate_limit,D2,6000,True,4219
simulated,openai-rate_limit@t2/005-t3-middle,openai-rate_limit,D2,all,True,4219
simulated,openai-rate_limit@t2/005-t3-middle,openai-rate_limit,B2,250,False,238
simulated,openai-rate_limit@t2/005-t3-middle,openai-rate_limit,B2,500,False,238
simulated,openai-rate_limit@t2/005-t3-middle,openai-rate_limit,B2,1000,False,790
simulated,openai-rate_limit@t2/005-t3-middle,openai-rate_limit,B2,1500,False,1301
simulated,openai-rate_limit@t2/005-t3-middle,openai-rate_limit,B2,3000,False,2839
simulated,openai-rate_limit@t2/005-t3-middle,openai-rate_limit,B2,6000,False,5930
simulated,openai-rate_limit@t2/005-t3-middle,openai-rate_limit,B2,all,True,8088
simulated,openai-rate_limit@t2/005-t3-middle,openai-rate_limit,D4,250,False,0
simulated,openai-rate_limit@t2/005-t3-middle,openai-rate_limit,D4,500,False,377
simulated,openai-rate_limit@t2/005-t3-middle,openai-rate_limit,D4,1000,False,890
simulated,openai-rate_limit@t2/005-t3-middle,openai-rate_limit,D4,1500,False,1396
simulated,openai-rate_limit@t2/005-t3-middle,openai-rate_limit,D4,3000,False,2986
simulated,openai-rate_limit@t2/005-t3-middle,openai-rate_limit,D4,6000,True,4219
simulated,openai-rate_limit@t2/005-t3-middle,openai-rate_limit,D4,all,True,4219
simulated,openai-rate_limit@t2/005-t3-middle,openai-rate_limit,Z4,250,False,0
simulated,openai-rate_limit@t2/005-t3-middle,openai-rate_limit,Z4,500,False,0
simulated,openai-rate_limit@t2/005-t3-middle,openai-rate_limit,Z4,1000,False,902
simulated,openai-rate_limit@t2/005-t3-middle,openai-rate_limit,Z4,1500,True,1203
simulated,openai-rate_limit@t2/005-t3-middle,openai-rate_limit,Z4,3000,True,2680
simulated,openai-rate_limit@t2/005-t3-middle,openai-rate_limit,Z4,6000,True,4369
simulated,openai-rate_limit@t2/005-t3-middle,openai-rate_limit,Z4,all,True,4369
simulated,openai-rate_limit@t2/005-t3-middle,openai-rate_limit,L4,250,False,0
simulated,openai-rate_limit@t2/005-t3-middle,openai-rate_limit,L4,500,False,389
simulated,openai-rate_limit@t2/005-t3-middle,openai-rate_limit,L4,1000,False,969
simulated,openai-rate_limit@t2/005-t3-middle,openai-rate_limit,L4,1500,False,1254
simulated,openai-rate_limit@t2/005-t3-middle,openai-rate_limit,L4,3000,False,2967
simulated,openai-rate_limit@t2/005-t3-middle,openai-rate_limit,L4,6000,True,4443
simulated,openai-rate_limit@t2/005-t3-middle,openai-rate_limit,L4,all,True,4443
simulated,openai-rate_limit@t2/005-t3-middle,openai-rate_limit,L2,250,False,0
simulated,openai-rate_limit@t2/005-t3-middle,openai-rate_limit,L2,500,False,389
simulated,openai-rate_limit@t2/005-t3-middle,openai-rate_limit,L2,1000,False,673
simulated,openai-rate_limit@t2/005-t3-middle,openai-rate_limit,L2,1500,False,1331
simulated,openai-rate_limit@t2/005-t3-middle,openai-rate_limit,L2,3000,False,2973
simulated,openai-rate_limit@t2/005-t3-middle,openai-rate_limit,L2,6000,True,4443
simulated,openai-rate_limit@t2/005-t3-middle,openai-rate_limit,L2,all,True,4443
simulated,openai-rate_limit@t2/005-t3-middle,openai-rate_limit,E1,250,False,214
simulated,openai-rate_limit@t2/005-t3-middle,openai-rate_limit,E1,500,False,459
simulated,openai-rate_limit@t2/005-t3-middle,openai-rate_limit,E1,1000,False,994
simulated,openai-rate_limit@t2/005-t3-middle,openai-rate_limit,E1,1500,False,1496
simulated,openai-rate_limit@t2/005-t3-middle,openai-rate_limit,E1,3000,False,2986
simulated,openai-rate_limit@t2/005-t3-middle,openai-rate_limit,E1,6000,True,4230
simulated,openai-rate_limit@t2/005-t3-middle,openai-rate_limit,E1,all,True,4230
simulated,openai-rate_limit@t2/005-t3-middle,openai-rate_limit,E4,250,False,221
simulated,openai-rate_limit@t2/005-t3-middle,openai-rate_limit,E4,500,False,499
simulated,openai-rate_limit@t2/005-t3-middle,openai-rate_limit,E4,1000,False,991
simulated,openai-rate_limit@t2/005-t3-middle,openai-rate_limit,E4,1500,True,1466
simulated,openai-rate_limit@t2/005-t3-middle,openai-rate_limit,E4,3000,True,2982
simulated,openai-rate_limit@t2/005-t3-middle,openai-rate_limit,E4,6000,True,4230
simulated,openai-rate_limit@t2/005-t3-middle,openai-rate_limit,E4,all,True,4230
simulated,openai-rate_limit@t2/005-t4-start,openai-rate_limit,D1,250,False,233
simulated,openai-rate_limit@t2/005-t4-start,openai-rate_limit,D1,500,False,233
simulated,openai-rate_limit@t2/005-t4-start,openai-rate_limit,D1,1000,True,973
simulated,openai-rate_limit@t2/005-t4-start,openai-rate_limit,D1,1500,True,1350
simulated,openai-rate_limit@t2/005-t4-start,openai-rate_limit,D1,3000,True,2985
simulated,openai-rate_limit@t2/005-t4-start,openai-rate_limit,D1,6000,True,5192
simulated,openai-rate_limit@t2/005-t4-start,openai-rate_limit,D1,all,True,5192
simulated,openai-rate_limit@t2/005-t4-start,openai-rate_limit,D2,250,False,0
simulated,openai-rate_limit@t2/005-t4-start,openai-rate_limit,D2,500,True,386
simulated,openai-rate_limit@t2/005-t4-start,openai-rate_limit,D2,1000,True,868
simulated,openai-rate_limit@t2/005-t4-start,openai-rate_limit,D2,1500,True,1183
simulated,openai-rate_limit@t2/005-t4-start,openai-rate_limit,D2,3000,True,2853
simulated,openai-rate_limit@t2/005-t4-start,openai-rate_limit,D2,6000,True,5192
simulated,openai-rate_limit@t2/005-t4-start,openai-rate_limit,D2,all,True,5192
simulated,openai-rate_limit@t2/005-t4-start,openai-rate_limit,B2,250,False,0
simulated,openai-rate_limit@t2/005-t4-start,openai-rate_limit,B2,500,False,283
simulated,openai-rate_limit@t2/005-t4-start,openai-rate_limit,B2,1000,False,788
simulated,openai-rate_limit@t2/005-t4-start,openai-rate_limit,B2,1500,False,1310
simulated,openai-rate_limit@t2/005-t4-start,openai-rate_limit,B2,3000,True,2874
simulated,openai-rate_limit@t2/005-t4-start,openai-rate_limit,B2,6000,True,5921
simulated,openai-rate_limit@t2/005-t4-start,openai-rate_limit,B2,all,True,9666
simulated,openai-rate_limit@t2/005-t4-start,openai-rate_limit,D4,250,False,0
simulated,openai-rate_limit@t2/005-t4-start,openai-rate_limit,D4,500,False,377
simulated,openai-rate_limit@t2/005-t4-start,openai-rate_limit,D4,1000,True,993
simulated,openai-rate_limit@t2/005-t4-start,openai-rate_limit,D4,1500,True,1429
simulated,openai-rate_limit@t2/005-t4-start,openai-rate_limit,D4,3000,True,2745
simulated,openai-rate_limit@t2/005-t4-start,openai-rate_limit,D4,6000,True,5192
simulated,openai-rate_limit@t2/005-t4-start,openai-rate_limit,D4,all,True,5192
simulated,openai-rate_limit@t2/005-t4-start,openai-rate_limit,Z4,250,False,0
simulated,openai-rate_limit@t2/005-t4-start,openai-rate_limit,Z4,500,False,0
simulated,openai-rate_limit@t2/005-t4-start,openai-rate_limit,Z4,1000,False,542
simulated,openai-rate_limit@t2/005-t4-start,openai-rate_limit,Z4,1500,False,1377
simulated,openai-rate_limit@t2/005-t4-start,openai-rate_limit,Z4,3000,True,2882
simulated,openai-rate_limit@t2/005-t4-start,openai-rate_limit,Z4,6000,True,5115
simulated,openai-rate_limit@t2/005-t4-start,openai-rate_limit,Z4,all,True,5115
simulated,openai-rate_limit@t2/005-t4-start,openai-rate_limit,L4,250,False,0
simulated,openai-rate_limit@t2/005-t4-start,openai-rate_limit,L4,500,False,389
simulated,openai-rate_limit@t2/005-t4-start,openai-rate_limit,L4,1000,False,721
simulated,openai-rate_limit@t2/005-t4-start,openai-rate_limit,L4,1500,True,1479
simulated,openai-rate_limit@t2/005-t4-start,openai-rate_limit,L4,3000,True,2743
simulated,openai-rate_limit@t2/005-t4-start,openai-rate_limit,L4,6000,True,5442
simulated,openai-rate_limit@t2/005-t4-start,openai-rate_limit,L4,all,True,5442
simulated,openai-rate_limit@t2/005-t4-start,openai-rate_limit,L2,250,False,0
simulated,openai-rate_limit@t2/005-t4-start,openai-rate_limit,L2,500,True,395
simulated,openai-rate_limit@t2/005-t4-start,openai-rate_limit,L2,1000,True,775
simulated,openai-rate_limit@t2/005-t4-start,openai-rate_limit,L2,1500,True,1458
simulated,openai-rate_limit@t2/005-t4-start,openai-rate_limit,L2,3000,True,2841
simulated,openai-rate_limit@t2/005-t4-start,openai-rate_limit,L2,6000,True,5442
simulated,openai-rate_limit@t2/005-t4-start,openai-rate_limit,L2,all,True,5442
simulated,openai-rate_limit@t2/005-t4-start,openai-rate_limit,E1,250,False,226
simulated,openai-rate_limit@t2/005-t4-start,openai-rate_limit,E1,500,False,487
simulated,openai-rate_limit@t2/005-t4-start,openai-rate_limit,E1,1000,False,991
simulated,openai-rate_limit@t2/005-t4-start,openai-rate_limit,E1,1500,True,1474
simulated,openai-rate_limit@t2/005-t4-start,openai-rate_limit,E1,3000,True,2993
simulated,openai-rate_limit@t2/005-t4-start,openai-rate_limit,E1,6000,True,5255
simulated,openai-rate_limit@t2/005-t4-start,openai-rate_limit,E1,all,True,5255
simulated,openai-rate_limit@t2/005-t4-start,openai-rate_limit,E4,250,False,216
simulated,openai-rate_limit@t2/005-t4-start,openai-rate_limit,E4,500,False,470
simulated,openai-rate_limit@t2/005-t4-start,openai-rate_limit,E4,1000,False,990
simulated,openai-rate_limit@t2/005-t4-start,openai-rate_limit,E4,1500,True,1491
simulated,openai-rate_limit@t2/005-t4-start,openai-rate_limit,E4,3000,True,2998
simulated,openai-rate_limit@t2/005-t4-start,openai-rate_limit,E4,6000,True,5255
simulated,openai-rate_limit@t2/005-t4-start,openai-rate_limit,E4,all,True,5255
simulated,openai-rate_limit@t2/005-t4-middle,openai-rate_limit,D1,250,False,0
simulated,openai-rate_limit@t2/005-t4-middle,openai-rate_limit,D1,500,False,391
simulated,openai-rate_limit@t2/005-t4-middle,openai-rate_limit,D1,1000,False,768
simulated,openai-rate_limit@t2/005-t4-middle,openai-rate_limit,D1,1500,True,1236
simulated,openai-rate_limit@t2/005-t4-middle,openai-rate_limit,D1,3000,True,2903
simulated,openai-rate_limit@t2/005-t4-middle,openai-rate_limit,D1,6000,True,5964
simulated,openai-rate_limit@t2/005-t4-middle,openai-rate_limit,D1,all,True,5964
simulated,openai-rate_limit@t2/005-t4-middle,openai-rate_limit,D2,250,False,0
simulated,openai-rate_limit@t2/005-t4-middle,openai-rate_limit,D2,500,False,391
simulated,openai-rate_limit@t2/005-t4-middle,openai-rate_limit,D2,1000,True,859
simulated,openai-rate_limit@t2/005-t4-middle,openai-rate_limit,D2,1500,True,1213
simulated,openai-rate_limit@t2/005-t4-middle,openai-rate_limit,D2,3000,True,2959
simulated,openai-rate_limit@t2/005-t4-middle,openai-rate_limit,D2,6000,True,5964
simulated,openai-rate_limit@t2/005-t4-middle,openai-rate_limit,D2,all,True,5964
simulated,openai-rate_limit@t2/005-t4-middle,openai-rate_limit,B2,250,False,0
simulated,openai-rate_limit@t2/005-t4-middle,openai-rate_limit,B2,500,False,264
simulated,openai-rate_limit@t2/005-t4-middle,openai-rate_limit,B2,1000,False,796
simulated,openai-rate_limit@t2/005-t4-middle,openai-rate_limit,B2,1500,False,1318
simulated,openai-rate_limit@t2/005-t4-middle,openai-rate_limit,B2,3000,True,2867
simulated,openai-rate_limit@t2/005-t4-middle,openai-rate_limit,B2,6000,True,5777
simulated,openai-rate_limit@t2/005-t4-middle,openai-rate_limit,B2,all,True,11695
simulated,openai-rate_limit@t2/005-t4-middle,openai-rate_limit,D4,250,False,0
simulated,openai-rate_limit@t2/005-t4-middle,openai-rate_limit,D4,500,False,391
simulated,openai-rate_limit@t2/005-t4-middle,openai-rate_limit,D4,1000,False,856
simulated,openai-rate_limit@t2/005-t4-middle,openai-rate_limit,D4,1500,False,1183
simulated,openai-rate_limit@t2/005-t4-middle,openai-rate_limit,D4,3000,False,2761
simulated,openai-rate_limit@t2/005-t4-middle,openai-rate_limit,D4,6000,True,5964
simulated,openai-rate_limit@t2/005-t4-middle,openai-rate_limit,D4,all,True,5964
simulated,openai-rate_limit@t2/005-t4-middle,openai-rate_limit,Z4,250,False,0
simulated,openai-rate_limit@t2/005-t4-middle,openai-rate_limit,Z4,500,False,369
simulated,openai-rate_limit@t2/005-t4-middle,openai-rate_limit,Z4,1000,False,729
simulated,openai-rate_limit@t2/005-t4-middle,openai-rate_limit,Z4,1500,False,1417
simulated,openai-rate_limit@t2/005-t4-middle,openai-rate_limit,Z4,3000,False,2813
simulated,openai-rate_limit@t2/005-t4-middle,openai-rate_limit,Z4,6000,True,5915
simulated,openai-rate_limit@t2/005-t4-middle,openai-rate_limit,Z4,all,True,6013
simulated,openai-rate_limit@t2/005-t4-middle,openai-rate_limit,L4,250,False,0
simulated,openai-rate_limit@t2/005-t4-middle,openai-rate_limit,L4,500,False,399
simulated,openai-rate_limit@t2/005-t4-middle,openai-rate_limit,L4,1000,False,884
simulated,openai-rate_limit@t2/005-t4-middle,openai-rate_limit,L4,1500,False,1220
simulated,openai-rate_limit@t2/005-t4-middle,openai-rate_limit,L4,3000,False,2865
simulated,openai-rate_limit@t2/005-t4-middle,openai-rate_limit,L4,6000,True,5862
simulated,openai-rate_limit@t2/005-t4-middle,openai-rate_limit,L4,all,True,6240
simulated,openai-rate_limit@t2/005-t4-middle,openai-rate_limit,L2,250,False,0
simulated,openai-rate_limit@t2/005-t4-middle,openai-rate_limit,L2,500,False,399
simulated,openai-rate_limit@t2/005-t4-middle,openai-rate_limit,L2,1000,True,887
simulated,openai-rate_limit@t2/005-t4-middle,openai-rate_limit,L2,1500,True,1389
simulated,openai-rate_limit@t2/005-t4-middle,openai-rate_limit,L2,3000,True,2891
simulated,openai-rate_limit@t2/005-t4-middle,openai-rate_limit,L2,6000,True,5910
simulated,openai-rate_limit@t2/005-t4-middle,openai-rate_limit,L2,all,True,6240
simulated,openai-rate_limit@t2/005-t4-middle,openai-rate_limit,E1,250,False,248
simulated,openai-rate_limit@t2/005-t4-middle,openai-rate_limit,E1,500,False,483
simulated,openai-rate_limit@t2/005-t4-middle,openai-rate_limit,E1,1000,False,965
simulated,openai-rate_limit@t2/005-t4-middle,openai-rate_limit,E1,1500,True,1482
simulated,openai-rate_limit@t2/005-t4-middle,openai-rate_limit,E1,3000,True,2973
simulated,openai-rate_limit@t2/005-t4-middle,openai-rate_limit,E1,6000,True,5982
simulated,openai-rate_limit@t2/005-t4-middle,openai-rate_limit,E1,all,True,6411
simulated,openai-rate_limit@t2/005-t4-middle,openai-rate_limit,E4,250,False,232
simulated,openai-rate_limit@t2/005-t4-middle,openai-rate_limit,E4,500,False,493
simulated,openai-rate_limit@t2/005-t4-middle,openai-rate_limit,E4,1000,True,971
simulated,openai-rate_limit@t2/005-t4-middle,openai-rate_limit,E4,1500,True,1480
simulated,openai-rate_limit@t2/005-t4-middle,openai-rate_limit,E4,3000,True,2997
simulated,openai-rate_limit@t2/005-t4-middle,openai-rate_limit,E4,6000,True,5999
simulated,openai-rate_limit@t2/005-t4-middle,openai-rate_limit,E4,all,True,6411
simulated,openai-rate_limit@t2/005-t5-start,openai-rate_limit,D1,250,False,0
simulated,openai-rate_limit@t2/005-t5-start,openai-rate_limit,D1,500,False,459
simulated,openai-rate_limit@t2/005-t5-start,openai-rate_limit,D1,1000,False,700
simulated,openai-rate_limit@t2/005-t5-start,openai-rate_limit,D1,1500,False,1445
simulated,openai-rate_limit@t2/005-t5-start,openai-rate_limit,D1,3000,True,2901
simulated,openai-rate_limit@t2/005-t5-start,openai-rate_limit,D1,6000,True,5939
simulated,openai-rate_limit@t2/005-t5-start,openai-rate_limit,D1,all,True,6912
simulated,openai-rate_limit@t2/005-t5-start,openai-rate_limit,D2,250,False,0
simulated,openai-rate_limit@t2/005-t5-start,openai-rate_limit,D2,500,False,459
simulated,openai-rate_limit@t2/005-t5-start,openai-rate_limit,D2,1000,False,895
simulated,openai-rate_limit@t2/005-t5-start,openai-rate_limit,D2,1500,False,1375
simulated,openai-rate_limit@t2/005-t5-start,openai-rate_limit,D2,3000,False,2979
simulated,openai-rate_limit@t2/005-t5-start,openai-rate_limit,D2,6000,True,5934
simulated,openai-rate_limit@t2/005-t5-start,openai-rate_limit,D2,all,True,6912
simulated,openai-rate_limit@t2/005-t5-start,openai-rate_limit,B2,250,False,228
simulated,openai-rate_limit@t2/005-t5-start,openai-rate_limit,B2,500,False,486
simulated,openai-rate_limit@t2/005-t5-start,openai-rate_limit,B2,1000,False,911
simulated,openai-rate_limit@t2/005-t5-start,openai-rate_limit,B2,1500,False,1412
simulated,openai-rate_limit@t2/005-t5-start,openai-rate_limit,B2,3000,False,2924
simulated,openai-rate_limit@t2/005-t5-start,openai-rate_limit,B2,6000,True,5957
simulated,openai-rate_limit@t2/005-t5-start,openai-rate_limit,B2,all,True,13391
simulated,openai-rate_limit@t2/005-t5-start,openai-rate_limit,D4,250,False,0
simulated,openai-rate_limit@t2/005-t5-start,openai-rate_limit,D4,500,False,459
simulated,openai-rate_limit@t2/005-t5-start,openai-rate_limit,D4,1000,False,813
simulated,openai-rate_limit@t2/005-t5-start,openai-rate_limit,D4,1500,False,1431
simulated,openai-rate_limit@t2/005-t5-start,openai-rate_limit,D4,3000,False,2816
simulated,openai-rate_limit@t2/005-t5-start,openai-rate_limit,D4,6000,True,5929
simulated,openai-rate_limit@t2/005-t5-start,openai-rate_limit,D4,all,True,6912
simulated,openai-rate_limit@t2/005-t5-start,openai-rate_limit,Z4,250,False,0
simulated,openai-rate_limit@t2/005-t5-start,openai-rate_limit,Z4,500,False,328
simulated,openai-rate_limit@t2/005-t5-start,openai-rate_limit,Z4,1000,False,870
simulated,openai-rate_limit@t2/005-t5-start,openai-rate_limit,Z4,1500,False,1230
simulated,openai-rate_limit@t2/005-t5-start,openai-rate_limit,Z4,3000,True,2971
simulated,openai-rate_limit@t2/005-t5-start,openai-rate_limit,Z4,6000,True,5763
simulated,openai-rate_limit@t2/005-t5-start,openai-rate_limit,Z4,all,True,6852
simulated,openai-rate_limit@t2/005-t5-start,openai-rate_limit,L4,250,False,0
simulated,openai-rate_limit@t2/005-t5-start,openai-rate_limit,L4,500,False,471
simulated,openai-rate_limit@t2/005-t5-start,openai-rate_limit,L4,1000,False,834
simulated,openai-rate_limit@t2/005-t5-start,openai-rate_limit,L4,1500,False,1475
simulated,openai-rate_limit@t2/005-t5-start,openai-rate_limit,L4,3000,False,2923
simulated,openai-rate_limit@t2/005-t5-start,openai-rate_limit,L4,6000,True,5966
simulated,openai-rate_limit@t2/005-t5-start,openai-rate_limit,L4,all,True,7227
simulated,openai-rate_limit@t2/005-t5-start,openai-rate_limit,L2,250,False,0
simulated,openai-rate_limit@t2/005-t5-start,openai-rate_limit,L2,500,False,471
simulated,openai-rate_limit@t2/005-t5-start,openai-rate_limit,L2,1000,False,926
simulated,openai-rate_limit@t2/005-t5-start,openai-rate_limit,L2,1500,False,1153
simulated,openai-rate_limit@t2/005-t5-start,openai-rate_limit,L2,3000,False,2610
simulated,openai-rate_limit@t2/005-t5-start,openai-rate_limit,L2,6000,True,5935
simulated,openai-rate_limit@t2/005-t5-start,openai-rate_limit,L2,all,True,7227
simulated,openai-rate_limit@t2/005-t5-start,openai-rate_limit,E1,250,False,248
simulated,openai-rate_limit@t2/005-t5-start,openai-rate_limit,E1,500,False,497
simulated,openai-rate_limit@t2/005-t5-start,openai-rate_limit,E1,1000,True,982
simulated,openai-rate_limit@t2/005-t5-start,openai-rate_limit,E1,1500,True,1493
simulated,openai-rate_limit@t2/005-t5-start,openai-rate_limit,E1,3000,True,2964
simulated,openai-rate_limit@t2/005-t5-start,openai-rate_limit,E1,6000,True,5999
simulated,openai-rate_limit@t2/005-t5-start,openai-rate_limit,E1,all,True,7209
simulated,openai-rate_limit@t2/005-t5-start,openai-rate_limit,E4,250,False,198
simulated,openai-rate_limit@t2/005-t5-start,openai-rate_limit,E4,500,False,477
simulated,openai-rate_limit@t2/005-t5-start,openai-rate_limit,E4,1000,False,985
simulated,openai-rate_limit@t2/005-t5-start,openai-rate_limit,E4,1500,False,1500
simulated,openai-rate_limit@t2/005-t5-start,openai-rate_limit,E4,3000,True,2972
simulated,openai-rate_limit@t2/005-t5-start,openai-rate_limit,E4,6000,True,5992
simulated,openai-rate_limit@t2/005-t5-start,openai-rate_limit,E4,all,True,7209
simulated,openai-rate_limit@t2/005-t5-middle,openai-rate_limit,D1,250,False,156
simulated,openai-rate_limit@t2/005-t5-middle,openai-rate_limit,D1,500,False,156
simulated,openai-rate_limit@t2/005-t5-middle,openai-rate_limit,D1,1000,False,957
simulated,openai-rate_limit@t2/005-t5-middle,openai-rate_limit,D1,1500,False,1416
simulated,openai-rate_limit@t2/005-t5-middle,openai-rate_limit,D1,3000,True,2996
simulated,openai-rate_limit@t2/005-t5-middle,openai-rate_limit,D1,6000,True,5831
simulated,openai-rate_limit@t2/005-t5-middle,openai-rate_limit,D1,all,True,7597
simulated,openai-rate_limit@t2/005-t5-middle,openai-rate_limit,D2,250,False,0
simulated,openai-rate_limit@t2/005-t5-middle,openai-rate_limit,D2,500,True,480
simulated,openai-rate_limit@t2/005-t5-middle,openai-rate_limit,D2,1000,True,936
simulated,openai-rate_limit@t2/005-t5-middle,openai-rate_limit,D2,1500,True,1290
simulated,openai-rate_limit@t2/005-t5-middle,openai-rate_limit,D2,3000,True,2917
simulated,openai-rate_limit@t2/005-t5-middle,openai-rate_limit,D2,6000,True,5838
simulated,openai-rate_limit@t2/005-t5-middle,openai-rate_limit,D2,all,True,7597
simulated,openai-rate_limit@t2/005-t5-middle,openai-rate_limit,B2,250,False,243
simulated,openai-rate_limit@t2/005-t5-middle,openai-rate_limit,B2,500,False,243
simulated,openai-rate_limit@t2/005-t5-middle,openai-rate_limit,B2,1000,True,759
simulated,openai-rate_limit@t2/005-t5-middle,openai-rate_limit,B2,1500,True,1295
simulated,openai-rate_limit@t2/005-t5-middle,openai-rate_limit,B2,3000,True,2808
simulated,openai-rate_limit@t2/005-t5-middle,openai-rate_limit,B2,6000,True,5919
simulated,openai-rate_limit@t2/005-t5-middle,openai-rate_limit,B2,all,True,14925
simulated,openai-rate_limit@t2/005-t5-middle,openai-rate_limit,D4,250,False,0
simulated,openai-rate_limit@t2/005-t5-middle,openai-rate_limit,D4,500,False,480
simulated,openai-rate_limit@t2/005-t5-middle,openai-rate_limit,D4,1000,False,893
simulated,openai-rate_limit@t2/005-t5-middle,openai-rate_limit,D4,1500,True,1472
simulated,openai-rate_limit@t2/005-t5-middle,openai-rate_limit,D4,3000,True,2936
simulated,openai-rate_limit@t2/005-t5-middle,openai-rate_limit,D4,6000,True,5961
simulated,openai-rate_limit@t2/005-t5-middle,openai-rate_limit,D4,all,True,7597
simulated,openai-rate_limit@t2/005-t5-middle,openai-rate_limit,Z4,250,False,89
simulated,openai-rate_limit@t2/005-t5-middle,openai-rate_limit,Z4,500,False,89
simulated,openai-rate_limit@t2/005-t5-middle,openai-rate_limit,Z4,1000,False,991
simulated,openai-rate_limit@t2/005-t5-middle,openai-rate_limit,Z4,1500,False,1323
simulated,openai-rate_limit@t2/005-t5-middle,openai-rate_limit,Z4,3000,True,2753
simulated,openai-rate_limit@t2/005-t5-middle,openai-rate_limit,Z4,6000,True,5967
simulated,openai-rate_limit@t2/005-t5-middle,openai-rate_limit,Z4,all,True,7622
simulated,openai-rate_limit@t2/005-t5-middle,openai-rate_limit,L4,250,False,0
simulated,openai-rate_limit@t2/005-t5-middle,openai-rate_limit,L4,500,False,498
simulated,openai-rate_limit@t2/005-t5-middle,openai-rate_limit,L4,1000,False,929
simulated,openai-rate_limit@t2/005-t5-middle,openai-rate_limit,L4,1500,False,1389
simulated,openai-rate_limit@t2/005-t5-middle,openai-rate_limit,L4,3000,True,2941
simulated,openai-rate_limit@t2/005-t5-middle,openai-rate_limit,L4,6000,True,5945
simulated,openai-rate_limit@t2/005-t5-middle,openai-rate_limit,L4,all,True,7944
simulated,openai-rate_limit@t2/005-t5-middle,openai-rate_limit,L2,250,False,0
simulated,openai-rate_limit@t2/005-t5-middle,openai-rate_limit,L2,500,True,495
simulated,openai-rate_limit@t2/005-t5-middle,openai-rate_limit,L2,1000,True,975
simulated,openai-rate_limit@t2/005-t5-middle,openai-rate_limit,L2,1500,True,1367
simulated,openai-rate_limit@t2/005-t5-middle,openai-rate_limit,L2,3000,True,2844
simulated,openai-rate_limit@t2/005-t5-middle,openai-rate_limit,L2,6000,True,5887
simulated,openai-rate_limit@t2/005-t5-middle,openai-rate_limit,L2,all,True,7944
simulated,openai-rate_limit@t2/005-t5-middle,openai-rate_limit,E1,250,False,235
simulated,openai-rate_limit@t2/005-t5-middle,openai-rate_limit,E1,500,False,479
simulated,openai-rate_limit@t2/005-t5-middle,openai-rate_limit,E1,1000,True,952
simulated,openai-rate_limit@t2/005-t5-middle,openai-rate_limit,E1,1500,True,1464
simulated,openai-rate_limit@t2/005-t5-middle,openai-rate_limit,E1,3000,True,2982
simulated,openai-rate_limit@t2/005-t5-middle,openai-rate_limit,E1,6000,True,5984
simulated,openai-rate_limit@t2/005-t5-middle,openai-rate_limit,E1,all,True,7938
simulated,openai-rate_limit@t2/005-t5-middle,openai-rate_limit,E4,250,False,239
simulated,openai-rate_limit@t2/005-t5-middle,openai-rate_limit,E4,500,False,491
simulated,openai-rate_limit@t2/005-t5-middle,openai-rate_limit,E4,1000,True,999
simulated,openai-rate_limit@t2/005-t5-middle,openai-rate_limit,E4,1500,True,1489
simulated,openai-rate_limit@t2/005-t5-middle,openai-rate_limit,E4,3000,True,2982
simulated,openai-rate_limit@t2/005-t5-middle,openai-rate_limit,E4,6000,True,5984
simulated,openai-rate_limit@t2/005-t5-middle,openai-rate_limit,E4,all,True,7938
simulated,openai-retention@t2/010-t3-start,openai-retention,D1,250,False,174
simulated,openai-retention@t2/010-t3-start,openai-retention,D1,500,False,174
simulated,openai-retention@t2/010-t3-start,openai-retention,D1,1000,True,963
simulated,openai-retention@t2/010-t3-start,openai-retention,D1,1500,True,1426
simulated,openai-retention@t2/010-t3-start,openai-retention,D1,3000,True,2956
simulated,openai-retention@t2/010-t3-start,openai-retention,D1,6000,True,3302
simulated,openai-retention@t2/010-t3-start,openai-retention,D1,all,True,3302
simulated,openai-retention@t2/010-t3-start,openai-retention,D2,250,False,174
simulated,openai-retention@t2/010-t3-start,openai-retention,D2,500,False,463
simulated,openai-retention@t2/010-t3-start,openai-retention,D2,1000,False,895
simulated,openai-retention@t2/010-t3-start,openai-retention,D2,1500,True,1478
simulated,openai-retention@t2/010-t3-start,openai-retention,D2,3000,True,2914
simulated,openai-retention@t2/010-t3-start,openai-retention,D2,6000,True,3302
simulated,openai-retention@t2/010-t3-start,openai-retention,D2,all,True,3302
simulated,openai-retention@t2/010-t3-start,openai-retention,B2,250,False,238
simulated,openai-retention@t2/010-t3-start,openai-retention,B2,500,False,497
simulated,openai-retention@t2/010-t3-start,openai-retention,B2,1000,False,772
simulated,openai-retention@t2/010-t3-start,openai-retention,B2,1500,False,1284
simulated,openai-retention@t2/010-t3-start,openai-retention,B2,3000,False,2761
simulated,openai-retention@t2/010-t3-start,openai-retention,B2,6000,True,5764
simulated,openai-retention@t2/010-t3-start,openai-retention,B2,all,True,6242
simulated,openai-retention@t2/010-t3-start,openai-retention,D4,250,False,124
simulated,openai-retention@t2/010-t3-start,openai-retention,D4,500,False,384
simulated,openai-retention@t2/010-t3-start,openai-retention,D4,1000,True,896
simulated,openai-retention@t2/010-t3-start,openai-retention,D4,1500,True,1454
simulated,openai-retention@t2/010-t3-start,openai-retention,D4,3000,True,2841
simulated,openai-retention@t2/010-t3-start,openai-retention,D4,6000,True,3302
simulated,openai-retention@t2/010-t3-start,openai-retention,D4,all,True,3302
simulated,openai-retention@t2/010-t3-start,openai-retention,Z4,250,False,0
simulated,openai-retention@t2/010-t3-start,openai-retention,Z4,500,False,360
simulated,openai-retention@t2/010-t3-start,openai-retention,Z4,1000,False,938
simulated,openai-retention@t2/010-t3-start,openai-retention,Z4,1500,False,1444
simulated,openai-retention@t2/010-t3-start,openai-retention,Z4,3000,False,2777
simulated,openai-retention@t2/010-t3-start,openai-retention,Z4,6000,True,3352
simulated,openai-retention@t2/010-t3-start,openai-retention,Z4,all,True,3352
simulated,openai-retention@t2/010-t3-start,openai-retention,L4,250,False,139
simulated,openai-retention@t2/010-t3-start,openai-retention,L4,500,False,414
simulated,openai-retention@t2/010-t3-start,openai-retention,L4,1000,True,945
simulated,openai-retention@t2/010-t3-start,openai-retention,L4,1500,True,1272
simulated,openai-retention@t2/010-t3-start,openai-retention,L4,3000,True,2899
simulated,openai-retention@t2/010-t3-start,openai-retention,L4,6000,True,3482
simulated,openai-retention@t2/010-t3-start,openai-retention,L4,all,True,3482
simulated,openai-retention@t2/010-t3-start,openai-retention,L2,250,False,180
simulated,openai-retention@t2/010-t3-start,openai-retention,L2,500,False,483
simulated,openai-retention@t2/010-t3-start,openai-retention,L2,1000,False,767
simulated,openai-retention@t2/010-t3-start,openai-retention,L2,1500,True,1493
simulated,openai-retention@t2/010-t3-start,openai-retention,L2,3000,True,2976
simulated,openai-retention@t2/010-t3-start,openai-retention,L2,6000,True,3482
simulated,openai-retention@t2/010-t3-start,openai-retention,L2,all,True,3482
simulated,openai-retention@t2/010-t3-start,openai-retention,E1,250,False,222
simulated,openai-retention@t2/010-t3-start,openai-retention,E1,500,True,477
simulated,openai-retention@t2/010-t3-start,openai-retention,E1,1000,True,998
simulated,openai-retention@t2/010-t3-start,openai-retention,E1,1500,True,1479
simulated,openai-retention@t2/010-t3-start,openai-retention,E1,3000,True,2991
simulated,openai-retention@t2/010-t3-start,openai-retention,E1,6000,True,3219
simulated,openai-retention@t2/010-t3-start,openai-retention,E1,all,True,3219
simulated,openai-retention@t2/010-t3-start,openai-retention,E4,250,False,215
simulated,openai-retention@t2/010-t3-start,openai-retention,E4,500,False,494
simulated,openai-retention@t2/010-t3-start,openai-retention,E4,1000,True,979
simulated,openai-retention@t2/010-t3-start,openai-retention,E4,1500,True,1480
simulated,openai-retention@t2/010-t3-start,openai-retention,E4,3000,True,2966
simulated,openai-retention@t2/010-t3-start,openai-retention,E4,6000,True,3219
simulated,openai-retention@t2/010-t3-start,openai-retention,E4,all,True,3219
simulated,openai-retention@t2/010-t3-middle,openai-retention,D1,250,False,0
simulated,openai-retention@t2/010-t3-middle,openai-retention,D1,500,False,438
simulated,openai-retention@t2/010-t3-middle,openai-retention,D1,1000,False,932
simulated,openai-retention@t2/010-t3-middle,openai-retention,D1,1500,True,1490
simulated,openai-retention@t2/010-t3-middle,openai-retention,D1,3000,True,2830
simulated,openai-retention@t2/010-t3-middle,openai-retention,D1,6000,True,4219
simulated,openai-retention@t2/010-t3-middle,openai-retention,D1,all,True,4219
simulated,openai-retention@t2/010-t3-middle,openai-retention,D2,250,False,0
simulated,openai-retention@t2/010-t3-middle,openai-retention,D2,500,False,377
simulated,openai-retention@t2/010-t3-middle,openai-retention,D2,1000,False,969
simulated,openai-retention@t2/010-t3-middle,openai-retention,D2,1500,False,1199
simulated,openai-retention@t2/010-t3-middle,openai-retention,D2,3000,True,2867
simulated,openai-retention@t2/010-t3-middle,openai-retention,D2,6000,True,4219
simulated,openai-retention@t2/010-t3-middle,openai-retention,D2,all,True,4219
simulated,openai-retention@t2/010-t3-middle,openai-retention,B2,250,False,0
simulated,openai-retention@t2/010-t3-middle,openai-retention,B2,500,False,275
simulated,openai-retention@t2/010-t3-middle,openai-retention,B2,1000,False,790
simulated,openai-retention@t2/010-t3-middle,openai-retention,B2,1500,False,1325
simulated,openai-retention@t2/010-t3-middle,openai-retention,B2,3000,False,2840
simulated,openai-retention@t2/010-t3-middle,openai-retention,B2,6000,True,5950
simulated,openai-retention@t2/010-t3-middle,openai-retention,B2,all,True,8088
simulated,openai-retention@t2/010-t3-middle,openai-retention,D4,250,False,0
simulated,openai-retention@t2/010-t3-middle,openai-retention,D4,500,False,377
simulated,openai-retention@t2/010-t3-middle,openai-retention,D4,1000,True,956
simulated,openai-retention@t2/010-t3-middle,openai-retention,D4,1500,True,1462
simulated,openai-retention@t2/010-t3-middle,openai-retention,D4,3000,True,2963
simulated,openai-retention@t2/010-t3-middle,openai-retention,D4,6000,True,4219
simulated,openai-retention@t2/010-t3-middle,openai-retention,D4,all,True,4219
simulated,openai-retention@t2/010-t3-middle,openai-retention,Z4,250,False,0
simulated,openai-retention@t2/010-t3-middle,openai-retention,Z4,500,False,0
simulated,openai-retention@t2/010-t3-middle,openai-retention,Z4,1000,False,902
simulated,openai-retention@t2/010-t3-middle,openai-retention,Z4,1500,False,1048
simulated,openai-retention@t2/010-t3-middle,openai-retention,Z4,3000,True,2932
simulated,openai-retention@t2/010-t3-middle,openai-retention,Z4,6000,True,4369
simulated,openai-retention@t2/010-t3-middle,openai-retention,Z4,all,True,4369
simulated,openai-retention@t2/010-t3-middle,openai-retention,L4,250,False,0
simulated,openai-retention@t2/010-t3-middle,openai-retention,L4,500,False,389
simulated,openai-retention@t2/010-t3-middle,openai-retention,L4,1000,True,995
simulated,openai-retention@t2/010-t3-middle,openai-retention,L4,1500,True,1375
simulated,openai-retention@t2/010-t3-middle,openai-retention,L4,3000,True,2960
simulated,openai-retention@t2/010-t3-middle,openai-retention,L4,6000,True,4443
simulated,openai-retention@t2/010-t3-middle,openai-retention,L4,all,True,4443
simulated,openai-retention@t2/010-t3-middle,openai-retention,L2,250,False,0
simulated,openai-retention@t2/010-t3-middle,openai-retention,L2,500,False,462
simulated,openai-retention@t2/010-t3-middle,openai-retention,L2,1000,False,939
simulated,openai-retention@t2/010-t3-middle,openai-retention,L2,1500,True,1426
simulated,openai-retention@t2/010-t3-middle,openai-retention,L2,3000,True,3000
simulated,openai-retention@t2/010-t3-middle,openai-retention,L2,6000,True,4443
simulated,openai-retention@t2/010-t3-middle,openai-retention,L2,all,True,4443
simulated,openai-retention@t2/010-t3-middle,openai-retention,E1,250,False,238
simulated,openai-retention@t2/010-t3-middle,openai-retention,E1,500,True,481
simulated,openai-retention@t2/010-t3-middle,openai-retention,E1,1000,True,960
simulated,openai-retention@t2/010-t3-middle,openai-retention,E1,1500,True,1477
simulated,openai-retention@t2/010-t3-middle,openai-retention,E1,3000,True,2988
simulated,openai-retention@t2/010-t3-middle,openai-retention,E1,6000,True,4230
simulated,openai-retention@t2/010-t3-middle,openai-retention,E1,all,True,4230
simulated,openai-retention@t2/010-t3-middle,openai-retention,E4,250,False,230
simulated,openai-retention@t2/010-t3-middle,openai-retention,E4,500,True,479
simulated,openai-retention@t2/010-t3-middle,openai-retention,E4,1000,True,979
simulated,openai-retention@t2/010-t3-middle,openai-retention,E4,1500,True,1465
simulated,openai-retention@t2/010-t3-middle,openai-retention,E4,3000,True,2982
simulated,openai-retention@t2/010-t3-middle,openai-retention,E4,6000,True,4230
simulated,openai-retention@t2/010-t3-middle,openai-retention,E4,all,True,4230
simulated,openai-retention@t2/010-t4-start,openai-retention,D1,250,False,0
simulated,openai-retention@t2/010-t4-start,openai-retention,D1,500,False,354
simulated,openai-retention@t2/010-t4-start,openai-retention,D1,1000,False,964
simulated,openai-retention@t2/010-t4-start,openai-retention,D1,1500,False,1416
simulated,openai-retention@t2/010-t4-start,openai-retention,D1,3000,True,2963
simulated,openai-retention@t2/010-t4-start,openai-retention,D1,6000,True,5192
simulated,openai-retention@t2/010-t4-start,openai-retention,D1,all,True,5192
simulated,openai-retention@t2/010-t4-start,openai-retention,D2,250,False,233
simulated,openai-retention@t2/010-t4-start,openai-retention,D2,500,False,233
simulated,openai-retention@t2/010-t4-start,openai-retention,D2,1000,False,784
simulated,openai-retention@t2/010-t4-start,openai-retention,D2,1500,False,1460
simulated,openai-retention@t2/010-t4-start,openai-retention,D2,3000,False,2980
simulated,openai-retention@t2/010-t4-start,openai-retention,D2,6000,True,5192
simulated,openai-retention@t2/010-t4-start,openai-retention,D2,all,True,5192
simulated,openai-retention@t2/010-t4-start,openai-retention,B2,250,False,0
simulated,openai-retention@t2/010-t4-start,openai-retention,B2,500,False,256
simulated,openai-retention@t2/010-t4-start,openai-retention,B2,1000,False,784
simulated,openai-retention@t2/010-t4-start,openai-retention,B2,1500,False,1346
simulated,openai-retention@t2/010-t4-start,openai-retention,B2,3000,False,2895
simulated,openai-retention@t2/010-t4-start,openai-retention,B2,6000,False,5899
simulated,openai-retention@t2/010-t4-start,openai-retention,B2,all,True,9666
simulated,openai-retention@t2/010-t4-start,openai-retention,D4,250,False,66
simulated,openai-retention@t2/010-t4-start,openai-retention,D4,500,False,452
simulated,openai-retention@t2/010-t4-start,openai-retention,D4,1000,False,829
simulated,openai-retention@t2/010-t4-start,openai-retention,D4,1500,False,1183
simulated,openai-retention@t2/010-t4-start,openai-retention,D4,3000,True,2902
simulated,openai-retention@t2/010-t4-start,openai-retention,D4,6000,True,5192
simulated,openai-retention@t2/010-t4-start,openai-retention,D4,all,True,5192
simulated,openai-retention@t2/010-t4-start,openai-retention,Z4,250,False,0
simulated,openai-retention@t2/010-t4-start,openai-retention,Z4,500,False,475
simulated,openai-retention@t2/010-t4-start,openai-retention,Z4,1000,False,475
simulated,openai-retention@t2/010-t4-start,openai-retention,Z4,1500,False,1352
simulated,openai-retention@t2/010-t4-start,openai-retention,Z4,3000,False,2796
simulated,openai-retention@t2/010-t4-start,openai-retention,Z4,6000,True,5115
simulated,openai-retention@t2/010-t4-start,openai-retention,Z4,all,True,5115
simulated,openai-retention@t2/010-t4-start,openai-retention,L4,250,False,73
simulated,openai-retention@t2/010-t4-start,openai-retention,L4,500,False,462
simulated,openai-retention@t2/010-t4-start,openai-retention,L4,1000,False,825
simulated,openai-retention@t2/010-t4-start,openai-retention,L4,1500,False,1459
simulated,openai-retention@t2/010-t4-start,openai-retention,L4,3000,True,2905
simulated,openai-retention@t2/010-t4-start,openai-retention,L4,6000,True,5442
simulated,openai-retention@t2/010-t4-start,openai-retention,L4,all,True,5442
simulated,openai-retention@t2/010-t4-start,openai-retention,L2,250,False,241
simulated,openai-retention@t2/010-t4-start,openai-retention,L2,500,False,380
simulated,openai-retention@t2/010-t4-start,openai-retention,L2,1000,False,769
simulated,openai-retention@t2/010-t4-start,openai-retention,L2,1500,False,1417
simulated,openai-retention@t2/010-t4-start,openai-retention,L2,3000,False,2818
simulated,openai-retention@t2/010-t4-start,openai-retention,L2,6000,True,5442
simulated,openai-retention@t2/010-t4-start,openai-retention,L2,all,True,5442
simulated,openai-retention@t2/010-t4-start,openai-retention,E1,250,False,214
simulated,openai-retention@t2/010-t4-start,openai-retention,E1,500,True,479
simulated,openai-retention@t2/010-t4-start,openai-retention,E1,1000,True,967
simulated,openai-retention@t2/010-t4-start,openai-retention,E1,1500,True,1486
simulated,openai-retention@t2/010-t4-start,openai-retention,E1,3000,True,2997
simulated,openai-retention@t2/010-t4-start,openai-retention,E1,6000,True,5255
simulated,openai-retention@t2/010-t4-start,openai-retention,E1,all,True,5255
simulated,openai-retention@t2/010-t4-start,openai-retention,E4,250,False,214
simulated,openai-retention@t2/010-t4-start,openai-retention,E4,500,False,468
simulated,openai-retention@t2/010-t4-start,openai-retention,E4,1000,True,969
simulated,openai-retention@t2/010-t4-start,openai-retention,E4,1500,True,1476
simulated,openai-retention@t2/010-t4-start,openai-retention,E4,3000,True,2993
simulated,openai-retention@t2/010-t4-start,openai-retention,E4,6000,True,5255
simulated,openai-retention@t2/010-t4-start,openai-retention,E4,all,True,5255
simulated,openai-retention@t2/010-t4-middle,openai-retention,D1,250,False,0
simulated,openai-retention@t2/010-t4-middle,openai-retention,D1,500,False,391
simulated,openai-retention@t2/010-t4-middle,openai-retention,D1,1000,False,768
simulated,openai-retention@t2/010-t4-middle,openai-retention,D1,1500,False,1351
simulated,openai-retention@t2/010-t4-middle,openai-retention,D1,3000,True,2903
simulated,openai-retention@t2/010-t4-middle,openai-retention,D1,6000,True,5964
simulated,openai-retention@t2/010-t4-middle,openai-retention,D1,all,True,5964
simulated,openai-retention@t2/010-t4-middle,openai-retention,D2,250,False,0
simulated,openai-retention@t2/010-t4-middle,openai-retention,D2,500,False,477
simulated,openai-retention@t2/010-t4-middle,openai-retention,D2,1000,False,651
simulated,openai-retention@t2/010-t4-middle,openai-retention,D2,1500,False,1467
simulated,openai-retention@t2/010-t4-middle,openai-retention,D2,3000,True,2821
simulated,openai-retention@t2/010-t4-middle,openai-retention,D2,6000,True,5964
simulated,openai-retention@t2/010-t4-middle,openai-retention,D2,all,True,5964
simulated,openai-retention@t2/010-t4-middle,openai-retention,B2,250,False,0
simulated,openai-retention@t2/010-t4-middle,openai-retention,B2,500,False,264
simulated,openai-retention@t2/010-t4-middle,openai-retention,B2,1000,False,796
simulated,openai-retention@t2/010-t4-middle,openai-retention,B2,1500,False,1316
simulated,openai-retention@t2/010-t4-middle,openai-retention,B2,3000,True,2894
simulated,openai-retention@t2/010-t4-middle,openai-retention,B2,6000,True,5975
simulated,openai-retention@t2/010-t4-middle,openai-retention,B2,all,True,11695
simulated,openai-retention@t2/010-t4-middle,openai-retention,D4,250,False,0
simulated,openai-retention@t2/010-t4-middle,openai-retention,D4,500,False,391
simulated,openai-retention@t2/010-t4-middle,openai-retention,D4,1000,True,841
simulated,openai-retention@t2/010-t4-middle,openai-retention,D4,1500,True,1218
simulated,openai-retention@t2/010-t4-middle,openai-retention,D4,3000,True,2848
simulated,openai-retention@t2/010-t4-middle,openai-retention,D4,6000,True,5964
simulated,openai-retention@t2/010-t4-middle,openai-retention,D4,all,True,5964
simulated,openai-retention@t2/010-t4-middle,openai-retention,Z4,250,False,0
simulated,openai-retention@t2/010-t4-middle,openai-retention,Z4,500,False,369
simulated,openai-retention@t2/010-t4-middle,openai-retention,Z4,1000,False,911
simulated,openai-retention@t2/010-t4-middle,openai-retention,Z4,1500,False,1417
simulated,openai-retention@t2/010-t4-middle,openai-retention,Z4,3000,True,2670
simulated,openai-retention@t2/010-t4-middle,openai-retention,Z4,6000,True,5915
simulated,openai-retention@t2/010-t4-middle,openai-retention,Z4,all,True,6013
simulated,openai-retention@t2/010-t4-middle,openai-retention,L4,250,False,0
simulated,openai-retention@t2/010-t4-middle,openai-retention,L4,500,False,399
simulated,openai-retention@t2/010-t4-middle,openai-retention,L4,1000,True,864
simulated,openai-retention@t2/010-t4-middle,openai-retention,L4,1500,True,1253
simulated,openai-retention@t2/010-t4-middle,openai-retention,L4,3000,True,2908
simulated,openai-retention@t2/010-t4-middle,openai-retention,L4,6000,True,5965
simulated,openai-retention@t2/010-t4-middle,openai-retention,L4,all,True,6240
simulated,openai-retention@t2/010-t4-middle,openai-retention,L2,250,False,0
simulated,openai-retention@t2/010-t4-middle,openai-retention,L2,500,False,494
simulated,openai-retention@t2/010-t4-middle,openai-retention,L2,1000,False,877
simulated,openai-retention@t2/010-t4-middle,openai-retention,L2,1500,True,1438
simulated,openai-retention@t2/010-t4-middle,openai-retention,L2,3000,True,2909
simulated,openai-retention@t2/010-t4-middle,openai-retention,L2,6000,True,5922
simulated,openai-retention@t2/010-t4-middle,openai-retention,L2,all,True,6240
simulated,openai-retention@t2/010-t4-middle,openai-retention,E1,250,False,236
simulated,openai-retention@t2/010-t4-middle,openai-retention,E1,500,False,467
simulated,openai-retention@t2/010-t4-middle,openai-retention,E1,1000,True,966
simulated,openai-retention@t2/010-t4-middle,openai-retention,E1,1500,True,1468
simulated,openai-retention@t2/010-t4-middle,openai-retention,E1,3000,True,2986
simulated,openai-retention@t2/010-t4-middle,openai-retention,E1,6000,True,5999
simulated,openai-retention@t2/010-t4-middle,openai-retention,E1,all,True,6411
simulated,openai-retention@t2/010-t4-middle,openai-retention,E4,250,False,230
simulated,openai-retention@t2/010-t4-middle,openai-retention,E4,500,False,491
simulated,openai-retention@t2/010-t4-middle,openai-retention,E4,1000,True,979
simulated,openai-retention@t2/010-t4-middle,openai-retention,E4,1500,True,1484
simulated,openai-retention@t2/010-t4-middle,openai-retention,E4,3000,True,2988
simulated,openai-retention@t2/010-t4-middle,openai-retention,E4,6000,True,5982
simulated,openai-retention@t2/010-t4-middle,openai-retention,E4,all,True,6411
simulated,openai-retention@t2/010-t5-start,openai-retention,D1,250,False,241
simulated,openai-retention@t2/010-t5-start,openai-retention,D1,500,False,241
simulated,openai-retention@t2/010-t5-start,openai-retention,D1,1000,False,700
simulated,openai-retention@t2/010-t5-start,openai-retention,D1,1500,False,1445
simulated,openai-retention@t2/010-t5-start,openai-retention,D1,3000,True,2843
simulated,openai-retention@t2/010-t5-start,openai-retention,D1,6000,True,5908
simulated,openai-retention@t2/010-t5-start,openai-retention,D1,all,True,6912
simulated,openai-retention@t2/010-t5-start,openai-retention,D2,250,False,0
simulated,openai-retention@t2/010-t5-start,openai-retention,D2,500,False,459
simulated,openai-retention@t2/010-t5-start,openai-retention,D2,1000,False,912
simulated,openai-retention@t2/010-t5-start,openai-retention,D2,1500,False,1498
simulated,openai-retention@t2/010-t5-start,openai-retention,D2,3000,False,2855
simulated,openai-retention@t2/010-t5-start,openai-retention,D2,6000,True,5978
simulated,openai-retention@t2/010-t5-start,openai-retention,D2,all,True,6912
simulated,openai-retention@t2/010-t5-start,openai-retention,B2,250,False,0
simulated,openai-retention@t2/010-t5-start,openai-retention,B2,500,False,486
simulated,openai-retention@t2/010-t5-start,openai-retention,B2,1000,False,911
simulated,openai-retention@t2/010-t5-start,openai-retention,B2,1500,False,1430
simulated,openai-retention@t2/010-t5-start,openai-retention,B2,3000,False,2752
simulated,openai-retention@t2/010-t5-start,openai-retention,B2,6000,False,5757
simulated,openai-retention@t2/010-t5-start,openai-retention,B2,all,True,13391
simulated,openai-retention@t2/010-t5-start,openai-retention,D4,250,False,0
simulated,openai-retention@t2/010-t5-start,openai-retention,D4,500,False,459
simulated,openai-retention@t2/010-t5-start,openai-retention,D4,1000,False,700
simulated,openai-retention@t2/010-t5-start,openai-retention,D4,1500,False,1330
simulated,openai-retention@t2/010-t5-start,openai-retention,D4,3000,False,2828
simulated,openai-retention@t2/010-t5-start,openai-retention,D4,6000,True,5910
simulated,openai-retention@t2/010-t5-start,openai-retention,D4,all,True,6912
simulated,openai-retention@t2/010-t5-start,openai-retention,Z4,250,False,0
simulated,openai-retention@t2/010-t5-start,openai-retention,Z4,500,False,328
simulated,openai-retention@t2/010-t5-start,openai-retention,Z4,1000,False,870
simulated,openai-retention@t2/010-t5-start,openai-retention,Z4,1500,False,1458
simulated,openai-retention@t2/010-t5-start,openai-retention,Z4,3000,False,2802
simulated,openai-retention@t2/010-t5-start,openai-retention,Z4,6000,False,5955
simulated,openai-retention@t2/010-t5-start,openai-retention,Z4,all,True,6852
simulated,openai-retention@t2/010-t5-start,openai-retention,L4,250,False,0
simulated,openai-retention@t2/010-t5-start,openai-retention,L4,500,False,471
simulated,openai-retention@t2/010-t5-start,openai-retention,L4,1000,False,723
simulated,openai-retention@t2/010-t5-start,openai-retention,L4,1500,False,1389
simulated,openai-retention@t2/010-t5-start,openai-retention,L4,3000,False,2938
simulated,openai-retention@t2/010-t5-start,openai-retention,L4,6000,True,5880
simulated,openai-retention@t2/010-t5-start,openai-retention,L4,all,True,7227
simulated,openai-retention@t2/010-t5-start,openai-retention,L2,250,False,0
simulated,openai-retention@t2/010-t5-start,openai-retention,L2,500,False,471
simulated,openai-retention@t2/010-t5-start,openai-retention,L2,1000,False,701
simulated,openai-retention@t2/010-t5-start,openai-retention,L2,1500,False,1352
simulated,openai-retention@t2/010-t5-start,openai-retention,L2,3000,True,2906
simulated,openai-retention@t2/010-t5-start,openai-retention,L2,6000,True,5989
simulated,openai-retention@t2/010-t5-start,openai-retention,L2,all,True,7227
simulated,openai-retention@t2/010-t5-start,openai-retention,E1,250,False,233
simulated,openai-retention@t2/010-t5-start,openai-retention,E1,500,False,477
simulated,openai-retention@t2/010-t5-start,openai-retention,E1,1000,True,986
simulated,openai-retention@t2/010-t5-start,openai-retention,E1,1500,True,1486
simulated,openai-retention@t2/010-t5-start,openai-retention,E1,3000,True,2974
simulated,openai-retention@t2/010-t5-start,openai-retention,E1,6000,True,5974
simulated,openai-retention@t2/010-t5-start,openai-retention,E1,all,True,7209
simulated,openai-retention@t2/010-t5-start,openai-retention,E4,250,False,238
simulated,openai-retention@t2/010-t5-start,openai-retention,E4,500,False,463
simulated,openai-retention@t2/010-t5-start,openai-retention,E4,1000,False,974
simulated,openai-retention@t2/010-t5-start,openai-retention,E4,1500,False,1473
simulated,openai-retention@t2/010-t5-start,openai-retention,E4,3000,False,2992
simulated,openai-retention@t2/010-t5-start,openai-retention,E4,6000,True,5982
simulated,openai-retention@t2/010-t5-start,openai-retention,E4,all,True,7209
simulated,openai-retention@t2/010-t5-middle,openai-retention,D1,250,False,156
simulated,openai-retention@t2/010-t5-middle,openai-retention,D1,500,False,156
simulated,openai-retention@t2/010-t5-middle,openai-retention,D1,1000,False,636
simulated,openai-retention@t2/010-t5-middle,openai-retention,D1,1500,False,1406
simulated,openai-retention@t2/010-t5-middle,openai-retention,D1,3000,False,2958
simulated,openai-retention@t2/010-t5-middle,openai-retention,D1,6000,True,5965
simulated,openai-retention@t2/010-t5-middle,openai-retention,D1,all,True,7597
simulated,openai-retention@t2/010-t5-middle,openai-retention,D2,250,False,126
simulated,openai-retention@t2/010-t5-middle,openai-retention,D2,500,False,462
simulated,openai-retention@t2/010-t5-middle,openai-retention,D2,1000,False,892
simulated,openai-retention@t2/010-t5-middle,openai-retention,D2,1500,False,1449
simulated,openai-retention@t2/010-t5-middle,openai-retention,D2,3000,True,2601
simulated,openai-retention@t2/010-t5-middle,openai-retention,D2,6000,True,5967
simulated,openai-retention@t2/010-t5-middle,openai-retention,D2,all,True,7597
simulated,openai-retention@t2/010-t5-middle,openai-retention,B2,250,False,0
simulated,openai-retention@t2/010-t5-middle,openai-retention,B2,500,False,275
simulated,openai-retention@t2/010-t5-middle,openai-retention,B2,1000,False,794
simulated,openai-retention@t2/010-t5-middle,openai-retention,B2,1500,False,1290
simulated,openai-retention@t2/010-t5-middle,openai-retention,B2,3000,False,2868
simulated,openai-retention@t2/010-t5-middle,openai-retention,B2,6000,False,5980
simulated,openai-retention@t2/010-t5-middle,openai-retention,B2,all,True,14925
simulated,openai-retention@t2/010-t5-middle,openai-retention,D4,250,False,0
simulated,openai-retention@t2/010-t5-middle,openai-retention,D4,500,False,480
simulated,openai-retention@t2/010-t5-middle,openai-retention,D4,1000,False,893
simulated,openai-retention@t2/010-t5-middle,openai-retention,D4,1500,True,1451
simulated,openai-retention@t2/010-t5-middle,openai-retention,D4,3000,True,2924
simulated,openai-retention@t2/010-t5-middle,openai-retention,D4,6000,True,5978
simulated,openai-retention@t2/010-t5-middle,openai-retention,D4,all,True,7597
simulated,openai-retention@t2/010-t5-middle,openai-retention,Z4,250,False,89
simulated,openai-retention@t2/010-t5-middle,openai-retention,Z4,500,False,449
simulated,openai-retention@t2/010-t5-middle,openai-retention,Z4,1000,False,991
simulated,openai-retention@t2/010-t5-middle,openai-retention,Z4,1500,False,1341
simulated,openai-retention@t2/010-t5-middle,openai-retention,Z4,3000,False,2589
simulated,openai-retention@t2/010-t5-middle,openai-retention,Z4,6000,True,5754
simulated,openai-retention@t2/010-t5-middle,openai-retention,Z4,all,True,7622
simulated,openai-retention@t2/010-t5-middle,openai-retention,L4,250,False,0
simulated,openai-retention@t2/010-t5-middle,openai-retention,L4,500,False,498
simulated,openai-retention@t2/010-t5-middle,openai-retention,L4,1000,False,929
simulated,openai-retention@t2/010-t5-middle,openai-retention,L4,1500,False,1419
simulated,openai-retention@t2/010-t5-middle,openai-retention,L4,3000,True,2865
simulated,openai-retention@t2/010-t5-middle,openai-retention,L4,6000,True,5639
simulated,openai-retention@t2/010-t5-middle,openai-retention,L4,all,True,7944
simulated,openai-retention@t2/010-t5-middle,openai-retention,L2,250,False,165
simulated,openai-retention@t2/010-t5-middle,openai-retention,L2,500,False,495
simulated,openai-retention@t2/010-t5-middle,openai-retention,L2,1000,False,956
simulated,openai-retention@t2/010-t5-middle,openai-retention,L2,1500,True,1348
simulated,openai-retention@t2/010-t5-middle,openai-retention,L2,3000,True,2870
simulated,openai-retention@t2/010-t5-middle,openai-retention,L2,6000,True,5854
simulated,openai-retention@t2/010-t5-middle,openai-retention,L2,all,True,7944
simulated,openai-retention@t2/010-t5-middle,openai-retention,E1,250,False,230
simulated,openai-retention@t2/010-t5-middle,openai-retention,E1,500,False,500
simulated,openai-retention@t2/010-t5-middle,openai-retention,E1,1000,True,978
simulated,openai-retention@t2/010-t5-middle,openai-retention,E1,1500,True,1476
simulated,openai-retention@t2/010-t5-middle,openai-retention,E1,3000,True,2974
simulated,openai-retention@t2/010-t5-middle,openai-retention,E1,6000,True,5970
simulated,openai-retention@t2/010-t5-middle,openai-retention,E1,all,True,7938
simulated,openai-retention@t2/010-t5-middle,openai-retention,E4,250,False,220
simulated,openai-retention@t2/010-t5-middle,openai-retention,E4,500,False,480
simulated,openai-retention@t2/010-t5-middle,openai-retention,E4,1000,False,991
simulated,openai-retention@t2/010-t5-middle,openai-retention,E4,1500,False,1482
simulated,openai-retention@t2/010-t5-middle,openai-retention,E4,3000,True,2985
simulated,openai-retention@t2/010-t5-middle,openai-retention,E4,6000,True,5996
simulated,openai-retention@t2/010-t5-middle,openai-retention,E4,all,True,7938
simulated,openai-discount@t3/007-t4-start,openai-discount,D1,250,False,0
simulated,openai-discount@t3/007-t4-start,openai-discount,D1,500,False,377
simulated,openai-discount@t3/007-t4-start,openai-discount,D1,1000,True,964
simulated,openai-discount@t3/007-t4-start,openai-discount,D1,1500,True,1498
simulated,openai-discount@t3/007-t4-start,openai-discount,D1,3000,True,2871
simulated,openai-discount@t3/007-t4-start,openai-discount,D1,6000,True,5192
simulated,openai-discount@t3/007-t4-start,openai-discount,D1,all,True,5192
simulated,openai-discount@t3/007-t4-start,openai-discount,D2,250,False,233
simulated,openai-discount@t3/007-t4-start,openai-discount,D2,500,False,361
simulated,openai-discount@t3/007-t4-start,openai-discount,D2,1000,False,747
simulated,openai-discount@t3/007-t4-start,openai-discount,D2,1500,True,1478
simulated,openai-discount@t3/007-t4-start,openai-discount,D2,3000,True,2938
simulated,openai-discount@t3/007-t4-start,openai-discount,D2,6000,True,5192
simulated,openai-discount@t3/007-t4-start,openai-discount,D2,all,True,5192
simulated,openai-discount@t3/007-t4-start,openai-discount,B2,250,False,0
simulated,openai-discount@t3/007-t4-start,openai-discount,B2,500,False,266
simulated,openai-discount@t3/007-t4-start,openai-discount,B2,1000,False,805
simulated,openai-discount@t3/007-t4-start,openai-discount,B2,1500,False,1344
simulated,openai-discount@t3/007-t4-start,openai-discount,B2,3000,True,2891
simulated,openai-discount@t3/007-t4-start,openai-discount,B2,6000,True,5886
simulated,openai-discount@t3/007-t4-start,openai-discount,B2,all,True,9666
simulated,openai-discount@t3/007-t4-start,openai-discount,D4,250,False,0
simulated,openai-discount@t3/007-t4-start,openai-discount,D4,500,False,377
simulated,openai-discount@t3/007-t4-start,openai-discount,D4,1000,False,993
simulated,openai-discount@t3/007-t4-start,openai-discount,D4,1500,True,1495
simulated,openai-discount@t3/007-t4-start,openai-discount,D4,3000,True,2990
simulated,openai-discount@t3/007-t4-start,openai-discount,D4,6000,True,5192
simulated,openai-discount@t3/007-t4-start,openai-discount,D4,all,True,5192
simulated,openai-discount@t3/007-t4-start,openai-discount,Z4,250,False,0
simulated,openai-discount@t3/007-t4-start,openai-discount,Z4,500,False,0
simulated,openai-discount@t3/007-t4-start,openai-discount,Z4,1000,True,542
simulated,openai-discount@t3/007-t4-start,openai-discount,Z4,1500,True,1377
simulated,openai-discount@t3/007-t4-start,openai-discount,Z4,3000,True,2802
simulated,openai-discount@t3/007-t4-start,openai-discount,Z4,6000,True,5115
simulated,openai-discount@t3/007-t4-start,openai-discount,Z4,all,True,5115
simulated,openai-discount@t3/007-t4-start,openai-discount,L4,250,False,0
simulated,openai-discount@t3/007-t4-start,openai-discount,L4,500,False,389
simulated,openai-discount@t3/007-t4-start,openai-discount,L4,1000,True,991
simulated,openai-discount@t3/007-t4-start,openai-discount,L4,1500,True,1459
simulated,openai-discount@t3/007-t4-start,openai-discount,L4,3000,True,2974
simulated,openai-discount@t3/007-t4-start,openai-discount,L4,6000,True,5442
simulated,openai-discount@t3/007-t4-start,openai-discount,L4,all,True,5442
simulated,openai-discount@t3/007-t4-start,openai-discount,L2,250,False,241
simulated,openai-discount@t3/007-t4-start,openai-discount,L2,500,False,380
simulated,openai-discount@t3/007-t4-start,openai-discount,L2,1000,False,775
simulated,openai-discount@t3/007-t4-start,openai-discount,L2,1500,True,1231
simulated,openai-discount@t3/007-t4-start,openai-discount,L2,3000,True,2972
simulated,openai-discount@t3/007-t4-start,openai-discount,L2,6000,True,5442
simulated,openai-discount@t3/007-t4-start,openai-discount,L2,all,True,5442
simulated,openai-discount@t3/007-t4-start,openai-discount,E1,250,False,224
simulated,openai-discount@t3/007-t4-start,openai-discount,E1,500,False,492
simulated,openai-discount@t3/007-t4-start,openai-discount,E1,1000,True,955
simulated,openai-discount@t3/007-t4-start,openai-discount,E1,1500,True,1467
simulated,openai-discount@t3/007-t4-start,openai-discount,E1,3000,True,2974
simulated,openai-discount@t3/007-t4-start,openai-discount,E1,6000,True,5255
simulated,openai-discount@t3/007-t4-start,openai-discount,E1,all,True,5255
simulated,openai-discount@t3/007-t4-start,openai-discount,E4,250,False,235
simulated,openai-discount@t3/007-t4-start,openai-discount,E4,500,False,469
simulated,openai-discount@t3/007-t4-start,openai-discount,E4,1000,True,971
simulated,openai-discount@t3/007-t4-start,openai-discount,E4,1500,True,1490
simulated,openai-discount@t3/007-t4-start,openai-discount,E4,3000,True,2973
simulated,openai-discount@t3/007-t4-start,openai-discount,E4,6000,True,5255
simulated,openai-discount@t3/007-t4-start,openai-discount,E4,all,True,5255
simulated,openai-discount@t3/007-t4-middle,openai-discount,D1,250,False,0
simulated,openai-discount@t3/007-t4-middle,openai-discount,D1,500,False,391
simulated,openai-discount@t3/007-t4-middle,openai-discount,D1,1000,False,850
simulated,openai-discount@t3/007-t4-middle,openai-discount,D1,1500,False,1177
simulated,openai-discount@t3/007-t4-middle,openai-discount,D1,3000,False,2939
simulated,openai-discount@t3/007-t4-middle,openai-discount,D1,6000,True,5964
simulated,openai-discount@t3/007-t4-middle,openai-discount,D1,all,True,5964
simulated,openai-discount@t3/007-t4-middle,openai-discount,D2,250,False,0
simulated,openai-discount@t3/007-t4-middle,openai-discount,D2,500,False,391
simulated,openai-discount@t3/007-t4-middle,openai-discount,D2,1000,False,768
simulated,openai-discount@t3/007-t4-middle,openai-discount,D2,1500,True,1250
simulated,openai-discount@t3/007-t4-middle,openai-discount,D2,3000,True,2725
simulated,openai-discount@t3/007-t4-middle,openai-discount,D2,6000,True,5964
simulated,openai-discount@t3/007-t4-middle,openai-discount,D2,all,True,5964
simulated,openai-discount@t3/007-t4-middle,openai-discount,B2,250,False,0
simulated,openai-discount@t3/007-t4-middle,openai-discount,B2,500,False,264
simulated,openai-discount@t3/007-t4-middle,openai-discount,B2,1000,False,796
simulated,openai-discount@t3/007-t4-middle,openai-discount,B2,1500,False,1332
simulated,openai-discount@t3/007-t4-middle,openai-discount,B2,3000,True,2909
simulated,openai-discount@t3/007-t4-middle,openai-discount,B2,6000,True,5975
simulated,openai-discount@t3/007-t4-middle,openai-discount,B2,all,True,11695
simulated,openai-discount@t3/007-t4-middle,openai-discount,D4,250,False,0
simulated,openai-discount@t3/007-t4-middle,openai-discount,D4,500,False,457
simulated,openai-discount@t3/007-t4-middle,openai-discount,D4,1000,False,784
simulated,openai-discount@t3/007-t4-middle,openai-discount,D4,1500,False,1168
simulated,openai-discount@t3/007-t4-middle,openai-discount,D4,3000,True,2965
simulated,openai-discount@t3/007-t4-middle,openai-discount,D4,6000,True,5964
simulated,openai-discount@t3/007-t4-middle,openai-discount,D4,all,True,5964
simulated,openai-discount@t3/007-t4-middle,openai-discount,Z4,250,False,0
simulated,openai-discount@t3/007-t4-middle,openai-discount,Z4,500,False,268
simulated,openai-discount@t3/007-t4-middle,openai-discount,Z4,1000,True,911
simulated,openai-discount@t3/007-t4-middle,openai-discount,Z4,1500,True,1271
simulated,openai-discount@t3/007-t4-middle,openai-discount,Z4,3000,True,2999
simulated,openai-discount@t3/007-t4-middle,openai-discount,Z4,6000,True,5915
simulated,openai-discount@t3/007-t4-middle,openai-discount,Z4,all,True,6013
simulated,openai-discount@t3/007-t4-middle,openai-discount,L4,250,False,0
simulated,openai-discount@t3/007-t4-middle,openai-discount,L4,500,False,472
simulated,openai-discount@t3/007-t4-middle,openai-discount,L4,1000,False,808
simulated,openai-discount@t3/007-t4-middle,openai-discount,L4,1500,False,1200
simulated,openai-discount@t3/007-t4-middle,openai-discount,L4,3000,True,2789
simulated,openai-discount@t3/007-t4-middle,openai-discount,L4,6000,True,5954
simulated,openai-discount@t3/007-t4-middle,openai-discount,L4,all,True,6240
simulated,openai-discount@t3/007-t4-middle,openai-discount,L2,250,False,0
simulated,openai-discount@t3/007-t4-middle,openai-discount,L2,500,False,399
simulated,openai-discount@t3/007-t4-middle,openai-discount,L2,1000,False,704
simulated,openai-discount@t3/007-t4-middle,openai-discount,L2,1500,True,1456
simulated,openai-discount@t3/007-t4-middle,openai-discount,L2,3000,True,2964
simulated,openai-discount@t3/007-t4-middle,openai-discount,L2,6000,True,5965
simulated,openai-discount@t3/007-t4-middle,openai-discount,L2,all,True,6240
simulated,openai-discount@t3/007-t4-middle,openai-discount,E1,250,False,222
simulated,openai-discount@t3/007-t4-middle,openai-discount,E1,500,False,476
simulated,openai-discount@t3/007-t4-middle,openai-discount,E1,1000,True,983
simulated,openai-discount@t3/007-t4-middle,openai-discount,E1,1500,True,1490
simulated,openai-discount@t3/007-t4-middle,openai-discount,E1,3000,True,2989
simulated,openai-discount@t3/007-t4-middle,openai-discount,E1,6000,True,5956
simulated,openai-discount@t3/007-t4-middle,openai-discount,E1,all,True,6411
simulated,openai-discount@t3/007-t4-middle,openai-discount,E4,250,False,234
simulated,openai-discount@t3/007-t4-middle,openai-discount,E4,500,False,462
simulated,openai-discount@t3/007-t4-middle,openai-discount,E4,1000,False,997
simulated,openai-discount@t3/007-t4-middle,openai-discount,E4,1500,True,1489
simulated,openai-discount@t3/007-t4-middle,openai-discount,E4,3000,True,3000
simulated,openai-discount@t3/007-t4-middle,openai-discount,E4,6000,True,5969
simulated,openai-discount@t3/007-t4-middle,openai-discount,E4,all,True,6411
simulated,openai-discount@t3/007-t5-start,openai-discount,D1,250,False,0
simulated,openai-discount@t3/007-t5-start,openai-discount,D1,500,False,459
simulated,openai-discount@t3/007-t5-start,openai-discount,D1,1000,False,700
simulated,openai-discount@t3/007-t5-start,openai-discount,D1,1500,False,1418
simulated,openai-discount@t3/007-t5-start,openai-discount,D1,3000,True,2919
simulated,openai-discount@t3/007-t5-start,openai-discount,D1,6000,True,5869
simulated,openai-discount@t3/007-t5-start,openai-discount,D1,all,True,6912
simulated,openai-discount@t3/007-t5-start,openai-discount,D2,250,False,0
simulated,openai-discount@t3/007-t5-start,openai-discount,D2,500,False,459
simulated,openai-discount@t3/007-t5-start,openai-discount,D2,1000,False,936
simulated,openai-discount@t3/007-t5-start,openai-discount,D2,1500,False,1389
simulated,openai-discount@t3/007-t5-start,openai-discount,D2,3000,True,2889
simulated,openai-discount@t3/007-t5-start,openai-discount,D2,6000,True,5925
simulated,openai-discount@t3/007-t5-start,openai-discount,D2,all,True,6912
simulated,openai-discount@t3/007-t5-start,openai-discount,B2,250,False,228
simulated,openai-discount@t3/007-t5-start,openai-discount,B2,500,False,486
simulated,openai-discount@t3/007-t5-start,openai-discount,B2,1000,False,743
simulated,openai-discount@t3/007-t5-start,openai-discount,B2,1500,False,1447
simulated,openai-discount@t3/007-t5-start,openai-discount,B2,3000,True,2979
simulated,openai-discount@t3/007-t5-start,openai-discount,B2,6000,True,5822
simulated,openai-discount@t3/007-t5-start,openai-discount,B2,all,True,13391
simulated,openai-discount@t3/007-t5-start,openai-discount,D4,250,False,0
simulated,openai-discount@t3/007-t5-start,openai-discount,D4,500,False,459
simulated,openai-discount@t3/007-t5-start,openai-discount,D4,1000,True,813
simulated,openai-discount@t3/007-t5-start,openai-discount,D4,1500,True,1381
simulated,openai-discount@t3/007-t5-start,openai-discount,D4,3000,True,2633
simulated,openai-discount@t3/007-t5-start,openai-discount,D4,6000,True,5976
simulated,openai-discount@t3/007-t5-start,openai-discount,D4,all,True,6912
simulated,openai-discount@t3/007-t5-start,openai-discount,Z4,250,False,0
simulated,openai-discount@t3/007-t5-start,openai-discount,Z4,500,False,328
simulated,openai-discount@t3/007-t5-start,openai-discount,Z4,1000,True,870
simulated,openai-discount@t3/007-t5-start,openai-discount,Z4,1500,True,1230
simulated,openai-discount@t3/007-t5-start,openai-discount,Z4,3000,True,2904
simulated,openai-discount@t3/007-t5-start,openai-discount,Z4,6000,True,5967
simulated,openai-discount@t3/007-t5-start,openai-discount,Z4,all,True,6852
simulated,openai-discount@t3/007-t5-start,openai-discount,L4,250,False,0
simulated,openai-discount@t3/007-t5-start,openai-discount,L4,500,False,471
simulated,openai-discount@t3/007-t5-start,openai-discount,L4,1000,True,834
simulated,openai-discount@t3/007-t5-start,openai-discount,L4,1500,True,1422
simulated,openai-discount@t3/007-t5-start,openai-discount,L4,3000,True,2735
simulated,openai-discount@t3/007-t5-start,openai-discount,L4,6000,True,5972
simulated,openai-discount@t3/007-t5-start,openai-discount,L4,all,True,7227
simulated,openai-discount@t3/007-t5-start,openai-discount,L2,250,False,0
simulated,openai-discount@t3/007-t5-start,openai-discount,L2,500,False,471
simulated,openai-discount@t3/007-t5-start,openai-discount,L2,1000,False,870
simulated,openai-discount@t3/007-t5-start,openai-discount,L2,1500,False,1436
simulated,openai-discount@t3/007-t5-start,openai-discount,L2,3000,True,2980
simulated,openai-discount@t3/007-t5-start,openai-discount,L2,6000,True,5964
simulated,openai-discount@t3/007-t5-start,openai-discount,L2,all,True,7227
simulated,openai-discount@t3/007-t5-start,openai-discount,E1,250,False,225
simulated,openai-discount@t3/007-t5-start,openai-discount,E1,500,False,483
simulated,openai-discount@t3/007-t5-start,openai-discount,E1,1000,False,1000
simulated,openai-discount@t3/007-t5-start,openai-discount,E1,1500,True,1476
simulated,openai-discount@t3/007-t5-start,openai-discount,E1,3000,True,2971
simulated,openai-discount@t3/007-t5-start,openai-discount,E1,6000,True,5974
simulated,openai-discount@t3/007-t5-start,openai-discount,E1,all,True,7209
simulated,openai-discount@t3/007-t5-start,openai-discount,E4,250,True,247
simulated,openai-discount@t3/007-t5-start,openai-discount,E4,500,True,463
simulated,openai-discount@t3/007-t5-start,openai-discount,E4,1000,True,988
simulated,openai-discount@t3/007-t5-start,openai-discount,E4,1500,True,1464
simulated,openai-discount@t3/007-t5-start,openai-discount,E4,3000,True,2983
simulated,openai-discount@t3/007-t5-start,openai-discount,E4,6000,True,5978
simulated,openai-discount@t3/007-t5-start,openai-discount,E4,all,True,7209
simulated,openai-discount@t3/007-t5-middle,openai-discount,D1,250,False,156
simulated,openai-discount@t3/007-t5-middle,openai-discount,D1,500,False,156
simulated,openai-discount@t3/007-t5-middle,openai-discount,D1,1000,True,947
simulated,openai-discount@t3/007-t5-middle,openai-discount,D1,1500,True,1324
simulated,openai-discount@t3/007-t5-middle,openai-discount,D1,3000,True,2850
simulated,openai-discount@t3/007-t5-middle,openai-discount,D1,6000,True,5948
simulated,openai-discount@t3/007-t5-middle,openai-discount,D1,all,True,7597
simulated,openai-discount@t3/007-t5-middle,openai-discount,D2,250,False,162
simulated,openai-discount@t3/007-t5-middle,openai-discount,D2,500,False,489
simulated,openai-discount@t3/007-t5-middle,openai-discount,D2,1000,False,992
simulated,openai-discount@t3/007-t5-middle,openai-discount,D2,1500,True,1494
simulated,openai-discount@t3/007-t5-middle,openai-discount,D2,3000,True,2888
simulated,openai-discount@t3/007-t5-middle,openai-discount,D2,6000,True,5951
simulated,openai-discount@t3/007-t5-middle,openai-discount,D2,all,True,7597
simulated,openai-discount@t3/007-t5-middle,openai-discount,B2,250,False,0
simulated,openai-discount@t3/007-t5-middle,openai-discount,B2,500,False,279
simulated,openai-discount@t3/007-t5-middle,openai-discount,B2,1000,False,799
simulated,openai-discount@t3/007-t5-middle,openai-discount,B2,1500,False,1333
simulated,openai-discount@t3/007-t5-middle,openai-discount,B2,3000,True,2884
simulated,openai-discount@t3/007-t5-middle,openai-discount,B2,6000,True,5776
simulated,openai-discount@t3/007-t5-middle,openai-discount,B2,all,True,14925
simulated,openai-discount@t3/007-t5-middle,openai-discount,D4,250,False,0
simulated,openai-discount@t3/007-t5-middle,openai-discount,D4,500,True,354
simulated,openai-discount@t3/007-t5-middle,openai-discount,D4,1000,True,923
simulated,openai-discount@t3/007-t5-middle,openai-discount,D4,1500,True,1115
simulated,openai-discount@t3/007-t5-middle,openai-discount,D4,3000,True,2850
simulated,openai-discount@t3/007-t5-middle,openai-discount,D4,6000,True,5900
simulated,openai-discount@t3/007-t5-middle,openai-discount,D4,all,True,7597
simulated,openai-discount@t3/007-t5-middle,openai-discount,Z4,250,False,89
simulated,openai-discount@t3/007-t5-middle,openai-discount,Z4,500,False,89
simulated,openai-discount@t3/007-t5-middle,openai-discount,Z4,1000,True,991
simulated,openai-discount@t3/007-t5-middle,openai-discount,Z4,1500,True,1400
simulated,openai-discount@t3/007-t5-middle,openai-discount,Z4,3000,True,2714
simulated,openai-discount@t3/007-t5-middle,openai-discount,Z4,6000,True,5817
simulated,openai-discount@t3/007-t5-middle,openai-discount,Z4,all,True,7622
simulated,openai-discount@t3/007-t5-middle,openai-discount,L4,250,False,0
simulated,openai-discount@t3/007-t5-middle,openai-discount,L4,500,True,363
simulated,openai-discount@t3/007-t5-middle,openai-discount,L4,1000,True,959
simulated,openai-discount@t3/007-t5-middle,openai-discount,L4,1500,True,1167
simulated,openai-discount@t3/007-t5-middle,openai-discount,L4,3000,True,2911
simulated,openai-discount@t3/007-t5-middle,openai-discount,L4,6000,True,5932
simulated,openai-discount@t3/007-t5-middle,openai-discount,L4,all,True,7944
simulated,openai-discount@t3/007-t5-middle,openai-discount,L2,250,False,242
simulated,openai-discount@t3/007-t5-middle,openai-discount,L2,500,False,242
simulated,openai-discount@t3/007-t5-middle,openai-discount,L2,1000,False,806
simulated,openai-discount@t3/007-t5-middle,openai-discount,L2,1500,True,1410
simulated,openai-discount@t3/007-t5-middle,openai-discount,L2,3000,True,2830
simulated,openai-discount@t3/007-t5-middle,openai-discount,L2,6000,True,5743
simulated,openai-discount@t3/007-t5-middle,openai-discount,L2,all,True,7944
simulated,openai-discount@t3/007-t5-middle,openai-discount,E1,250,False,231
simulated,openai-discount@t3/007-t5-middle,openai-discount,E1,500,True,479
simulated,openai-discount@t3/007-t5-middle,openai-discount,E1,1000,True,992
simulated,openai-discount@t3/007-t5-middle,openai-discount,E1,1500,True,1489
simulated,openai-discount@t3/007-t5-middle,openai-discount,E1,3000,True,2998
simulated,openai-discount@t3/007-t5-middle,openai-discount,E1,6000,True,5998
simulated,openai-discount@t3/007-t5-middle,openai-discount,E1,all,True,7938
simulated,openai-discount@t3/007-t5-middle,openai-discount,E4,250,False,240
simulated,openai-discount@t3/007-t5-middle,openai-discount,E4,500,False,487
simulated,openai-discount@t3/007-t5-middle,openai-discount,E4,1000,True,980
simulated,openai-discount@t3/007-t5-middle,openai-discount,E4,1500,True,1464
simulated,openai-discount@t3/007-t5-middle,openai-discount,E4,3000,True,2962
simulated,openai-discount@t3/007-t5-middle,openai-discount,E4,6000,True,5993
simulated,openai-discount@t3/007-t5-middle,openai-discount,E4,all,True,7938
simulated,openai-exec_contact@t4/007-t5-start,openai-exec_contact,D1,250,False,0
simulated,openai-exec_contact@t4/007-t5-start,openai-exec_contact,D1,500,False,459
simulated,openai-exec_contact@t4/007-t5-start,openai-exec_contact,D1,1000,False,700
simulated,openai-exec_contact@t4/007-t5-start,openai-exec_contact,D1,1500,True,1445
simulated,openai-exec_contact@t4/007-t5-start,openai-exec_contact,D1,3000,True,2937
simulated,openai-exec_contact@t4/007-t5-start,openai-exec_contact,D1,6000,True,5922
simulated,openai-exec_contact@t4/007-t5-start,openai-exec_contact,D1,all,True,6912
simulated,openai-exec_contact@t4/007-t5-start,openai-exec_contact,D2,250,False,0
simulated,openai-exec_contact@t4/007-t5-start,openai-exec_contact,D2,500,False,459
simulated,openai-exec_contact@t4/007-t5-start,openai-exec_contact,D2,1000,False,912
simulated,openai-exec_contact@t4/007-t5-start,openai-exec_contact,D2,1500,True,1498
simulated,openai-exec_contact@t4/007-t5-start,openai-exec_contact,D2,3000,True,2989
simulated,openai-exec_contact@t4/007-t5-start,openai-exec_contact,D2,6000,True,5972
simulated,openai-exec_contact@t4/007-t5-start,openai-exec_contact,D2,all,True,6912
simulated,openai-exec_contact@t4/007-t5-start,openai-exec_contact,B2,250,False,228
simulated,openai-exec_contact@t4/007-t5-start,openai-exec_contact,B2,500,False,439
simulated,openai-exec_contact@t4/007-t5-start,openai-exec_contact,B2,1000,False,911
simulated,openai-exec_contact@t4/007-t5-start,openai-exec_contact,B2,1500,False,1394
simulated,openai-exec_contact@t4/007-t5-start,openai-exec_contact,B2,3000,True,2874
simulated,openai-exec_contact@t4/007-t5-start,openai-exec_contact,B2,6000,True,5748
simulated,openai-exec_contact@t4/007-t5-start,openai-exec_contact,B2,all,True,13391
simulated,openai-exec_contact@t4/007-t5-start,openai-exec_contact,D4,250,False,0
simulated,openai-exec_contact@t4/007-t5-start,openai-exec_contact,D4,500,False,459
simulated,openai-exec_contact@t4/007-t5-start,openai-exec_contact,D4,1000,False,700
simulated,openai-exec_contact@t4/007-t5-start,openai-exec_contact,D4,1500,False,1493
simulated,openai-exec_contact@t4/007-t5-start,openai-exec_contact,D4,3000,False,2928
simulated,openai-exec_contact@t4/007-t5-start,openai-exec_contact,D4,6000,True,5921
simulated,openai-exec_contact@t4/007-t5-start,openai-exec_contact,D4,all,True,6912
simulated,openai-exec_contact@t4/007-t5-start,openai-exec_contact,Z4,250,False,0
simulated,openai-exec_contact@t4/007-t5-start,openai-exec_contact,Z4,500,False,328
simulated,openai-exec_contact@t4/007-t5-start,openai-exec_contact,Z4,1000,False,870
simulated,openai-exec_contact@t4/007-t5-start,openai-exec_contact,Z4,1500,False,1230
simulated,openai-exec_contact@t4/007-t5-start,openai-exec_contact,Z4,3000,False,2550
simulated,openai-exec_contact@t4/007-t5-start,openai-exec_contact,Z4,6000,False,5756
simulated,openai-exec_contact@t4/007-t5-start,openai-exec_contact,Z4,all,True,6852
simulated,openai-exec_contact@t4/007-t5-start,openai-exec_contact,L4,250,False,0
simulated,openai-exec_contact@t4/007-t5-start,openai-exec_contact,L4,500,False,471
simulated,openai-exec_contact@t4/007-t5-start,openai-exec_contact,L4,1000,False,723
simulated,openai-exec_contact@t4/007-t5-start,openai-exec_contact,L4,1500,False,1289
simulated,openai-exec_contact@t4/007-t5-start,openai-exec_contact,L4,3000,False,2792
simulated,openai-exec_contact@t4/007-t5-start,openai-exec_contact,L4,6000,True,5989
simulated,openai-exec_contact@t4/007-t5-start,openai-exec_contact,L4,all,True,7227
simulated,openai-exec_contact@t4/007-t5-start,openai-exec_contact,L2,250,False,0
simulated,openai-exec_contact@t4/007-t5-start,openai-exec_contact,L2,500,False,471
simulated,openai-exec_contact@t4/007-t5-start,openai-exec_contact,L2,1000,False,953
simulated,openai-exec_contact@t4/007-t5-start,openai-exec_contact,L2,1500,False,1285
simulated,openai-exec_contact@t4/007-t5-start,openai-exec_contact,L2,3000,True,2833
simulated,openai-exec_contact@t4/007-t5-start,openai-exec_contact,L2,6000,True,5918
simulated,openai-exec_contact@t4/007-t5-start,openai-exec_contact,L2,all,True,7227
simulated,openai-exec_contact@t4/007-t5-start,openai-exec_contact,E1,250,False,250
simulated,openai-exec_contact@t4/007-t5-start,openai-exec_contact,E1,500,False,496
simulated,openai-exec_contact@t4/007-t5-start,openai-exec_contact,E1,1000,False,989
simulated,openai-exec_contact@t4/007-t5-start,openai-exec_contact,E1,1500,True,1496
simulated,openai-exec_contact@t4/007-t5-start,openai-exec_contact,E1,3000,True,2996
simulated,openai-exec_contact@t4/007-t5-start,openai-exec_contact,E1,6000,True,5972
simulated,openai-exec_contact@t4/007-t5-start,openai-exec_contact,E1,all,True,7209
simulated,openai-exec_contact@t4/007-t5-start,openai-exec_contact,E4,250,True,226
simulated,openai-exec_contact@t4/007-t5-start,openai-exec_contact,E4,500,True,456
simulated,openai-exec_contact@t4/007-t5-start,openai-exec_contact,E4,1000,True,994
simulated,openai-exec_contact@t4/007-t5-start,openai-exec_contact,E4,1500,True,1464
simulated,openai-exec_contact@t4/007-t5-start,openai-exec_contact,E4,3000,True,2995
simulated,openai-exec_contact@t4/007-t5-start,openai-exec_contact,E4,6000,True,5969
simulated,openai-exec_contact@t4/007-t5-start,openai-exec_contact,E4,all,True,7209
simulated,openai-exec_contact@t4/007-t5-middle,openai-exec_contact,D1,250,False,0
simulated,openai-exec_contact@t4/007-t5-middle,openai-exec_contact,D1,500,False,459
simulated,openai-exec_contact@t4/007-t5-middle,openai-exec_contact,D1,1000,False,969
simulated,openai-exec_contact@t4/007-t5-middle,openai-exec_contact,D1,1500,False,1490
simulated,openai-exec_contact@t4/007-t5-middle,openai-exec_contact,D1,3000,False,2771
simulated,openai-exec_contact@t4/007-t5-middle,openai-exec_contact,D1,6000,True,5917
simulated,openai-exec_contact@t4/007-t5-middle,openai-exec_contact,D1,all,True,7597
simulated,openai-exec_contact@t4/007-t5-middle,openai-exec_contact,D2,250,False,126
simulated,openai-exec_contact@t4/007-t5-middle,openai-exec_contact,D2,500,False,372
simulated,openai-exec_contact@t4/007-t5-middle,openai-exec_contact,D2,1000,False,873
simulated,openai-exec_contact@t4/007-t5-middle,openai-exec_contact,D2,1500,False,1426
simulated,openai-exec_contact@t4/007-t5-middle,openai-exec_contact,D2,3000,True,2965
simulated,openai-exec_contact@t4/007-t5-middle,openai-exec_contact,D2,6000,True,5813
simulated,openai-exec_contact@t4/007-t5-middle,openai-exec_contact,D2,all,True,7597
simulated,openai-exec_contact@t4/007-t5-middle,openai-exec_contact,B2,250,False,0
simulated,openai-exec_contact@t4/007-t5-middle,openai-exec_contact,B2,500,False,258
simulated,openai-exec_contact@t4/007-t5-middle,openai-exec_contact,B2,1000,False,774
simulated,openai-exec_contact@t4/007-t5-middle,openai-exec_contact,B2,1500,False,1296
simulated,openai-exec_contact@t4/007-t5-middle,openai-exec_contact,B2,3000,False,2866
simulated,openai-exec_contact@t4/007-t5-middle,openai-exec_contact,B2,6000,False,5970
simulated,openai-exec_contact@t4/007-t5-middle,openai-exec_contact,B2,all,True,14925
simulated,openai-exec_contact@t4/007-t5-middle,openai-exec_contact,D4,250,False,0
simulated,openai-exec_contact@t4/007-t5-middle,openai-exec_contact,D4,500,False,354
simulated,openai-exec_contact@t4/007-t5-middle,openai-exec_contact,D4,1000,False,963
simulated,openai-exec_contact@t4/007-t5-middle,openai-exec_contact,D4,1500,False,1435
simulated,openai-exec_contact@t4/007-t5-middle,openai-exec_contact,D4,3000,False,2685
simulated,openai-exec_contact@t4/007-t5-middle,openai-exec_contact,D4,6000,True,5884
simulated,openai-exec_contact@t4/007-t5-middle,openai-exec_contact,D4,all,True,7597
simulated,openai-exec_contact@t4/007-t5-middle,openai-exec_contact,Z4,250,False,0
simulated,openai-exec_contact@t4/007-t5-middle,openai-exec_contact,Z4,500,False,0
simulated,openai-exec_contact@t4/007-t5-middle,openai-exec_contact,Z4,1000,False,963
simulated,openai-exec_contact@t4/007-t5-middle,openai-exec_contact,Z4,1500,False,1323
simulated,openai-exec_contact@t4/007-t5-middle,openai-exec_contact,Z4,3000,False,2714
simulated,openai-exec_contact@t4/007-t5-middle,openai-exec_contact,Z4,6000,False,5880
simulated,openai-exec_contact@t4/007-t5-middle,openai-exec_contact,Z4,all,True,7622
simulated,openai-exec_contact@t4/007-t5-middle,openai-exec_contact,L4,250,False,0
simulated,openai-exec_contact@t4/007-t5-middle,openai-exec_contact,L4,500,False,363
simulated,openai-exec_contact@t4/007-t5-middle,openai-exec_contact,L4,1000,False,999
simulated,openai-exec_contact@t4/007-t5-middle,openai-exec_contact,L4,1500,False,1333
simulated,openai-exec_contact@t4/007-t5-middle,openai-exec_contact,L4,3000,False,2804
simulated,openai-exec_contact@t4/007-t5-middle,openai-exec_contact,L4,6000,True,5933
simulated,openai-exec_contact@t4/007-t5-middle,openai-exec_contact,L4,all,True,7944
simulated,openai-exec_contact@t4/007-t5-middle,openai-exec_contact,L2,250,False,169
simulated,openai-exec_contact@t4/007-t5-middle,openai-exec_contact,L2,500,False,469
simulated,openai-exec_contact@t4/007-t5-middle,openai-exec_contact,L2,1000,False,741
simulated,openai-exec_contact@t4/007-t5-middle,openai-exec_contact,L2,1500,False,1272
simulated,openai-exec_contact@t4/007-t5-middle,openai-exec_contact,L2,3000,False,2677
simulated,openai-exec_contact@t4/007-t5-middle,openai-exec_contact,L2,6000,True,5884
simulated,openai-exec_contact@t4/007-t5-middle,openai-exec_contact,L2,all,True,7944
simulated,openai-exec_contact@t4/007-t5-middle,openai-exec_contact,E1,250,False,247
simulated,openai-exec_contact@t4/007-t5-middle,openai-exec_contact,E1,500,True,477
simulated,openai-exec_contact@t4/007-t5-middle,openai-exec_contact,E1,1000,True,970
simulated,openai-exec_contact@t4/007-t5-middle,openai-exec_contact,E1,1500,True,1489
simulated,openai-exec_contact@t4/007-t5-middle,openai-exec_contact,E1,3000,True,2964
simulated,openai-exec_contact@t4/007-t5-middle,openai-exec_contact,E1,6000,True,5989
simulated,openai-exec_contact@t4/007-t5-middle,openai-exec_contact,E1,all,True,7938
simulated,openai-exec_contact@t4/007-t5-middle,openai-exec_contact,E4,250,False,224
simulated,openai-exec_contact@t4/007-t5-middle,openai-exec_contact,E4,500,False,491
simulated,openai-exec_contact@t4/007-t5-middle,openai-exec_contact,E4,1000,False,975
simulated,openai-exec_contact@t4/007-t5-middle,openai-exec_contact,E4,1500,True,1494
simulated,openai-exec_contact@t4/007-t5-middle,openai-exec_contact,E4,3000,True,2985
simulated,openai-exec_contact@t4/007-t5-middle,openai-exec_contact,E4,6000,True,5988
simulated,openai-exec_contact@t4/007-t5-middle,openai-exec_contact,E4,all,True,7938
simulated,xai-p01,xai-node_alloc,D1,250,True,0
simulated,xai-p01,xai-node_alloc,D1,500,True,360
simulated,xai-p01,xai-node_alloc,D1,1000,True,360
simulated,xai-p01,xai-node_alloc,D1,1500,True,360
simulated,xai-p01,xai-node_alloc,D1,3000,True,360
simulated,xai-p01,xai-node_alloc,D1,6000,True,360
simulated,xai-p01,xai-node_alloc,D1,all,True,360
simulated,xai-p01,xai-node_alloc,D2,250,True,0
simulated,xai-p01,xai-node_alloc,D2,500,True,360
simulated,xai-p01,xai-node_alloc,D2,1000,True,360
simulated,xai-p01,xai-node_alloc,D2,1500,True,360
simulated,xai-p01,xai-node_alloc,D2,3000,True,360
simulated,xai-p01,xai-node_alloc,D2,6000,True,360
simulated,xai-p01,xai-node_alloc,D2,all,True,360
simulated,xai-p01,xai-node_alloc,B2,250,True,0
simulated,xai-p01,xai-node_alloc,B2,500,True,270
simulated,xai-p01,xai-node_alloc,B2,1000,True,270
simulated,xai-p01,xai-node_alloc,B2,1500,True,270
simulated,xai-p01,xai-node_alloc,B2,3000,True,270
simulated,xai-p01,xai-node_alloc,B2,6000,True,270
simulated,xai-p01,xai-node_alloc,B2,all,True,270
simulated,xai-p01,xai-node_alloc,D4,250,True,0
simulated,xai-p01,xai-node_alloc,D4,500,True,360
simulated,xai-p01,xai-node_alloc,D4,1000,True,360
simulated,xai-p01,xai-node_alloc,D4,1500,True,360
simulated,xai-p01,xai-node_alloc,D4,3000,True,360
simulated,xai-p01,xai-node_alloc,D4,6000,True,360
simulated,xai-p01,xai-node_alloc,D4,all,True,360
simulated,xai-p01,xai-node_alloc,Z4,250,True,0
simulated,xai-p01,xai-node_alloc,Z4,500,True,349
simulated,xai-p01,xai-node_alloc,Z4,1000,True,349
simulated,xai-p01,xai-node_alloc,Z4,1500,True,349
simulated,xai-p01,xai-node_alloc,Z4,3000,True,349
simulated,xai-p01,xai-node_alloc,Z4,6000,True,349
simulated,xai-p01,xai-node_alloc,Z4,all,True,349
simulated,xai-p01,xai-node_alloc,L4,250,True,0
simulated,xai-p01,xai-node_alloc,L4,500,True,378
simulated,xai-p01,xai-node_alloc,L4,1000,True,378
simulated,xai-p01,xai-node_alloc,L4,1500,True,378
simulated,xai-p01,xai-node_alloc,L4,3000,True,378
simulated,xai-p01,xai-node_alloc,L4,6000,True,378
simulated,xai-p01,xai-node_alloc,L4,all,True,378
simulated,xai-p01,xai-node_alloc,L2,250,True,0
simulated,xai-p01,xai-node_alloc,L2,500,True,378
simulated,xai-p01,xai-node_alloc,L2,1000,True,378
simulated,xai-p01,xai-node_alloc,L2,1500,True,378
simulated,xai-p01,xai-node_alloc,L2,3000,True,378
simulated,xai-p01,xai-node_alloc,L2,6000,True,378
simulated,xai-p01,xai-node_alloc,L2,all,True,378
simulated,xai-p01,xai-node_alloc,E1,250,True,241
simulated,xai-p01,xai-node_alloc,E1,500,True,415
simulated,xai-p01,xai-node_alloc,E1,1000,True,415
simulated,xai-p01,xai-node_alloc,E1,1500,True,415
simulated,xai-p01,xai-node_alloc,E1,3000,True,415
simulated,xai-p01,xai-node_alloc,E1,6000,True,415
simulated,xai-p01,xai-node_alloc,E1,all,True,415
simulated,xai-p01,xai-node_alloc,E4,250,True,226
simulated,xai-p01,xai-node_alloc,E4,500,True,415
simulated,xai-p01,xai-node_alloc,E4,1000,True,415
simulated,xai-p01,xai-node_alloc,E4,1500,True,415
simulated,xai-p01,xai-node_alloc,E4,3000,True,415
simulated,xai-p01,xai-node_alloc,E4,6000,True,415
simulated,xai-p01,xai-node_alloc,E4,all,True,415
simulated,xai-p03,xai-ckpt_cadence,D1,250,False,0
simulated,xai-p03,xai-ckpt_cadence,D1,500,False,360
simulated,xai-p03,xai-ckpt_cadence,D1,1000,False,888
simulated,xai-p03,xai-ckpt_cadence,D1,1500,False,1415
simulated,xai-p03,xai-ckpt_cadence,D1,3000,True,2641
simulated,xai-p03,xai-ckpt_cadence,D1,6000,True,2641
simulated,xai-p03,xai-ckpt_cadence,D1,all,True,2641
simulated,xai-p03,xai-ckpt_cadence,D2,250,True,131
simulated,xai-p03,xai-ckpt_cadence,D2,500,True,483
simulated,xai-p03,xai-ckpt_cadence,D2,1000,True,974
simulated,xai-p03,xai-ckpt_cadence,D2,1500,True,1415
simulated,xai-p03,xai-ckpt_cadence,D2,3000,True,2641
simulated,xai-p03,xai-ckpt_cadence,D2,6000,True,2641
simulated,xai-p03,xai-ckpt_cadence,D2,all,True,2641
simulated,xai-p03,xai-ckpt_cadence,B2,250,False,248
simulated,xai-p03,xai-ckpt_cadence,B2,500,False,248
simulated,xai-p03,xai-ckpt_cadence,B2,1000,False,763
simulated,xai-p03,xai-ckpt_cadence,B2,1500,False,1498
simulated,xai-p03,xai-ckpt_cadence,B2,3000,True,2840
simulated,xai-p03,xai-ckpt_cadence,B2,6000,True,5167
simulated,xai-p03,xai-ckpt_cadence,B2,all,True,5167
simulated,xai-p03,xai-ckpt_cadence,D4,250,False,41
simulated,xai-p03,xai-ckpt_cadence,D4,500,False,358
simulated,xai-p03,xai-ckpt_cadence,D4,1000,False,793
simulated,xai-p03,xai-ckpt_cadence,D4,1500,True,1447
simulated,xai-p03,xai-ckpt_cadence,D4,3000,True,2641
simulated,xai-p03,xai-ckpt_cadence,D4,6000,True,2641
simulated,xai-p03,xai-ckpt_cadence,D4,all,True,2641
simulated,xai-p03,xai-ckpt_cadence,Z4,250,False,0
simulated,xai-p03,xai-ckpt_cadence,Z4,500,False,361
simulated,xai-p03,xai-ckpt_cadence,Z4,1000,False,837
simulated,xai-p03,xai-ckpt_cadence,Z4,1500,True,1436
simulated,xai-p03,xai-ckpt_cadence,Z4,3000,True,2785
simulated,xai-p03,xai-ckpt_cadence,Z4,6000,True,3252
simulated,xai-p03,xai-ckpt_cadence,Z4,all,True,3252
simulated,xai-p03,xai-ckpt_cadence,L4,250,False,0
simulated,xai-p03,xai-ckpt_cadence,L4,500,False,327
simulated,xai-p03,xai-ckpt_cadence,L4,1000,False,643
simulated,xai-p03,xai-ckpt_cadence,L4,1500,True,1381
simulated,xai-p03,xai-ckpt_cadence,L4,3000,True,2815
simulated,xai-p03,xai-ckpt_cadence,L4,6000,True,2815
simulated,xai-p03,xai-ckpt_cadence,L4,all,True,2815
simulated,xai-p03,xai-ckpt_cadence,L2,250,True,141
simulated,xai-p03,xai-ckpt_cadence,L2,500,True,288
simulated,xai-p03,xai-ckpt_cadence,L2,1000,True,916
simulated,xai-p03,xai-ckpt_cadence,L2,1500,True,1156
simulated,xai-p03,xai-ckpt_cadence,L2,3000,True,2815
simulated,xai-p03,xai-ckpt_cadence,L2,6000,True,2815
simulated,xai-p03,xai-ckpt_cadence,L2,all,True,2815
simulated,xai-p03,xai-ckpt_cadence,E1,250,False,214
simulated,xai-p03,xai-ckpt_cadence,E1,500,False,464
simulated,xai-p03,xai-ckpt_cadence,E1,1000,False,976
simulated,xai-p03,xai-ckpt_cadence,E1,1500,False,1473
simulated,xai-p03,xai-ckpt_cadence,E1,3000,True,2935
simulated,xai-p03,xai-ckpt_cadence,E1,6000,True,2935
simulated,xai-p03,xai-ckpt_cadence,E1,all,True,2935
simulated,xai-p03,xai-ckpt_cadence,E4,250,False,226
simulated,xai-p03,xai-ckpt_cadence,E4,500,False,484
simulated,xai-p03,xai-ckpt_cadence,E4,1000,False,999
simulated,xai-p03,xai-ckpt_cadence,E4,1500,True,1499
simulated,xai-p03,xai-ckpt_cadence,E4,3000,True,2935
simulated,xai-p03,xai-ckpt_cadence,E4,6000,True,2935
simulated,xai-p03,xai-ckpt_cadence,E4,all,True,2935
simulated,xai-p04,xai-xai-p04,D1,250,False,0
simulated,xai-p04,xai-xai-p04,D1,500,False,317
simulated,xai-p04,xai-xai-p04,D1,1000,False,779
simulated,xai-p04,xai-xai-p04,D1,1500,False,1343
simulated,xai-p04,xai-xai-p04,D1,3000,True,3000
simulated,xai-p04,xai-xai-p04,D1,6000,True,3043
simulated,xai-p04,xai-xai-p04,D1,all,True,3043
simulated,xai-p04,xai-xai-p04,D2,250,False,210
simulated,xai-p04,xai-xai-p04,D2,500,False,210
simulated,xai-p04,xai-xai-p04,D2,1000,False,712
simulated,xai-p04,xai-xai-p04,D2,1500,False,1469
simulated,xai-p04,xai-xai-p04,D2,3000,True,2888
simulated,xai-p04,xai-xai-p04,D2,6000,True,3043
simulated,xai-p04,xai-xai-p04,D2,all,True,3043
simulated,xai-p04,xai-xai-p04,B2,250,False,0
simulated,xai-p04,xai-xai-p04,B2,500,False,266
simulated,xai-p04,xai-xai-p04,B2,1000,True,968
simulated,xai-p04,xai-xai-p04,B2,1500,True,1483
simulated,xai-p04,xai-xai-p04,B2,3000,True,2938
simulated,xai-p04,xai-xai-p04,B2,6000,True,5881
simulated,xai-p04,xai-xai-p04,B2,all,True,5881
simulated,xai-p04,xai-xai-p04,D4,250,False,0
simulated,xai-p04,xai-xai-p04,D4,500,False,357
simulated,xai-p04,xai-xai-p04,D4,1000,False,567
simulated,xai-p04,xai-xai-p04,D4,1500,False,1278
simulated,xai-p04,xai-xai-p04,D4,3000,True,2852
simulated,xai-p04,xai-xai-p04,D4,6000,True,3043
simulated,xai-p04,xai-xai-p04,D4,all,True,3043
simulated,xai-p04,xai-xai-p04,Z4,250,False,208
simulated,xai-p04,xai-xai-p04,Z4,500,False,208
simulated,xai-p04,xai-xai-p04,Z4,1000,False,694
simulated,xai-p04,xai-xai-p04,Z4,1500,False,1293
simulated,xai-p04,xai-xai-p04,Z4,3000,True,2739
simulated,xai-p04,xai-xai-p04,Z4,6000,True,3624
simulated,xai-p04,xai-xai-p04,Z4,all,True,3624
simulated,xai-p04,xai-xai-p04,L4,250,False,0
simulated,xai-p04,xai-xai-p04,L4,500,False,327
simulated,xai-p04,xai-xai-p04,L4,1000,False,544
simulated,xai-p04,xai-xai-p04,L4,1500,False,1193
simulated,xai-p04,xai-xai-p04,L4,3000,True,2990
simulated,xai-p04,xai-xai-p04,L4,6000,True,3198
simulated,xai-p04,xai-xai-p04,L4,all,True,3198
simulated,xai-p04,xai-xai-p04,L2,250,False,147
simulated,xai-p04,xai-xai-p04,L2,500,False,364
simulated,xai-p04,xai-xai-p04,L2,1000,False,833
simulated,xai-p04,xai-xai-p04,L2,1500,False,1474
simulated,xai-p04,xai-xai-p04,L2,3000,True,2983
simulated,xai-p04,xai-xai-p04,L2,6000,True,3198
simulated,xai-p04,xai-xai-p04,L2,all,True,3198
simulated,xai-p04,xai-xai-p04,E1,250,False,232
simulated,xai-p04,xai-xai-p04,E1,500,False,485
simulated,xai-p04,xai-xai-p04,E1,1000,False,990
simulated,xai-p04,xai-xai-p04,E1,1500,False,1479
simulated,xai-p04,xai-xai-p04,E1,3000,True,2995
simulated,xai-p04,xai-xai-p04,E1,6000,True,3451
simulated,xai-p04,xai-xai-p04,E1,all,True,3451
simulated,xai-p04,xai-xai-p04,E4,250,False,216
simulated,xai-p04,xai-xai-p04,E4,500,False,489
simulated,xai-p04,xai-xai-p04,E4,1000,False,961
simulated,xai-p04,xai-xai-p04,E4,1500,False,1489
simulated,xai-p04,xai-xai-p04,E4,3000,True,2994
simulated,xai-p04,xai-xai-p04,E4,6000,True,3451
simulated,xai-p04,xai-xai-p04,E4,all,True,3451
simulated,xai-p05,xai-run_start,D1,250,True,0
simulated,xai-p05,xai-run_start,D1,500,True,282
simulated,xai-p05,xai-run_start,D1,1000,True,763
simulated,xai-p05,xai-run_start,D1,1500,True,1348
simulated,xai-p05,xai-run_start,D1,3000,True,2964
simulated,xai-p05,xai-run_start,D1,6000,True,3902
simulated,xai-p05,xai-run_start,D1,all,True,3902
simulated,xai-p05,xai-run_start,D2,250,True,0
simulated,xai-p05,xai-run_start,D2,500,True,459
simulated,xai-p05,xai-run_start,D2,1000,True,904
simulated,xai-p05,xai-run_start,D2,1500,True,1366
simulated,xai-p05,xai-run_start,D2,3000,True,2895
simulated,xai-p05,xai-run_start,D2,6000,True,3902
simulated,xai-p05,xai-run_start,D2,all,True,3902
simulated,xai-p05,xai-run_start,B2,250,True,0
simulated,xai-p05,xai-run_start,B2,500,True,266
simulated,xai-p05,xai-run_start,B2,1000,True,750
simulated,xai-p05,xai-run_start,B2,1500,True,1254
simulated,xai-p05,xai-run_start,B2,3000,True,2999
simulated,xai-p05,xai-run_start,B2,6000,True,5995
simulated,xai-p05,xai-run_start,B2,all,True,7404
simulated,xai-p05,xai-run_start,D4,250,True,0
simulated,xai-p05,xai-run_start,D4,500,True,317
simulated,xai-p05,xai-run_start,D4,1000,True,875
simulated,xai-p05,xai-run_start,D4,1500,True,1377
simulated,xai-p05,xai-run_start,D4,3000,True,2951
simulated,xai-p05,xai-run_start,D4,6000,True,3902
simulated,xai-p05,xai-run_start,D4,all,True,3902
simulated,xai-p05,xai-run_start,Z4,250,True,0
simulated,xai-p05,xai-run_start,Z4,500,True,349
simulated,xai-p05,xai-run_start,Z4,1000,True,835
simulated,xai-p05,xai-run_start,Z4,1500,True,1230
simulated,xai-p05,xai-run_start,Z4,3000,True,2913
simulated,xai-p05,xai-run_start,Z4,6000,True,3960
simulated,xai-p05,xai-run_start,Z4,all,True,3960
simulated,xai-p05,xai-run_start,L4,250,True,0
simulated,xai-p05,xai-run_start,L4,500,True,327
simulated,xai-p05,xai-run_start,L4,1000,True,908
simulated,xai-p05,xai-run_start,L4,1500,True,1441
simulated,xai-p05,xai-run_start,L4,3000,True,2818
simulated,xai-p05,xai-run_start,L4,6000,True,4120
simulated,xai-p05,xai-run_start,L4,all,True,4120
simulated,xai-p05,xai-run_start,L2,250,True,0
simulated,xai-p05,xai-run_start,L2,500,True,474
simulated,xai-p05,xai-run_start,L2,1000,True,954
simulated,xai-p05,xai-run_start,L2,1500,True,1241
simulated,xai-p05,xai-run_start,L2,3000,True,2701
simulated,xai-p05,xai-run_start,L2,6000,True,4120
simulated,xai-p05,xai-run_start,L2,all,True,4120
simulated,xai-p05,xai-run_start,E1,250,True,224
simulated,xai-p05,xai-run_start,E1,500,True,497
simulated,xai-p05,xai-run_start,E1,1000,True,994
simulated,xai-p05,xai-run_start,E1,1500,True,1490
simulated,xai-p05,xai-run_start,E1,3000,True,2981
simulated,xai-p05,xai-run_start,E1,6000,True,3979
simulated,xai-p05,xai-run_start,E1,all,True,3979
simulated,xai-p05,xai-run_start,E4,250,True,208
simulated,xai-p05,xai-run_start,E4,500,True,492
simulated,xai-p05,xai-run_start,E4,1000,True,992
simulated,xai-p05,xai-run_start,E4,1500,True,1485
simulated,xai-p05,xai-run_start,E4,3000,True,2968
simulated,xai-p05,xai-run_start,E4,6000,True,3979
simulated,xai-p05,xai-run_start,E4,all,True,3979
simulated,xai-p07,xai-xai-p07,D1,250,False,172
simulated,xai-p07,xai-xai-p07,D1,500,False,403
simulated,xai-p07,xai-xai-p07,D1,1000,False,865
simulated,xai-p07,xai-xai-p07,D1,1500,False,1225
simulated,xai-p07,xai-xai-p07,D1,3000,False,2966
simulated,xai-p07,xai-xai-p07,D1,6000,True,4959
simulated,xai-p07,xai-xai-p07,D1,all,True,4959
simulated,xai-p07,xai-xai-p07,D2,250,False,0
simulated,xai-p07,xai-xai-p07,D2,500,False,452
simulated,xai-p07,xai-xai-p07,D2,1000,False,996
simulated,xai-p07,xai-xai-p07,D2,1500,False,1485
simulated,xai-p07,xai-xai-p07,D2,3000,True,2943
simulated,xai-p07,xai-xai-p07,D2,6000,True,4959
simulated,xai-p07,xai-xai-p07,D2,all,True,4959
simulated,xai-p07,xai-xai-p07,B2,250,False,0
simulated,xai-p07,xai-xai-p07,B2,500,False,485
simulated,xai-p07,xai-xai-p07,B2,1000,False,974
simulated,xai-p07,xai-xai-p07,B2,1500,False,1476
simulated,xai-p07,xai-xai-p07,B2,3000,False,2884
simulated,xai-p07,xai-xai-p07,B2,6000,True,5779
simulated,xai-p07,xai-xai-p07,B2,all,True,9225
simulated,xai-p07,xai-xai-p07,D4,250,False,0
simulated,xai-p07,xai-xai-p07,D4,500,False,317
simulated,xai-p07,xai-xai-p07,D4,1000,False,951
simulated,xai-p07,xai-xai-p07,D4,1500,False,1256
simulated,xai-p07,xai-xai-p07,D4,3000,True,2831
simulated,xai-p07,xai-xai-p07,D4,6000,True,4959
simulated,xai-p07,xai-xai-p07,D4,all,True,4959
simulated,xai-p07,xai-xai-p07,Z4,250,False,0
simulated,xai-p07,xai-xai-p07,Z4,500,False,476
simulated,xai-p07,xai-xai-p07,Z4,1000,False,962
simulated,xai-p07,xai-xai-p07,Z4,1500,False,1323
simulated,xai-p07,xai-xai-p07,Z4,3000,False,2694
simulated,xai-p07,xai-xai-p07,Z4,6000,True,4981
simulated,xai-p07,xai-xai-p07,Z4,all,True,4981
simulated,xai-p07,xai-xai-p07,L4,250,False,0
simulated,xai-p07,xai-xai-p07,L4,500,False,327
simulated,xai-p07,xai-xai-p07,L4,1000,False,978
simulated,xai-p07,xai-xai-p07,L4,1500,False,1310
simulated,xai-p07,xai-xai-p07,L4,3000,True,2909
simulated,xai-p07,xai-xai-p07,L4,6000,True,5223
simulated,xai-p07,xai-xai-p07,L4,all,True,5223
simulated,xai-p07,xai-xai-p07,L2,250,False,0
simulated,xai-p07,xai-xai-p07,L2,500,False,463
simulated,xai-p07,xai-xai-p07,L2,1000,False,932
simulated,xai-p07,xai-xai-p07,L2,1500,True,1430
simulated,xai-p07,xai-xai-p07,L2,3000,True,2741
simulated,xai-p07,xai-xai-p07,L2,6000,True,5223
simulated,xai-p07,xai-xai-p07,L2,all,True,5223
simulated,xai-p07,xai-xai-p07,E1,250,False,227
simulated,xai-p07,xai-xai-p07,E1,500,False,482
simulated,xai-p07,xai-xai-p07,E1,1000,False,976
simulated,xai-p07,xai-xai-p07,E1,1500,True,1477
simulated,xai-p07,xai-xai-p07,E1,3000,True,2994
simulated,xai-p07,xai-xai-p07,E1,6000,True,5118
simulated,xai-p07,xai-xai-p07,E1,all,True,5118
simulated,xai-p07,xai-xai-p07,E4,250,False,242
simulated,xai-p07,xai-xai-p07,E4,500,False,473
simulated,xai-p07,xai-xai-p07,E4,1000,False,976
simulated,xai-p07,xai-xai-p07,E4,1500,True,1477
simulated,xai-p07,xai-xai-p07,E4,3000,True,2983
simulated,xai-p07,xai-xai-p07,E4,6000,True,5118
simulated,xai-p07,xai-xai-p07,E4,all,True,5118
simulated,xai-p08,xai-ckpt_cadence,D1,250,False,242
simulated,xai-p08,xai-ckpt_cadence,D1,500,False,414
simulated,xai-p08,xai-ckpt_cadence,D1,1000,False,876
simulated,xai-p08,xai-ckpt_cadence,D1,1500,True,1073
simulated,xai-p08,xai-ckpt_cadence,D1,3000,True,2960
simulated,xai-p08,xai-ckpt_cadence,D1,6000,True,5981
simulated,xai-p08,xai-ckpt_cadence,D1,all,True,6246
simulated,xai-p08,xai-ckpt_cadence,D2,250,False,172
simulated,xai-p08,xai-ckpt_cadence,D2,500,False,457
simulated,xai-p08,xai-ckpt_cadence,D2,1000,True,735
simulated,xai-p08,xai-ckpt_cadence,D2,1500,True,1407
simulated,xai-p08,xai-ckpt_cadence,D2,3000,True,2981
simulated,xai-p08,xai-ckpt_cadence,D2,6000,True,5848
simulated,xai-p08,xai-ckpt_cadence,D2,all,True,6246
simulated,xai-p08,xai-ckpt_cadence,B2,250,False,248
simulated,xai-p08,xai-ckpt_cadence,B2,500,False,482
simulated,xai-p08,xai-ckpt_cadence,B2,1000,False,983
simulated,xai-p08,xai-ckpt_cadence,B2,1500,False,1443
simulated,xai-p08,xai-ckpt_cadence,B2,3000,False,2881
simulated,xai-p08,xai-ckpt_cadence,B2,6000,True,5763
simulated,xai-p08,xai-ckpt_cadence,B2,all,True,11096
simulated,xai-p08,xai-ckpt_cadence,D4,250,False,242
simulated,xai-p08,xai-ckpt_cadence,D4,500,False,242
simulated,xai-p08,xai-ckpt_cadence,D4,1000,False,775
simulated,xai-p08,xai-ckpt_cadence,D4,1500,False,1452
simulated,xai-p08,xai-ckpt_cadence,D4,3000,True,2921
simulated,xai-p08,xai-ckpt_cadence,D4,6000,True,5789
simulated,xai-p08,xai-ckpt_cadence,D4,all,True,6246
simulated,xai-p08,xai-ckpt_cadence,Z4,250,False,196
simulated,xai-p08,xai-ckpt_cadence,Z4,500,False,196
simulated,xai-p08,xai-ckpt_cadence,Z4,1000,False,952
simulated,xai-p08,xai-ckpt_cadence,Z4,1500,False,1329
simulated,xai-p08,xai-ckpt_cadence,Z4,3000,True,2859
simulated,xai-p08,xai-ckpt_cadence,Z4,6000,True,5932
simulated,xai-p08,xai-ckpt_cadence,Z4,all,True,6073
simulated,xai-p08,xai-ckpt_cadence,L4,250,False,242
simulated,xai-p08,xai-ckpt_cadence,L4,500,False,242
simulated,xai-p08,xai-ckpt_cadence,L4,1000,False,794
simulated,xai-p08,xai-ckpt_cadence,L4,1500,False,1445
simulated,xai-p08,xai-ckpt_cadence,L4,3000,True,2867
simulated,xai-p08,xai-ckpt_cadence,L4,6000,True,5920
simulated,xai-p08,xai-ckpt_cadence,L4,all,True,6553
simulated,xai-p08,xai-ckpt_cadence,L2,250,False,182
simulated,xai-p08,xai-ckpt_cadence,L2,500,False,475
simulated,xai-p08,xai-ckpt_cadence,L2,1000,True,768
simulated,xai-p08,xai-ckpt_cadence,L2,1500,True,1454
simulated,xai-p08,xai-ckpt_cadence,L2,3000,True,2990
simulated,xai-p08,xai-ckpt_cadence,L2,6000,True,5948
simulated,xai-p08,xai-ckpt_cadence,L2,all,True,6553
simulated,xai-p08,xai-ckpt_cadence,E1,250,False,233
simulated,xai-p08,xai-ckpt_cadence,E1,500,True,490
simulated,xai-p08,xai-ckpt_cadence,E1,1000,True,999
simulated,xai-p08,xai-ckpt_cadence,E1,1500,True,1498
simulated,xai-p08,xai-ckpt_cadence,E1,3000,True,2993
simulated,xai-p08,xai-ckpt_cadence,E1,6000,True,5984
simulated,xai-p08,xai-ckpt_cadence,E1,all,True,6412
simulated,xai-p08,xai-ckpt_cadence,E4,250,False,219
simulated,xai-p08,xai-ckpt_cadence,E4,500,True,484
simulated,xai-p08,xai-ckpt_cadence,E4,1000,True,980
simulated,xai-p08,xai-ckpt_cadence,E4,1500,True,1478
simulated,xai-p08,xai-ckpt_cadence,E4,3000,True,2963
simulated,xai-p08,xai-ckpt_cadence,E4,6000,True,5995
simulated,xai-p08,xai-ckpt_cadence,E4,all,True,6412
simulated,xai-p10,xai-fabric_oncall,D1,250,False,0
simulated,xai-p10,xai-fabric_oncall,D1,500,False,462
simulated,xai-p10,xai-fabric_oncall,D1,1000,False,769
simulated,xai-p10,xai-fabric_oncall,D1,1500,False,1301
simulated,xai-p10,xai-fabric_oncall,D1,3000,True,2694
simulated,xai-p10,xai-fabric_oncall,D1,6000,True,5916
simulated,xai-p10,xai-fabric_oncall,D1,all,True,7374
simulated,xai-p10,xai-fabric_oncall,D2,250,False,0
simulated,xai-p10,xai-fabric_oncall,D2,500,False,462
simulated,xai-p10,xai-fabric_oncall,D2,1000,False,975
simulated,xai-p10,xai-fabric_oncall,D2,1500,False,1449
simulated,xai-p10,xai-fabric_oncall,D2,3000,False,2984
simulated,xai-p10,xai-fabric_oncall,D2,6000,True,5799
simulated,xai-p10,xai-fabric_oncall,D2,all,True,7374
simulated,xai-p10,xai-fabric_oncall,B2,250,True,234
simulated,xai-p10,xai-fabric_oncall,B2,500,True,459
simulated,xai-p10,xai-fabric_oncall,B2,1000,True,935
simulated,xai-p10,xai-fabric_oncall,B2,1500,True,1423
simulated,xai-p10,xai-fabric_oncall,B2,3000,True,2869
simulated,xai-p10,xai-fabric_oncall,B2,6000,True,5852
simulated,xai-p10,xai-fabric_oncall,B2,all,True,14097
simulated,xai-p10,xai-fabric_oncall,D4,250,False,0
simulated,xai-p10,xai-fabric_oncall,D4,500,False,360
simulated,xai-p10,xai-fabric_oncall,D4,1000,False,834
simulated,xai-p10,xai-fabric_oncall,D4,1500,False,1427
simulated,xai-p10,xai-fabric_oncall,D4,3000,False,2900
simulated,xai-p10,xai-fabric_oncall,D4,6000,True,5862
simulated,xai-p10,xai-fabric_oncall,D4,all,True,7374
simulated,xai-p10,xai-fabric_oncall,Z4,250,False,208
simulated,xai-p10,xai-fabric_oncall,Z4,500,False,208
simulated,xai-p10,xai-fabric_oncall,Z4,1000,False,932
simulated,xai-p10,xai-fabric_oncall,Z4,1500,False,1362
simulated,xai-p10,xai-fabric_oncall,Z4,3000,False,2836
simulated,xai-p10,xai-fabric_oncall,Z4,6000,False,5906
simulated,xai-p10,xai-fabric_oncall,Z4,all,True,7887
simulated,xai-p10,xai-fabric_oncall,L4,250,False,0
simulated,xai-p10,xai-fabric_oncall,L4,500,False,369
simulated,xai-p10,xai-fabric_oncall,L4,1000,False,854
simulated,xai-p10,xai-fabric_oncall,L4,1500,False,1464
simulated,xai-p10,xai-fabric_oncall,L4,3000,False,2947
simulated,xai-p10,xai-fabric_oncall,L4,6000,True,5879
simulated,xai-p10,xai-fabric_oncall,L4,all,True,7724
simulated,xai-p10,xai-fabric_oncall,L2,250,False,0
simulated,xai-p10,xai-fabric_oncall,L2,500,False,469
simulated,xai-p10,xai-fabric_oncall,L2,1000,False,827
simulated,xai-p10,xai-fabric_oncall,L2,1500,False,1494
simulated,xai-p10,xai-fabric_oncall,L2,3000,False,2996
simulated,xai-p10,xai-fabric_oncall,L2,6000,True,5766
simulated,xai-p10,xai-fabric_oncall,L2,all,True,7724
simulated,xai-p10,xai-fabric_oncall,E1,250,False,222
simulated,xai-p10,xai-fabric_oncall,E1,500,False,492
simulated,xai-p10,xai-fabric_oncall,E1,1000,True,948
simulated,xai-p10,xai-fabric_oncall,E1,1500,True,1479
simulated,xai-p10,xai-fabric_oncall,E1,3000,True,2983
simulated,xai-p10,xai-fabric_oncall,E1,6000,True,5993
simulated,xai-p10,xai-fabric_oncall,E1,all,True,7942
simulated,xai-p10,xai-fabric_oncall,E4,250,False,244
simulated,xai-p10,xai-fabric_oncall,E4,500,False,484
simulated,xai-p10,xai-fabric_oncall,E4,1000,True,961
simulated,xai-p10,xai-fabric_oncall,E4,1500,True,1485
simulated,xai-p10,xai-fabric_oncall,E4,3000,True,2976
simulated,xai-p10,xai-fabric_oncall,E4,6000,True,5986
simulated,xai-p10,xai-fabric_oncall,E4,all,True,7942
simulated,xai-p11,xai-ckpt_cadence,D1,250,False,0
simulated,xai-p11,xai-ckpt_cadence,D1,500,False,474
simulated,xai-p11,xai-ckpt_cadence,D1,1000,False,900
simulated,xai-p11,xai-ckpt_cadence,D1,1500,False,1362
simulated,xai-p11,xai-ckpt_cadence,D1,3000,True,2879
simulated,xai-p11,xai-ckpt_cadence,D1,6000,True,5981
simulated,xai-p11,xai-ckpt_cadence,D1,all,True,7711
simulated,xai-p11,xai-ckpt_cadence,D2,250,False,142
simulated,xai-p11,xai-ckpt_cadence,D2,500,False,314
simulated,xai-p11,xai-ckpt_cadence,D2,1000,False,776
simulated,xai-p11,xai-ckpt_cadence,D2,1500,False,1228
simulated,xai-p11,xai-ckpt_cadence,D2,3000,True,2862
simulated,xai-p11,xai-ckpt_cadence,D2,6000,True,5754
simulated,xai-p11,xai-ckpt_cadence,D2,all,True,7711
simulated,xai-p11,xai-ckpt_cadence,B2,250,False,236
simulated,xai-p11,xai-ckpt_cadence,B2,500,False,236
simulated,xai-p11,xai-ckpt_cadence,B2,1000,False,753
simulated,xai-p11,xai-ckpt_cadence,B2,1500,False,1267
simulated,xai-p11,xai-ckpt_cadence,B2,3000,False,2911
simulated,xai-p11,xai-ckpt_cadence,B2,6000,False,5793
simulated,xai-p11,xai-ckpt_cadence,B2,all,True,14826
simulated,xai-p11,xai-ckpt_cadence,D4,250,False,0
simulated,xai-p11,xai-ckpt_cadence,D4,500,False,474
simulated,xai-p11,xai-ckpt_cadence,D4,1000,False,936
simulated,xai-p11,xai-ckpt_cadence,D4,1500,False,1310
simulated,xai-p11,xai-ckpt_cadence,D4,3000,False,2845
simulated,xai-p11,xai-ckpt_cadence,D4,6000,True,5790
simulated,xai-p11,xai-ckpt_cadence,D4,all,True,7711
simulated,xai-p11,xai-ckpt_cadence,Z4,250,False,0
simulated,xai-p11,xai-ckpt_cadence,Z4,500,False,395
simulated,xai-p11,xai-ckpt_cadence,Z4,1000,False,887
simulated,xai-p11,xai-ckpt_cadence,Z4,1500,False,1363
simulated,xai-p11,xai-ckpt_cadence,Z4,3000,False,2775
simulated,xai-p11,xai-ckpt_cadence,Z4,6000,True,5661
simulated,xai-p11,xai-ckpt_cadence,Z4,all,True,7975
simulated,xai-p11,xai-ckpt_cadence,L4,250,False,0
simulated,xai-p11,xai-ckpt_cadence,L4,500,False,485
simulated,xai-p11,xai-ckpt_cadence,L4,1000,False,726
simulated,xai-p11,xai-ckpt_cadence,L4,1500,False,1189
simulated,xai-p11,xai-ckpt_cadence,L4,3000,False,2983
simulated,xai-p11,xai-ckpt_cadence,L4,6000,True,5998
simulated,xai-p11,xai-ckpt_cadence,L4,all,True,8069
simulated,xai-p11,xai-ckpt_cadence,L2,250,False,147
simulated,xai-p11,xai-ckpt_cadence,L2,500,False,329
simulated,xai-p11,xai-ckpt_cadence,L2,1000,False,644
simulated,xai-p11,xai-ckpt_cadence,L2,1500,False,1107
simulated,xai-p11,xai-ckpt_cadence,L2,3000,True,2945
simulated,xai-p11,xai-ckpt_cadence,L2,6000,True,5987
simulated,xai-p11,xai-ckpt_cadence,L2,all,True,8069
simulated,xai-p11,xai-ckpt_cadence,E1,250,False,229
simulated,xai-p11,xai-ckpt_cadence,E1,500,False,491
simulated,xai-p11,xai-ckpt_cadence,E1,1000,False,969
simulated,xai-p11,xai-ckpt_cadence,E1,1500,False,1489
simulated,xai-p11,xai-ckpt_cadence,E1,3000,True,2990
simulated,xai-p11,xai-ckpt_cadence,E1,6000,True,5984
simulated,xai-p11,xai-ckpt_cadence,E1,all,True,8356
simulated,xai-p11,xai-ckpt_cadence,E4,250,False,236
simulated,xai-p11,xai-ckpt_cadence,E4,500,False,492
simulated,xai-p11,xai-ckpt_cadence,E4,1000,False,995
simulated,xai-p11,xai-ckpt_cadence,E4,1500,False,1491
simulated,xai-p11,xai-ckpt_cadence,E4,3000,True,2979
simulated,xai-p11,xai-ckpt_cadence,E4,6000,True,5981
simulated,xai-p11,xai-ckpt_cadence,E4,all,True,8356
simulated,xai-run_start@t1/005-t2-start,xai-run_start,D1,250,False,43
simulated,xai-run_start@t1/005-t2-start,xai-run_start,D1,500,True,443
simulated,xai-run_start@t1/005-t2-start,xai-run_start,D1,1000,True,903
simulated,xai-run_start@t1/005-t2-start,xai-run_start,D1,1500,True,1484
simulated,xai-run_start@t1/005-t2-start,xai-run_start,D1,3000,True,1647
simulated,xai-run_start@t1/005-t2-start,xai-run_start,D1,6000,True,1647
simulated,xai-run_start@t1/005-t2-start,xai-run_start,D1,all,True,1647
simulated,xai-run_start@t1/005-t2-start,xai-run_start,D2,250,False,250
simulated,xai-run_start@t1/005-t2-start,xai-run_start,D2,500,False,392
simulated,xai-run_start@t1/005-t2-start,xai-run_start,D2,1000,False,723
simulated,xai-run_start@t1/005-t2-start,xai-run_start,D2,1500,True,1413
simulated,xai-run_start@t1/005-t2-start,xai-run_start,D2,3000,True,1647
simulated,xai-run_start@t1/005-t2-start,xai-run_start,D2,6000,True,1647
simulated,xai-run_start@t1/005-t2-start,xai-run_start,D2,all,True,1647
simulated,xai-run_start@t1/005-t2-start,xai-run_start,B2,250,False,0
simulated,xai-run_start@t1/005-t2-start,xai-run_start,B2,500,True,270
simulated,xai-run_start@t1/005-t2-start,xai-run_start,B2,1000,True,999
simulated,xai-run_start@t1/005-t2-start,xai-run_start,B2,1500,True,1250
simulated,xai-run_start@t1/005-t2-start,xai-run_start,B2,3000,True,2938
simulated,xai-run_start@t1/005-t2-start,xai-run_start,B2,6000,True,3177
simulated,xai-run_start@t1/005-t2-start,xai-run_start,B2,all,True,3177
simulated,xai-run_start@t1/005-t2-start,xai-run_start,D4,250,False,43
simulated,xai-run_start@t1/005-t2-start,xai-run_start,D4,500,True,403
simulated,xai-run_start@t1/005-t2-start,xai-run_start,D4,1000,True,940
simulated,xai-run_start@t1/005-t2-start,xai-run_start,D4,1500,True,1423
simulated,xai-run_start@t1/005-t2-start,xai-run_start,D4,3000,True,1647
simulated,xai-run_start@t1/005-t2-start,xai-run_start,D4,6000,True,1647
simulated,xai-run_start@t1/005-t2-start,xai-run_start,D4,all,True,1647
simulated,xai-run_start@t1/005-t2-start,xai-run_start,Z4,250,False,0
simulated,xai-run_start@t1/005-t2-start,xai-run_start,Z4,500,True,349
simulated,xai-run_start@t1/005-t2-start,xai-run_start,Z4,1000,True,835
simulated,xai-run_start@t1/005-t2-start,xai-run_start,Z4,1500,True,1490
simulated,xai-run_start@t1/005-t2-start,xai-run_start,Z4,3000,True,1698
simulated,xai-run_start@t1/005-t2-start,xai-run_start,Z4,6000,True,1698
simulated,xai-run_start@t1/005-t2-start,xai-run_start,Z4,all,True,1698
simulated,xai-run_start@t1/005-t2-start,xai-run_start,L4,250,False,102
simulated,xai-run_start@t1/005-t2-start,xai-run_start,L4,500,True,429
simulated,xai-run_start@t1/005-t2-start,xai-run_start,L4,1000,True,999
simulated,xai-run_start@t1/005-t2-start,xai-run_start,L4,1500,True,1437
simulated,xai-run_start@t1/005-t2-start,xai-run_start,L4,3000,True,1762
simulated,xai-run_start@t1/005-t2-start,xai-run_start,L4,6000,True,1762
simulated,xai-run_start@t1/005-t2-start,xai-run_start,L4,all,True,1762
simulated,xai-run_start@t1/005-t2-start,xai-run_start,L2,250,False,142
simulated,xai-run_start@t1/005-t2-start,xai-run_start,L2,500,False,289
simulated,xai-run_start@t1/005-t2-start,xai-run_start,L2,1000,True,975
simulated,xai-run_start@t1/005-t2-start,xai-run_start,L2,1500,True,1420
simulated,xai-run_start@t1/005-t2-start,xai-run_start,L2,3000,True,1762
simulated,xai-run_start@t1/005-t2-start,xai-run_start,L2,6000,True,1762
simulated,xai-run_start@t1/005-t2-start,xai-run_start,L2,all,True,1762
simulated,xai-run_start@t1/005-t2-start,xai-run_start,E1,250,True,216
simulated,xai-run_start@t1/005-t2-start,xai-run_start,E1,500,True,478
simulated,xai-run_start@t1/005-t2-start,xai-run_start,E1,1000,True,992
simulated,xai-run_start@t1/005-t2-start,xai-run_start,E1,1500,True,1487
simulated,xai-run_start@t1/005-t2-start,xai-run_start,E1,3000,True,1771
simulated,xai-run_start@t1/005-t2-start,xai-run_start,E1,6000,True,1771
simulated,xai-run_start@t1/005-t2-start,xai-run_start,E1,all,True,1771
simulated,xai-run_start@t1/005-t2-start,xai-run_start,E4,250,True,244
simulated,xai-run_start@t1/005-t2-start,xai-run_start,E4,500,True,490
simulated,xai-run_start@t1/005-t2-start,xai-run_start,E4,1000,True,996
simulated,xai-run_start@t1/005-t2-start,xai-run_start,E4,1500,True,1490
simulated,xai-run_start@t1/005-t2-start,xai-run_start,E4,3000,True,1771
simulated,xai-run_start@t1/005-t2-start,xai-run_start,E4,6000,True,1771
simulated,xai-run_start@t1/005-t2-start,xai-run_start,E4,all,True,1771
simulated,xai-run_start@t1/005-t2-middle,xai-run_start,D1,250,True,0
simulated,xai-run_start@t1/005-t2-middle,xai-run_start,D1,500,True,441
simulated,xai-run_start@t1/005-t2-middle,xai-run_start,D1,1000,True,889
simulated,xai-run_start@t1/005-t2-middle,xai-run_start,D1,1500,True,1454
simulated,xai-run_start@t1/005-t2-middle,xai-run_start,D1,3000,True,2255
simulated,xai-run_start@t1/005-t2-middle,xai-run_start,D1,6000,True,2255
simulated,xai-run_start@t1/005-t2-middle,xai-run_start,D1,all,True,2255
simulated,xai-run_start@t1/005-t2-middle,xai-run_start,D2,250,True,0
simulated,xai-run_start@t1/005-t2-middle,xai-run_start,D2,500,True,360
simulated,xai-run_start@t1/005-t2-middle,xai-run_start,D2,1000,True,924
simulated,xai-run_start@t1/005-t2-middle,xai-run_start,D2,1500,True,1445
simulated,xai-run_start@t1/005-t2-middle,xai-run_start,D2,3000,True,2255
simulated,xai-run_start@t1/005-t2-middle,xai-run_start,D2,6000,True,2255
simulated,xai-run_start@t1/005-t2-middle,xai-run_start,D2,all,True,2255
simulated,xai-run_start@t1/005-t2-middle,xai-run_start,B2,250,True,0
simulated,xai-run_start@t1/005-t2-middle,xai-run_start,B2,500,True,263
simulated,xai-run_start@t1/005-t2-middle,xai-run_start,B2,1000,True,780
simulated,xai-run_start@t1/005-t2-middle,xai-run_start,B2,1500,True,1280
simulated,xai-run_start@t1/005-t2-middle,xai-run_start,B2,3000,True,2901
simulated,xai-run_start@t1/005-t2-middle,xai-run_start,B2,6000,True,4010
simulated,xai-run_start@t1/005-t2-middle,xai-run_start,B2,all,True,4010
simulated,xai-run_start@t1/005-t2-middle,xai-run_start,D4,250,True,0
simulated,xai-run_start@t1/005-t2-middle,xai-run_start,D4,500,True,481
simulated,xai-run_start@t1/005-t2-middle,xai-run_start,D4,1000,True,817
simulated,xai-run_start@t1/005-t2-middle,xai-run_start,D4,1500,True,1450
simulated,xai-run_start@t1/005-t2-middle,xai-run_start,D4,3000,True,2255
simulated,xai-run_start@t1/005-t2-middle,xai-run_start,D4,6000,True,2255
simulated,xai-run_start@t1/005-t2-middle,xai-run_start,D4,all,True,2255
simulated,xai-run_start@t1/005-t2-middle,xai-run_start,Z4,250,True,0
simulated,xai-run_start@t1/005-t2-middle,xai-run_start,Z4,500,True,430
simulated,xai-run_start@t1/005-t2-middle,xai-run_start,Z4,1000,True,825
simulated,xai-run_start@t1/005-t2-middle,xai-run_start,Z4,1500,True,1335
simulated,xai-run_start@t1/005-t2-middle,xai-run_start,Z4,3000,True,2415
simulated,xai-run_start@t1/005-t2-middle,xai-run_start,Z4,6000,True,2415
simulated,xai-run_start@t1/005-t2-middle,xai-run_start,Z4,all,True,2415
simulated,xai-run_start@t1/005-t2-middle,xai-run_start,L4,250,True,0
simulated,xai-run_start@t1/005-t2-middle,xai-run_start,L4,500,True,417
simulated,xai-run_start@t1/005-t2-middle,xai-run_start,L4,1000,True,970
simulated,xai-run_start@t1/005-t2-middle,xai-run_start,L4,1500,True,1187
simulated,xai-run_start@t1/005-t2-middle,xai-run_start,L4,3000,True,2411
simulated,xai-run_start@t1/005-t2-middle,xai-run_start,L4,6000,True,2411
simulated,xai-run_start@t1/005-t2-middle,xai-run_start,L4,all,True,2411
simulated,xai-run_start@t1/005-t2-middle,xai-run_start,L2,250,True,0
simulated,xai-run_start@t1/005-t2-middle,xai-run_start,L2,500,True,369
simulated,xai-run_start@t1/005-t2-middle,xai-run_start,L2,1000,True,965
simulated,xai-run_start@t1/005-t2-middle,xai-run_start,L2,1500,True,1411
simulated,xai-run_start@t1/005-t2-middle,xai-run_start,L2,3000,True,2411
simulated,xai-run_start@t1/005-t2-middle,xai-run_start,L2,6000,True,2411
simulated,xai-run_start@t1/005-t2-middle,xai-run_start,L2,all,True,2411
simulated,xai-run_start@t1/005-t2-middle,xai-run_start,E1,250,True,239
simulated,xai-run_start@t1/005-t2-middle,xai-run_start,E1,500,True,471
simulated,xai-run_start@t1/005-t2-middle,xai-run_start,E1,1000,True,999
simulated,xai-run_start@t1/005-t2-middle,xai-run_start,E1,1500,True,1496
simulated,xai-run_start@t1/005-t2-middle,xai-run_start,E1,3000,True,2230
simulated,xai-run_start@t1/005-t2-middle,xai-run_start,E1,6000,True,2230
simulated,xai-run_start@t1/005-t2-middle,xai-run_start,E1,all,True,2230
simulated,xai-run_start@t1/005-t2-middle,xai-run_start,E4,250,True,232
simulated,xai-run_start@t1/005-t2-middle,xai-run_start,E4,500,True,475
simulated,xai-run_start@t1/005-t2-middle,xai-run_start,E4,1000,True,998
simulated,xai-run_start@t1/005-t2-middle,xai-run_start,E4,1500,True,1485
simulated,xai-run_start@t1/005-t2-middle,xai-run_start,E4,3000,True,2230
simulated,xai-run_start@t1/005-t2-middle,xai-run_start,E4,6000,True,2230
simulated,xai-run_start@t1/005-t2-middle,xai-run_start,E4,all,True,2230
simulated,xai-run_start@t1/005-t3-start,xai-run_start,D1,250,False,0
simulated,xai-run_start@t1/005-t3-start,xai-run_start,D1,500,True,440
simulated,xai-run_start@t1/005-t3-start,xai-run_start,D1,1000,True,985
simulated,xai-run_start@t1/005-t3-start,xai-run_start,D1,1500,True,1195
simulated,xai-run_start@t1/005-t3-start,xai-run_start,D1,3000,True,3000
simulated,xai-run_start@t1/005-t3-start,xai-run_start,D1,6000,True,3043
simulated,xai-run_start@t1/005-t3-start,xai-run_start,D1,all,True,3043
simulated,xai-run_start@t1/005-t3-start,xai-run_start,D2,250,False,0
simulated,xai-run_start@t1/005-t3-start,xai-run_start,D2,500,True,317
simulated,xai-run_start@t1/005-t3-start,xai-run_start,D2,1000,True,881
simulated,xai-run_start@t1/005-t3-start,xai-run_start,D2,1500,True,1452
simulated,xai-run_start@t1/005-t3-start,xai-run_start,D2,3000,True,2683
simulated,xai-run_start@t1/005-t3-start,xai-run_start,D2,6000,True,3043
simulated,xai-run_start@t1/005-t3-start,xai-run_start,D2,all,True,3043
simulated,xai-run_start@t1/005-t3-start,xai-run_start,B2,250,False,0
simulated,xai-run_start@t1/005-t3-start,xai-run_start,B2,500,True,270
simulated,xai-run_start@t1/005-t3-start,xai-run_start,B2,1000,True,972
simulated,xai-run_start@t1/005-t3-start,xai-run_start,B2,1500,True,1488
simulated,xai-run_start@t1/005-t3-start,xai-run_start,B2,3000,True,2938
simulated,xai-run_start@t1/005-t3-start,xai-run_start,B2,6000,True,5881
simulated,xai-run_start@t1/005-t3-start,xai-run_start,B2,all,True,5881
simulated,xai-run_start@t1/005-t3-start,xai-run_start,D4,250,False,0
simulated,xai-run_start@t1/005-t3-start,xai-run_start,D4,500,True,357
simulated,xai-run_start@t1/005-t3-start,xai-run_start,D4,1000,True,690
simulated,xai-run_start@t1/005-t3-start,xai-run_start,D4,1500,True,1235
simulated,xai-run_start@t1/005-t3-start,xai-run_start,D4,3000,True,2852
simulated,xai-run_start@t1/005-t3-start,xai-run_start,D4,6000,True,3043
simulated,xai-run_start@t1/005-t3-start,xai-run_start,D4,all,True,3043
simulated,xai-run_start@t1/005-t3-start,xai-run_start,Z4,250,False,208
simulated,xai-run_start@t1/005-t3-start,xai-run_start,Z4,500,False,208
simulated,xai-run_start@t1/005-t3-start,xai-run_start,Z4,1000,False,944
simulated,xai-run_start@t1/005-t3-start,xai-run_start,Z4,1500,True,1293
simulated,xai-run_start@t1/005-t3-start,xai-run_start,Z4,3000,True,2739
simulated,xai-run_start@t1/005-t3-start,xai-run_start,Z4,6000,True,3624
simulated,xai-run_start@t1/005-t3-start,xai-run_start,Z4,all,True,3624
simulated,xai-run_start@t1/005-t3-start,xai-run_start,L4,250,False,0
simulated,xai-run_start@t1/005-t3-start,xai-run_start,L4,500,True,375
simulated,xai-run_start@t1/005-t3-start,xai-run_start,L4,1000,True,724
simulated,xai-run_start@t1/005-t3-start,xai-run_start,L4,1500,True,1284
simulated,xai-run_start@t1/005-t3-start,xai-run_start,L4,3000,True,2990
simulated,xai-run_start@t1/005-t3-start,xai-run_start,L4,6000,True,3198
simulated,xai-run_start@t1/005-t3-start,xai-run_start,L4,all,True,3198
simulated,xai-run_start@t1/005-t3-start,xai-run_start,L2,250,False,0
simulated,xai-run_start@t1/005-t3-start,xai-run_start,L2,500,True,327
simulated,xai-run_start@t1/005-t3-start,xai-run_start,L2,1000,True,823
simulated,xai-run_start@t1/005-t3-start,xai-run_start,L2,1500,True,1477
simulated,xai-run_start@t1/005-t3-start,xai-run_start,L2,3000,True,2665
simulated,xai-run_start@t1/005-t3-start,xai-run_start,L2,6000,True,3198
simulated,xai-run_start@t1/005-t3-start,xai-run_start,L2,all,True,3198
simulated,xai-run_start@t1/005-t3-start,xai-run_start,E1,250,False,242
simulated,xai-run_start@t1/005-t3-start,xai-run_start,E1,500,False,473
simulated,xai-run_start@t1/005-t3-start,xai-run_start,E1,1000,True,994
simulated,xai-run_start@t1/005-t3-start,xai-run_start,E1,1500,True,1488
simulated,xai-run_start@t1/005-t3-start,xai-run_start,E1,3000,True,2995
simulated,xai-run_start@t1/005-t3-start,xai-run_start,E1,6000,True,3451
simulated,xai-run_start@t1/005-t3-start,xai-run_start,E1,all,True,3451
simulated,xai-run_start@t1/005-t3-start,xai-run_start,E4,250,False,243
simulated,xai-run_start@t1/005-t3-start,xai-run_start,E4,500,False,481
simulated,xai-run_start@t1/005-t3-start,xai-run_start,E4,1000,True,987
simulated,xai-run_start@t1/005-t3-start,xai-run_start,E4,1500,True,1486
simulated,xai-run_start@t1/005-t3-start,xai-run_start,E4,3000,True,3000
simulated,xai-run_start@t1/005-t3-start,xai-run_start,E4,6000,True,3451
simulated,xai-run_start@t1/005-t3-start,xai-run_start,E4,all,True,3451
simulated,xai-node_alloc@t1/009-t2-start,xai-node_alloc,D1,250,False,167
simulated,xai-node_alloc@t1/009-t2-start,xai-node_alloc,D1,500,True,484
simulated,xai-node_alloc@t1/009-t2-start,xai-node_alloc,D1,1000,True,941
simulated,xai-node_alloc@t1/009-t2-start,xai-node_alloc,D1,1500,True,1482
simulated,xai-node_alloc@t1/009-t2-start,xai-node_alloc,D1,3000,True,1647
simulated,xai-node_alloc@t1/009-t2-start,xai-node_alloc,D1,6000,True,1647
simulated,xai-node_alloc@t1/009-t2-start,xai-node_alloc,D1,all,True,1647
simulated,xai-node_alloc@t1/009-t2-start,xai-node_alloc,D2,250,False,86
simulated,xai-node_alloc@t1/009-t2-start,xai-node_alloc,D2,500,True,484
simulated,xai-node_alloc@t1/009-t2-start,xai-node_alloc,D2,1000,True,911
simulated,xai-node_alloc@t1/009-t2-start,xai-node_alloc,D2,1500,True,1484
simulated,xai-node_alloc@t1/009-t2-start,xai-node_alloc,D2,3000,True,1647
simulated,xai-node_alloc@t1/009-t2-start,xai-node_alloc,D2,6000,True,1647
simulated,xai-node_alloc@t1/009-t2-start,xai-node_alloc,D2,all,True,1647
simulated,xai-node_alloc@t1/009-t2-start,xai-node_alloc,B2,250,True,218
simulated,xai-node_alloc@t1/009-t2-start,xai-node_alloc,B2,500,True,451
simulated,xai-node_alloc@t1/009-t2-start,xai-node_alloc,B2,1000,True,972
simulated,xai-node_alloc@t1/009-t2-start,xai-node_alloc,B2,1500,True,1483
simulated,xai-node_alloc@t1/009-t2-start,xai-node_alloc,B2,3000,True,2976
simulated,xai-node_alloc@t1/009-t2-start,xai-node_alloc,B2,6000,True,3177
simulated,xai-node_alloc@t1/009-t2-start,xai-node_alloc,B2,all,True,3177
simulated,xai-node_alloc@t1/009-t2-start,xai-node_alloc,D4,250,False,43
simulated,xai-node_alloc@t1/009-t2-start,xai-node_alloc,D4,500,True,403
simulated,xai-node_alloc@t1/009-t2-start,xai-node_alloc,D4,1000,True,920
simulated,xai-node_alloc@t1/009-t2-start,xai-node_alloc,D4,1500,True,1482
simulated,xai-node_alloc@t1/009-t2-start,xai-node_alloc,D4,3000,True,1647
simulated,xai-node_alloc@t1/009-t2-start,xai-node_alloc,D4,6000,True,1647
simulated,xai-node_alloc@t1/009-t2-start,xai-node_alloc,D4,all,True,1647
simulated,xai-node_alloc@t1/009-t2-start,xai-node_alloc,Z4,250,False,0
simulated,xai-node_alloc@t1/009-t2-start,xai-node_alloc,Z4,500,False,349
simulated,xai-node_alloc@t1/009-t2-start,xai-node_alloc,Z4,1000,False,835
simulated,xai-node_alloc@t1/009-t2-start,xai-node_alloc,Z4,1500,True,1490
simulated,xai-node_alloc@t1/009-t2-start,xai-node_alloc,Z4,3000,True,1698
simulated,xai-node_alloc@t1/009-t2-start,xai-node_alloc,Z4,6000,True,1698
simulated,xai-node_alloc@t1/009-t2-start,xai-node_alloc,Z4,all,True,1698
simulated,xai-node_alloc@t1/009-t2-start,xai-node_alloc,L4,250,False,102
simulated,xai-node_alloc@t1/009-t2-start,xai-node_alloc,L4,500,True,429
simulated,xai-node_alloc@t1/009-t2-start,xai-node_alloc,L4,1000,True,990
simulated,xai-node_alloc@t1/009-t2-start,xai-node_alloc,L4,1500,True,1444
simulated,xai-node_alloc@t1/009-t2-start,xai-node_alloc,L4,3000,True,1762
simulated,xai-node_alloc@t1/009-t2-start,xai-node_alloc,L4,6000,True,1762
simulated,xai-node_alloc@t1/009-t2-start,xai-node_alloc,L4,all,True,1762
simulated,xai-node_alloc@t1/009-t2-start,xai-node_alloc,L2,250,False,51
simulated,xai-node_alloc@t1/009-t2-start,xai-node_alloc,L2,500,True,429
simulated,xai-node_alloc@t1/009-t2-start,xai-node_alloc,L2,1000,True,795
simulated,xai-node_alloc@t1/009-t2-start,xai-node_alloc,L2,1500,True,1419
simulated,xai-node_alloc@t1/009-t2-start,xai-node_alloc,L2,3000,True,1762
simulated,xai-node_alloc@t1/009-t2-start,xai-node_alloc,L2,6000,True,1762
simulated,xai-node_alloc@t1/009-t2-start,xai-node_alloc,L2,all,True,1762
simulated,xai-node_alloc@t1/009-t2-start,xai-node_alloc,E1,250,True,223
simulated,xai-node_alloc@t1/009-t2-start,xai-node_alloc,E1,500,True,471
simulated,xai-node_alloc@t1/009-t2-start,xai-node_alloc,E1,1000,True,977
simulated,xai-node_alloc@t1/009-t2-start,xai-node_alloc,E1,1500,True,1487
simulated,xai-node_alloc@t1/009-t2-start,xai-node_alloc,E1,3000,True,1771
simulated,xai-node_alloc@t1/009-t2-start,xai-node_alloc,E1,6000,True,1771
simulated,xai-node_alloc@t1/009-t2-start,xai-node_alloc,E1,all,True,1771
simulated,xai-node_alloc@t1/009-t2-start,xai-node_alloc,E4,250,True,203
simulated,xai-node_alloc@t1/009-t2-start,xai-node_alloc,E4,500,True,495
simulated,xai-node_alloc@t1/009-t2-start,xai-node_alloc,E4,1000,True,998
simulated,xai-node_alloc@t1/009-t2-start,xai-node_alloc,E4,1500,True,1496
simulated,xai-node_alloc@t1/009-t2-start,xai-node_alloc,E4,3000,True,1771
simulated,xai-node_alloc@t1/009-t2-start,xai-node_alloc,E4,6000,True,1771
simulated,xai-node_alloc@t1/009-t2-start,xai-node_alloc,E4,all,True,1771
simulated,xai-node_alloc@t1/009-t2-middle,xai-node_alloc,D1,250,False,0
simulated,xai-node_alloc@t1/009-t2-middle,xai-node_alloc,D1,500,False,491
simulated,xai-node_alloc@t1/009-t2-middle,xai-node_alloc,D1,1000,True,889
simulated,xai-node_alloc@t1/009-t2-middle,xai-node_alloc,D1,1500,True,1494
simulated,xai-node_alloc@t1/009-t2-middle,xai-node_alloc,D1,3000,True,2255
simulated,xai-node_alloc@t1/009-t2-middle,xai-node_alloc,D1,6000,True,2255
simulated,xai-node_alloc@t1/009-t2-middle,xai-node_alloc,D1,all,True,2255
simulated,xai-node_alloc@t1/009-t2-middle,xai-node_alloc,D2,250,False,0
simulated,xai-node_alloc@t1/009-t2-middle,xai-node_alloc,D2,500,False,360
simulated,xai-node_alloc@t1/009-t2-middle,xai-node_alloc,D2,1000,False,924
simulated,xai-node_alloc@t1/009-t2-middle,xai-node_alloc,D2,1500,True,1488
simulated,xai-node_alloc@t1/009-t2-middle,xai-node_alloc,D2,3000,True,2255
simulated,xai-node_alloc@t1/009-t2-middle,xai-node_alloc,D2,6000,True,2255
simulated,xai-node_alloc@t1/009-t2-middle,xai-node_alloc,D2,all,True,2255
simulated,xai-node_alloc@t1/009-t2-middle,xai-node_alloc,B2,250,False,0
simulated,xai-node_alloc@t1/009-t2-middle,xai-node_alloc,B2,500,False,263
simulated,xai-node_alloc@t1/009-t2-middle,xai-node_alloc,B2,1000,False,763
simulated,xai-node_alloc@t1/009-t2-middle,xai-node_alloc,B2,1500,False,1281
simulated,xai-node_alloc@t1/009-t2-middle,xai-node_alloc,B2,3000,True,2901
simulated,xai-node_alloc@t1/009-t2-middle,xai-node_alloc,B2,6000,True,4010
simulated,xai-node_alloc@t1/009-t2-middle,xai-node_alloc,B2,all,True,4010
simulated,xai-node_alloc@t1/009-t2-middle,xai-node_alloc,D4,250,False,0
simulated,xai-node_alloc@t1/009-t2-middle,xai-node_alloc,D4,500,False,481
simulated,xai-node_alloc@t1/009-t2-middle,xai-node_alloc,D4,1000,False,865
simulated,xai-node_alloc@t1/009-t2-middle,xai-node_alloc,D4,1500,True,1450
simulated,xai-node_alloc@t1/009-t2-middle,xai-node_alloc,D4,3000,True,2255
simulated,xai-node_alloc@t1/009-t2-middle,xai-node_alloc,D4,6000,True,2255
simulated,xai-node_alloc@t1/009-t2-middle,xai-node_alloc,D4,all,True,2255
simulated,xai-node_alloc@t1/009-t2-middle,xai-node_alloc,Z4,250,False,0
simulated,xai-node_alloc@t1/009-t2-middle,xai-node_alloc,Z4,500,False,430
simulated,xai-node_alloc@t1/009-t2-middle,xai-node_alloc,Z4,1000,False,680
simulated,xai-node_alloc@t1/009-t2-middle,xai-node_alloc,Z4,1500,False,1335
simulated,xai-node_alloc@t1/009-t2-middle,xai-node_alloc,Z4,3000,True,2415
simulated,xai-node_alloc@t1/009-t2-middle,xai-node_alloc,Z4,6000,True,2415
simulated,xai-node_alloc@t1/009-t2-middle,xai-node_alloc,Z4,all,True,2415
simulated,xai-node_alloc@t1/009-t2-middle,xai-node_alloc,L4,250,False,0
simulated,xai-node_alloc@t1/009-t2-middle,xai-node_alloc,L4,500,False,468
simulated,xai-node_alloc@t1/009-t2-middle,xai-node_alloc,L4,1000,False,789
simulated,xai-node_alloc@t1/009-t2-middle,xai-node_alloc,L4,1500,False,1319
simulated,xai-node_alloc@t1/009-t2-middle,xai-node_alloc,L4,3000,True,2411
simulated,xai-node_alloc@t1/009-t2-middle,xai-node_alloc,L4,6000,True,2411
simulated,xai-node_alloc@t1/009-t2-middle,xai-node_alloc,L4,all,True,2411
simulated,xai-node_alloc@t1/009-t2-middle,xai-node_alloc,L2,250,False,0
simulated,xai-node_alloc@t1/009-t2-middle,xai-node_alloc,L2,500,False,369
simulated,xai-node_alloc@t1/009-t2-middle,xai-node_alloc,L2,1000,False,965
simulated,xai-node_alloc@t1/009-t2-middle,xai-node_alloc,L2,1500,False,1380
simulated,xai-node_alloc@t1/009-t2-middle,xai-node_alloc,L2,3000,True,2411
simulated,xai-node_alloc@t1/009-t2-middle,xai-node_alloc,L2,6000,True,2411
simulated,xai-node_alloc@t1/009-t2-middle,xai-node_alloc,L2,all,True,2411
simulated,xai-node_alloc@t1/009-t2-middle,xai-node_alloc,E1,250,False,245
simulated,xai-node_alloc@t1/009-t2-middle,xai-node_alloc,E1,500,False,491
simulated,xai-node_alloc@t1/009-t2-middle,xai-node_alloc,E1,1000,False,982
simulated,xai-node_alloc@t1/009-t2-middle,xai-node_alloc,E1,1500,False,1490
simulated,xai-node_alloc@t1/009-t2-middle,xai-node_alloc,E1,3000,True,2230
simulated,xai-node_alloc@t1/009-t2-middle,xai-node_alloc,E1,6000,True,2230
simulated,xai-node_alloc@t1/009-t2-middle,xai-node_alloc,E1,all,True,2230
simulated,xai-node_alloc@t1/009-t2-middle,xai-node_alloc,E4,250,False,233
simulated,xai-node_alloc@t1/009-t2-middle,xai-node_alloc,E4,500,False,494
simulated,xai-node_alloc@t1/009-t2-middle,xai-node_alloc,E4,1000,False,976
simulated,xai-node_alloc@t1/009-t2-middle,xai-node_alloc,E4,1500,False,1497
simulated,xai-node_alloc@t1/009-t2-middle,xai-node_alloc,E4,3000,True,2230
simulated,xai-node_alloc@t1/009-t2-middle,xai-node_alloc,E4,6000,True,2230
simulated,xai-node_alloc@t1/009-t2-middle,xai-node_alloc,E4,all,True,2230
simulated,xai-node_alloc@t1/009-t3-start,xai-node_alloc,D1,250,False,0
simulated,xai-node_alloc@t1/009-t3-start,xai-node_alloc,D1,500,False,462
simulated,xai-node_alloc@t1/009-t3-start,xai-node_alloc,D1,1000,True,902
simulated,xai-node_alloc@t1/009-t3-start,xai-node_alloc,D1,1500,True,1404
simulated,xai-node_alloc@t1/009-t3-start,xai-node_alloc,D1,3000,True,3000
simulated,xai-node_alloc@t1/009-t3-start,xai-node_alloc,D1,6000,True,3043
simulated,xai-node_alloc@t1/009-t3-start,xai-node_alloc,D1,all,True,3043
simulated,xai-node_alloc@t1/009-t3-start,xai-node_alloc,D2,250,False,210
simulated,xai-node_alloc@t1/009-t3-start,xai-node_alloc,D2,500,False,382
simulated,xai-node_alloc@t1/009-t3-start,xai-node_alloc,D2,1000,True,699
simulated,xai-node_alloc@t1/009-t3-start,xai-node_alloc,D2,1500,True,1426
simulated,xai-node_alloc@t1/009-t3-start,xai-node_alloc,D2,3000,True,2964
simulated,xai-node_alloc@t1/009-t3-start,xai-node_alloc,D2,6000,True,3043
simulated,xai-node_alloc@t1/009-t3-start,xai-node_alloc,D2,all,True,3043
simulated,xai-node_alloc@t1/009-t3-start,xai-node_alloc,B2,250,True,218
simulated,xai-node_alloc@t1/009-t3-start,xai-node_alloc,B2,500,True,484
simulated,xai-node_alloc@t1/009-t3-start,xai-node_alloc,B2,1000,True,998
simulated,xai-node_alloc@t1/009-t3-start,xai-node_alloc,B2,1500,True,1470
simulated,xai-node_alloc@t1/009-t3-start,xai-node_alloc,B2,3000,True,2907
simulated,xai-node_alloc@t1/009-t3-start,xai-node_alloc,B2,6000,True,5881
simulated,xai-node_alloc@t1/009-t3-start,xai-node_alloc,B2,all,True,5881
simulated,xai-node_alloc@t1/009-t3-start,xai-node_alloc,D4,250,False,40
simulated,xai-node_alloc@t1/009-t3-start,xai-node_alloc,D4,500,True,357
simulated,xai-node_alloc@t1/009-t3-start,xai-node_alloc,D4,1000,True,567
simulated,xai-node_alloc@t1/009-t3-start,xai-node_alloc,D4,1500,True,1366
simulated,xai-node_alloc@t1/009-t3-start,xai-node_alloc,D4,3000,True,2776
simulated,xai-node_alloc@t1/009-t3-start,xai-node_alloc,D4,6000,True,3043
simulated,xai-node_alloc@t1/009-t3-start,xai-node_alloc,D4,all,True,3043
simulated,xai-node_alloc@t1/009-t3-start,xai-node_alloc,Z4,250,False,208
simulated,xai-node_alloc@t1/009-t3-start,xai-node_alloc,Z4,500,False,208
simulated,xai-node_alloc@t1/009-t3-start,xai-node_alloc,Z4,1000,False,944
simulated,xai-node_alloc@t1/009-t3-start,xai-node_alloc,Z4,1500,False,1204
simulated,xai-node_alloc@t1/009-t3-start,xai-node_alloc,Z4,3000,True,2785
simulated,xai-node_alloc@t1/009-t3-start,xai-node_alloc,Z4,6000,True,3624
simulated,xai-node_alloc@t1/009-t3-start,xai-node_alloc,Z4,all,True,3624
simulated,xai-node_alloc@t1/009-t3-start,xai-node_alloc,L4,250,False,48
simulated,xai-node_alloc@t1/009-t3-start,xai-node_alloc,L4,500,True,375
simulated,xai-node_alloc@t1/009-t3-start,xai-node_alloc,L4,1000,True,592
simulated,xai-node_alloc@t1/009-t3-start,xai-node_alloc,L4,1500,True,1425
simulated,xai-node_alloc@t1/009-t3-start,xai-node_alloc,L4,3000,True,2914
simulated,xai-node_alloc@t1/009-t3-start,xai-node_alloc,L4,6000,True,3198
simulated,xai-node_alloc@t1/009-t3-start,xai-node_alloc,L4,all,True,3198
simulated,xai-node_alloc@t1/009-t3-start,xai-node_alloc,L2,250,False,217
simulated,xai-node_alloc@t1/009-t3-start,xai-node_alloc,L2,500,False,399
simulated,xai-node_alloc@t1/009-t3-start,xai-node_alloc,L2,1000,False,678
simulated,xai-node_alloc@t1/009-t3-start,xai-node_alloc,L2,1500,False,1339
simulated,xai-node_alloc@t1/009-t3-start,xai-node_alloc,L2,3000,True,2939
simulated,xai-node_alloc@t1/009-t3-start,xai-node_alloc,L2,6000,True,3198
simulated,xai-node_alloc@t1/009-t3-start,xai-node_alloc,L2,all,True,3198
simulated,xai-node_alloc@t1/009-t3-start,xai-node_alloc,E1,250,False,235
simulated,xai-node_alloc@t1/009-t3-start,xai-node_alloc,E1,500,False,499
simulated,xai-node_alloc@t1/009-t3-start,xai-node_alloc,E1,1000,False,994
simulated,xai-node_alloc@t1/009-t3-start,xai-node_alloc,E1,1500,False,1471
simulated,xai-node_alloc@t1/009-t3-start,xai-node_alloc,E1,3000,False,2999
simulated,xai-node_alloc@t1/009-t3-start,xai-node_alloc,E1,6000,True,3451
simulated,xai-node_alloc@t1/009-t3-start,xai-node_alloc,E1,all,True,3451
simulated,xai-node_alloc@t1/009-t3-start,xai-node_alloc,E4,250,False,216
simulated,xai-node_alloc@t1/009-t3-start,xai-node_alloc,E4,500,False,473
simulated,xai-node_alloc@t1/009-t3-start,xai-node_alloc,E4,1000,False,982
simulated,xai-node_alloc@t1/009-t3-start,xai-node_alloc,E4,1500,False,1482
simulated,xai-node_alloc@t1/009-t3-start,xai-node_alloc,E4,3000,True,2981
simulated,xai-node_alloc@t1/009-t3-start,xai-node_alloc,E4,6000,True,3451
simulated,xai-node_alloc@t1/009-t3-start,xai-node_alloc,E4,all,True,3451
simulated,xai-node_alloc@t1/009-t3-middle,xai-node_alloc,D1,250,False,0
simulated,xai-node_alloc@t1/009-t3-middle,xai-node_alloc,D1,500,False,282
simulated,xai-node_alloc@t1/009-t3-middle,xai-node_alloc,D1,1000,True,932
simulated,xai-node_alloc@t1/009-t3-middle,xai-node_alloc,D1,1500,True,1469
simulated,xai-node_alloc@t1/009-t3-middle,xai-node_alloc,D1,3000,True,2926
simulated,xai-node_alloc@t1/009-t3-middle,xai-node_alloc,D1,6000,True,3902
simulated,xai-node_alloc@t1/009-t3-middle,xai-node_alloc,D1,all,True,3902
simulated,xai-node_alloc@t1/009-t3-middle,xai-node_alloc,D2,250,False,0
simulated,xai-node_alloc@t1/009-t3-middle,xai-node_alloc,D2,500,False,424
simulated,xai-node_alloc@t1/009-t3-middle,xai-node_alloc,D2,1000,True,996
simulated,xai-node_alloc@t1/009-t3-middle,xai-node_alloc,D2,1500,True,1404
simulated,xai-node_alloc@t1/009-t3-middle,xai-node_alloc,D2,3000,True,2978
simulated,xai-node_alloc@t1/009-t3-middle,xai-node_alloc,D2,6000,True,3902
simulated,xai-node_alloc@t1/009-t3-middle,xai-node_alloc,D2,all,True,3902
simulated,xai-node_alloc@t1/009-t3-middle,xai-node_alloc,B2,250,False,0
simulated,xai-node_alloc@t1/009-t3-middle,xai-node_alloc,B2,500,False,272
simulated,xai-node_alloc@t1/009-t3-middle,xai-node_alloc,B2,1000,False,802
simulated,xai-node_alloc@t1/009-t3-middle,xai-node_alloc,B2,1500,False,1318
simulated,xai-node_alloc@t1/009-t3-middle,xai-node_alloc,B2,3000,True,2805
simulated,xai-node_alloc@t1/009-t3-middle,xai-node_alloc,B2,6000,True,5860
simulated,xai-node_alloc@t1/009-t3-middle,xai-node_alloc,B2,all,True,7655
simulated,xai-node_alloc@t1/009-t3-middle,xai-node_alloc,D4,250,False,53
simulated,xai-node_alloc@t1/009-t3-middle,xai-node_alloc,D4,500,True,370
simulated,xai-node_alloc@t1/009-t3-middle,xai-node_alloc,D4,1000,True,877
simulated,xai-node_alloc@t1/009-t3-middle,xai-node_alloc,D4,1500,True,1253
simulated,xai-node_alloc@t1/009-t3-middle,xai-node_alloc,D4,3000,True,2959
simulated,xai-node_alloc@t1/009-t3-middle,xai-node_alloc,D4,6000,True,3902
simulated,xai-node_alloc@t1/009-t3-middle,xai-node_alloc,D4,all,True,3902
simulated,xai-node_alloc@t1/009-t3-middle,xai-node_alloc,Z4,250,False,0
simulated,xai-node_alloc@t1/009-t3-middle,xai-node_alloc,Z4,500,False,349
simulated,xai-node_alloc@t1/009-t3-middle,xai-node_alloc,Z4,1000,False,685
simulated,xai-node_alloc@t1/009-t3-middle,xai-node_alloc,Z4,1500,True,1340
simulated,xai-node_alloc@t1/009-t3-middle,xai-node_alloc,Z4,3000,True,2982
simulated,xai-node_alloc@t1/009-t3-middle,xai-node_alloc,Z4,6000,True,3960
simulated,xai-node_alloc@t1/009-t3-middle,xai-node_alloc,Z4,all,True,3960
simulated,xai-node_alloc@t1/009-t3-middle,xai-node_alloc,L4,250,False,61
simulated,xai-node_alloc@t1/009-t3-middle,xai-node_alloc,L4,500,True,439
simulated,xai-node_alloc@t1/009-t3-middle,xai-node_alloc,L4,1000,True,997
simulated,xai-node_alloc@t1/009-t3-middle,xai-node_alloc,L4,1500,True,1327
simulated,xai-node_alloc@t1/009-t3-middle,xai-node_alloc,L4,3000,True,2997
simulated,xai-node_alloc@t1/009-t3-middle,xai-node_alloc,L4,6000,True,4120
simulated,xai-node_alloc@t1/009-t3-middle,xai-node_alloc,L4,all,True,4120
simulated,xai-node_alloc@t1/009-t3-middle,xai-node_alloc,L2,250,False,147
simulated,xai-node_alloc@t1/009-t3-middle,xai-node_alloc,L2,500,False,440
simulated,xai-node_alloc@t1/009-t3-middle,xai-node_alloc,L2,1000,True,858
simulated,xai-node_alloc@t1/009-t3-middle,xai-node_alloc,L2,1500,True,1416
simulated,xai-node_alloc@t1/009-t3-middle,xai-node_alloc,L2,3000,True,2866
simulated,xai-node_alloc@t1/009-t3-middle,xai-node_alloc,L2,6000,True,4120
simulated,xai-node_alloc@t1/009-t3-middle,xai-node_alloc,L2,all,True,4120
simulated,xai-node_alloc@t1/009-t3-middle,xai-node_alloc,E1,250,False,215
simulated,xai-node_alloc@t1/009-t3-middle,xai-node_alloc,E1,500,False,482
simulated,xai-node_alloc@t1/009-t3-middle,xai-node_alloc,E1,1000,False,992
simulated,xai-node_alloc@t1/009-t3-middle,xai-node_alloc,E1,1500,True,1482
simulated,xai-node_alloc@t1/009-t3-middle,xai-node_alloc,E1,3000,True,2990
simulated,xai-node_alloc@t1/009-t3-middle,xai-node_alloc,E1,6000,True,4149
simulated,xai-node_alloc@t1/009-t3-middle,xai-node_alloc,E1,all,True,4149
simulated,xai-node_alloc@t1/009-t3-middle,xai-node_alloc,E4,250,True,227
simulated,xai-node_alloc@t1/009-t3-middle,xai-node_alloc,E4,500,True,495
simulated,xai-node_alloc@t1/009-t3-middle,xai-node_alloc,E4,1000,True,1000
simulated,xai-node_alloc@t1/009-t3-middle,xai-node_alloc,E4,1500,True,1483
simulated,xai-node_alloc@t1/009-t3-middle,xai-node_alloc,E4,3000,True,2999
simulated,xai-node_alloc@t1/009-t3-middle,xai-node_alloc,E4,6000,True,4149
simulated,xai-node_alloc@t1/009-t3-middle,xai-node_alloc,E4,all,True,4149
simulated,xai-node_alloc@t1/009-t4-start,xai-node_alloc,D1,250,False,172
simulated,xai-node_alloc@t1/009-t4-start,xai-node_alloc,D1,500,True,489
simulated,xai-node_alloc@t1/009-t4-start,xai-node_alloc,D1,1000,True,849
simulated,xai-node_alloc@t1/009-t4-start,xai-node_alloc,D1,1500,True,1080
simulated,xai-node_alloc@t1/009-t4-start,xai-node_alloc,D1,3000,True,2825
simulated,xai-node_alloc@t1/009-t4-start,xai-node_alloc,D1,6000,True,4959
simulated,xai-node_alloc@t1/009-t4-start,xai-node_alloc,D1,all,True,4959
simulated,xai-node_alloc@t1/009-t4-start,xai-node_alloc,D2,250,False,0
simulated,xai-node_alloc@t1/009-t4-start,xai-node_alloc,D2,500,True,317
simulated,xai-node_alloc@t1/009-t4-start,xai-node_alloc,D2,1000,True,984
simulated,xai-node_alloc@t1/009-t4-start,xai-node_alloc,D2,1500,True,1440
simulated,xai-node_alloc@t1/009-t4-start,xai-node_alloc,D2,3000,True,2841
simulated,xai-node_alloc@t1/009-t4-start,xai-node_alloc,D2,6000,True,4959
simulated,xai-node_alloc@t1/009-t4-start,xai-node_alloc,D2,all,True,4959
simulated,xai-node_alloc@t1/009-t4-start,xai-node_alloc,B2,250,True,233
simulated,xai-node_alloc@t1/009-t4-start,xai-node_alloc,B2,500,True,233
simulated,xai-node_alloc@t1/009-t4-start,xai-node_alloc,B2,1000,True,751
simulated,xai-node_alloc@t1/009-t4-start,xai-node_alloc,B2,1500,True,1473
simulated,xai-node_alloc@t1/009-t4-start,xai-node_alloc,B2,3000,True,2975
simulated,xai-node_alloc@t1/009-t4-start,xai-node_alloc,B2,6000,True,5844
simulated,xai-node_alloc@t1/009-t4-start,xai-node_alloc,B2,all,True,9225
simulated,xai-node_alloc@t1/009-t4-start,xai-node_alloc,D4,250,False,0
simulated,xai-node_alloc@t1/009-t4-start,xai-node_alloc,D4,500,True,360
simulated,xai-node_alloc@t1/009-t4-start,xai-node_alloc,D4,1000,True,812
simulated,xai-node_alloc@t1/009-t4-start,xai-node_alloc,D4,1500,True,1292
simulated,xai-node_alloc@t1/009-t4-start,xai-node_alloc,D4,3000,True,2871
simulated,xai-node_alloc@t1/009-t4-start,xai-node_alloc,D4,6000,True,4959
simulated,xai-node_alloc@t1/009-t4-start,xai-node_alloc,D4,all,True,4959
simulated,xai-node_alloc@t1/009-t4-start,xai-node_alloc,Z4,250,False,0
simulated,xai-node_alloc@t1/009-t4-start,xai-node_alloc,Z4,500,False,349
simulated,xai-node_alloc@t1/009-t4-start,xai-node_alloc,Z4,1000,False,726
simulated,xai-node_alloc@t1/009-t4-start,xai-node_alloc,Z4,1500,False,1121
simulated,xai-node_alloc@t1/009-t4-start,xai-node_alloc,Z4,3000,False,2825
simulated,xai-node_alloc@t1/009-t4-start,xai-node_alloc,Z4,6000,True,4981
simulated,xai-node_alloc@t1/009-t4-start,xai-node_alloc,Z4,all,True,4981
simulated,xai-node_alloc@t1/009-t4-start,xai-node_alloc,L4,250,False,0
simulated,xai-node_alloc@t1/009-t4-start,xai-node_alloc,L4,500,True,378
simulated,xai-node_alloc@t1/009-t4-start,xai-node_alloc,L4,1000,True,841
simulated,xai-node_alloc@t1/009-t4-start,xai-node_alloc,L4,1500,True,1357
simulated,xai-node_alloc@t1/009-t4-start,xai-node_alloc,L4,3000,True,2954
simulated,xai-node_alloc@t1/009-t4-start,xai-node_alloc,L4,6000,True,5223
simulated,xai-node_alloc@t1/009-t4-start,xai-node_alloc,L4,all,True,5223
simulated,xai-node_alloc@t1/009-t4-start,xai-node_alloc,L2,250,False,225
simulated,xai-node_alloc@t1/009-t4-start,xai-node_alloc,L2,500,False,225
simulated,xai-node_alloc@t1/009-t4-start,xai-node_alloc,L2,1000,True,552
simulated,xai-node_alloc@t1/009-t4-start,xai-node_alloc,L2,1500,True,1498
simulated,xai-node_alloc@t1/009-t4-start,xai-node_alloc,L2,3000,True,2988
simulated,xai-node_alloc@t1/009-t4-start,xai-node_alloc,L2,6000,True,5223
simulated,xai-node_alloc@t1/009-t4-start,xai-node_alloc,L2,all,True,5223
simulated,xai-node_alloc@t1/009-t4-start,xai-node_alloc,E1,250,False,234
simulated,xai-node_alloc@t1/009-t4-start,xai-node_alloc,E1,500,False,500
simulated,xai-node_alloc@t1/009-t4-start,xai-node_alloc,E1,1000,False,976
simulated,xai-node_alloc@t1/009-t4-start,xai-node_alloc,E1,1500,False,1482
simulated,xai-node_alloc@t1/009-t4-start,xai-node_alloc,E1,3000,False,2990
simulated,xai-node_alloc@t1/009-t4-start,xai-node_alloc,E1,6000,True,5118
simulated,xai-node_alloc@t1/009-t4-start,xai-node_alloc,E1,all,True,5118
simulated,xai-node_alloc@t1/009-t4-start,xai-node_alloc,E4,250,False,225
simulated,xai-node_alloc@t1/009-t4-start,xai-node_alloc,E4,500,False,492
simulated,xai-node_alloc@t1/009-t4-start,xai-node_alloc,E4,1000,False,997
simulated,xai-node_alloc@t1/009-t4-start,xai-node_alloc,E4,1500,False,1479
simulated,xai-node_alloc@t1/009-t4-start,xai-node_alloc,E4,3000,True,2990
simulated,xai-node_alloc@t1/009-t4-start,xai-node_alloc,E4,6000,True,5118
simulated,xai-node_alloc@t1/009-t4-start,xai-node_alloc,E4,all,True,5118
simulated,xai-node_alloc@t1/009-t4-middle,xai-node_alloc,D1,250,False,242
simulated,xai-node_alloc@t1/009-t4-middle,xai-node_alloc,D1,500,False,242
simulated,xai-node_alloc@t1/009-t4-middle,xai-node_alloc,D1,1000,False,888
simulated,xai-node_alloc@t1/009-t4-middle,xai-node_alloc,D1,1500,False,1350
simulated,xai-node_alloc@t1/009-t4-middle,xai-node_alloc,D1,3000,False,2879
simulated,xai-node_alloc@t1/009-t4-middle,xai-node_alloc,D1,6000,True,5965
simulated,xai-node_alloc@t1/009-t4-middle,xai-node_alloc,D1,all,True,6246
simulated,xai-node_alloc@t1/009-t4-middle,xai-node_alloc,D2,250,False,43
simulated,xai-node_alloc@t1/009-t4-middle,xai-node_alloc,D2,500,False,457
simulated,xai-node_alloc@t1/009-t4-middle,xai-node_alloc,D2,1000,False,909
simulated,xai-node_alloc@t1/009-t4-middle,xai-node_alloc,D2,1500,False,1479
simulated,xai-node_alloc@t1/009-t4-middle,xai-node_alloc,D2,3000,True,2554
simulated,xai-node_alloc@t1/009-t4-middle,xai-node_alloc,D2,6000,True,5947
simulated,xai-node_alloc@t1/009-t4-middle,xai-node_alloc,D2,all,True,6246
simulated,xai-node_alloc@t1/009-t4-middle,xai-node_alloc,B2,250,False,0
simulated,xai-node_alloc@t1/009-t4-middle,xai-node_alloc,B2,500,False,262
simulated,xai-node_alloc@t1/009-t4-middle,xai-node_alloc,B2,1000,False,995
simulated,xai-node_alloc@t1/009-t4-middle,xai-node_alloc,B2,1500,True,1464
simulated,xai-node_alloc@t1/009-t4-middle,xai-node_alloc,B2,3000,True,2886
simulated,xai-node_alloc@t1/009-t4-middle,xai-node_alloc,B2,6000,True,5838
simulated,xai-node_alloc@t1/009-t4-middle,xai-node_alloc,B2,all,True,11096
simulated,xai-node_alloc@t1/009-t4-middle,xai-node_alloc,D4,250,False,242
simulated,xai-node_alloc@t1/009-t4-middle,xai-node_alloc,D4,500,False,242
simulated,xai-node_alloc@t1/009-t4-middle,xai-node_alloc,D4,1000,False,818
simulated,xai-node_alloc@t1/009-t4-middle,xai-node_alloc,D4,1500,False,1345
simulated,xai-node_alloc@t1/009-t4-middle,xai-node_alloc,D4,3000,True,2917
simulated,xai-node_alloc@t1/009-t4-middle,xai-node_alloc,D4,6000,True,5974
simulated,xai-node_alloc@t1/009-t4-middle,xai-node_alloc,D4,all,True,6246
simulated,xai-node_alloc@t1/009-t4-middle,xai-node_alloc,Z4,250,False,196
simulated,xai-node_alloc@t1/009-t4-middle,xai-node_alloc,Z4,500,False,196
simulated,xai-node_alloc@t1/009-t4-middle,xai-node_alloc,Z4,1000,False,927
simulated,xai-node_alloc@t1/009-t4-middle,xai-node_alloc,Z4,1500,False,1187
simulated,xai-node_alloc@t1/009-t4-middle,xai-node_alloc,Z4,3000,True,2732
simulated,xai-node_alloc@t1/009-t4-middle,xai-node_alloc,Z4,6000,True,5932
simulated,xai-node_alloc@t1/009-t4-middle,xai-node_alloc,Z4,all,True,6073
simulated,xai-node_alloc@t1/009-t4-middle,xai-node_alloc,L4,250,False,242
simulated,xai-node_alloc@t1/009-t4-middle,xai-node_alloc,L4,500,False,242
simulated,xai-node_alloc@t1/009-t4-middle,xai-node_alloc,L4,1000,False,845
simulated,xai-node_alloc@t1/009-t4-middle,xai-node_alloc,L4,1500,False,1391
simulated,xai-node_alloc@t1/009-t4-middle,xai-node_alloc,L4,3000,True,2866
simulated,xai-node_alloc@t1/009-t4-middle,xai-node_alloc,L4,6000,True,5977
simulated,xai-node_alloc@t1/009-t4-middle,xai-node_alloc,L4,all,True,6553
simulated,xai-node_alloc@t1/009-t4-middle,xai-node_alloc,L2,250,False,242
simulated,xai-node_alloc@t1/009-t4-middle,xai-node_alloc,L2,500,False,475
simulated,xai-node_alloc@t1/009-t4-middle,xai-node_alloc,L2,1000,False,938
simulated,xai-node_alloc@t1/009-t4-middle,xai-node_alloc,L2,1500,False,1382
simulated,xai-node_alloc@t1/009-t4-middle,xai-node_alloc,L2,3000,False,2708
simulated,xai-node_alloc@t1/009-t4-middle,xai-node_alloc,L2,6000,True,5765
simulated,xai-node_alloc@t1/009-t4-middle,xai-node_alloc,L2,all,True,6553
simulated,xai-node_alloc@t1/009-t4-middle,xai-node_alloc,E1,250,False,227
simulated,xai-node_alloc@t1/009-t4-middle,xai-node_alloc,E1,500,False,488
simulated,xai-node_alloc@t1/009-t4-middle,xai-node_alloc,E1,1000,False,980
simulated,xai-node_alloc@t1/009-t4-middle,xai-node_alloc,E1,1500,False,1487
simulated,xai-node_alloc@t1/009-t4-middle,xai-node_alloc,E1,3000,False,2975
simulated,xai-node_alloc@t1/009-t4-middle,xai-node_alloc,E1,6000,True,5977
simulated,xai-node_alloc@t1/009-t4-middle,xai-node_alloc,E1,all,True,6412
simulated,xai-node_alloc@t1/009-t4-middle,xai-node_alloc,E4,250,False,239
simulated,xai-node_alloc@t1/009-t4-middle,xai-node_alloc,E4,500,False,490
simulated,xai-node_alloc@t1/009-t4-middle,xai-node_alloc,E4,1000,False,983
simulated,xai-node_alloc@t1/009-t4-middle,xai-node_alloc,E4,1500,False,1492
simulated,xai-node_alloc@t1/009-t4-middle,xai-node_alloc,E4,3000,True,2998
simulated,xai-node_alloc@t1/009-t4-middle,xai-node_alloc,E4,6000,True,5984
simulated,xai-node_alloc@t1/009-t4-middle,xai-node_alloc,E4,all,True,6412
simulated,xai-node_alloc@t1/009-t5-start,xai-node_alloc,D1,250,False,215
simulated,xai-node_alloc@t1/009-t5-start,xai-node_alloc,D1,500,False,215
simulated,xai-node_alloc@t1/009-t5-start,xai-node_alloc,D1,1000,False,677
simulated,xai-node_alloc@t1/009-t5-start,xai-node_alloc,D1,1500,False,1383
simulated,xai-node_alloc@t1/009-t5-start,xai-node_alloc,D1,3000,True,2883
simulated,xai-node_alloc@t1/009-t5-start,xai-node_alloc,D1,6000,True,5973
simulated,xai-node_alloc@t1/009-t5-start,xai-node_alloc,D1,all,True,6617
simulated,xai-node_alloc@t1/009-t5-start,xai-node_alloc,D2,250,False,215
simulated,xai-node_alloc@t1/009-t5-start,xai-node_alloc,D2,500,False,447
simulated,xai-node_alloc@t1/009-t5-start,xai-node_alloc,D2,1000,False,921
simulated,xai-node_alloc@t1/009-t5-start,xai-node_alloc,D2,1500,False,1214
simulated,xai-node_alloc@t1/009-t5-start,xai-node_alloc,D2,3000,False,2961
simulated,xai-node_alloc@t1/009-t5-start,xai-node_alloc,D2,6000,True,5956
simulated,xai-node_alloc@t1/009-t5-start,xai-node_alloc,D2,all,True,6617
simulated,xai-node_alloc@t1/009-t5-start,xai-node_alloc,B2,250,True,218
simulated,xai-node_alloc@t1/009-t5-start,xai-node_alloc,B2,500,True,466
simulated,xai-node_alloc@t1/009-t5-start,xai-node_alloc,B2,1000,True,968
simulated,xai-node_alloc@t1/009-t5-start,xai-node_alloc,B2,1500,True,1436
simulated,xai-node_alloc@t1/009-t5-start,xai-node_alloc,B2,3000,True,2949
simulated,xai-node_alloc@t1/009-t5-start,xai-node_alloc,B2,6000,True,5868
simulated,xai-node_alloc@t1/009-t5-start,xai-node_alloc,B2,all,True,12640
simulated,xai-node_alloc@t1/009-t5-start,xai-node_alloc,D4,250,False,0
simulated,xai-node_alloc@t1/009-t5-start,xai-node_alloc,D4,500,False,452
simulated,xai-node_alloc@t1/009-t5-start,xai-node_alloc,D4,1000,False,767
simulated,xai-node_alloc@t1/009-t5-start,xai-node_alloc,D4,1500,False,1364
simulated,xai-node_alloc@t1/009-t5-start,xai-node_alloc,D4,3000,True,2875
simulated,xai-node_alloc@t1/009-t5-start,xai-node_alloc,D4,6000,True,5990
simulated,xai-node_alloc@t1/009-t5-start,xai-node_alloc,D4,all,True,6617
simulated,xai-node_alloc@t1/009-t5-start,xai-node_alloc,Z4,250,False,0
simulated,xai-node_alloc@t1/009-t5-start,xai-node_alloc,Z4,500,False,492
simulated,xai-node_alloc@t1/009-t5-start,xai-node_alloc,Z4,1000,False,869
simulated,xai-node_alloc@t1/009-t5-start,xai-node_alloc,Z4,1500,False,1355
simulated,xai-node_alloc@t1/009-t5-start,xai-node_alloc,Z4,3000,False,2713
simulated,xai-node_alloc@t1/009-t5-start,xai-node_alloc,Z4,6000,True,5752
simulated,xai-node_alloc@t1/009-t5-start,xai-node_alloc,Z4,all,True,7132
simulated,xai-node_alloc@t1/009-t5-start,xai-node_alloc,L4,250,False,0
simulated,xai-node_alloc@t1/009-t5-start,xai-node_alloc,L4,500,False,463
simulated,xai-node_alloc@t1/009-t5-start,xai-node_alloc,L4,1000,False,752
simulated,xai-node_alloc@t1/009-t5-start,xai-node_alloc,L4,1500,False,1420
simulated,xai-node_alloc@t1/009-t5-start,xai-node_alloc,L4,3000,True,2973
simulated,xai-node_alloc@t1/009-t5-start,xai-node_alloc,L4,6000,True,5938
simulated,xai-node_alloc@t1/009-t5-start,xai-node_alloc,L4,all,True,6935
simulated,xai-node_alloc@t1/009-t5-start,xai-node_alloc,L2,250,False,241
simulated,xai-node_alloc@t1/009-t5-start,xai-node_alloc,L2,500,False,466
simulated,xai-node_alloc@t1/009-t5-start,xai-node_alloc,L2,1000,False,769
simulated,xai-node_alloc@t1/009-t5-start,xai-node_alloc,L2,1500,False,1254
simulated,xai-node_alloc@t1/009-t5-start,xai-node_alloc,L2,3000,False,2602
simulated,xai-node_alloc@t1/009-t5-start,xai-node_alloc,L2,6000,True,5851
simulated,xai-node_alloc@t1/009-t5-start,xai-node_alloc,L2,all,True,6935
simulated,xai-node_alloc@t1/009-t5-start,xai-node_alloc,E1,250,False,223
simulated,xai-node_alloc@t1/009-t5-start,xai-node_alloc,E1,500,False,492
simulated,xai-node_alloc@t1/009-t5-start,xai-node_alloc,E1,1000,False,990
simulated,xai-node_alloc@t1/009-t5-start,xai-node_alloc,E1,1500,False,1493
simulated,xai-node_alloc@t1/009-t5-start,xai-node_alloc,E1,3000,False,2985
simulated,xai-node_alloc@t1/009-t5-start,xai-node_alloc,E1,6000,False,5984
simulated,xai-node_alloc@t1/009-t5-start,xai-node_alloc,E1,all,True,7342
simulated,xai-node_alloc@t1/009-t5-start,xai-node_alloc,E4,250,False,215
simulated,xai-node_alloc@t1/009-t5-start,xai-node_alloc,E4,500,False,473
simulated,xai-node_alloc@t1/009-t5-start,xai-node_alloc,E4,1000,False,986
simulated,xai-node_alloc@t1/009-t5-start,xai-node_alloc,E4,1500,True,1494
simulated,xai-node_alloc@t1/009-t5-start,xai-node_alloc,E4,3000,True,2980
simulated,xai-node_alloc@t1/009-t5-start,xai-node_alloc,E4,6000,True,5986
simulated,xai-node_alloc@t1/009-t5-start,xai-node_alloc,E4,all,True,7342
simulated,xai-node_alloc@t1/009-t5-middle,xai-node_alloc,D1,250,False,0
simulated,xai-node_alloc@t1/009-t5-middle,xai-node_alloc,D1,500,False,292
simulated,xai-node_alloc@t1/009-t5-middle,xai-node_alloc,D1,1000,False,926
simulated,xai-node_alloc@t1/009-t5-middle,xai-node_alloc,D1,1500,False,1233
simulated,xai-node_alloc@t1/009-t5-middle,xai-node_alloc,D1,3000,False,2694
simulated,xai-node_alloc@t1/009-t5-middle,xai-node_alloc,D1,6000,True,5898
simulated,xai-node_alloc@t1/009-t5-middle,xai-node_alloc,D1,all,True,7374
simulated,xai-node_alloc@t1/009-t5-middle,xai-node_alloc,D2,250,False,0
simulated,xai-node_alloc@t1/009-t5-middle,xai-node_alloc,D2,500,False,462
simulated,xai-node_alloc@t1/009-t5-middle,xai-node_alloc,D2,1000,False,986
simulated,xai-node_alloc@t1/009-t5-middle,xai-node_alloc,D2,1500,False,1117
simulated,xai-node_alloc@t1/009-t5-middle,xai-node_alloc,D2,3000,False,2998
simulated,xai-node_alloc@t1/009-t5-middle,xai-node_alloc,D2,6000,True,5935
simulated,xai-node_alloc@t1/009-t5-middle,xai-node_alloc,D2,all,True,7374
simulated,xai-node_alloc@t1/009-t5-middle,xai-node_alloc,B2,250,False,0
simulated,xai-node_alloc@t1/009-t5-middle,xai-node_alloc,B2,500,False,263
simulated,xai-node_alloc@t1/009-t5-middle,xai-node_alloc,B2,1000,False,996
simulated,xai-node_alloc@t1/009-t5-middle,xai-node_alloc,B2,1500,False,1465
simulated,xai-node_alloc@t1/009-t5-middle,xai-node_alloc,B2,3000,True,2922
simulated,xai-node_alloc@t1/009-t5-middle,xai-node_alloc,B2,6000,True,5862
simulated,xai-node_alloc@t1/009-t5-middle,xai-node_alloc,B2,all,True,14097
simulated,xai-node_alloc@t1/009-t5-middle,xai-node_alloc,D4,250,False,0
simulated,xai-node_alloc@t1/009-t5-middle,xai-node_alloc,D4,500,False,474
simulated,xai-node_alloc@t1/009-t5-middle,xai-node_alloc,D4,1000,False,979
simulated,xai-node_alloc@t1/009-t5-middle,xai-node_alloc,D4,1500,False,1458
simulated,xai-node_alloc@t1/009-t5-middle,xai-node_alloc,D4,3000,False,2776
simulated,xai-node_alloc@t1/009-t5-middle,xai-node_alloc,D4,6000,True,5948
simulated,xai-node_alloc@t1/009-t5-middle,xai-node_alloc,D4,all,True,7374
simulated,xai-node_alloc@t1/009-t5-middle,xai-node_alloc,Z4,250,False,0
simulated,xai-node_alloc@t1/009-t5-middle,xai-node_alloc,Z4,500,False,252
simulated,xai-node_alloc@t1/009-t5-middle,xai-node_alloc,Z4,1000,False,976
simulated,xai-node_alloc@t1/009-t5-middle,xai-node_alloc,Z4,1500,False,1434
simulated,xai-node_alloc@t1/009-t5-middle,xai-node_alloc,Z4,3000,True,2799
simulated,xai-node_alloc@t1/009-t5-middle,xai-node_alloc,Z4,6000,True,5782
simulated,xai-node_alloc@t1/009-t5-middle,xai-node_alloc,Z4,all,True,7931
simulated,xai-node_alloc@t1/009-t5-middle,xai-node_alloc,L4,250,False,0
simulated,xai-node_alloc@t1/009-t5-middle,xai-node_alloc,L4,500,False,485
simulated,xai-node_alloc@t1/009-t5-middle,xai-node_alloc,L4,1000,False,536
simulated,xai-node_alloc@t1/009-t5-middle,xai-node_alloc,L4,1500,False,1320
simulated,xai-node_alloc@t1/009-t5-middle,xai-node_alloc,L4,3000,False,2874
simulated,xai-node_alloc@t1/009-t5-middle,xai-node_alloc,L4,6000,True,5966
simulated,xai-node_alloc@t1/009-t5-middle,xai-node_alloc,L4,all,True,7724
simulated,xai-node_alloc@t1/009-t5-middle,xai-node_alloc,L2,250,False,0
simulated,xai-node_alloc@t1/009-t5-middle,xai-node_alloc,L2,500,False,469
simulated,xai-node_alloc@t1/009-t5-middle,xai-node_alloc,L2,1000,False,939
simulated,xai-node_alloc@t1/009-t5-middle,xai-node_alloc,L2,1500,False,1156
simulated,xai-node_alloc@t1/009-t5-middle,xai-node_alloc,L2,3000,False,2789
simulated,xai-node_alloc@t1/009-t5-middle,xai-node_alloc,L2,6000,True,5965
simulated,xai-node_alloc@t1/009-t5-middle,xai-node_alloc,L2,all,True,7724
simulated,xai-node_alloc@t1/009-t5-middle,xai-node_alloc,E1,250,False,238
simulated,xai-node_alloc@t1/009-t5-middle,xai-node_alloc,E1,500,False,477
simulated,xai-node_alloc@t1/009-t5-middle,xai-node_alloc,E1,1000,False,946
simulated,xai-node_alloc@t1/009-t5-middle,xai-node_alloc,E1,1500,False,1477
simulated,xai-node_alloc@t1/009-t5-middle,xai-node_alloc,E1,3000,False,2974
simulated,xai-node_alloc@t1/009-t5-middle,xai-node_alloc,E1,6000,True,5967
simulated,xai-node_alloc@t1/009-t5-middle,xai-node_alloc,E1,all,True,7965
simulated,xai-node_alloc@t1/009-t5-middle,xai-node_alloc,E4,250,False,233
simulated,xai-node_alloc@t1/009-t5-middle,xai-node_alloc,E4,500,False,499
simulated,xai-node_alloc@t1/009-t5-middle,xai-node_alloc,E4,1000,False,998
simulated,xai-node_alloc@t1/009-t5-middle,xai-node_alloc,E4,1500,False,1464
simulated,xai-node_alloc@t1/009-t5-middle,xai-node_alloc,E4,3000,True,2984
simulated,xai-node_alloc@t1/009-t5-middle,xai-node_alloc,E4,6000,True,5984
simulated,xai-node_alloc@t1/009-t5-middle,xai-node_alloc,E4,all,True,7965
simulated,xai-rollback_rule@t1/013-t2-start,xai-rollback_rule,D1,250,False,124
simulated,xai-rollback_rule@t1/013-t2-start,xai-rollback_rule,D1,500,True,499
simulated,xai-rollback_rule@t1/013-t2-start,xai-rollback_rule,D1,1000,True,927
simulated,xai-rollback_rule@t1/013-t2-start,xai-rollback_rule,D1,1500,True,1442
simulated,xai-rollback_rule@t1/013-t2-start,xai-rollback_rule,D1,3000,True,1647
simulated,xai-rollback_rule@t1/013-t2-start,xai-rollback_rule,D1,6000,True,1647
simulated,xai-rollback_rule@t1/013-t2-start,xai-rollback_rule,D1,all,True,1647
simulated,xai-rollback_rule@t1/013-t2-start,xai-rollback_rule,D2,250,True,210
simulated,xai-rollback_rule@t1/013-t2-start,xai-rollback_rule,D2,500,True,210
simulated,xai-rollback_rule@t1/013-t2-start,xai-rollback_rule,D2,1000,True,966
simulated,xai-rollback_rule@t1/013-t2-start,xai-rollback_rule,D2,1500,True,1455
simulated,xai-rollback_rule@t1/013-t2-start,xai-rollback_rule,D2,3000,True,1647
simulated,xai-rollback_rule@t1/013-t2-start,xai-rollback_rule,D2,6000,True,1647
simulated,xai-rollback_rule@t1/013-t2-start,xai-rollback_rule,D2,all,True,1647
simulated,xai-rollback_rule@t1/013-t2-start,xai-rollback_rule,B2,250,False,0
simulated,xai-rollback_rule@t1/013-t2-start,xai-rollback_rule,B2,500,False,270
simulated,xai-rollback_rule@t1/013-t2-start,xai-rollback_rule,B2,1000,True,818
simulated,xai-rollback_rule@t1/013-t2-start,xai-rollback_rule,B2,1500,True,1269
simulated,xai-rollback_rule@t1/013-t2-start,xai-rollback_rule,B2,3000,True,2945
simulated,xai-rollback_rule@t1/013-t2-start,xai-rollback_rule,B2,6000,True,3177
simulated,xai-rollback_rule@t1/013-t2-start,xai-rollback_rule,B2,all,True,3177
simulated,xai-rollback_rule@t1/013-t2-start,xai-rollback_rule,D4,250,False,81
simulated,xai-rollback_rule@t1/013-t2-start,xai-rollback_rule,D4,500,True,493
simulated,xai-rollback_rule@t1/013-t2-start,xai-rollback_rule,D4,1000,True,934
simulated,xai-rollback_rule@t1/013-t2-start,xai-rollback_rule,D4,1500,True,1393
simulated,xai-rollback_rule@t1/013-t2-start,xai-rollback_rule,D4,3000,True,1647
simulated,xai-rollback_rule@t1/013-t2-start,xai-rollback_rule,D4,6000,True,1647
simulated,xai-rollback_rule@t1/013-t2-start,xai-rollback_rule,D4,all,True,1647
simulated,xai-rollback_rule@t1/013-t2-start,xai-rollback_rule,Z4,250,False,0
simulated,xai-rollback_rule@t1/013-t2-start,xai-rollback_rule,Z4,500,True,260
simulated,xai-rollback_rule@t1/013-t2-start,xai-rollback_rule,Z4,1000,True,655
simulated,xai-rollback_rule@t1/013-t2-start,xai-rollback_rule,Z4,1500,True,1349
simulated,xai-rollback_rule@t1/013-t2-start,xai-rollback_rule,Z4,3000,True,1698
simulated,xai-rollback_rule@t1/013-t2-start,xai-rollback_rule,Z4,6000,True,1698
simulated,xai-rollback_rule@t1/013-t2-start,xai-rollback_rule,Z4,all,True,1698
simulated,xai-rollback_rule@t1/013-t2-start,xai-rollback_rule,L4,250,False,89
simulated,xai-rollback_rule@t1/013-t2-start,xai-rollback_rule,L4,500,True,436
simulated,xai-rollback_rule@t1/013-t2-start,xai-rollback_rule,L4,1000,True,878
simulated,xai-rollback_rule@t1/013-t2-start,xai-rollback_rule,L4,1500,True,1484
simulated,xai-rollback_rule@t1/013-t2-start,xai-rollback_rule,L4,3000,True,1762
simulated,xai-rollback_rule@t1/013-t2-start,xai-rollback_rule,L4,6000,True,1762
simulated,xai-rollback_rule@t1/013-t2-start,xai-rollback_rule,L4,all,True,1762
simulated,xai-rollback_rule@t1/013-t2-start,xai-rollback_rule,L2,250,True,217
simulated,xai-rollback_rule@t1/013-t2-start,xai-rollback_rule,L2,500,True,308
simulated,xai-rollback_rule@t1/013-t2-start,xai-rollback_rule,L2,1000,True,969
simulated,xai-rollback_rule@t1/013-t2-start,xai-rollback_rule,L2,1500,True,1421
simulated,xai-rollback_rule@t1/013-t2-start,xai-rollback_rule,L2,3000,True,1762
simulated,xai-rollback_rule@t1/013-t2-start,xai-rollback_rule,L2,6000,True,1762
simulated,xai-rollback_rule@t1/013-t2-start,xai-rollback_rule,L2,all,True,1762
simulated,xai-rollback_rule@t1/013-t2-start,xai-rollback_rule,E1,250,True,245
simulated,xai-rollback_rule@t1/013-t2-start,xai-rollback_rule,E1,500,True,482
simulated,xai-rollback_rule@t1/013-t2-start,xai-rollback_rule,E1,1000,True,975
simulated,xai-rollback_rule@t1/013-t2-start,xai-rollback_rule,E1,1500,True,1490
simulated,xai-rollback_rule@t1/013-t2-start,xai-rollback_rule,E1,3000,True,1771
simulated,xai-rollback_rule@t1/013-t2-start,xai-rollback_rule,E1,6000,True,1771
simulated,xai-rollback_rule@t1/013-t2-start,xai-rollback_rule,E1,all,True,1771
simulated,xai-rollback_rule@t1/013-t2-start,xai-rollback_rule,E4,250,True,238
simulated,xai-rollback_rule@t1/013-t2-start,xai-rollback_rule,E4,500,True,484
simulated,xai-rollback_rule@t1/013-t2-start,xai-rollback_rule,E4,1000,True,988
simulated,xai-rollback_rule@t1/013-t2-start,xai-rollback_rule,E4,1500,True,1470
simulated,xai-rollback_rule@t1/013-t2-start,xai-rollback_rule,E4,3000,True,1771
simulated,xai-rollback_rule@t1/013-t2-start,xai-rollback_rule,E4,6000,True,1771
simulated,xai-rollback_rule@t1/013-t2-start,xai-rollback_rule,E4,all,True,1771
simulated,xai-rollback_rule@t1/013-t2-middle,xai-rollback_rule,D1,250,False,0
simulated,xai-rollback_rule@t1/013-t2-middle,xai-rollback_rule,D1,500,False,491
simulated,xai-rollback_rule@t1/013-t2-middle,xai-rollback_rule,D1,1000,False,889
simulated,xai-rollback_rule@t1/013-t2-middle,xai-rollback_rule,D1,1500,True,1460
simulated,xai-rollback_rule@t1/013-t2-middle,xai-rollback_rule,D1,3000,True,2255
simulated,xai-rollback_rule@t1/013-t2-middle,xai-rollback_rule,D1,6000,True,2255
simulated,xai-rollback_rule@t1/013-t2-middle,xai-rollback_rule,D1,all,True,2255
simulated,xai-rollback_rule@t1/013-t2-middle,xai-rollback_rule,D2,250,False,0
simulated,xai-rollback_rule@t1/013-t2-middle,xai-rollback_rule,D2,500,False,360
simulated,xai-rollback_rule@t1/013-t2-middle,xai-rollback_rule,D2,1000,True,966
simulated,xai-rollback_rule@t1/013-t2-middle,xai-rollback_rule,D2,1500,True,1446
simulated,xai-rollback_rule@t1/013-t2-middle,xai-rollback_rule,D2,3000,True,2255
simulated,xai-rollback_rule@t1/013-t2-middle,xai-rollback_rule,D2,6000,True,2255
simulated,xai-rollback_rule@t1/013-t2-middle,xai-rollback_rule,D2,all,True,2255
simulated,xai-rollback_rule@t1/013-t2-middle,xai-rollback_rule,B2,250,False,249
simulated,xai-rollback_rule@t1/013-t2-middle,xai-rollback_rule,B2,500,False,249
simulated,xai-rollback_rule@t1/013-t2-middle,xai-rollback_rule,B2,1000,True,973
simulated,xai-rollback_rule@t1/013-t2-middle,xai-rollback_rule,B2,1500,True,1490
simulated,xai-rollback_rule@t1/013-t2-middle,xai-rollback_rule,B2,3000,True,2852
simulated,xai-rollback_rule@t1/013-t2-middle,xai-rollback_rule,B2,6000,True,4010
simulated,xai-rollback_rule@t1/013-t2-middle,xai-rollback_rule,B2,all,True,4010
simulated,xai-rollback_rule@t1/013-t2-middle,xai-rollback_rule,D4,250,False,0
simulated,xai-rollback_rule@t1/013-t2-middle,xai-rollback_rule,D4,500,False,481
simulated,xai-rollback_rule@t1/013-t2-middle,xai-rollback_rule,D4,1000,True,948
simulated,xai-rollback_rule@t1/013-t2-middle,xai-rollback_rule,D4,1500,True,1448
simulated,xai-rollback_rule@t1/013-t2-middle,xai-rollback_rule,D4,3000,True,2255
simulated,xai-rollback_rule@t1/013-t2-middle,xai-rollback_rule,D4,6000,True,2255
simulated,xai-rollback_rule@t1/013-t2-middle,xai-rollback_rule,D4,all,True,2255
simulated,xai-rollback_rule@t1/013-t2-middle,xai-rollback_rule,Z4,250,False,0
simulated,xai-rollback_rule@t1/013-t2-middle,xai-rollback_rule,Z4,500,False,430
simulated,xai-rollback_rule@t1/013-t2-middle,xai-rollback_rule,Z4,1000,False,825
simulated,xai-rollback_rule@t1/013-t2-middle,xai-rollback_rule,Z4,1500,True,1335
simulated,xai-rollback_rule@t1/013-t2-middle,xai-rollback_rule,Z4,3000,True,2415
simulated,xai-rollback_rule@t1/013-t2-middle,xai-rollback_rule,Z4,6000,True,2415
simulated,xai-rollback_rule@t1/013-t2-middle,xai-rollback_rule,Z4,all,True,2415
simulated,xai-rollback_rule@t1/013-t2-middle,xai-rollback_rule,L4,250,False,0
simulated,xai-rollback_rule@t1/013-t2-middle,xai-rollback_rule,L4,500,False,417
simulated,xai-rollback_rule@t1/013-t2-middle,xai-rollback_rule,L4,1000,False,789
simulated,xai-rollback_rule@t1/013-t2-middle,xai-rollback_rule,L4,1500,True,1500
simulated,xai-rollback_rule@t1/013-t2-middle,xai-rollback_rule,L4,3000,True,2411
simulated,xai-rollback_rule@t1/013-t2-middle,xai-rollback_rule,L4,6000,True,2411
simulated,xai-rollback_rule@t1/013-t2-middle,xai-rollback_rule,L4,all,True,2411
simulated,xai-rollback_rule@t1/013-t2-middle,xai-rollback_rule,L2,250,False,0
simulated,xai-rollback_rule@t1/013-t2-middle,xai-rollback_rule,L2,500,False,369
simulated,xai-rollback_rule@t1/013-t2-middle,xai-rollback_rule,L2,1000,True,965
simulated,xai-rollback_rule@t1/013-t2-middle,xai-rollback_rule,L2,1500,True,1427
simulated,xai-rollback_rule@t1/013-t2-middle,xai-rollback_rule,L2,3000,True,2411
simulated,xai-rollback_rule@t1/013-t2-middle,xai-rollback_rule,L2,6000,True,2411
simulated,xai-rollback_rule@t1/013-t2-middle,xai-rollback_rule,L2,all,True,2411
simulated,xai-rollback_rule@t1/013-t2-middle,xai-rollback_rule,E1,250,False,224
simulated,xai-rollback_rule@t1/013-t2-middle,xai-rollback_rule,E1,500,True,496
simulated,xai-rollback_rule@t1/013-t2-middle,xai-rollback_rule,E1,1000,True,992
simulated,xai-rollback_rule@t1/013-t2-middle,xai-rollback_rule,E1,1500,True,1499
simulated,xai-rollback_rule@t1/013-t2-middle,xai-rollback_rule,E1,3000,True,2230
simulated,xai-rollback_rule@t1/013-t2-middle,xai-rollback_rule,E1,6000,True,2230
simulated,xai-rollback_rule@t1/013-t2-middle,xai-rollback_rule,E1,all,True,2230
simulated,xai-rollback_rule@t1/013-t2-middle,xai-rollback_rule,E4,250,False,250
simulated,xai-rollback_rule@t1/013-t2-middle,xai-rollback_rule,E4,500,True,479
simulated,xai-rollback_rule@t1/013-t2-middle,xai-rollback_rule,E4,1000,True,970
simulated,xai-rollback_rule@t1/013-t2-middle,xai-rollback_rule,E4,1500,True,1477
simulated,xai-rollback_rule@t1/013-t2-middle,xai-rollback_rule,E4,3000,True,2230
simulated,xai-rollback_rule@t1/013-t2-middle,xai-rollback_rule,E4,6000,True,2230
simulated,xai-rollback_rule@t1/013-t2-middle,xai-rollback_rule,E4,all,True,2230
simulated,xai-rollback_rule@t1/013-t3-start,xai-rollback_rule,D1,250,False,0
simulated,xai-rollback_rule@t1/013-t3-start,xai-rollback_rule,D1,500,False,462
simulated,xai-rollback_rule@t1/013-t3-start,xai-rollback_rule,D1,1000,False,779
simulated,xai-rollback_rule@t1/013-t3-start,xai-rollback_rule,D1,1500,True,1472
simulated,xai-rollback_rule@t1/013-t3-start,xai-rollback_rule,D1,3000,True,3000
simulated,xai-rollback_rule@t1/013-t3-start,xai-rollback_rule,D1,6000,True,3043
simulated,xai-rollback_rule@t1/013-t3-start,xai-rollback_rule,D1,all,True,3043
simulated,xai-rollback_rule@t1/013-t3-start,xai-rollback_rule,D2,250,True,210
simulated,xai-rollback_rule@t1/013-t3-start,xai-rollback_rule,D2,500,True,210
simulated,xai-rollback_rule@t1/013-t3-start,xai-rollback_rule,D2,1000,True,989
simulated,xai-rollback_rule@t1/013-t3-start,xai-rollback_rule,D2,1500,True,1456
simulated,xai-rollback_rule@t1/013-t3-start,xai-rollback_rule,D2,3000,True,2964
simulated,xai-rollback_rule@t1/013-t3-start,xai-rollback_rule,D2,6000,True,3043
simulated,xai-rollback_rule@t1/013-t3-start,xai-rollback_rule,D2,all,True,3043
simulated,xai-rollback_rule@t1/013-t3-start,xai-rollback_rule,B2,250,False,0
simulated,xai-rollback_rule@t1/013-t3-start,xai-rollback_rule,B2,500,True,263
simulated,xai-rollback_rule@t1/013-t3-start,xai-rollback_rule,B2,1000,True,782
simulated,xai-rollback_rule@t1/013-t3-start,xai-rollback_rule,B2,1500,True,1488
simulated,xai-rollback_rule@t1/013-t3-start,xai-rollback_rule,B2,3000,True,2882
simulated,xai-rollback_rule@t1/013-t3-start,xai-rollback_rule,B2,6000,True,5881
simulated,xai-rollback_rule@t1/013-t3-start,xai-rollback_rule,B2,all,True,5881
simulated,xai-rollback_rule@t1/013-t3-start,xai-rollback_rule,D4,250,True,250
simulated,xai-rollback_rule@t1/013-t3-start,xai-rollback_rule,D4,500,True,250
simulated,xai-rollback_rule@t1/013-t3-start,xai-rollback_rule,D4,1000,True,567
simulated,xai-rollback_rule@t1/013-t3-start,xai-rollback_rule,D4,1500,True,1472
simulated,xai-rollback_rule@t1/013-t3-start,xai-rollback_rule,D4,3000,True,2964
simulated,xai-rollback_rule@t1/013-t3-start,xai-rollback_rule,D4,6000,True,3043
simulated,xai-rollback_rule@t1/013-t3-start,xai-rollback_rule,D4,all,True,3043
simulated,xai-rollback_rule@t1/013-t3-start,xai-rollback_rule,Z4,250,False,208
simulated,xai-rollback_rule@t1/013-t3-start,xai-rollback_rule,Z4,500,False,208
simulated,xai-rollback_rule@t1/013-t3-start,xai-rollback_rule,Z4,1000,True,954
simulated,xai-rollback_rule@t1/013-t3-start,xai-rollback_rule,Z4,1500,True,1204
simulated,xai-rollback_rule@t1/013-t3-start,xai-rollback_rule,Z4,3000,True,2739
simulated,xai-rollback_rule@t1/013-t3-start,xai-rollback_rule,Z4,6000,True,3624
simulated,xai-rollback_rule@t1/013-t3-start,xai-rollback_rule,Z4,all,True,3624
simulated,xai-rollback_rule@t1/013-t3-start,xai-rollback_rule,L4,250,False,48
simulated,xai-rollback_rule@t1/013-t3-start,xai-rollback_rule,L4,500,True,265
simulated,xai-rollback_rule@t1/013-t3-start,xai-rollback_rule,L4,1000,True,734
simulated,xai-rollback_rule@t1/013-t3-start,xai-rollback_rule,L4,1500,True,1430
simulated,xai-rollback_rule@t1/013-t3-start,xai-rollback_rule,L4,3000,True,2939
simulated,xai-rollback_rule@t1/013-t3-start,xai-rollback_rule,L4,6000,True,3198
simulated,xai-rollback_rule@t1/013-t3-start,xai-rollback_rule,L4,all,True,3198
simulated,xai-rollback_rule@t1/013-t3-start,xai-rollback_rule,L2,250,True,217
simulated,xai-rollback_rule@t1/013-t3-start,xai-rollback_rule,L2,500,True,396
simulated,xai-rollback_rule@t1/013-t3-start,xai-rollback_rule,L2,1000,True,865
simulated,xai-rollback_rule@t1/013-t3-start,xai-rollback_rule,L2,1500,True,1335
simulated,xai-rollback_rule@t1/013-t3-start,xai-rollback_rule,L2,3000,True,2734
simulated,xai-rollback_rule@t1/013-t3-start,xai-rollback_rule,L2,6000,True,3198
simulated,xai-rollback_rule@t1/013-t3-start,xai-rollback_rule,L2,all,True,3198
simulated,xai-rollback_rule@t1/013-t3-start,xai-rollback_rule,E1,250,True,248
simulated,xai-rollback_rule@t1/013-t3-start,xai-rollback_rule,E1,500,True,497
simulated,xai-rollback_rule@t1/013-t3-start,xai-rollback_rule,E1,1000,True,990
simulated,xai-rollback_rule@t1/013-t3-start,xai-rollback_rule,E1,1500,True,1498
simulated,xai-rollback_rule@t1/013-t3-start,xai-rollback_rule,E1,3000,True,2976
simulated,xai-rollback_rule@t1/013-t3-start,xai-rollback_rule,E1,6000,True,3451
simulated,xai-rollback_rule@t1/013-t3-start,xai-rollback_rule,E1,all,True,3451
simulated,xai-rollback_rule@t1/013-t3-start,xai-rollback_rule,E4,250,True,243
simulated,xai-rollback_rule@t1/013-t3-start,xai-rollback_rule,E4,500,True,476
simulated,xai-rollback_rule@t1/013-t3-start,xai-rollback_rule,E4,1000,True,978
simulated,xai-rollback_rule@t1/013-t3-start,xai-rollback_rule,E4,1500,True,1493
simulated,xai-rollback_rule@t1/013-t3-start,xai-rollback_rule,E4,3000,True,2977
simulated,xai-rollback_rule@t1/013-t3-start,xai-rollback_rule,E4,6000,True,3451
simulated,xai-rollback_rule@t1/013-t3-start,xai-rollback_rule,E4,all,True,3451
simulated,xai-rollback_rule@t1/013-t3-middle,xai-rollback_rule,D1,250,False,0
simulated,xai-rollback_rule@t1/013-t3-middle,xai-rollback_rule,D1,500,False,282
simulated,xai-rollback_rule@t1/013-t3-middle,xai-rollback_rule,D1,1000,True,920
simulated,xai-rollback_rule@t1/013-t3-middle,xai-rollback_rule,D1,1500,True,1280
simulated,xai-rollback_rule@t1/013-t3-middle,xai-rollback_rule,D1,3000,True,2806
simulated,xai-rollback_rule@t1/013-t3-middle,xai-rollback_rule,D1,6000,True,3902
simulated,xai-rollback_rule@t1/013-t3-middle,xai-rollback_rule,D1,all,True,3902
simulated,xai-rollback_rule@t1/013-t3-middle,xai-rollback_rule,D2,250,False,225
simulated,xai-rollback_rule@t1/013-t3-middle,xai-rollback_rule,D2,500,False,225
simulated,xai-rollback_rule@t1/013-t3-middle,xai-rollback_rule,D2,1000,True,971
simulated,xai-rollback_rule@t1/013-t3-middle,xai-rollback_rule,D2,1500,True,1288
simulated,xai-rollback_rule@t1/013-t3-middle,xai-rollback_rule,D2,3000,True,2978
simulated,xai-rollback_rule@t1/013-t3-middle,xai-rollback_rule,D2,6000,True,3902
simulated,xai-rollback_rule@t1/013-t3-middle,xai-rollback_rule,D2,all,True,3902
simulated,xai-rollback_rule@t1/013-t3-middle,xai-rollback_rule,B2,250,False,0
simulated,xai-rollback_rule@t1/013-t3-middle,xai-rollback_rule,B2,500,False,272
simulated,xai-rollback_rule@t1/013-t3-middle,xai-rollback_rule,B2,1000,False,802
simulated,xai-rollback_rule@t1/013-t3-middle,xai-rollback_rule,B2,1500,True,1316
simulated,xai-rollback_rule@t1/013-t3-middle,xai-rollback_rule,B2,3000,True,2820
simulated,xai-rollback_rule@t1/013-t3-middle,xai-rollback_rule,B2,6000,True,5879
simulated,xai-rollback_rule@t1/013-t3-middle,xai-rollback_rule,B2,all,True,7655
simulated,xai-rollback_rule@t1/013-t3-middle,xai-rollback_rule,D4,250,False,53
simulated,xai-rollback_rule@t1/013-t3-middle,xai-rollback_rule,D4,500,False,335
simulated,xai-rollback_rule@t1/013-t3-middle,xai-rollback_rule,D4,1000,False,837
simulated,xai-rollback_rule@t1/013-t3-middle,xai-rollback_rule,D4,1500,True,1463
simulated,xai-rollback_rule@t1/013-t3-middle,xai-rollback_rule,D4,3000,True,2813
simulated,xai-rollback_rule@t1/013-t3-middle,xai-rollback_rule,D4,6000,True,3902
simulated,xai-rollback_rule@t1/013-t3-middle,xai-rollback_rule,D4,all,True,3902
simulated,xai-rollback_rule@t1/013-t3-middle,xai-rollback_rule,Z4,250,False,0
simulated,xai-rollback_rule@t1/013-t3-middle,xai-rollback_rule,Z4,500,False,336
simulated,xai-rollback_rule@t1/013-t3-middle,xai-rollback_rule,Z4,1000,False,731
simulated,xai-rollback_rule@t1/013-t3-middle,xai-rollback_rule,Z4,1500,True,1340
simulated,xai-rollback_rule@t1/013-t3-middle,xai-rollback_rule,Z4,3000,True,2714
simulated,xai-rollback_rule@t1/013-t3-middle,xai-rollback_rule,Z4,6000,True,3960
simulated,xai-rollback_rule@t1/013-t3-middle,xai-rollback_rule,Z4,all,True,3960
simulated,xai-rollback_rule@t1/013-t3-middle,xai-rollback_rule,L4,250,False,61
simulated,xai-rollback_rule@t1/013-t3-middle,xai-rollback_rule,L4,500,False,354
simulated,xai-rollback_rule@t1/013-t3-middle,xai-rollback_rule,L4,1000,True,949
simulated,xai-rollback_rule@t1/013-t3-middle,xai-rollback_rule,L4,1500,True,1412
simulated,xai-rollback_rule@t1/013-t3-middle,xai-rollback_rule,L4,3000,True,2964
simulated,xai-rollback_rule@t1/013-t3-middle,xai-rollback_rule,L4,6000,True,4120
simulated,xai-rollback_rule@t1/013-t3-middle,xai-rollback_rule,L4,all,True,4120
simulated,xai-rollback_rule@t1/013-t3-middle,xai-rollback_rule,L2,250,False,238
simulated,xai-rollback_rule@t1/013-t3-middle,xai-rollback_rule,L2,500,False,238
simulated,xai-rollback_rule@t1/013-t3-middle,xai-rollback_rule,L2,1000,True,930
simulated,xai-rollback_rule@t1/013-t3-middle,xai-rollback_rule,L2,1500,True,1397
simulated,xai-rollback_rule@t1/013-t3-middle,xai-rollback_rule,L2,3000,True,2877
simulated,xai-rollback_rule@t1/013-t3-middle,xai-rollback_rule,L2,6000,True,4120
simulated,xai-rollback_rule@t1/013-t3-middle,xai-rollback_rule,L2,all,True,4120
simulated,xai-rollback_rule@t1/013-t3-middle,xai-rollback_rule,E1,250,False,220
simulated,xai-rollback_rule@t1/013-t3-middle,xai-rollback_rule,E1,500,False,481
simulated,xai-rollback_rule@t1/013-t3-middle,xai-rollback_rule,E1,1000,False,980
simulated,xai-rollback_rule@t1/013-t3-middle,xai-rollback_rule,E1,1500,False,1480
simulated,xai-rollback_rule@t1/013-t3-middle,xai-rollback_rule,E1,3000,True,2973
simulated,xai-rollback_rule@t1/013-t3-middle,xai-rollback_rule,E1,6000,True,4149
simulated,xai-rollback_rule@t1/013-t3-middle,xai-rollback_rule,E1,all,True,4149
simulated,xai-rollback_rule@t1/013-t3-middle,xai-rollback_rule,E4,250,False,233
simulated,xai-rollback_rule@t1/013-t3-middle,xai-rollback_rule,E4,500,False,469
simulated,xai-rollback_rule@t1/013-t3-middle,xai-rollback_rule,E4,1000,False,972
simulated,xai-rollback_rule@t1/013-t3-middle,xai-rollback_rule,E4,1500,False,1482
simulated,xai-rollback_rule@t1/013-t3-middle,xai-rollback_rule,E4,3000,False,2997
simulated,xai-rollback_rule@t1/013-t3-middle,xai-rollback_rule,E4,6000,True,4149
simulated,xai-rollback_rule@t1/013-t3-middle,xai-rollback_rule,E4,all,True,4149
simulated,xai-rollback_rule@t1/013-t4-start,xai-rollback_rule,D1,250,False,172
simulated,xai-rollback_rule@t1/013-t4-start,xai-rollback_rule,D1,500,False,172
simulated,xai-rollback_rule@t1/013-t4-start,xai-rollback_rule,D1,1000,False,763
simulated,xai-rollback_rule@t1/013-t4-start,xai-rollback_rule,D1,1500,False,1211
simulated,xai-rollback_rule@t1/013-t4-start,xai-rollback_rule,D1,3000,True,2914
simulated,xai-rollback_rule@t1/013-t4-start,xai-rollback_rule,D1,6000,True,4959
simulated,xai-rollback_rule@t1/013-t4-start,xai-rollback_rule,D1,all,True,4959
simulated,xai-rollback_rule@t1/013-t4-start,xai-rollback_rule,D2,250,False,0
simulated,xai-rollback_rule@t1/013-t4-start,xai-rollback_rule,D2,500,False,452
simulated,xai-rollback_rule@t1/013-t4-start,xai-rollback_rule,D2,1000,False,769
simulated,xai-rollback_rule@t1/013-t4-start,xai-rollback_rule,D2,1500,False,1403
simulated,xai-rollback_rule@t1/013-t4-start,xai-rollback_rule,D2,3000,True,2960
simulated,xai-rollback_rule@t1/013-t4-start,xai-rollback_rule,D2,6000,True,4959
simulated,xai-rollback_rule@t1/013-t4-start,xai-rollback_rule,D2,all,True,4959
simulated,xai-rollback_rule@t1/013-t4-start,xai-rollback_rule,B2,250,False,225
simulated,xai-rollback_rule@t1/013-t4-start,xai-rollback_rule,B2,500,False,497
simulated,xai-rollback_rule@t1/013-t4-start,xai-rollback_rule,B2,1000,False,961
simulated,xai-rollback_rule@t1/013-t4-start,xai-rollback_rule,B2,1500,False,1449
simulated,xai-rollback_rule@t1/013-t4-start,xai-rollback_rule,B2,3000,False,2931
simulated,xai-rollback_rule@t1/013-t4-start,xai-rollback_rule,B2,6000,True,5880
simulated,xai-rollback_rule@t1/013-t4-start,xai-rollback_rule,B2,all,True,9225
simulated,xai-rollback_rule@t1/013-t4-start,xai-rollback_rule,D4,250,False,0
simulated,xai-rollback_rule@t1/013-t4-start,xai-rollback_rule,D4,500,False,317
simulated,xai-rollback_rule@t1/013-t4-start,xai-rollback_rule,D4,1000,False,994
simulated,xai-rollback_rule@t1/013-t4-start,xai-rollback_rule,D4,1500,False,1446
simulated,xai-rollback_rule@t1/013-t4-start,xai-rollback_rule,D4,3000,True,2870
simulated,xai-rollback_rule@t1/013-t4-start,xai-rollback_rule,D4,6000,True,4959
simulated,xai-rollback_rule@t1/013-t4-start,xai-rollback_rule,D4,all,True,4959
simulated,xai-rollback_rule@t1/013-t4-start,xai-rollback_rule,Z4,250,False,0
simulated,xai-rollback_rule@t1/013-t4-start,xai-rollback_rule,Z4,500,False,349
simulated,xai-rollback_rule@t1/013-t4-start,xai-rollback_rule,Z4,1000,False,726
simulated,xai-rollback_rule@t1/013-t4-start,xai-rollback_rule,Z4,1500,False,1212
simulated,xai-rollback_rule@t1/013-t4-start,xai-rollback_rule,Z4,3000,False,2791
simulated,xai-rollback_rule@t1/013-t4-start,xai-rollback_rule,Z4,6000,True,4981
simulated,xai-rollback_rule@t1/013-t4-start,xai-rollback_rule,Z4,all,True,4981
simulated,xai-rollback_rule@t1/013-t4-start,xai-rollback_rule,L4,250,False,0
simulated,xai-rollback_rule@t1/013-t4-start,xai-rollback_rule,L4,500,False,327
simulated,xai-rollback_rule@t1/013-t4-start,xai-rollback_rule,L4,1000,False,796
simulated,xai-rollback_rule@t1/013-t4-start,xai-rollback_rule,L4,1500,False,1484
simulated,xai-rollback_rule@t1/013-t4-start,xai-rollback_rule,L4,3000,True,2990
simulated,xai-rollback_rule@t1/013-t4-start,xai-rollback_rule,L4,6000,True,5223
simulated,xai-rollback_rule@t1/013-t4-start,xai-rollback_rule,L4,all,True,5223
simulated,xai-rollback_rule@t1/013-t4-start,xai-rollback_rule,L2,250,False,0
simulated,xai-rollback_rule@t1/013-t4-start,xai-rollback_rule,L2,500,False,463
simulated,xai-rollback_rule@t1/013-t4-start,xai-rollback_rule,L2,1000,False,688
simulated,xai-rollback_rule@t1/013-t4-start,xai-rollback_rule,L2,1500,False,1386
simulated,xai-rollback_rule@t1/013-t4-start,xai-rollback_rule,L2,3000,True,2957
simulated,xai-rollback_rule@t1/013-t4-start,xai-rollback_rule,L2,6000,True,5223
simulated,xai-rollback_rule@t1/013-t4-start,xai-rollback_rule,L2,all,True,5223
simulated,xai-rollback_rule@t1/013-t4-start,xai-rollback_rule,E1,250,False,218
simulated,xai-rollback_rule@t1/013-t4-start,xai-rollback_rule,E1,500,False,493
simulated,xai-rollback_rule@t1/013-t4-start,xai-rollback_rule,E1,1000,True,972
simulated,xai-rollback_rule@t1/013-t4-start,xai-rollback_rule,E1,1500,True,1494
simulated,xai-rollback_rule@t1/013-t4-start,xai-rollback_rule,E1,3000,True,2976
simulated,xai-rollback_rule@t1/013-t4-start,xai-rollback_rule,E1,6000,True,5118
simulated,xai-rollback_rule@t1/013-t4-start,xai-rollback_rule,E1,all,True,5118
simulated,xai-rollback_rule@t1/013-t4-start,xai-rollback_rule,E4,250,False,207
simulated,xai-rollback_rule@t1/013-t4-start,xai-rollback_rule,E4,500,False,495
simulated,xai-rollback_rule@t1/013-t4-start,xai-rollback_rule,E4,1000,False,989
simulated,xai-rollback_rule@t1/013-t4-start,xai-rollback_rule,E4,1500,True,1497
simulated,xai-rollback_rule@t1/013-t4-start,xai-rollback_rule,E4,3000,True,2999
simulated,xai-rollback_rule@t1/013-t4-start,xai-rollback_rule,E4,6000,True,5118
simulated,xai-rollback_rule@t1/013-t4-start,xai-rollback_rule,E4,all,True,5118
simulated,xai-rollback_rule@t1/013-t4-middle,xai-rollback_rule,D1,250,False,242
simulated,xai-rollback_rule@t1/013-t4-middle,xai-rollback_rule,D1,500,False,414
simulated,xai-rollback_rule@t1/013-t4-middle,xai-rollback_rule,D1,1000,False,888
simulated,xai-rollback_rule@t1/013-t4-middle,xai-rollback_rule,D1,1500,False,1085
simulated,xai-rollback_rule@t1/013-t4-middle,xai-rollback_rule,D1,3000,False,2960
simulated,xai-rollback_rule@t1/013-t4-middle,xai-rollback_rule,D1,6000,True,5993
simulated,xai-rollback_rule@t1/013-t4-middle,xai-rollback_rule,D1,all,True,6246
simulated,xai-rollback_rule@t1/013-t4-middle,xai-rollback_rule,D2,250,False,172
simulated,xai-rollback_rule@t1/013-t4-middle,xai-rollback_rule,D2,500,False,414
simulated,xai-rollback_rule@t1/013-t4-middle,xai-rollback_rule,D2,1000,False,876
simulated,xai-rollback_rule@t1/013-t4-middle,xai-rollback_rule,D2,1500,False,1328
simulated,xai-rollback_rule@t1/013-t4-middle,xai-rollback_rule,D2,3000,True,2898
simulated,xai-rollback_rule@t1/013-t4-middle,xai-rollback_rule,D2,6000,True,5912
simulated,xai-rollback_rule@t1/013-t4-middle,xai-rollback_rule,D2,all,True,6246
simulated,xai-rollback_rule@t1/013-t4-middle,xai-rollback_rule,B2,250,False,0
simulated,xai-rollback_rule@t1/013-t4-middle,xai-rollback_rule,B2,500,False,496
simulated,xai-rollback_rule@t1/013-t4-middle,xai-rollback_rule,B2,1000,True,983
simulated,xai-rollback_rule@t1/013-t4-middle,xai-rollback_rule,B2,1500,True,1443
simulated,xai-rollback_rule@t1/013-t4-middle,xai-rollback_rule,B2,3000,True,2905
simulated,xai-rollback_rule@t1/013-t4-middle,xai-rollback_rule,B2,6000,True,5817
simulated,xai-rollback_rule@t1/013-t4-middle,xai-rollback_rule,B2,all,True,11096
simulated,xai-rollback_rule@t1/013-t4-middle,xai-rollback_rule,D4,250,False,242
simulated,xai-rollback_rule@t1/013-t4-middle,xai-rollback_rule,D4,500,False,242
simulated,xai-rollback_rule@t1/013-t4-middle,xai-rollback_rule,D4,1000,False,775
simulated,xai-rollback_rule@t1/013-t4-middle,xai-rollback_rule,D4,1500,False,1249
simulated,xai-rollback_rule@t1/013-t4-middle,xai-rollback_rule,D4,3000,True,2842
simulated,xai-rollback_rule@t1/013-t4-middle,xai-rollback_rule,D4,6000,True,5963
simulated,xai-rollback_rule@t1/013-t4-middle,xai-rollback_rule,D4,all,True,6246
simulated,xai-rollback_rule@t1/013-t4-middle,xai-rollback_rule,Z4,250,False,196
simulated,xai-rollback_rule@t1/013-t4-middle,xai-rollback_rule,Z4,500,False,196
simulated,xai-rollback_rule@t1/013-t4-middle,xai-rollback_rule,Z4,1000,True,851
simulated,xai-rollback_rule@t1/013-t4-middle,xai-rollback_rule,Z4,1500,True,1212
simulated,xai-rollback_rule@t1/013-t4-middle,xai-rollback_rule,Z4,3000,True,2541
simulated,xai-rollback_rule@t1/013-t4-middle,xai-rollback_rule,Z4,6000,True,5963
simulated,xai-rollback_rule@t1/013-t4-middle,xai-rollback_rule,Z4,all,True,6073
simulated,xai-rollback_rule@t1/013-t4-middle,xai-rollback_rule,L4,250,False,242
simulated,xai-rollback_rule@t1/013-t4-middle,xai-rollback_rule,L4,500,False,242
simulated,xai-rollback_rule@t1/013-t4-middle,xai-rollback_rule,L4,1000,False,794
simulated,xai-rollback_rule@t1/013-t4-middle,xai-rollback_rule,L4,1500,False,1279
simulated,xai-rollback_rule@t1/013-t4-middle,xai-rollback_rule,L4,3000,True,2947
simulated,xai-rollback_rule@t1/013-t4-middle,xai-rollback_rule,L4,6000,True,5956
simulated,xai-rollback_rule@t1/013-t4-middle,xai-rollback_rule,L4,all,True,6553
simulated,xai-rollback_rule@t1/013-t4-middle,xai-rollback_rule,L2,250,False,182
simulated,xai-rollback_rule@t1/013-t4-middle,xai-rollback_rule,L2,500,False,475
simulated,xai-rollback_rule@t1/013-t4-middle,xai-rollback_rule,L2,1000,False,938
simulated,xai-rollback_rule@t1/013-t4-middle,xai-rollback_rule,L2,1500,False,1407
simulated,xai-rollback_rule@t1/013-t4-middle,xai-rollback_rule,L2,3000,True,2979
simulated,xai-rollback_rule@t1/013-t4-middle,xai-rollback_rule,L2,6000,True,5953
simulated,xai-rollback_rule@t1/013-t4-middle,xai-rollback_rule,L2,all,True,6553
simulated,xai-rollback_rule@t1/013-t4-middle,xai-rollback_rule,E1,250,False,242
simulated,xai-rollback_rule@t1/013-t4-middle,xai-rollback_rule,E1,500,True,490
simulated,xai-rollback_rule@t1/013-t4-middle,xai-rollback_rule,E1,1000,True,993
simulated,xai-rollback_rule@t1/013-t4-middle,xai-rollback_rule,E1,1500,True,1460
simulated,xai-rollback_rule@t1/013-t4-middle,xai-rollback_rule,E1,3000,True,2995
simulated,xai-rollback_rule@t1/013-t4-middle,xai-rollback_rule,E1,6000,True,5975
simulated,xai-rollback_rule@t1/013-t4-middle,xai-rollback_rule,E1,all,True,6412
simulated,xai-rollback_rule@t1/013-t4-middle,xai-rollback_rule,E4,250,True,248
simulated,xai-rollback_rule@t1/013-t4-middle,xai-rollback_rule,E4,500,True,457
simulated,xai-rollback_rule@t1/013-t4-middle,xai-rollback_rule,E4,1000,True,991
simulated,xai-rollback_rule@t1/013-t4-middle,xai-rollback_rule,E4,1500,True,1499
simulated,xai-rollback_rule@t1/013-t4-middle,xai-rollback_rule,E4,3000,True,2991
simulated,xai-rollback_rule@t1/013-t4-middle,xai-rollback_rule,E4,6000,True,5994
simulated,xai-rollback_rule@t1/013-t4-middle,xai-rollback_rule,E4,all,True,6412
simulated,xai-rollback_rule@t1/013-t5-start,xai-rollback_rule,D1,250,False,232
simulated,xai-rollback_rule@t1/013-t5-start,xai-rollback_rule,D1,500,False,232
simulated,xai-rollback_rule@t1/013-t5-start,xai-rollback_rule,D1,1000,False,706
simulated,xai-rollback_rule@t1/013-t5-start,xai-rollback_rule,D1,1500,False,1383
simulated,xai-rollback_rule@t1/013-t5-start,xai-rollback_rule,D1,3000,True,2875
simulated,xai-rollback_rule@t1/013-t5-start,xai-rollback_rule,D1,6000,True,5977
simulated,xai-rollback_rule@t1/013-t5-start,xai-rollback_rule,D1,all,True,6617
simulated,xai-rollback_rule@t1/013-t5-start,xai-rollback_rule,D2,250,True,210
simulated,xai-rollback_rule@t1/013-t5-start,xai-rollback_rule,D2,500,True,425
simulated,xai-rollback_rule@t1/013-t5-start,xai-rollback_rule,D2,1000,True,877
simulated,xai-rollback_rule@t1/013-t5-start,xai-rollback_rule,D2,1500,True,1498
simulated,xai-rollback_rule@t1/013-t5-start,xai-rollback_rule,D2,3000,True,2901
simulated,xai-rollback_rule@t1/013-t5-start,xai-rollback_rule,D2,6000,True,5927
simulated,xai-rollback_rule@t1/013-t5-start,xai-rollback_rule,D2,all,True,6617
simulated,xai-rollback_rule@t1/013-t5-start,xai-rollback_rule,B2,250,False,0
simulated,xai-rollback_rule@t1/013-t5-start,xai-rollback_rule,B2,500,True,263
simulated,xai-rollback_rule@t1/013-t5-start,xai-rollback_rule,B2,1000,True,767
simulated,xai-rollback_rule@t1/013-t5-start,xai-rollback_rule,B2,1500,True,1254
simulated,xai-rollback_rule@t1/013-t5-start,xai-rollback_rule,B2,3000,True,2963
simulated,xai-rollback_rule@t1/013-t5-start,xai-rollback_rule,B2,6000,True,5914
simulated,xai-rollback_rule@t1/013-t5-start,xai-rollback_rule,B2,all,True,12640
simulated,xai-rollback_rule@t1/013-t5-start,xai-rollback_rule,D4,250,False,232
simulated,xai-rollback_rule@t1/013-t5-start,xai-rollback_rule,D4,500,False,232
simulated,xai-rollback_rule@t1/013-t5-start,xai-rollback_rule,D4,1000,False,684
simulated,xai-rollback_rule@t1/013-t5-start,xai-rollback_rule,D4,1500,True,1211
simulated,xai-rollback_rule@t1/013-t5-start,xai-rollback_rule,D4,3000,True,2542
simulated,xai-rollback_rule@t1/013-t5-start,xai-rollback_rule,D4,6000,True,5967
simulated,xai-rollback_rule@t1/013-t5-start,xai-rollback_rule,D4,all,True,6617
simulated,xai-rollback_rule@t1/013-t5-start,xai-rollback_rule,Z4,250,False,0
simulated,xai-rollback_rule@t1/013-t5-start,xai-rollback_rule,Z4,500,False,492
simulated,xai-rollback_rule@t1/013-t5-start,xai-rollback_rule,Z4,1000,False,869
simulated,xai-rollback_rule@t1/013-t5-start,xai-rollback_rule,Z4,1500,False,1355
simulated,xai-rollback_rule@t1/013-t5-start,xai-rollback_rule,Z4,3000,False,2822
simulated,xai-rollback_rule@t1/013-t5-start,xai-rollback_rule,Z4,6000,True,5727
simulated,xai-rollback_rule@t1/013-t5-start,xai-rollback_rule,Z4,all,True,7132
simulated,xai-rollback_rule@t1/013-t5-start,xai-rollback_rule,L4,250,False,241
simulated,xai-rollback_rule@t1/013-t5-start,xai-rollback_rule,L4,500,False,241
simulated,xai-rollback_rule@t1/013-t5-start,xai-rollback_rule,L4,1000,False,704
simulated,xai-rollback_rule@t1/013-t5-start,xai-rollback_rule,L4,1500,True,1248
simulated,xai-rollback_rule@t1/013-t5-start,xai-rollback_rule,L4,3000,True,2640
simulated,xai-rollback_rule@t1/013-t5-start,xai-rollback_rule,L4,6000,True,5906
simulated,xai-rollback_rule@t1/013-t5-start,xai-rollback_rule,L4,all,True,6935
simulated,xai-rollback_rule@t1/013-t5-start,xai-rollback_rule,L2,250,False,241
simulated,xai-rollback_rule@t1/013-t5-start,xai-rollback_rule,L2,500,True,458
simulated,xai-rollback_rule@t1/013-t5-start,xai-rollback_rule,L2,1000,True,921
simulated,xai-rollback_rule@t1/013-t5-start,xai-rollback_rule,L2,1500,True,1461
simulated,xai-rollback_rule@t1/013-t5-start,xai-rollback_rule,L2,3000,True,2956
simulated,xai-rollback_rule@t1/013-t5-start,xai-rollback_rule,L2,6000,True,5953
simulated,xai-rollback_rule@t1/013-t5-start,xai-rollback_rule,L2,all,True,6935
simulated,xai-rollback_rule@t1/013-t5-start,xai-rollback_rule,E1,250,False,217
simulated,xai-rollback_rule@t1/013-t5-start,xai-rollback_rule,E1,500,True,467
simulated,xai-rollback_rule@t1/013-t5-start,xai-rollback_rule,E1,1000,True,998
simulated,xai-rollback_rule@t1/013-t5-start,xai-rollback_rule,E1,1500,True,1495
simulated,xai-rollback_rule@t1/013-t5-start,xai-rollback_rule,E1,3000,True,2983
simulated,xai-rollback_rule@t1/013-t5-start,xai-rollback_rule,E1,6000,True,6000
simulated,xai-rollback_rule@t1/013-t5-start,xai-rollback_rule,E1,all,True,7342
simulated,xai-rollback_rule@t1/013-t5-start,xai-rollback_rule,E4,250,False,214
simulated,xai-rollback_rule@t1/013-t5-start,xai-rollback_rule,E4,500,False,456
simulated,xai-rollback_rule@t1/013-t5-start,xai-rollback_rule,E4,1000,True,997
simulated,xai-rollback_rule@t1/013-t5-start,xai-rollback_rule,E4,1500,True,1470
simulated,xai-rollback_rule@t1/013-t5-start,xai-rollback_rule,E4,3000,True,2984
simulated,xai-rollback_rule@t1/013-t5-start,xai-rollback_rule,E4,6000,True,5981
simulated,xai-rollback_rule@t1/013-t5-start,xai-rollback_rule,E4,all,True,7342
simulated,xai-rollback_rule@t1/013-t5-middle,xai-rollback_rule,D1,250,False,0
simulated,xai-rollback_rule@t1/013-t5-middle,xai-rollback_rule,D1,500,False,474
simulated,xai-rollback_rule@t1/013-t5-middle,xai-rollback_rule,D1,1000,False,646
simulated,xai-rollback_rule@t1/013-t5-middle,xai-rollback_rule,D1,1500,False,1400
simulated,xai-rollback_rule@t1/013-t5-middle,xai-rollback_rule,D1,3000,False,2957
simulated,xai-rollback_rule@t1/013-t5-middle,xai-rollback_rule,D1,6000,True,5927
simulated,xai-rollback_rule@t1/013-t5-middle,xai-rollback_rule,D1,all,True,7374
simulated,xai-rollback_rule@t1/013-t5-middle,xai-rollback_rule,D2,250,False,0
simulated,xai-rollback_rule@t1/013-t5-middle,xai-rollback_rule,D2,500,False,462
simulated,xai-rollback_rule@t1/013-t5-middle,xai-rollback_rule,D2,1000,True,975
simulated,xai-rollback_rule@t1/013-t5-middle,xai-rollback_rule,D2,1500,True,1427
simulated,xai-rollback_rule@t1/013-t5-middle,xai-rollback_rule,D2,3000,True,2882
simulated,xai-rollback_rule@t1/013-t5-middle,xai-rollback_rule,D2,6000,True,5926
simulated,xai-rollback_rule@t1/013-t5-middle,xai-rollback_rule,D2,all,True,7374
simulated,xai-rollback_rule@t1/013-t5-middle,xai-rollback_rule,B2,250,False,0
simulated,xai-rollback_rule@t1/013-t5-middle,xai-rollback_rule,B2,500,True,497
simulated,xai-rollback_rule@t1/013-t5-middle,xai-rollback_rule,B2,1000,True,947
simulated,xai-rollback_rule@t1/013-t5-middle,xai-rollback_rule,B2,1500,True,1411
simulated,xai-rollback_rule@t1/013-t5-middle,xai-rollback_rule,B2,3000,True,2857
simulated,xai-rollback_rule@t1/013-t5-middle,xai-rollback_rule,B2,6000,True,5977
simulated,xai-rollback_rule@t1/013-t5-middle,xai-rollback_rule,B2,all,True,14097
simulated,xai-rollback_rule@t1/013-t5-middle,xai-rollback_rule,D4,250,False,0
simulated,xai-rollback_rule@t1/013-t5-middle,xai-rollback_rule,D4,500,False,474
simulated,xai-rollback_rule@t1/013-t5-middle,xai-rollback_rule,D4,1000,False,834
simulated,xai-rollback_rule@t1/013-t5-middle,xai-rollback_rule,D4,1500,False,1296
simulated,xai-rollback_rule@t1/013-t5-middle,xai-rollback_rule,D4,3000,False,2777
simulated,xai-rollback_rule@t1/013-t5-middle,xai-rollback_rule,D4,6000,True,5913
simulated,xai-rollback_rule@t1/013-t5-middle,xai-rollback_rule,D4,all,True,7374
simulated,xai-rollback_rule@t1/013-t5-middle,xai-rollback_rule,Z4,250,False,0
simulated,xai-rollback_rule@t1/013-t5-middle,xai-rollback_rule,Z4,500,False,252
simulated,xai-rollback_rule@t1/013-t5-middle,xai-rollback_rule,Z4,1000,False,976
simulated,xai-rollback_rule@t1/013-t5-middle,xai-rollback_rule,Z4,1500,False,1434
simulated,xai-rollback_rule@t1/013-t5-middle,xai-rollback_rule,Z4,3000,True,2977
simulated,xai-rollback_rule@t1/013-t5-middle,xai-rollback_rule,Z4,6000,True,5782
simulated,xai-rollback_rule@t1/013-t5-middle,xai-rollback_rule,Z4,all,True,7931
simulated,xai-rollback_rule@t1/013-t5-middle,xai-rollback_rule,L4,250,False,0
simulated,xai-rollback_rule@t1/013-t5-middle,xai-rollback_rule,L4,500,False,485
simulated,xai-rollback_rule@t1/013-t5-middle,xai-rollback_rule,L4,1000,False,854
simulated,xai-rollback_rule@t1/013-t5-middle,xai-rollback_rule,L4,1500,False,1323
simulated,xai-rollback_rule@t1/013-t5-middle,xai-rollback_rule,L4,3000,False,2826
simulated,xai-rollback_rule@t1/013-t5-middle,xai-rollback_rule,L4,6000,True,5933
simulated,xai-rollback_rule@t1/013-t5-middle,xai-rollback_rule,L4,all,True,7724
simulated,xai-rollback_rule@t1/013-t5-middle,xai-rollback_rule,L2,250,False,0
simulated,xai-rollback_rule@t1/013-t5-middle,xai-rollback_rule,L2,500,False,469
simulated,xai-rollback_rule@t1/013-t5-middle,xai-rollback_rule,L2,1000,True,868
simulated,xai-rollback_rule@t1/013-t5-middle,xai-rollback_rule,L2,1500,True,1472
simulated,xai-rollback_rule@t1/013-t5-middle,xai-rollback_rule,L2,3000,True,2864
simulated,xai-rollback_rule@t1/013-t5-middle,xai-rollback_rule,L2,6000,True,5957
simulated,xai-rollback_rule@t1/013-t5-middle,xai-rollback_rule,L2,all,True,7724
simulated,xai-rollback_rule@t1/013-t5-middle,xai-rollback_rule,E1,250,False,233
simulated,xai-rollback_rule@t1/013-t5-middle,xai-rollback_rule,E1,500,True,478
simulated,xai-rollback_rule@t1/013-t5-middle,xai-rollback_rule,E1,1000,True,998
simulated,xai-rollback_rule@t1/013-t5-middle,xai-rollback_rule,E1,1500,True,1478
simulated,xai-rollback_rule@t1/013-t5-middle,xai-rollback_rule,E1,3000,True,2981
simulated,xai-rollback_rule@t1/013-t5-middle,xai-rollback_rule,E1,6000,True,5988
simulated,xai-rollback_rule@t1/013-t5-middle,xai-rollback_rule,E1,all,True,7965
simulated,xai-rollback_rule@t1/013-t5-middle,xai-rollback_rule,E4,250,False,250
simulated,xai-rollback_rule@t1/013-t5-middle,xai-rollback_rule,E4,500,False,499
simulated,xai-rollback_rule@t1/013-t5-middle,xai-rollback_rule,E4,1000,True,993
simulated,xai-rollback_rule@t1/013-t5-middle,xai-rollback_rule,E4,1500,True,1496
simulated,xai-rollback_rule@t1/013-t5-middle,xai-rollback_rule,E4,3000,True,2977
simulated,xai-rollback_rule@t1/013-t5-middle,xai-rollback_rule,E4,6000,True,5973
simulated,xai-rollback_rule@t1/013-t5-middle,xai-rollback_rule,E4,all,True,7965
simulated,xai-ckpt_cadence@t2/004-t3-start,xai-ckpt_cadence,D1,250,False,0
simulated,xai-ckpt_cadence@t2/004-t3-start,xai-ckpt_cadence,D1,500,False,462
simulated,xai-ckpt_cadence@t2/004-t3-start,xai-ckpt_cadence,D1,1000,False,902
simulated,xai-ckpt_cadence@t2/004-t3-start,xai-ckpt_cadence,D1,1500,False,1194
simulated,xai-ckpt_cadence@t2/004-t3-start,xai-ckpt_cadence,D1,3000,True,3000
simulated,xai-ckpt_cadence@t2/004-t3-start,xai-ckpt_cadence,D1,6000,True,3043
simulated,xai-ckpt_cadence@t2/004-t3-start,xai-ckpt_cadence,D1,all,True,3043
simulated,xai-ckpt_cadence@t2/004-t3-start,xai-ckpt_cadence,D2,250,False,210
simulated,xai-ckpt_cadence@t2/004-t3-start,xai-ckpt_cadence,D2,500,False,210
simulated,xai-ckpt_cadence@t2/004-t3-start,xai-ckpt_cadence,D2,1000,True,975
simulated,xai-ckpt_cadence@t2/004-t3-start,xai-ckpt_cadence,D2,1500,True,1455
simulated,xai-ckpt_cadence@t2/004-t3-start,xai-ckpt_cadence,D2,3000,True,3000
simulated,xai-ckpt_cadence@t2/004-t3-start,xai-ckpt_cadence,D2,6000,True,3043
simulated,xai-ckpt_cadence@t2/004-t3-start,xai-ckpt_cadence,D2,all,True,3043
simulated,xai-ckpt_cadence@t2/004-t3-start,xai-ckpt_cadence,B2,250,True,213
simulated,xai-ckpt_cadence@t2/004-t3-start,xai-ckpt_cadence,B2,500,True,464
simulated,xai-ckpt_cadence@t2/004-t3-start,xai-ckpt_cadence,B2,1000,True,969
simulated,xai-ckpt_cadence@t2/004-t3-start,xai-ckpt_cadence,B2,1500,True,1459
simulated,xai-ckpt_cadence@t2/004-t3-start,xai-ckpt_cadence,B2,3000,True,2907
simulated,xai-ckpt_cadence@t2/004-t3-start,xai-ckpt_cadence,B2,6000,True,5881
simulated,xai-ckpt_cadence@t2/004-t3-start,xai-ckpt_cadence,B2,all,True,5881
simulated,xai-ckpt_cadence@t2/004-t3-start,xai-ckpt_cadence,D4,250,False,40
simulated,xai-ckpt_cadence@t2/004-t3-start,xai-ckpt_cadence,D4,500,False,40
simulated,xai-ckpt_cadence@t2/004-t3-start,xai-ckpt_cadence,D4,1000,False,712
simulated,xai-ckpt_cadence@t2/004-t3-start,xai-ckpt_cadence,D4,1500,True,1366
simulated,xai-ckpt_cadence@t2/004-t3-start,xai-ckpt_cadence,D4,3000,True,2926
simulated,xai-ckpt_cadence@t2/004-t3-start,xai-ckpt_cadence,D4,6000,True,3043
simulated,xai-ckpt_cadence@t2/004-t3-start,xai-ckpt_cadence,D4,all,True,3043
simulated,xai-ckpt_cadence@t2/004-t3-start,xai-ckpt_cadence,Z4,250,False,208
simulated,xai-ckpt_cadence@t2/004-t3-start,xai-ckpt_cadence,Z4,500,False,208
simulated,xai-ckpt_cadence@t2/004-t3-start,xai-ckpt_cadence,Z4,1000,True,944
simulated,xai-ckpt_cadence@t2/004-t3-start,xai-ckpt_cadence,Z4,1500,True,1204
simulated,xai-ckpt_cadence@t2/004-t3-start,xai-ckpt_cadence,Z4,3000,True,2820
simulated,xai-ckpt_cadence@t2/004-t3-start,xai-ckpt_cadence,Z4,6000,True,3624
simulated,xai-ckpt_cadence@t2/004-t3-start,xai-ckpt_cadence,Z4,all,True,3624
simulated,xai-ckpt_cadence@t2/004-t3-start,xai-ckpt_cadence,L4,250,False,48
simulated,xai-ckpt_cadence@t2/004-t3-start,xai-ckpt_cadence,L4,500,False,48
simulated,xai-ckpt_cadence@t2/004-t3-start,xai-ckpt_cadence,L4,1000,False,734
simulated,xai-ckpt_cadence@t2/004-t3-start,xai-ckpt_cadence,L4,1500,True,1425
simulated,xai-ckpt_cadence@t2/004-t3-start,xai-ckpt_cadence,L4,3000,True,2901
simulated,xai-ckpt_cadence@t2/004-t3-start,xai-ckpt_cadence,L4,6000,True,3198
simulated,xai-ckpt_cadence@t2/004-t3-start,xai-ckpt_cadence,L4,all,True,3198
simulated,xai-ckpt_cadence@t2/004-t3-start,xai-ckpt_cadence,L2,250,False,217
simulated,xai-ckpt_cadence@t2/004-t3-start,xai-ckpt_cadence,L2,500,False,217
simulated,xai-ckpt_cadence@t2/004-t3-start,xai-ckpt_cadence,L2,1000,False,868
simulated,xai-ckpt_cadence@t2/004-t3-start,xai-ckpt_cadence,L2,1500,True,1383
simulated,xai-ckpt_cadence@t2/004-t3-start,xai-ckpt_cadence,L2,3000,True,2850
simulated,xai-ckpt_cadence@t2/004-t3-start,xai-ckpt_cadence,L2,6000,True,3198
simulated,xai-ckpt_cadence@t2/004-t3-start,xai-ckpt_cadence,L2,all,True,3198
simulated,xai-ckpt_cadence@t2/004-t3-start,xai-ckpt_cadence,E1,250,False,249
simulated,xai-ckpt_cadence@t2/004-t3-start,xai-ckpt_cadence,E1,500,False,473
simulated,xai-ckpt_cadence@t2/004-t3-start,xai-ckpt_cadence,E1,1000,False,973
simulated,xai-ckpt_cadence@t2/004-t3-start,xai-ckpt_cadence,E1,1500,True,1496
simulated,xai-ckpt_cadence@t2/004-t3-start,xai-ckpt_cadence,E1,3000,True,2978
simulated,xai-ckpt_cadence@t2/004-t3-start,xai-ckpt_cadence,E1,6000,True,3451
simulated,xai-ckpt_cadence@t2/004-t3-start,xai-ckpt_cadence,E1,all,True,3451
simulated,xai-ckpt_cadence@t2/004-t3-start,xai-ckpt_cadence,E4,250,False,247
simulated,xai-ckpt_cadence@t2/004-t3-start,xai-ckpt_cadence,E4,500,False,473
simulated,xai-ckpt_cadence@t2/004-t3-start,xai-ckpt_cadence,E4,1000,False,963
simulated,xai-ckpt_cadence@t2/004-t3-start,xai-ckpt_cadence,E4,1500,False,1481
simulated,xai-ckpt_cadence@t2/004-t3-start,xai-ckpt_cadence,E4,3000,True,2994
simulated,xai-ckpt_cadence@t2/004-t3-start,xai-ckpt_cadence,E4,6000,True,3451
simulated,xai-ckpt_cadence@t2/004-t3-start,xai-ckpt_cadence,E4,all,True,3451
simulated,xai-ckpt_cadence@t2/004-t3-middle,xai-ckpt_cadence,D1,250,False,0
simulated,xai-ckpt_cadence@t2/004-t3-middle,xai-ckpt_cadence,D1,500,False,282
simulated,xai-ckpt_cadence@t2/004-t3-middle,xai-ckpt_cadence,D1,1000,False,809
simulated,xai-ckpt_cadence@t2/004-t3-middle,xai-ckpt_cadence,D1,1500,True,1442
simulated,xai-ckpt_cadence@t2/004-t3-middle,xai-ckpt_cadence,D1,3000,True,2969
simulated,xai-ckpt_cadence@t2/004-t3-middle,xai-ckpt_cadence,D1,6000,True,3902
simulated,xai-ckpt_cadence@t2/004-t3-middle,xai-ckpt_cadence,D1,all,True,3902
simulated,xai-ckpt_cadence@t2/004-t3-middle,xai-ckpt_cadence,D2,250,False,225
simulated,xai-ckpt_cadence@t2/004-t3-middle,xai-ckpt_cadence,D2,500,False,225
simulated,xai-ckpt_cadence@t2/004-t3-middle,xai-ckpt_cadence,D2,1000,False,889
simulated,xai-ckpt_cadence@t2/004-t3-middle,xai-ckpt_cadence,D2,1500,False,1120
simulated,xai-ckpt_cadence@t2/004-t3-middle,xai-ckpt_cadence,D2,3000,True,2935
simulated,xai-ckpt_cadence@t2/004-t3-middle,xai-ckpt_cadence,D2,6000,True,3902
simulated,xai-ckpt_cadence@t2/004-t3-middle,xai-ckpt_cadence,D2,all,True,3902
simulated,xai-ckpt_cadence@t2/004-t3-middle,xai-ckpt_cadence,B2,250,False,0
simulated,xai-ckpt_cadence@t2/004-t3-middle,xai-ckpt_cadence,B2,500,False,272
simulated,xai-ckpt_cadence@t2/004-t3-middle,xai-ckpt_cadence,B2,1000,False,801
simulated,xai-ckpt_cadence@t2/004-t3-middle,xai-ckpt_cadence,B2,1500,False,1318
simulated,xai-ckpt_cadence@t2/004-t3-middle,xai-ckpt_cadence,B2,3000,False,2801
simulated,xai-ckpt_cadence@t2/004-t3-middle,xai-ckpt_cadence,B2,6000,True,5879
simulated,xai-ckpt_cadence@t2/004-t3-middle,xai-ckpt_cadence,B2,all,True,7655
simulated,xai-ckpt_cadence@t2/004-t3-middle,xai-ckpt_cadence,D4,250,False,136
simulated,xai-ckpt_cadence@t2/004-t3-middle,xai-ckpt_cadence,D4,500,False,453
simulated,xai-ckpt_cadence@t2/004-t3-middle,xai-ckpt_cadence,D4,1000,False,877
simulated,xai-ckpt_cadence@t2/004-t3-middle,xai-ckpt_cadence,D4,1500,True,1384
simulated,xai-ckpt_cadence@t2/004-t3-middle,xai-ckpt_cadence,D4,3000,True,2984
simulated,xai-ckpt_cadence@t2/004-t3-middle,xai-ckpt_cadence,D4,6000,True,3902
simulated,xai-ckpt_cadence@t2/004-t3-middle,xai-ckpt_cadence,D4,all,True,3902
simulated,xai-ckpt_cadence@t2/004-t3-middle,xai-ckpt_cadence,Z4,250,False,0
simulated,xai-ckpt_cadence@t2/004-t3-middle,xai-ckpt_cadence,Z4,500,False,349
simulated,xai-ckpt_cadence@t2/004-t3-middle,xai-ckpt_cadence,Z4,1000,False,609
simulated,xai-ckpt_cadence@t2/004-t3-middle,xai-ckpt_cadence,Z4,1500,False,1340
simulated,xai-ckpt_cadence@t2/004-t3-middle,xai-ckpt_cadence,Z4,3000,True,2982
simulated,xai-ckpt_cadence@t2/004-t3-middle,xai-ckpt_cadence,Z4,6000,True,3960
simulated,xai-ckpt_cadence@t2/004-t3-middle,xai-ckpt_cadence,Z4,all,True,3960
simulated,xai-ckpt_cadence@t2/004-t3-middle,xai-ckpt_cadence,L4,250,False,160
simulated,xai-ckpt_cadence@t2/004-t3-middle,xai-ckpt_cadence,L4,500,False,487
simulated,xai-ckpt_cadence@t2/004-t3-middle,xai-ckpt_cadence,L4,1000,False,997
simulated,xai-ckpt_cadence@t2/004-t3-middle,xai-ckpt_cadence,L4,1500,True,1468
simulated,xai-ckpt_cadence@t2/004-t3-middle,xai-ckpt_cadence,L4,3000,True,2953
simulated,xai-ckpt_cadence@t2/004-t3-middle,xai-ckpt_cadence,L4,6000,True,4120
simulated,xai-ckpt_cadence@t2/004-t3-middle,xai-ckpt_cadence,L4,all,True,4120
simulated,xai-ckpt_cadence@t2/004-t3-middle,xai-ckpt_cadence,L2,250,False,238
simulated,xai-ckpt_cadence@t2/004-t3-middle,xai-ckpt_cadence,L2,500,False,238
simulated,xai-ckpt_cadence@t2/004-t3-middle,xai-ckpt_cadence,L2,1000,False,953
simulated,xai-ckpt_cadence@t2/004-t3-middle,xai-ckpt_cadence,L2,1500,True,1230
simulated,xai-ckpt_cadence@t2/004-t3-middle,xai-ckpt_cadence,L2,3000,True,2976
simulated,xai-ckpt_cadence@t2/004-t3-middle,xai-ckpt_cadence,L2,6000,True,4120
simulated,xai-ckpt_cadence@t2/004-t3-middle,xai-ckpt_cadence,L2,all,True,4120
simulated,xai-ckpt_cadence@t2/004-t3-middle,xai-ckpt_cadence,E1,250,False,238
simulated,xai-ckpt_cadence@t2/004-t3-middle,xai-ckpt_cadence,E1,500,False,484
simulated,xai-ckpt_cadence@t2/004-t3-middle,xai-ckpt_cadence,E1,1000,False,965
simulated,xai-ckpt_cadence@t2/004-t3-middle,xai-ckpt_cadence,E1,1500,True,1464
simulated,xai-ckpt_cadence@t2/004-t3-middle,xai-ckpt_cadence,E1,3000,True,2976
simulated,xai-ckpt_cadence@t2/004-t3-middle,xai-ckpt_cadence,E1,6000,True,4149
simulated,xai-ckpt_cadence@t2/004-t3-middle,xai-ckpt_cadence,E1,all,True,4149
simulated,xai-ckpt_cadence@t2/004-t3-middle,xai-ckpt_cadence,E4,250,False,209
simulated,xai-ckpt_cadence@t2/004-t3-middle,xai-ckpt_cadence,E4,500,False,481
simulated,xai-ckpt_cadence@t2/004-t3-middle,xai-ckpt_cadence,E4,1000,False,974
simulated,xai-ckpt_cadence@t2/004-t3-middle,xai-ckpt_cadence,E4,1500,True,1475
simulated,xai-ckpt_cadence@t2/004-t3-middle,xai-ckpt_cadence,E4,3000,True,2993
simulated,xai-ckpt_cadence@t2/004-t3-middle,xai-ckpt_cadence,E4,6000,True,4149
simulated,xai-ckpt_cadence@t2/004-t3-middle,xai-ckpt_cadence,E4,all,True,4149
simulated,xai-ckpt_cadence@t2/004-t4-start,xai-ckpt_cadence,D1,250,False,172
simulated,xai-ckpt_cadence@t2/004-t4-start,xai-ckpt_cadence,D1,500,False,489
simulated,xai-ckpt_cadence@t2/004-t4-start,xai-ckpt_cadence,D1,1000,True,980
simulated,xai-ckpt_cadence@t2/004-t4-start,xai-ckpt_cadence,D1,1500,True,1211
simulated,xai-ckpt_cadence@t2/004-t4-start,xai-ckpt_cadence,D1,3000,True,2873
simulated,xai-ckpt_cadence@t2/004-t4-start,xai-ckpt_cadence,D1,6000,True,4959
simulated,xai-ckpt_cadence@t2/004-t4-start,xai-ckpt_cadence,D1,all,True,4959
simulated,xai-ckpt_cadence@t2/004-t4-start,xai-ckpt_cadence,D2,250,False,0
simulated,xai-ckpt_cadence@t2/004-t4-start,xai-ckpt_cadence,D2,500,False,317
simulated,xai-ckpt_cadence@t2/004-t4-start,xai-ckpt_cadence,D2,1000,False,1000
simulated,xai-ckpt_cadence@t2/004-t4-start,xai-ckpt_cadence,D2,1500,False,1379
simulated,xai-ckpt_cadence@t2/004-t4-start,xai-ckpt_cadence,D2,3000,True,2805
simulated,xai-ckpt_cadence@t2/004-t4-start,xai-ckpt_cadence,D2,6000,True,4959
simulated,xai-ckpt_cadence@t2/004-t4-start,xai-ckpt_cadence,D2,all,True,4959
simulated,xai-ckpt_cadence@t2/004-t4-start,xai-ckpt_cadence,B2,250,False,0
simulated,xai-ckpt_cadence@t2/004-t4-start,xai-ckpt_cadence,B2,500,False,270
simulated,xai-ckpt_cadence@t2/004-t4-start,xai-ckpt_cadence,B2,1000,False,958
simulated,xai-ckpt_cadence@t2/004-t4-start,xai-ckpt_cadence,B2,1500,False,1465
simulated,xai-ckpt_cadence@t2/004-t4-start,xai-ckpt_cadence,B2,3000,True,2952
simulated,xai-ckpt_cadence@t2/004-t4-start,xai-ckpt_cadence,B2,6000,True,5838
simulated,xai-ckpt_cadence@t2/004-t4-start,xai-ckpt_cadence,B2,all,True,9225
simulated,xai-ckpt_cadence@t2/004-t4-start,xai-ckpt_cadence,D4,250,False,0
simulated,xai-ckpt_cadence@t2/004-t4-start,xai-ckpt_cadence,D4,500,False,400
simulated,xai-ckpt_cadence@t2/004-t4-start,xai-ckpt_cadence,D4,1000,False,769
simulated,xai-ckpt_cadence@t2/004-t4-start,xai-ckpt_cadence,D4,1500,False,1446
simulated,xai-ckpt_cadence@t2/004-t4-start,xai-ckpt_cadence,D4,3000,True,2884
simulated,xai-ckpt_cadence@t2/004-t4-start,xai-ckpt_cadence,D4,6000,True,4959
simulated,xai-ckpt_cadence@t2/004-t4-start,xai-ckpt_cadence,D4,all,True,4959
simulated,xai-ckpt_cadence@t2/004-t4-start,xai-ckpt_cadence,Z4,250,False,0
simulated,xai-ckpt_cadence@t2/004-t4-start,xai-ckpt_cadence,Z4,500,False,349
simulated,xai-ckpt_cadence@t2/004-t4-start,xai-ckpt_cadence,Z4,1000,True,976
simulated,xai-ckpt_cadence@t2/004-t4-start,xai-ckpt_cadence,Z4,1500,True,1452
simulated,xai-ckpt_cadence@t2/004-t4-start,xai-ckpt_cadence,Z4,3000,True,2791
simulated,xai-ckpt_cadence@t2/004-t4-start,xai-ckpt_cadence,Z4,6000,True,4981
simulated,xai-ckpt_cadence@t2/004-t4-start,xai-ckpt_cadence,Z4,all,True,4981
simulated,xai-ckpt_cadence@t2/004-t4-start,xai-ckpt_cadence,L4,250,False,0
simulated,xai-ckpt_cadence@t2/004-t4-start,xai-ckpt_cadence,L4,500,False,426
simulated,xai-ckpt_cadence@t2/004-t4-start,xai-ckpt_cadence,L4,1000,False,812
simulated,xai-ckpt_cadence@t2/004-t4-start,xai-ckpt_cadence,L4,1500,False,1281
simulated,xai-ckpt_cadence@t2/004-t4-start,xai-ckpt_cadence,L4,3000,True,2965
simulated,xai-ckpt_cadence@t2/004-t4-start,xai-ckpt_cadence,L4,6000,True,5223
simulated,xai-ckpt_cadence@t2/004-t4-start,xai-ckpt_cadence,L4,all,True,5223
simulated,xai-ckpt_cadence@t2/004-t4-start,xai-ckpt_cadence,L2,250,False,0
simulated,xai-ckpt_cadence@t2/004-t4-start,xai-ckpt_cadence,L2,500,False,463
simulated,xai-ckpt_cadence@t2/004-t4-start,xai-ckpt_cadence,L2,1000,False,688
simulated,xai-ckpt_cadence@t2/004-t4-start,xai-ckpt_cadence,L2,1500,True,1396
simulated,xai-ckpt_cadence@t2/004-t4-start,xai-ckpt_cadence,L2,3000,True,2952
simulated,xai-ckpt_cadence@t2/004-t4-start,xai-ckpt_cadence,L2,6000,True,5223
simulated,xai-ckpt_cadence@t2/004-t4-start,xai-ckpt_cadence,L2,all,True,5223
simulated,xai-ckpt_cadence@t2/004-t4-start,xai-ckpt_cadence,E1,250,False,227
simulated,xai-ckpt_cadence@t2/004-t4-start,xai-ckpt_cadence,E1,500,True,488
simulated,xai-ckpt_cadence@t2/004-t4-start,xai-ckpt_cadence,E1,1000,True,953
simulated,xai-ckpt_cadence@t2/004-t4-start,xai-ckpt_cadence,E1,1500,True,1486
simulated,xai-ckpt_cadence@t2/004-t4-start,xai-ckpt_cadence,E1,3000,True,2979
simulated,xai-ckpt_cadence@t2/004-t4-start,xai-ckpt_cadence,E1,6000,True,5118
simulated,xai-ckpt_cadence@t2/004-t4-start,xai-ckpt_cadence,E1,all,True,5118
simulated,xai-ckpt_cadence@t2/004-t4-start,xai-ckpt_cadence,E4,250,False,238
simulated,xai-ckpt_cadence@t2/004-t4-start,xai-ckpt_cadence,E4,500,False,482
simulated,xai-ckpt_cadence@t2/004-t4-start,xai-ckpt_cadence,E4,1000,True,986
simulated,xai-ckpt_cadence@t2/004-t4-start,xai-ckpt_cadence,E4,1500,True,1486
simulated,xai-ckpt_cadence@t2/004-t4-start,xai-ckpt_cadence,E4,3000,True,2976
simulated,xai-ckpt_cadence@t2/004-t4-start,xai-ckpt_cadence,E4,6000,True,5118
simulated,xai-ckpt_cadence@t2/004-t4-start,xai-ckpt_cadence,E4,all,True,5118
simulated,xai-fabric_oncall@t2/008-t3-start,xai-fabric_oncall,D1,250,False,36
simulated,xai-fabric_oncall@t2/008-t3-start,xai-fabric_oncall,D1,500,False,498
simulated,xai-fabric_oncall@t2/008-t3-start,xai-fabric_oncall,D1,1000,True,913
simulated,xai-fabric_oncall@t2/008-t3-start,xai-fabric_oncall,D1,1500,True,1230
simulated,xai-fabric_oncall@t2/008-t3-start,xai-fabric_oncall,D1,3000,True,3000
simulated,xai-fabric_oncall@t2/008-t3-start,xai-fabric_oncall,D1,6000,True,3043
simulated,xai-fabric_oncall@t2/008-t3-start,xai-fabric_oncall,D1,all,True,3043
simulated,xai-fabric_oncall@t2/008-t3-start,xai-fabric_oncall,D2,250,False,0
simulated,xai-fabric_oncall@t2/008-t3-start,xai-fabric_oncall,D2,500,False,462
simulated,xai-fabric_oncall@t2/008-t3-start,xai-fabric_oncall,D2,1000,False,713
simulated,xai-fabric_oncall@t2/008-t3-start,xai-fabric_oncall,D2,1500,True,1494
simulated,xai-fabric_oncall@t2/008-t3-start,xai-fabric_oncall,D2,3000,True,3000
simulated,xai-fabric_oncall@t2/008-t3-start,xai-fabric_oncall,D2,6000,True,3043
simulated,xai-fabric_oncall@t2/008-t3-start,xai-fabric_oncall,D2,all,True,3043
simulated,xai-fabric_oncall@t2/008-t3-start,xai-fabric_oncall,B2,250,False,237
simulated,xai-fabric_oncall@t2/008-t3-start,xai-fabric_oncall,B2,500,True,471
simulated,xai-fabric_oncall@t2/008-t3-start,xai-fabric_oncall,B2,1000,True,975
simulated,xai-fabric_oncall@t2/008-t3-start,xai-fabric_oncall,B2,1500,True,1454
simulated,xai-fabric_oncall@t2/008-t3-start,xai-fabric_oncall,B2,3000,True,2845
simulated,xai-fabric_oncall@t2/008-t3-start,xai-fabric_oncall,B2,6000,True,5881
simulated,xai-fabric_oncall@t2/008-t3-start,xai-fabric_oncall,B2,all,True,5881
simulated,xai-fabric_oncall@t2/008-t3-start,xai-fabric_oncall,D4,250,False,40
simulated,xai-fabric_oncall@t2/008-t3-start,xai-fabric_oncall,D4,500,False,357
simulated,xai-fabric_oncall@t2/008-t3-start,xai-fabric_oncall,D4,1000,False,717
simulated,xai-fabric_oncall@t2/008-t3-start,xai-fabric_oncall,D4,1500,False,1393
simulated,xai-fabric_oncall@t2/008-t3-start,xai-fabric_oncall,D4,3000,True,2852
simulated,xai-fabric_oncall@t2/008-t3-start,xai-fabric_oncall,D4,6000,True,3043
simulated,xai-fabric_oncall@t2/008-t3-start,xai-fabric_oncall,D4,all,True,3043
simulated,xai-fabric_oncall@t2/008-t3-start,xai-fabric_oncall,Z4,250,False,208
simulated,xai-fabric_oncall@t2/008-t3-start,xai-fabric_oncall,Z4,500,False,208
simulated,xai-fabric_oncall@t2/008-t3-start,xai-fabric_oncall,Z4,1000,False,944
simulated,xai-fabric_oncall@t2/008-t3-start,xai-fabric_oncall,Z4,1500,False,1204
simulated,xai-fabric_oncall@t2/008-t3-start,xai-fabric_oncall,Z4,3000,True,2967
simulated,xai-fabric_oncall@t2/008-t3-start,xai-fabric_oncall,Z4,6000,True,3624
simulated,xai-fabric_oncall@t2/008-t3-start,xai-fabric_oncall,Z4,all,True,3624
simulated,xai-fabric_oncall@t2/008-t3-start,xai-fabric_oncall,L4,250,False,48
simulated,xai-fabric_oncall@t2/008-t3-start,xai-fabric_oncall,L4,500,False,375
simulated,xai-fabric_oncall@t2/008-t3-start,xai-fabric_oncall,L4,1000,False,844
simulated,xai-fabric_oncall@t2/008-t3-start,xai-fabric_oncall,L4,1500,False,1354
simulated,xai-fabric_oncall@t2/008-t3-start,xai-fabric_oncall,L4,3000,True,2990
simulated,xai-fabric_oncall@t2/008-t3-start,xai-fabric_oncall,L4,6000,True,3198
simulated,xai-fabric_oncall@t2/008-t3-start,xai-fabric_oncall,L4,all,True,3198
simulated,xai-fabric_oncall@t2/008-t3-start,xai-fabric_oncall,L2,250,False,0
simulated,xai-fabric_oncall@t2/008-t3-start,xai-fabric_oncall,L2,500,False,469
simulated,xai-fabric_oncall@t2/008-t3-start,xai-fabric_oncall,L2,1000,False,865
simulated,xai-fabric_oncall@t2/008-t3-start,xai-fabric_oncall,L2,1500,True,1494
simulated,xai-fabric_oncall@t2/008-t3-start,xai-fabric_oncall,L2,3000,True,2894
simulated,xai-fabric_oncall@t2/008-t3-start,xai-fabric_oncall,L2,6000,True,3198
simulated,xai-fabric_oncall@t2/008-t3-start,xai-fabric_oncall,L2,all,True,3198
simulated,xai-fabric_oncall@t2/008-t3-start,xai-fabric_oncall,E1,250,False,239
simulated,xai-fabric_oncall@t2/008-t3-start,xai-fabric_oncall,E1,500,True,498
simulated,xai-fabric_oncall@t2/008-t3-start,xai-fabric_oncall,E1,1000,True,999
simulated,xai-fabric_oncall@t2/008-t3-start,xai-fabric_oncall,E1,1500,True,1480
simulated,xai-fabric_oncall@t2/008-t3-start,xai-fabric_oncall,E1,3000,True,2987
simulated,xai-fabric_oncall@t2/008-t3-start,xai-fabric_oncall,E1,6000,True,3451
simulated,xai-fabric_oncall@t2/008-t3-start,xai-fabric_oncall,E1,all,True,3451
simulated,xai-fabric_oncall@t2/008-t3-start,xai-fabric_oncall,E4,250,False,217
simulated,xai-fabric_oncall@t2/008-t3-start,xai-fabric_oncall,E4,500,False,478
simulated,xai-fabric_oncall@t2/008-t3-start,xai-fabric_oncall,E4,1000,True,975
simulated,xai-fabric_oncall@t2/008-t3-start,xai-fabric_oncall,E4,1500,True,1478
simulated,xai-fabric_oncall@t2/008-t3-start,xai-fabric_oncall,E4,3000,True,2976
simulated,xai-fabric_oncall@t2/008-t3-start,xai-fabric_oncall,E4,6000,True,3451
simulated,xai-fabric_oncall@t2/008-t3-start,xai-fabric_oncall,E4,all,True,3451
simulated,xai-fabric_oncall@t2/008-t3-middle,xai-fabric_oncall,D1,250,False,0
simulated,xai-fabric_oncall@t2/008-t3-middle,xai-fabric_oncall,D1,500,False,282
simulated,xai-fabric_oncall@t2/008-t3-middle,xai-fabric_oncall,D1,1000,False,991
simulated,xai-fabric_oncall@t2/008-t3-middle,xai-fabric_oncall,D1,1500,False,1453
simulated,xai-fabric_oncall@t2/008-t3-middle,xai-fabric_oncall,D1,3000,True,2711
simulated,xai-fabric_oncall@t2/008-t3-middle,xai-fabric_oncall,D1,6000,True,3902
simulated,xai-fabric_oncall@t2/008-t3-middle,xai-fabric_oncall,D1,all,True,3902
simulated,xai-fabric_oncall@t2/008-t3-middle,xai-fabric_oncall,D2,250,False,225
simulated,xai-fabric_oncall@t2/008-t3-middle,xai-fabric_oncall,D2,500,False,456
simulated,xai-fabric_oncall@t2/008-t3-middle,xai-fabric_oncall,D2,1000,False,773
simulated,xai-fabric_oncall@t2/008-t3-middle,xai-fabric_oncall,D2,1500,False,1364
simulated,xai-fabric_oncall@t2/008-t3-middle,xai-fabric_oncall,D2,3000,False,2895
simulated,xai-fabric_oncall@t2/008-t3-middle,xai-fabric_oncall,D2,6000,True,3902
simulated,xai-fabric_oncall@t2/008-t3-middle,xai-fabric_oncall,D2,all,True,3902
simulated,xai-fabric_oncall@t2/008-t3-middle,xai-fabric_oncall,B2,250,False,0
simulated,xai-fabric_oncall@t2/008-t3-middle,xai-fabric_oncall,B2,500,False,272
simulated,xai-fabric_oncall@t2/008-t3-middle,xai-fabric_oncall,B2,1000,False,789
simulated,xai-fabric_oncall@t2/008-t3-middle,xai-fabric_oncall,B2,1500,False,1304
simulated,xai-fabric_oncall@t2/008-t3-middle,xai-fabric_oncall,B2,3000,False,2805
simulated,xai-fabric_oncall@t2/008-t3-middle,xai-fabric_oncall,B2,6000,True,5767
simulated,xai-fabric_oncall@t2/008-t3-middle,xai-fabric_oncall,B2,all,True,7655
simulated,xai-fabric_oncall@t2/008-t3-middle,xai-fabric_oncall,D4,250,False,53
simulated,xai-fabric_oncall@t2/008-t3-middle,xai-fabric_oncall,D4,500,False,370
simulated,xai-fabric_oncall@t2/008-t3-middle,xai-fabric_oncall,D4,1000,False,945
simulated,xai-fabric_oncall@t2/008-t3-middle,xai-fabric_oncall,D4,1500,False,1130
simulated,xai-fabric_oncall@t2/008-t3-middle,xai-fabric_oncall,D4,3000,True,2848
simulated,xai-fabric_oncall@t2/008-t3-middle,xai-fabric_oncall,D4,6000,True,3902
simulated,xai-fabric_oncall@t2/008-t3-middle,xai-fabric_oncall,D4,all,True,3902
simulated,xai-fabric_oncall@t2/008-t3-middle,xai-fabric_oncall,Z4,250,False,0
simulated,xai-fabric_oncall@t2/008-t3-middle,xai-fabric_oncall,Z4,500,False,336
simulated,xai-fabric_oncall@t2/008-t3-middle,xai-fabric_oncall,Z4,1000,False,685
simulated,xai-fabric_oncall@t2/008-t3-middle,xai-fabric_oncall,Z4,1500,False,1340
simulated,xai-fabric_oncall@t2/008-t3-middle,xai-fabric_oncall,Z4,3000,False,2982
simulated,xai-fabric_oncall@t2/008-t3-middle,xai-fabric_oncall,Z4,6000,True,3960
simulated,xai-fabric_oncall@t2/008-t3-middle,xai-fabric_oncall,Z4,all,True,3960
simulated,xai-fabric_oncall@t2/008-t3-middle,xai-fabric_oncall,L4,250,False,61
simulated,xai-fabric_oncall@t2/008-t3-middle,xai-fabric_oncall,L4,500,False,388
simulated,xai-fabric_oncall@t2/008-t3-middle,xai-fabric_oncall,L4,1000,False,997
simulated,xai-fabric_oncall@t2/008-t3-middle,xai-fabric_oncall,L4,1500,False,1144
simulated,xai-fabric_oncall@t2/008-t3-middle,xai-fabric_oncall,L4,3000,True,2997
simulated,xai-fabric_oncall@t2/008-t3-middle,xai-fabric_oncall,L4,6000,True,4120
simulated,xai-fabric_oncall@t2/008-t3-middle,xai-fabric_oncall,L4,all,True,4120
simulated,xai-fabric_oncall@t2/008-t3-middle,xai-fabric_oncall,L2,250,False,147
simulated,xai-fabric_oncall@t2/008-t3-middle,xai-fabric_oncall,L2,500,False,478
simulated,xai-fabric_oncall@t2/008-t3-middle,xai-fabric_oncall,L2,1000,False,614
simulated,xai-fabric_oncall@t2/008-t3-middle,xai-fabric_oncall,L2,1500,False,1410
simulated,xai-fabric_oncall@t2/008-t3-middle,xai-fabric_oncall,L2,3000,False,2873
simulated,xai-fabric_oncall@t2/008-t3-middle,xai-fabric_oncall,L2,6000,True,4120
simulated,xai-fabric_oncall@t2/008-t3-middle,xai-fabric_oncall,L2,all,True,4120
simulated,xai-fabric_oncall@t2/008-t3-middle,xai-fabric_oncall,E1,250,False,240
simulated,xai-fabric_oncall@t2/008-t3-middle,xai-fabric_oncall,E1,500,False,482
simulated,xai-fabric_oncall@t2/008-t3-middle,xai-fabric_oncall,E1,1000,True,975
simulated,xai-fabric_oncall@t2/008-t3-middle,xai-fabric_oncall,E1,1500,True,1481
simulated,xai-fabric_oncall@t2/008-t3-middle,xai-fabric_oncall,E1,3000,True,2987
simulated,xai-fabric_oncall@t2/008-t3-middle,xai-fabric_oncall,E1,6000,True,4149
simulated,xai-fabric_oncall@t2/008-t3-middle,xai-fabric_oncall,E1,all,True,4149
simulated,xai-fabric_oncall@t2/008-t3-middle,xai-fabric_oncall,E4,250,False,233
simulated,xai-fabric_oncall@t2/008-t3-middle,xai-fabric_oncall,E4,500,False,496
simulated,xai-fabric_oncall@t2/008-t3-middle,xai-fabric_oncall,E4,1000,False,987
simulated,xai-fabric_oncall@t2/008-t3-middle,xai-fabric_oncall,E4,1500,False,1493
simulated,xai-fabric_oncall@t2/008-t3-middle,xai-fabric_oncall,E4,3000,True,2987
simulated,xai-fabric_oncall@t2/008-t3-middle,xai-fabric_oncall,E4,6000,True,4149
simulated,xai-fabric_oncall@t2/008-t3-middle,xai-fabric_oncall,E4,all,True,4149
simulated,xai-fabric_oncall@t2/008-t4-start,xai-fabric_oncall,D1,250,True,172
simulated,xai-fabric_oncall@t2/008-t4-start,xai-fabric_oncall,D1,500,True,172
simulated,xai-fabric_oncall@t2/008-t4-start,xai-fabric_oncall,D1,1000,True,865
simulated,xai-fabric_oncall@t2/008-t4-start,xai-fabric_oncall,D1,1500,True,1182
simulated,xai-fabric_oncall@t2/008-t4-start,xai-fabric_oncall,D1,3000,True,2873
simulated,xai-fabric_oncall@t2/008-t4-start,xai-fabric_oncall,D1,6000,True,4959
simulated,xai-fabric_oncall@t2/008-t4-start,xai-fabric_oncall,D1,all,True,4959
simulated,xai-fabric_oncall@t2/008-t4-start,xai-fabric_oncall,D2,250,True,0
simulated,xai-fabric_oncall@t2/008-t4-start,xai-fabric_oncall,D2,500,True,317
simulated,xai-fabric_oncall@t2/008-t4-start,xai-fabric_oncall,D2,1000,True,1000
simulated,xai-fabric_oncall@t2/008-t4-start,xai-fabric_oncall,D2,1500,True,1251
simulated,xai-fabric_oncall@t2/008-t4-start,xai-fabric_oncall,D2,3000,True,2994
simulated,xai-fabric_oncall@t2/008-t4-start,xai-fabric_oncall,D2,6000,True,4959
simulated,xai-fabric_oncall@t2/008-t4-start,xai-fabric_oncall,D2,all,True,4959
simulated,xai-fabric_oncall@t2/008-t4-start,xai-fabric_oncall,B2,250,True,204
simulated,xai-fabric_oncall@t2/008-t4-start,xai-fabric_oncall,B2,500,True,474
simulated,xai-fabric_oncall@t2/008-t4-start,xai-fabric_oncall,B2,1000,True,874
simulated,xai-fabric_oncall@t2/008-t4-start,xai-fabric_oncall,B2,1500,True,1378
simulated,xai-fabric_oncall@t2/008-t4-start,xai-fabric_oncall,B2,3000,True,2839
simulated,xai-fabric_oncall@t2/008-t4-start,xai-fabric_oncall,B2,6000,True,5785
simulated,xai-fabric_oncall@t2/008-t4-start,xai-fabric_oncall,B2,all,True,9225
simulated,xai-fabric_oncall@t2/008-t4-start,xai-fabric_oncall,D4,250,True,0
simulated,xai-fabric_oncall@t2/008-t4-start,xai-fabric_oncall,D4,500,True,360
simulated,xai-fabric_oncall@t2/008-t4-start,xai-fabric_oncall,D4,1000,True,984
simulated,xai-fabric_oncall@t2/008-t4-start,xai-fabric_oncall,D4,1500,True,1199
simulated,xai-fabric_oncall@t2/008-t4-start,xai-fabric_oncall,D4,3000,True,2980
simulated,xai-fabric_oncall@t2/008-t4-start,xai-fabric_oncall,D4,6000,True,4959
simulated,xai-fabric_oncall@t2/008-t4-start,xai-fabric_oncall,D4,all,True,4959
simulated,xai-fabric_oncall@t2/008-t4-start,xai-fabric_oncall,Z4,250,True,0
simulated,xai-fabric_oncall@t2/008-t4-start,xai-fabric_oncall,Z4,500,True,349
simulated,xai-fabric_oncall@t2/008-t4-start,xai-fabric_oncall,Z4,1000,True,710
simulated,xai-fabric_oncall@t2/008-t4-start,xai-fabric_oncall,Z4,1500,True,1186
simulated,xai-fabric_oncall@t2/008-t4-start,xai-fabric_oncall,Z4,3000,True,2791
simulated,xai-fabric_oncall@t2/008-t4-start,xai-fabric_oncall,Z4,6000,True,4981
simulated,xai-fabric_oncall@t2/008-t4-start,xai-fabric_oncall,Z4,all,True,4981
simulated,xai-fabric_oncall@t2/008-t4-start,xai-fabric_oncall,L4,250,True,0
simulated,xai-fabric_oncall@t2/008-t4-start,xai-fabric_oncall,L4,500,True,378
simulated,xai-fabric_oncall@t2/008-t4-start,xai-fabric_oncall,L4,1000,True,841
simulated,xai-fabric_oncall@t2/008-t4-start,xai-fabric_oncall,L4,1500,True,1248
simulated,xai-fabric_oncall@t2/008-t4-start,xai-fabric_oncall,L4,3000,True,2883
simulated,xai-fabric_oncall@t2/008-t4-start,xai-fabric_oncall,L4,6000,True,5223
simulated,xai-fabric_oncall@t2/008-t4-start,xai-fabric_oncall,L4,all,True,5223
simulated,xai-fabric_oncall@t2/008-t4-start,xai-fabric_oncall,L2,250,True,240
simulated,xai-fabric_oncall@t2/008-t4-start,xai-fabric_oncall,L2,500,True,240
simulated,xai-fabric_oncall@t2/008-t4-start,xai-fabric_oncall,L2,1000,True,928
simulated,xai-fabric_oncall@t2/008-t4-start,xai-fabric_oncall,L2,1500,True,1255
simulated,xai-fabric_oncall@t2/008-t4-start,xai-fabric_oncall,L2,3000,True,2839
simulated,xai-fabric_oncall@t2/008-t4-start,xai-fabric_oncall,L2,6000,True,5223
simulated,xai-fabric_oncall@t2/008-t4-start,xai-fabric_oncall,L2,all,True,5223
simulated,xai-fabric_oncall@t2/008-t4-start,xai-fabric_oncall,E1,250,True,227
simulated,xai-fabric_oncall@t2/008-t4-start,xai-fabric_oncall,E1,500,True,496
simulated,xai-fabric_oncall@t2/008-t4-start,xai-fabric_oncall,E1,1000,True,1000
simulated,xai-fabric_oncall@t2/008-t4-start,xai-fabric_oncall,E1,1500,True,1493
simulated,xai-fabric_oncall@t2/008-t4-start,xai-fabric_oncall,E1,3000,True,2980
simulated,xai-fabric_oncall@t2/008-t4-start,xai-fabric_oncall,E1,6000,True,5118
simulated,xai-fabric_oncall@t2/008-t4-start,xai-fabric_oncall,E1,all,True,5118
simulated,xai-fabric_oncall@t2/008-t4-start,xai-fabric_oncall,E4,250,True,225
simulated,xai-fabric_oncall@t2/008-t4-start,xai-fabric_oncall,E4,500,True,488
simulated,xai-fabric_oncall@t2/008-t4-start,xai-fabric_oncall,E4,1000,True,981
simulated,xai-fabric_oncall@t2/008-t4-start,xai-fabric_oncall,E4,1500,True,1471
simulated,xai-fabric_oncall@t2/008-t4-start,xai-fabric_oncall,E4,3000,True,2986
simulated,xai-fabric_oncall@t2/008-t4-start,xai-fabric_oncall,E4,6000,True,5118
simulated,xai-fabric_oncall@t2/008-t4-start,xai-fabric_oncall,E4,all,True,5118
simulated,xai-fabric_oncall@t2/008-t4-middle,xai-fabric_oncall,D1,250,False,242
simulated,xai-fabric_oncall@t2/008-t4-middle,xai-fabric_oncall,D1,500,False,242
simulated,xai-fabric_oncall@t2/008-t4-middle,xai-fabric_oncall,D1,1000,False,704
simulated,xai-fabric_oncall@t2/008-t4-middle,xai-fabric_oncall,D1,1500,False,1350
simulated,xai-fabric_oncall@t2/008-t4-middle,xai-fabric_oncall,D1,3000,True,2993
simulated,xai-fabric_oncall@t2/008-t4-middle,xai-fabric_oncall,D1,6000,True,5917
simulated,xai-fabric_oncall@t2/008-t4-middle,xai-fabric_oncall,D1,all,True,6246
simulated,xai-fabric_oncall@t2/008-t4-middle,xai-fabric_oncall,D2,250,False,242
simulated,xai-fabric_oncall@t2/008-t4-middle,xai-fabric_oncall,D2,500,False,242
simulated,xai-fabric_oncall@t2/008-t4-middle,xai-fabric_oncall,D2,1000,False,694
simulated,xai-fabric_oncall@t2/008-t4-middle,xai-fabric_oncall,D2,1500,False,1199
simulated,xai-fabric_oncall@t2/008-t4-middle,xai-fabric_oncall,D2,3000,False,2908
simulated,xai-fabric_oncall@t2/008-t4-middle,xai-fabric_oncall,D2,6000,True,5820
simulated,xai-fabric_oncall@t2/008-t4-middle,xai-fabric_oncall,D2,all,True,6246
simulated,xai-fabric_oncall@t2/008-t4-middle,xai-fabric_oncall,B2,250,False,0
simulated,xai-fabric_oncall@t2/008-t4-middle,xai-fabric_oncall,B2,500,False,262
simulated,xai-fabric_oncall@t2/008-t4-middle,xai-fabric_oncall,B2,1000,True,755
simulated,xai-fabric_oncall@t2/008-t4-middle,xai-fabric_oncall,B2,1500,True,1254
simulated,xai-fabric_oncall@t2/008-t4-middle,xai-fabric_oncall,B2,3000,True,2941
simulated,xai-fabric_oncall@t2/008-t4-middle,xai-fabric_oncall,B2,6000,True,5828
simulated,xai-fabric_oncall@t2/008-t4-middle,xai-fabric_oncall,B2,all,True,11096
simulated,xai-fabric_oncall@t2/008-t4-middle,xai-fabric_oncall,D4,250,False,242
simulated,xai-fabric_oncall@t2/008-t4-middle,xai-fabric_oncall,D4,500,False,242
simulated,xai-fabric_oncall@t2/008-t4-middle,xai-fabric_oncall,D4,1000,False,775
simulated,xai-fabric_oncall@t2/008-t4-middle,xai-fabric_oncall,D4,1500,False,1280
simulated,xai-fabric_oncall@t2/008-t4-middle,xai-fabric_oncall,D4,3000,False,2818
simulated,xai-fabric_oncall@t2/008-t4-middle,xai-fabric_oncall,D4,6000,True,5963
simulated,xai-fabric_oncall@t2/008-t4-middle,xai-fabric_oncall,D4,all,True,6246
simulated,xai-fabric_oncall@t2/008-t4-middle,xai-fabric_oncall,Z4,250,False,196
simulated,xai-fabric_oncall@t2/008-t4-middle,xai-fabric_oncall,Z4,500,False,196
simulated,xai-fabric_oncall@t2/008-t4-middle,xai-fabric_oncall,Z4,1000,False,952
simulated,xai-fabric_oncall@t2/008-t4-middle,xai-fabric_oncall,Z4,1500,False,1288
simulated,xai-fabric_oncall@t2/008-t4-middle,xai-fabric_oncall,Z4,3000,False,2859
simulated,xai-fabric_oncall@t2/008-t4-middle,xai-fabric_oncall,Z4,6000,True,5932
simulated,xai-fabric_oncall@t2/008-t4-middle,xai-fabric_oncall,Z4,all,True,6073
simulated,xai-fabric_oncall@t2/008-t4-middle,xai-fabric_oncall,L4,250,False,242
simulated,xai-fabric_oncall@t2/008-t4-middle,xai-fabric_oncall,L4,500,False,242
simulated,xai-fabric_oncall@t2/008-t4-middle,xai-fabric_oncall,L4,1000,False,794
simulated,xai-fabric_oncall@t2/008-t4-middle,xai-fabric_oncall,L4,1500,False,1263
simulated,xai-fabric_oncall@t2/008-t4-middle,xai-fabric_oncall,L4,3000,False,2908
simulated,xai-fabric_oncall@t2/008-t4-middle,xai-fabric_oncall,L4,6000,True,5911
simulated,xai-fabric_oncall@t2/008-t4-middle,xai-fabric_oncall,L4,all,True,6553
simulated,xai-fabric_oncall@t2/008-t4-middle,xai-fabric_oncall,L2,250,False,242
simulated,xai-fabric_oncall@t2/008-t4-middle,xai-fabric_oncall,L2,500,False,242
simulated,xai-fabric_oncall@t2/008-t4-middle,xai-fabric_oncall,L2,1000,False,705
simulated,xai-fabric_oncall@t2/008-t4-middle,xai-fabric_oncall,L2,1500,False,1310
simulated,xai-fabric_oncall@t2/008-t4-middle,xai-fabric_oncall,L2,3000,False,2793
simulated,xai-fabric_oncall@t2/008-t4-middle,xai-fabric_oncall,L2,6000,True,5881
simulated,xai-fabric_oncall@t2/008-t4-middle,xai-fabric_oncall,L2,all,True,6553
simulated,xai-fabric_oncall@t2/008-t4-middle,xai-fabric_oncall,E1,250,False,244
simulated,xai-fabric_oncall@t2/008-t4-middle,xai-fabric_oncall,E1,500,False,464
simulated,xai-fabric_oncall@t2/008-t4-middle,xai-fabric_oncall,E1,1000,True,998
simulated,xai-fabric_oncall@t2/008-t4-middle,xai-fabric_oncall,E1,1500,True,1500
simulated,xai-fabric_oncall@t2/008-t4-middle,xai-fabric_oncall,E1,3000,True,2986
simulated,xai-fabric_oncall@t2/008-t4-middle,xai-fabric_oncall,E1,6000,True,5967
simulated,xai-fabric_oncall@t2/008-t4-middle,xai-fabric_oncall,E1,all,True,6412
simulated,xai-fabric_oncall@t2/008-t4-middle,xai-fabric_oncall,E4,250,False,231
simulated,xai-fabric_oncall@t2/008-t4-middle,xai-fabric_oncall,E4,500,False,489
simulated,xai-fabric_oncall@t2/008-t4-middle,xai-fabric_oncall,E4,1000,True,975
simulated,xai-fabric_oncall@t2/008-t4-middle,xai-fabric_oncall,E4,1500,True,1500
simulated,xai-fabric_oncall@t2/008-t4-middle,xai-fabric_oncall,E4,3000,True,2950
simulated,xai-fabric_oncall@t2/008-t4-middle,xai-fabric_oncall,E4,6000,True,5973
simulated,xai-fabric_oncall@t2/008-t4-middle,xai-fabric_oncall,E4,all,True,6412
simulated,xai-fabric_oncall@t2/008-t5-start,xai-fabric_oncall,D1,250,False,0
simulated,xai-fabric_oncall@t2/008-t5-start,xai-fabric_oncall,D1,500,False,462
simulated,xai-fabric_oncall@t2/008-t5-start,xai-fabric_oncall,D1,1000,False,769
simulated,xai-fabric_oncall@t2/008-t5-start,xai-fabric_oncall,D1,1500,False,1221
simulated,xai-fabric_oncall@t2/008-t5-start,xai-fabric_oncall,D1,3000,False,2797
simulated,xai-fabric_oncall@t2/008-t5-start,xai-fabric_oncall,D1,6000,True,5966
simulated,xai-fabric_oncall@t2/008-t5-start,xai-fabric_oncall,D1,all,True,6617
simulated,xai-fabric_oncall@t2/008-t5-start,xai-fabric_oncall,D2,250,False,215
simulated,xai-fabric_oncall@t2/008-t5-start,xai-fabric_oncall,D2,500,False,215
simulated,xai-fabric_oncall@t2/008-t5-start,xai-fabric_oncall,D2,1000,False,899
simulated,xai-fabric_oncall@t2/008-t5-start,xai-fabric_oncall,D2,1500,False,1373
simulated,xai-fabric_oncall@t2/008-t5-start,xai-fabric_oncall,D2,3000,False,2943
simulated,xai-fabric_oncall@t2/008-t5-start,xai-fabric_oncall,D2,6000,True,5992
simulated,xai-fabric_oncall@t2/008-t5-start,xai-fabric_oncall,D2,all,True,6617
simulated,xai-fabric_oncall@t2/008-t5-start,xai-fabric_oncall,B2,250,False,236
simulated,xai-fabric_oncall@t2/008-t5-start,xai-fabric_oncall,B2,500,False,487
simulated,xai-fabric_oncall@t2/008-t5-start,xai-fabric_oncall,B2,1000,False,988
simulated,xai-fabric_oncall@t2/008-t5-start,xai-fabric_oncall,B2,1500,False,1492
simulated,xai-fabric_oncall@t2/008-t5-start,xai-fabric_oncall,B2,3000,False,2957
simulated,xai-fabric_oncall@t2/008-t5-start,xai-fabric_oncall,B2,6000,True,5997
simulated,xai-fabric_oncall@t2/008-t5-start,xai-fabric_oncall,B2,all,True,12640
simulated,xai-fabric_oncall@t2/008-t5-start,xai-fabric_oncall,D4,250,False,0
simulated,xai-fabric_oncall@t2/008-t5-start,xai-fabric_oncall,D4,500,False,452
simulated,xai-fabric_oncall@t2/008-t5-start,xai-fabric_oncall,D4,1000,False,769
simulated,xai-fabric_oncall@t2/008-t5-start,xai-fabric_oncall,D4,1500,False,1475
simulated,xai-fabric_oncall@t2/008-t5-start,xai-fabric_oncall,D4,3000,False,2921
simulated,xai-fabric_oncall@t2/008-t5-start,xai-fabric_oncall,D4,6000,True,5942
simulated,xai-fabric_oncall@t2/008-t5-start,xai-fabric_oncall,D4,all,True,6617
simulated,xai-fabric_oncall@t2/008-t5-start,xai-fabric_oncall,Z4,250,False,0
simulated,xai-fabric_oncall@t2/008-t5-start,xai-fabric_oncall,Z4,500,False,492
simulated,xai-fabric_oncall@t2/008-t5-start,xai-fabric_oncall,Z4,1000,False,978
simulated,xai-fabric_oncall@t2/008-t5-start,xai-fabric_oncall,Z4,1500,False,1355
simulated,xai-fabric_oncall@t2/008-t5-start,xai-fabric_oncall,Z4,3000,False,2812
simulated,xai-fabric_oncall@t2/008-t5-start,xai-fabric_oncall,Z4,6000,True,5885
simulated,xai-fabric_oncall@t2/008-t5-start,xai-fabric_oncall,Z4,all,True,7132
simulated,xai-fabric_oncall@t2/008-t5-start,xai-fabric_oncall,L4,250,False,0
simulated,xai-fabric_oncall@t2/008-t5-start,xai-fabric_oncall,L4,500,False,463
simulated,xai-fabric_oncall@t2/008-t5-start,xai-fabric_oncall,L4,1000,False,790
simulated,xai-fabric_oncall@t2/008-t5-start,xai-fabric_oncall,L4,1500,False,1031
simulated,xai-fabric_oncall@t2/008-t5-start,xai-fabric_oncall,L4,3000,False,2878
simulated,xai-fabric_oncall@t2/008-t5-start,xai-fabric_oncall,L4,6000,True,5922
simulated,xai-fabric_oncall@t2/008-t5-start,xai-fabric_oncall,L4,all,True,6935
simulated,xai-fabric_oncall@t2/008-t5-start,xai-fabric_oncall,L2,250,False,225
simulated,xai-fabric_oncall@t2/008-t5-start,xai-fabric_oncall,L2,500,False,466
simulated,xai-fabric_oncall@t2/008-t5-start,xai-fabric_oncall,L2,1000,False,929
simulated,xai-fabric_oncall@t2/008-t5-start,xai-fabric_oncall,L2,1500,False,1414
simulated,xai-fabric_oncall@t2/008-t5-start,xai-fabric_oncall,L2,3000,False,2951
simulated,xai-fabric_oncall@t2/008-t5-start,xai-fabric_oncall,L2,6000,True,5755
simulated,xai-fabric_oncall@t2/008-t5-start,xai-fabric_oncall,L2,all,True,6935
simulated,xai-fabric_oncall@t2/008-t5-start,xai-fabric_oncall,E1,250,False,250
simulated,xai-fabric_oncall@t2/008-t5-start,xai-fabric_oncall,E1,500,False,493
simulated,xai-fabric_oncall@t2/008-t5-start,xai-fabric_oncall,E1,1000,False,961
simulated,xai-fabric_oncall@t2/008-t5-start,xai-fabric_oncall,E1,1500,False,1466
simulated,xai-fabric_oncall@t2/008-t5-start,xai-fabric_oncall,E1,3000,True,2976
simulated,xai-fabric_oncall@t2/008-t5-start,xai-fabric_oncall,E1,6000,True,5978
simulated,xai-fabric_oncall@t2/008-t5-start,xai-fabric_oncall,E1,all,True,7342
simulated,xai-fabric_oncall@t2/008-t5-start,xai-fabric_oncall,E4,250,True,246
simulated,xai-fabric_oncall@t2/008-t5-start,xai-fabric_oncall,E4,500,True,466
simulated,xai-fabric_oncall@t2/008-t5-start,xai-fabric_oncall,E4,1000,True,992
simulated,xai-fabric_oncall@t2/008-t5-start,xai-fabric_oncall,E4,1500,True,1444
simulated,xai-fabric_oncall@t2/008-t5-start,xai-fabric_oncall,E4,3000,True,2972
simulated,xai-fabric_oncall@t2/008-t5-start,xai-fabric_oncall,E4,6000,True,5984
simulated,xai-fabric_oncall@t2/008-t5-start,xai-fabric_oncall,E4,all,True,7342
simulated,xai-fabric_oncall@t2/008-t5-middle,xai-fabric_oncall,D1,250,False,36
simulated,xai-fabric_oncall@t2/008-t5-middle,xai-fabric_oncall,D1,500,False,343
simulated,xai-fabric_oncall@t2/008-t5-middle,xai-fabric_oncall,D1,1000,False,977
simulated,xai-fabric_oncall@t2/008-t5-middle,xai-fabric_oncall,D1,1500,True,1269
simulated,xai-fabric_oncall@t2/008-t5-middle,xai-fabric_oncall,D1,3000,True,2862
simulated,xai-fabric_oncall@t2/008-t5-middle,xai-fabric_oncall,D1,6000,True,5911
simulated,xai-fabric_oncall@t2/008-t5-middle,xai-fabric_oncall,D1,all,True,7374
simulated,xai-fabric_oncall@t2/008-t5-middle,xai-fabric_oncall,D2,250,False,0
simulated,xai-fabric_oncall@t2/008-t5-middle,xai-fabric_oncall,D2,500,False,462
simulated,xai-fabric_oncall@t2/008-t5-middle,xai-fabric_oncall,D2,1000,False,975
simulated,xai-fabric_oncall@t2/008-t5-middle,xai-fabric_oncall,D2,1500,False,1449
simulated,xai-fabric_oncall@t2/008-t5-middle,xai-fabric_oncall,D2,3000,False,2779
simulated,xai-fabric_oncall@t2/008-t5-middle,xai-fabric_oncall,D2,6000,True,5945
simulated,xai-fabric_oncall@t2/008-t5-middle,xai-fabric_oncall,D2,all,True,7374
simulated,xai-fabric_oncall@t2/008-t5-middle,xai-fabric_oncall,B2,250,True,234
simulated,xai-fabric_oncall@t2/008-t5-middle,xai-fabric_oncall,B2,500,True,471
simulated,xai-fabric_oncall@t2/008-t5-middle,xai-fabric_oncall,B2,1000,True,909
simulated,xai-fabric_oncall@t2/008-t5-middle,xai-fabric_oncall,B2,1500,True,1406
simulated,xai-fabric_oncall@t2/008-t5-middle,xai-fabric_oncall,B2,3000,True,2855
simulated,xai-fabric_oncall@t2/008-t5-middle,xai-fabric_oncall,B2,6000,True,5939
simulated,xai-fabric_oncall@t2/008-t5-middle,xai-fabric_oncall,B2,all,True,14097
simulated,xai-fabric_oncall@t2/008-t5-middle,xai-fabric_oncall,D4,250,False,0
simulated,xai-fabric_oncall@t2/008-t5-middle,xai-fabric_oncall,D4,500,False,474
simulated,xai-fabric_oncall@t2/008-t5-middle,xai-fabric_oncall,D4,1000,False,550
simulated,xai-fabric_oncall@t2/008-t5-middle,xai-fabric_oncall,D4,1500,True,1372
simulated,xai-fabric_oncall@t2/008-t5-middle,xai-fabric_oncall,D4,3000,True,2772
simulated,xai-fabric_oncall@t2/008-t5-middle,xai-fabric_oncall,D4,6000,True,5895
simulated,xai-fabric_oncall@t2/008-t5-middle,xai-fabric_oncall,D4,all,True,7374
simulated,xai-fabric_oncall@t2/008-t5-middle,xai-fabric_oncall,Z4,250,False,0
simulated,xai-fabric_oncall@t2/008-t5-middle,xai-fabric_oncall,Z4,500,False,252
simulated,xai-fabric_oncall@t2/008-t5-middle,xai-fabric_oncall,Z4,1000,False,976
simulated,xai-fabric_oncall@t2/008-t5-middle,xai-fabric_oncall,Z4,1500,False,1236
simulated,xai-fabric_oncall@t2/008-t5-middle,xai-fabric_oncall,Z4,3000,False,2581
simulated,xai-fabric_oncall@t2/008-t5-middle,xai-fabric_oncall,Z4,6000,False,5782
simulated,xai-fabric_oncall@t2/008-t5-middle,xai-fabric_oncall,Z4,all,True,7931
simulated,xai-fabric_oncall@t2/008-t5-middle,xai-fabric_oncall,L4,250,False,0
simulated,xai-fabric_oncall@t2/008-t5-middle,xai-fabric_oncall,L4,500,False,485
simulated,xai-fabric_oncall@t2/008-t5-middle,xai-fabric_oncall,L4,1000,False,577
simulated,xai-fabric_oncall@t2/008-t5-middle,xai-fabric_oncall,L4,1500,True,1415
simulated,xai-fabric_oncall@t2/008-t5-middle,xai-fabric_oncall,L4,3000,True,2870
simulated,xai-fabric_oncall@t2/008-t5-middle,xai-fabric_oncall,L4,6000,True,5965
simulated,xai-fabric_oncall@t2/008-t5-middle,xai-fabric_oncall,L4,all,True,7724
simulated,xai-fabric_oncall@t2/008-t5-middle,xai-fabric_oncall,L2,250,False,0
simulated,xai-fabric_oncall@t2/008-t5-middle,xai-fabric_oncall,L2,500,False,469
simulated,xai-fabric_oncall@t2/008-t5-middle,xai-fabric_oncall,L2,1000,False,792
simulated,xai-fabric_oncall@t2/008-t5-middle,xai-fabric_oncall,L2,1500,False,1360
simulated,xai-fabric_oncall@t2/008-t5-middle,xai-fabric_oncall,L2,3000,False,2864
simulated,xai-fabric_oncall@t2/008-t5-middle,xai-fabric_oncall,L2,6000,True,5976
simulated,xai-fabric_oncall@t2/008-t5-middle,xai-fabric_oncall,L2,all,True,7724
simulated,xai-fabric_oncall@t2/008-t5-middle,xai-fabric_oncall,E1,250,True,247
simulated,xai-fabric_oncall@t2/008-t5-middle,xai-fabric_oncall,E1,500,True,462
simulated,xai-fabric_oncall@t2/008-t5-middle,xai-fabric_oncall,E1,1000,True,995
simulated,xai-fabric_oncall@t2/008-t5-middle,xai-fabric_oncall,E1,1500,True,1500
simulated,xai-fabric_oncall@t2/008-t5-middle,xai-fabric_oncall,E1,3000,True,2982
simulated,xai-fabric_oncall@t2/008-t5-middle,xai-fabric_oncall,E1,6000,True,5982
simulated,xai-fabric_oncall@t2/008-t5-middle,xai-fabric_oncall,E1,all,True,7965
simulated,xai-fabric_oncall@t2/008-t5-middle,xai-fabric_oncall,E4,250,False,236
simulated,xai-fabric_oncall@t2/008-t5-middle,xai-fabric_oncall,E4,500,False,496
simulated,xai-fabric_oncall@t2/008-t5-middle,xai-fabric_oncall,E4,1000,True,999
simulated,xai-fabric_oncall@t2/008-t5-middle,xai-fabric_oncall,E4,1500,True,1468
simulated,xai-fabric_oncall@t2/008-t5-middle,xai-fabric_oncall,E4,3000,True,2975
simulated,xai-fabric_oncall@t2/008-t5-middle,xai-fabric_oncall,E4,6000,True,5977
simulated,xai-fabric_oncall@t2/008-t5-middle,xai-fabric_oncall,E4,all,True,7965
simulated,xai-run_start@t3/008-t4-start,xai-run_start,D1,250,False,231
simulated,xai-run_start@t3/008-t4-start,xai-run_start,D1,500,False,403
simulated,xai-run_start@t3/008-t4-start,xai-run_start,D1,1000,False,720
simulated,xai-run_start@t3/008-t4-start,xai-run_start,D1,1500,False,1182
simulated,xai-run_start@t3/008-t4-start,xai-run_start,D1,3000,True,2936
simulated,xai-run_start@t3/008-t4-start,xai-run_start,D1,6000,True,4959
simulated,xai-run_start@t3/008-t4-start,xai-run_start,D1,all,True,4959
simulated,xai-run_start@t3/008-t4-start,xai-run_start,D2,250,False,0
simulated,xai-run_start@t3/008-t4-start,xai-run_start,D2,500,False,317
simulated,xai-run_start@t3/008-t4-start,xai-run_start,D2,1000,True,1000
simulated,xai-run_start@t3/008-t4-start,xai-run_start,D2,1500,True,1430
simulated,xai-run_start@t3/008-t4-start,xai-run_start,D2,3000,True,2962
simulated,xai-run_start@t3/008-t4-start,xai-run_start,D2,6000,True,4959
simulated,xai-run_start@t3/008-t4-start,xai-run_start,D2,all,True,4959
simulated,xai-run_start@t3/008-t4-start,xai-run_start,B2,250,False,0
simulated,xai-run_start@t3/008-t4-start,xai-run_start,B2,500,False,270
simulated,xai-run_start@t3/008-t4-start,xai-run_start,B2,1000,False,758
simulated,xai-run_start@t3/008-t4-start,xai-run_start,B2,1500,False,1284
simulated,xai-run_start@t3/008-t4-start,xai-run_start,B2,3000,True,2802
simulated,xai-run_start@t3/008-t4-start,xai-run_start,B2,6000,True,5889
simulated,xai-run_start@t3/008-t4-start,xai-run_start,B2,all,True,9225
simulated,xai-run_start@t3/008-t4-start,xai-run_start,D4,250,False,43
simulated,xai-run_start@t3/008-t4-start,xai-run_start,D4,500,False,360
simulated,xai-run_start@t3/008-t4-start,xai-run_start,D4,1000,False,575
simulated,xai-run_start@t3/008-t4-start,xai-run_start,D4,1500,True,1475
simulated,xai-run_start@t3/008-t4-start,xai-run_start,D4,3000,True,2918
simulated,xai-run_start@t3/008-t4-start,xai-run_start,D4,6000,True,4959
simulated,xai-run_start@t3/008-t4-start,xai-run_start,D4,all,True,4959
simulated,xai-run_start@t3/008-t4-start,xai-run_start,Z4,250,False,0
simulated,xai-run_start@t3/008-t4-start,xai-run_start,Z4,500,False,349
simulated,xai-run_start@t3/008-t4-start,xai-run_start,Z4,1000,False,726
simulated,xai-run_start@t3/008-t4-start,xai-run_start,Z4,1500,False,1218
simulated,xai-run_start@t3/008-t4-start,xai-run_start,Z4,3000,False,2946
simulated,xai-run_start@t3/008-t4-start,xai-run_start,Z4,6000,True,4981
simulated,xai-run_start@t3/008-t4-start,xai-run_start,Z4,all,True,4981
simulated,xai-run_start@t3/008-t4-start,xai-run_start,L4,250,False,0
simulated,xai-run_start@t3/008-t4-start,xai-run_start,L4,500,False,378
simulated,xai-run_start@t3/008-t4-start,xai-run_start,L4,1000,False,603
simulated,xai-run_start@t3/008-t4-start,xai-run_start,L4,1500,True,1367
simulated,xai-run_start@t3/008-t4-start,xai-run_start,L4,3000,True,2950
simulated,xai-run_start@t3/008-t4-start,xai-run_start,L4,6000,True,5223
simulated,xai-run_start@t3/008-t4-start,xai-run_start,L4,all,True,5223
simulated,xai-run_start@t3/008-t4-start,xai-run_start,L2,250,False,240
simulated,xai-run_start@t3/008-t4-start,xai-run_start,L2,500,False,240
simulated,xai-run_start@t3/008-t4-start,xai-run_start,L2,1000,False,567
simulated,xai-run_start@t3/008-t4-start,xai-run_start,L2,1500,True,1488
simulated,xai-run_start@t3/008-t4-start,xai-run_start,L2,3000,True,2976
simulated,xai-run_start@t3/008-t4-start,xai-run_start,L2,6000,True,5223
simulated,xai-run_start@t3/008-t4-start,xai-run_start,L2,all,True,5223
simulated,xai-run_start@t3/008-t4-start,xai-run_start,E1,250,False,243
simulated,xai-run_start@t3/008-t4-start,xai-run_start,E1,500,False,474
simulated,xai-run_start@t3/008-t4-start,xai-run_start,E1,1000,True,984
simulated,xai-run_start@t3/008-t4-start,xai-run_start,E1,1500,True,1480
simulated,xai-run_start@t3/008-t4-start,xai-run_start,E1,3000,True,2989
simulated,xai-run_start@t3/008-t4-start,xai-run_start,E1,6000,True,5118
simulated,xai-run_start@t3/008-t4-start,xai-run_start,E1,all,True,5118
simulated,xai-run_start@t3/008-t4-start,xai-run_start,E4,250,True,237
simulated,xai-run_start@t3/008-t4-start,xai-run_start,E4,500,True,470
simulated,xai-run_start@t3/008-t4-start,xai-run_start,E4,1000,True,986
simulated,xai-run_start@t3/008-t4-start,xai-run_start,E4,1500,True,1481
simulated,xai-run_start@t3/008-t4-start,xai-run_start,E4,3000,True,2978
simulated,xai-run_start@t3/008-t4-start,xai-run_start,E4,6000,True,5118
simulated,xai-run_start@t3/008-t4-start,xai-run_start,E4,all,True,5118
simulated,xai-run_start@t3/008-t4-middle,xai-run_start,D1,250,True,242
simulated,xai-run_start@t3/008-t4-middle,xai-run_start,D1,500,True,242
simulated,xai-run_start@t3/008-t4-middle,xai-run_start,D1,1000,True,888
simulated,xai-run_start@t3/008-t4-middle,xai-run_start,D1,1500,True,1350
simulated,xai-run_start@t3/008-t4-middle,xai-run_start,D1,3000,True,2968
simulated,xai-run_start@t3/008-t4-middle,xai-run_start,D1,6000,True,5965
simulated,xai-run_start@t3/008-t4-middle,xai-run_start,D1,all,True,6246
simulated,xai-run_start@t3/008-t4-middle,xai-run_start,D2,250,True,242
simulated,xai-run_start@t3/008-t4-middle,xai-run_start,D2,500,True,414
simulated,xai-run_start@t3/008-t4-middle,xai-run_start,D2,1000,True,866
simulated,xai-run_start@t3/008-t4-middle,xai-run_start,D2,1500,True,1340
simulated,xai-run_start@t3/008-t4-middle,xai-run_start,D2,3000,True,2943
simulated,xai-run_start@t3/008-t4-middle,xai-run_start,D2,6000,True,5870
simulated,xai-run_start@t3/008-t4-middle,xai-run_start,D2,all,True,6246
simulated,xai-run_start@t3/008-t4-middle,xai-run_start,B2,250,True,0
simulated,xai-run_start@t3/008-t4-middle,xai-run_start,B2,500,True,262
simulated,xai-run_start@t3/008-t4-middle,xai-run_start,B2,1000,True,764
simulated,xai-run_start@t3/008-t4-middle,xai-run_start,B2,1500,True,1271
simulated,xai-run_start@t3/008-t4-middle,xai-run_start,B2,3000,True,2971
simulated,xai-run_start@t3/008-t4-middle,xai-run_start,B2,6000,True,5994
simulated,xai-run_start@t3/008-t4-middle,xai-run_start,B2,all,True,11096
simulated,xai-run_start@t3/008-t4-middle,xai-run_start,D4,250,True,242
simulated,xai-run_start@t3/008-t4-middle,xai-run_start,D4,500,True,242
simulated,xai-run_start@t3/008-t4-middle,xai-run_start,D4,1000,True,775
simulated,xai-run_start@t3/008-t4-middle,xai-run_start,D4,1500,True,1249
simulated,xai-run_start@t3/008-t4-middle,xai-run_start,D4,3000,True,2925
simulated,xai-run_start@t3/008-t4-middle,xai-run_start,D4,6000,True,5966
simulated,xai-run_start@t3/008-t4-middle,xai-run_start,D4,all,True,6246
simulated,xai-run_start@t3/008-t4-middle,xai-run_start,Z4,250,True,196
simulated,xai-run_start@t3/008-t4-middle,xai-run_start,Z4,500,True,196
simulated,xai-run_start@t3/008-t4-middle,xai-run_start,Z4,1000,True,927
simulated,xai-run_start@t3/008-t4-middle,xai-run_start,Z4,1500,True,1385
simulated,xai-run_start@t3/008-t4-middle,xai-run_start,Z4,3000,True,2732
simulated,xai-run_start@t3/008-t4-middle,xai-run_start,Z4,6000,True,5932
simulated,xai-run_start@t3/008-t4-middle,xai-run_start,Z4,all,True,6073
simulated,xai-run_start@t3/008-t4-middle,xai-run_start,L4,250,True,242
simulated,xai-run_start@t3/008-t4-middle,xai-run_start,L4,500,True,242
simulated,xai-run_start@t3/008-t4-middle,xai-run_start,L4,1000,True,794
simulated,xai-run_start@t3/008-t4-middle,xai-run_start,L4,1500,True,1279
simulated,xai-run_start@t3/008-t4-middle,xai-run_start,L4,3000,True,2980
simulated,xai-run_start@t3/008-t4-middle,xai-run_start,L4,6000,True,5967
simulated,xai-run_start@t3/008-t4-middle,xai-run_start,L4,all,True,6553
simulated,xai-run_start@t3/008-t4-middle,xai-run_start,L2,250,True,242
simulated,xai-run_start@t3/008-t4-middle,xai-run_start,L2,500,True,424
simulated,xai-run_start@t3/008-t4-middle,xai-run_start,L2,1000,True,909
simulated,xai-run_start@t3/008-t4-middle,xai-run_start,L2,1500,True,1113
simulated,xai-run_start@t3/008-t4-middle,xai-run_start,L2,3000,True,2898
simulated,xai-run_start@t3/008-t4-middle,xai-run_start,L2,6000,True,5765
simulated,xai-run_start@t3/008-t4-middle,xai-run_start,L2,all,True,6553
simulated,xai-run_start@t3/008-t4-middle,xai-run_start,E1,250,True,231
simulated,xai-run_start@t3/008-t4-middle,xai-run_start,E1,500,True,500
simulated,xai-run_start@t3/008-t4-middle,xai-run_start,E1,1000,True,988
simulated,xai-run_start@t3/008-t4-middle,xai-run_start,E1,1500,True,1492
simulated,xai-run_start@t3/008-t4-middle,xai-run_start,E1,3000,True,2990
simulated,xai-run_start@t3/008-t4-middle,xai-run_start,E1,6000,True,5991
simulated,xai-run_start@t3/008-t4-middle,xai-run_start,E1,all,True,6412
simulated,xai-run_start@t3/008-t4-middle,xai-run_start,E4,250,True,233
simulated,xai-run_start@t3/008-t4-middle,xai-run_start,E4,500,True,476
simulated,xai-run_start@t3/008-t4-middle,xai-run_start,E4,1000,True,991
simulated,xai-run_start@t3/008-t4-middle,xai-run_start,E4,1500,True,1483
simulated,xai-run_start@t3/008-t4-middle,xai-run_start,E4,3000,True,2975
simulated,xai-run_start@t3/008-t4-middle,xai-run_start,E4,6000,True,5967
simulated,xai-run_start@t3/008-t4-middle,xai-run_start,E4,all,True,6412
simulated,xai-run_start@t3/008-t5-start,xai-run_start,D1,250,False,0
simulated,xai-run_start@t3/008-t5-start,xai-run_start,D1,500,True,474
simulated,xai-run_start@t3/008-t5-start,xai-run_start,D1,1000,True,649
simulated,xai-run_start@t3/008-t5-start,xai-run_start,D1,1500,True,1343
simulated,xai-run_start@t3/008-t5-start,xai-run_start,D1,3000,True,2757
simulated,xai-run_start@t3/008-t5-start,xai-run_start,D1,6000,True,5974
simulated,xai-run_start@t3/008-t5-start,xai-run_start,D1,all,True,6617
simulated,xai-run_start@t3/008-t5-start,xai-run_start,D2,250,False,215
simulated,xai-run_start@t3/008-t5-start,xai-run_start,D2,500,False,447
simulated,xai-run_start@t3/008-t5-start,xai-run_start,D2,1000,True,921
simulated,xai-run_start@t3/008-t5-start,xai-run_start,D2,1500,True,1373
simulated,xai-run_start@t3/008-t5-start,xai-run_start,D2,3000,True,2713
simulated,xai-run_start@t3/008-t5-start,xai-run_start,D2,6000,True,5995
simulated,xai-run_start@t3/008-t5-start,xai-run_start,D2,all,True,6617
simulated,xai-run_start@t3/008-t5-start,xai-run_start,B2,250,False,0
simulated,xai-run_start@t3/008-t5-start,xai-run_start,B2,500,False,251
simulated,xai-run_start@t3/008-t5-start,xai-run_start,B2,1000,False,988
simulated,xai-run_start@t3/008-t5-start,xai-run_start,B2,1500,False,1241
simulated,xai-run_start@t3/008-t5-start,xai-run_start,B2,3000,True,2733
simulated,xai-run_start@t3/008-t5-start,xai-run_start,B2,6000,True,5966
simulated,xai-run_start@t3/008-t5-start,xai-run_start,B2,all,True,12640
simulated,xai-run_start@t3/008-t5-start,xai-run_start,D4,250,False,0
simulated,xai-run_start@t3/008-t5-start,xai-run_start,D4,500,False,317
simulated,xai-run_start@t3/008-t5-start,xai-run_start,D4,1000,True,791
simulated,xai-run_start@t3/008-t5-start,xai-run_start,D4,1500,True,1238
simulated,xai-run_start@t3/008-t5-start,xai-run_start,D4,3000,True,2947
simulated,xai-run_start@t3/008-t5-start,xai-run_start,D4,6000,True,5990
simulated,xai-run_start@t3/008-t5-start,xai-run_start,D4,all,True,6617
simulated,xai-run_start@t3/008-t5-start,xai-run_start,Z4,250,False,0
simulated,xai-run_start@t3/008-t5-start,xai-run_start,Z4,500,False,492
simulated,xai-run_start@t3/008-t5-start,xai-run_start,Z4,1000,False,978
simulated,xai-run_start@t3/008-t5-start,xai-run_start,Z4,1500,False,1355
simulated,xai-run_start@t3/008-t5-start,xai-run_start,Z4,3000,False,2807
simulated,xai-run_start@t3/008-t5-start,xai-run_start,Z4,6000,True,5695
simulated,xai-run_start@t3/008-t5-start,xai-run_start,Z4,all,True,7132
simulated,xai-run_start@t3/008-t5-start,xai-run_start,L4,250,False,0
simulated,xai-run_start@t3/008-t5-start,xai-run_start,L4,500,False,327
simulated,xai-run_start@t3/008-t5-start,xai-run_start,L4,1000,True,812
simulated,xai-run_start@t3/008-t5-start,xai-run_start,L4,1500,True,1278
simulated,xai-run_start@t3/008-t5-start,xai-run_start,L4,3000,True,2770
simulated,xai-run_start@t3/008-t5-start,xai-run_start,L4,6000,True,5974
simulated,xai-run_start@t3/008-t5-start,xai-run_start,L4,all,True,6935
simulated,xai-run_start@t3/008-t5-start,xai-run_start,L2,250,False,241
simulated,xai-run_start@t3/008-t5-start,xai-run_start,L2,500,False,241
simulated,xai-run_start@t3/008-t5-start,xai-run_start,L2,1000,True,951
simulated,xai-run_start@t3/008-t5-start,xai-run_start,L2,1500,True,1087
simulated,xai-run_start@t3/008-t5-start,xai-run_start,L2,3000,True,2937
simulated,xai-run_start@t3/008-t5-start,xai-run_start,L2,6000,True,5949
simulated,xai-run_start@t3/008-t5-start,xai-run_start,L2,all,True,6935
simulated,xai-run_start@t3/008-t5-start,xai-run_start,E1,250,False,228
simulated,xai-run_start@t3/008-t5-start,xai-run_start,E1,500,True,484
simulated,xai-run_start@t3/008-t5-start,xai-run_start,E1,1000,True,989
simulated,xai-run_start@t3/008-t5-start,xai-run_start,E1,1500,True,1467
simulated,xai-run_start@t3/008-t5-start,xai-run_start,E1,3000,True,2975
simulated,xai-run_start@t3/008-t5-start,xai-run_start,E1,6000,True,5996
simulated,xai-run_start@t3/008-t5-start,xai-run_start,E1,all,True,7342
simulated,xai-run_start@t3/008-t5-start,xai-run_start,E4,250,True,219
simulated,xai-run_start@t3/008-t5-start,xai-run_start,E4,500,True,486
simulated,xai-run_start@t3/008-t5-start,xai-run_start,E4,1000,True,973
simulated,xai-run_start@t3/008-t5-start,xai-run_start,E4,1500,True,1479
simulated,xai-run_start@t3/008-t5-start,xai-run_start,E4,3000,True,2972
simulated,xai-run_start@t3/008-t5-start,xai-run_start,E4,6000,True,5984
simulated,xai-run_start@t3/008-t5-start,xai-run_start,E4,all,True,7342
simulated,xai-run_start@t3/008-t5-middle,xai-run_start,D1,250,False,0
simulated,xai-run_start@t3/008-t5-middle,xai-run_start,D1,500,True,474
simulated,xai-run_start@t3/008-t5-middle,xai-run_start,D1,1000,True,938
simulated,xai-run_start@t3/008-t5-middle,xai-run_start,D1,1500,True,1245
simulated,xai-run_start@t3/008-t5-middle,xai-run_start,D1,3000,True,2750
simulated,xai-run_start@t3/008-t5-middle,xai-run_start,D1,6000,True,5911
simulated,xai-run_start@t3/008-t5-middle,xai-run_start,D1,all,True,7374
simulated,xai-run_start@t3/008-t5-middle,xai-run_start,D2,250,False,131
simulated,xai-run_start@t3/008-t5-middle,xai-run_start,D2,500,False,131
simulated,xai-run_start@t3/008-t5-middle,xai-run_start,D2,1000,False,765
simulated,xai-run_start@t3/008-t5-middle,xai-run_start,D2,1500,True,1449
simulated,xai-run_start@t3/008-t5-middle,xai-run_start,D2,3000,True,2558
simulated,xai-run_start@t3/008-t5-middle,xai-run_start,D2,6000,True,5958
simulated,xai-run_start@t3/008-t5-middle,xai-run_start,D2,all,True,7374
simulated,xai-run_start@t3/008-t5-middle,xai-run_start,B2,250,False,236
simulated,xai-run_start@t3/008-t5-middle,xai-run_start,B2,500,False,499
simulated,xai-run_start@t3/008-t5-middle,xai-run_start,B2,1000,False,965
simulated,xai-run_start@t3/008-t5-middle,xai-run_start,B2,1500,True,1412
simulated,xai-run_start@t3/008-t5-middle,xai-run_start,B2,3000,True,2872
simulated,xai-run_start@t3/008-t5-middle,xai-run_start,B2,6000,True,5815
simulated,xai-run_start@t3/008-t5-middle,xai-run_start,B2,all,True,14097
simulated,xai-run_start@t3/008-t5-middle,xai-run_start,D4,250,False,0
simulated,xai-run_start@t3/008-t5-middle,xai-run_start,D4,500,True,474
simulated,xai-run_start@t3/008-t5-middle,xai-run_start,D4,1000,True,824
simulated,xai-run_start@t3/008-t5-middle,xai-run_start,D4,1500,True,1315
simulated,xai-run_start@t3/008-t5-middle,xai-run_start,D4,3000,True,2736
simulated,xai-run_start@t3/008-t5-middle,xai-run_start,D4,6000,True,5901
simulated,xai-run_start@t3/008-t5-middle,xai-run_start,D4,all,True,7374
simulated,xai-run_start@t3/008-t5-middle,xai-run_start,Z4,250,False,0
simulated,xai-run_start@t3/008-t5-middle,xai-run_start,Z4,500,False,252
simulated,xai-run_start@t3/008-t5-middle,xai-run_start,Z4,1000,False,726
simulated,xai-run_start@t3/008-t5-middle,xai-run_start,Z4,1500,False,1434
simulated,xai-run_start@t3/008-t5-middle,xai-run_start,Z4,3000,False,2574
simulated,xai-run_start@t3/008-t5-middle,xai-run_start,Z4,6000,True,5940
simulated,xai-run_start@t3/008-t5-middle,xai-run_start,Z4,all,True,7931
simulated,xai-run_start@t3/008-t5-middle,xai-run_start,L4,250,False,0
simulated,xai-run_start@t3/008-t5-middle,xai-run_start,L4,500,True,485
simulated,xai-run_start@t3/008-t5-middle,xai-run_start,L4,1000,True,851
simulated,xai-run_start@t3/008-t5-middle,xai-run_start,L4,1500,True,1361
simulated,xai-run_start@t3/008-t5-middle,xai-run_start,L4,3000,True,2826
simulated,xai-run_start@t3/008-t5-middle,xai-run_start,L4,6000,True,5776
simulated,xai-run_start@t3/008-t5-middle,xai-run_start,L4,all,True,7724
simulated,xai-run_start@t3/008-t5-middle,xai-run_start,L2,250,False,141
simulated,xai-run_start@t3/008-t5-middle,xai-run_start,L2,500,False,323
simulated,xai-run_start@t3/008-t5-middle,xai-run_start,L2,1000,False,792
simulated,xai-run_start@t3/008-t5-middle,xai-run_start,L2,1500,True,1277
simulated,xai-run_start@t3/008-t5-middle,xai-run_start,L2,3000,True,2944
simulated,xai-run_start@t3/008-t5-middle,xai-run_start,L2,6000,True,5856
simulated,xai-run_start@t3/008-t5-middle,xai-run_start,L2,all,True,7724
simulated,xai-run_start@t3/008-t5-middle,xai-run_start,E1,250,True,216
simulated,xai-run_start@t3/008-t5-middle,xai-run_start,E1,500,True,453
simulated,xai-run_start@t3/008-t5-middle,xai-run_start,E1,1000,True,983
simulated,xai-run_start@t3/008-t5-middle,xai-run_start,E1,1500,True,1483
simulated,xai-run_start@t3/008-t5-middle,xai-run_start,E1,3000,True,2968
simulated,xai-run_start@t3/008-t5-middle,xai-run_start,E1,6000,True,5978
simulated,xai-run_start@t3/008-t5-middle,xai-run_start,E1,all,True,7965
simulated,xai-run_start@t3/008-t5-middle,xai-run_start,E4,250,False,202
simulated,xai-run_start@t3/008-t5-middle,xai-run_start,E4,500,True,481
simulated,xai-run_start@t3/008-t5-middle,xai-run_start,E4,1000,True,989
simulated,xai-run_start@t3/008-t5-middle,xai-run_start,E4,1500,True,1488
simulated,xai-run_start@t3/008-t5-middle,xai-run_start,E4,3000,True,2991
simulated,xai-run_start@t3/008-t5-middle,xai-run_start,E4,6000,True,5984
simulated,xai-run_start@t3/008-t5-middle,xai-run_start,E4,all,True,7965
simulated,xai-ckpt_cadence@t4/005-t5-start,xai-ckpt_cadence,D1,250,False,0
simulated,xai-ckpt_cadence@t4/005-t5-start,xai-ckpt_cadence,D1,500,True,474
simulated,xai-ckpt_cadence@t4/005-t5-start,xai-ckpt_cadence,D1,1000,True,936
simulated,xai-ckpt_cadence@t4/005-t5-start,xai-ckpt_cadence,D1,1500,True,1446
simulated,xai-ckpt_cadence@t4/005-t5-start,xai-ckpt_cadence,D1,3000,True,2772
simulated,xai-ckpt_cadence@t4/005-t5-start,xai-ckpt_cadence,D1,6000,True,5973
simulated,xai-ckpt_cadence@t4/005-t5-start,xai-ckpt_cadence,D1,all,True,6617
simulated,xai-ckpt_cadence@t4/005-t5-start,xai-ckpt_cadence,D2,250,False,215
simulated,xai-ckpt_cadence@t4/005-t5-start,xai-ckpt_cadence,D2,500,False,215
simulated,xai-ckpt_cadence@t4/005-t5-start,xai-ckpt_cadence,D2,1000,True,921
simulated,xai-ckpt_cadence@t4/005-t5-start,xai-ckpt_cadence,D2,1500,True,1438
simulated,xai-ckpt_cadence@t4/005-t5-start,xai-ckpt_cadence,D2,3000,True,2901
simulated,xai-ckpt_cadence@t4/005-t5-start,xai-ckpt_cadence,D2,6000,True,5980
simulated,xai-ckpt_cadence@t4/005-t5-start,xai-ckpt_cadence,D2,all,True,6617
simulated,xai-ckpt_cadence@t4/005-t5-start,xai-ckpt_cadence,B2,250,False,0
simulated,xai-ckpt_cadence@t4/005-t5-start,xai-ckpt_cadence,B2,500,False,499
simulated,xai-ckpt_cadence@t4/005-t5-start,xai-ckpt_cadence,B2,1000,False,998
simulated,xai-ckpt_cadence@t4/005-t5-start,xai-ckpt_cadence,B2,1500,False,1467
simulated,xai-ckpt_cadence@t4/005-t5-start,xai-ckpt_cadence,B2,3000,False,2975
simulated,xai-ckpt_cadence@t4/005-t5-start,xai-ckpt_cadence,B2,6000,True,5880
simulated,xai-ckpt_cadence@t4/005-t5-start,xai-ckpt_cadence,B2,all,True,12640
simulated,xai-ckpt_cadence@t4/005-t5-start,xai-ckpt_cadence,D4,250,False,0
simulated,xai-ckpt_cadence@t4/005-t5-start,xai-ckpt_cadence,D4,500,True,474
simulated,xai-ckpt_cadence@t4/005-t5-start,xai-ckpt_cadence,D4,1000,True,746
simulated,xai-ckpt_cadence@t4/005-t5-start,xai-ckpt_cadence,D4,1500,True,1413
simulated,xai-ckpt_cadence@t4/005-t5-start,xai-ckpt_cadence,D4,3000,True,2641
simulated,xai-ckpt_cadence@t4/005-t5-start,xai-ckpt_cadence,D4,6000,True,5959
simulated,xai-ckpt_cadence@t4/005-t5-start,xai-ckpt_cadence,D4,all,True,6617
simulated,xai-ckpt_cadence@t4/005-t5-start,xai-ckpt_cadence,Z4,250,False,0
simulated,xai-ckpt_cadence@t4/005-t5-start,xai-ckpt_cadence,Z4,500,False,492
simulated,xai-ckpt_cadence@t4/005-t5-start,xai-ckpt_cadence,Z4,1000,False,869
simulated,xai-ckpt_cadence@t4/005-t5-start,xai-ckpt_cadence,Z4,1500,False,1355
simulated,xai-ckpt_cadence@t4/005-t5-start,xai-ckpt_cadence,Z4,3000,True,2713
simulated,xai-ckpt_cadence@t4/005-t5-start,xai-ckpt_cadence,Z4,6000,True,5752
simulated,xai-ckpt_cadence@t4/005-t5-start,xai-ckpt_cadence,Z4,all,True,7132
simulated,xai-ckpt_cadence@t4/005-t5-start,xai-ckpt_cadence,L4,250,False,0
simulated,xai-ckpt_cadence@t4/005-t5-start,xai-ckpt_cadence,L4,500,True,485
simulated,xai-ckpt_cadence@t4/005-t5-start,xai-ckpt_cadence,L4,1000,True,774
simulated,xai-ckpt_cadence@t4/005-t5-start,xai-ckpt_cadence,L4,1500,True,1462
simulated,xai-ckpt_cadence@t4/005-t5-start,xai-ckpt_cadence,L4,3000,True,2589
simulated,xai-ckpt_cadence@t4/005-t5-start,xai-ckpt_cadence,L4,6000,True,5997
simulated,xai-ckpt_cadence@t4/005-t5-start,xai-ckpt_cadence,L4,all,True,6935
simulated,xai-ckpt_cadence@t4/005-t5-start,xai-ckpt_cadence,L2,250,False,241
simulated,xai-ckpt_cadence@t4/005-t5-start,xai-ckpt_cadence,L2,500,False,241
simulated,xai-ckpt_cadence@t4/005-t5-start,xai-ckpt_cadence,L2,1000,True,908
simulated,xai-ckpt_cadence@t4/005-t5-start,xai-ckpt_cadence,L2,1500,True,1448
simulated,xai-ckpt_cadence@t4/005-t5-start,xai-ckpt_cadence,L2,3000,True,2805
simulated,xai-ckpt_cadence@t4/005-t5-start,xai-ckpt_cadence,L2,6000,True,5809
simulated,xai-ckpt_cadence@t4/005-t5-start,xai-ckpt_cadence,L2,all,True,6935
simulated,xai-ckpt_cadence@t4/005-t5-start,xai-ckpt_cadence,E1,250,True,223
simulated,xai-ckpt_cadence@t4/005-t5-start,xai-ckpt_cadence,E1,500,True,491
simulated,xai-ckpt_cadence@t4/005-t5-start,xai-ckpt_cadence,E1,1000,True,997
simulated,xai-ckpt_cadence@t4/005-t5-start,xai-ckpt_cadence,E1,1500,True,1472
simulated,xai-ckpt_cadence@t4/005-t5-start,xai-ckpt_cadence,E1,3000,True,2982
simulated,xai-ckpt_cadence@t4/005-t5-start,xai-ckpt_cadence,E1,6000,True,5961
simulated,xai-ckpt_cadence@t4/005-t5-start,xai-ckpt_cadence,E1,all,True,7342
simulated,xai-ckpt_cadence@t4/005-t5-start,xai-ckpt_cadence,E4,250,False,250
simulated,xai-ckpt_cadence@t4/005-t5-start,xai-ckpt_cadence,E4,500,True,472
simulated,xai-ckpt_cadence@t4/005-t5-start,xai-ckpt_cadence,E4,1000,True,981
simulated,xai-ckpt_cadence@t4/005-t5-start,xai-ckpt_cadence,E4,1500,True,1495
simulated,xai-ckpt_cadence@t4/005-t5-start,xai-ckpt_cadence,E4,3000,True,2989
simulated,xai-ckpt_cadence@t4/005-t5-start,xai-ckpt_cadence,E4,6000,True,5983
simulated,xai-ckpt_cadence@t4/005-t5-start,xai-ckpt_cadence,E4,all,True,7342
simulated,xai-ckpt_cadence@t4/005-t5-middle,xai-ckpt_cadence,D1,250,False,0
simulated,xai-ckpt_cadence@t4/005-t5-middle,xai-ckpt_cadence,D1,500,False,474
simulated,xai-ckpt_cadence@t4/005-t5-middle,xai-ckpt_cadence,D1,1000,False,646
simulated,xai-ckpt_cadence@t4/005-t5-middle,xai-ckpt_cadence,D1,1500,False,1403
simulated,xai-ckpt_cadence@t4/005-t5-middle,xai-ckpt_cadence,D1,3000,False,2800
simulated,xai-ckpt_cadence@t4/005-t5-middle,xai-ckpt_cadence,D1,6000,True,5911
simulated,xai-ckpt_cadence@t4/005-t5-middle,xai-ckpt_cadence,D1,all,True,7374
simulated,xai-ckpt_cadence@t4/005-t5-middle,xai-ckpt_cadence,D2,250,False,131
simulated,xai-ckpt_cadence@t4/005-t5-middle,xai-ckpt_cadence,D2,500,False,131
simulated,xai-ckpt_cadence@t4/005-t5-middle,xai-ckpt_cadence,D2,1000,False,975
simulated,xai-ckpt_cadence@t4/005-t5-middle,xai-ckpt_cadence,D2,1500,False,1172
simulated,xai-ckpt_cadence@t4/005-t5-middle,xai-ckpt_cadence,D2,3000,True,2882
simulated,xai-ckpt_cadence@t4/005-t5-middle,xai-ckpt_cadence,D2,6000,True,5775
simulated,xai-ckpt_cadence@t4/005-t5-middle,xai-ckpt_cadence,D2,all,True,7374
simulated,xai-ckpt_cadence@t4/005-t5-middle,xai-ckpt_cadence,B2,250,False,234
simulated,xai-ckpt_cadence@t4/005-t5-middle,xai-ckpt_cadence,B2,500,False,447
simulated,xai-ckpt_cadence@t4/005-t5-middle,xai-ckpt_cadence,B2,1000,False,949
simulated,xai-ckpt_cadence@t4/005-t5-middle,xai-ckpt_cadence,B2,1500,False,1434
simulated,xai-ckpt_cadence@t4/005-t5-middle,xai-ckpt_cadence,B2,3000,False,2856
simulated,xai-ckpt_cadence@t4/005-t5-middle,xai-ckpt_cadence,B2,6000,True,5789
simulated,xai-ckpt_cadence@t4/005-t5-middle,xai-ckpt_cadence,B2,all,True,14097
simulated,xai-ckpt_cadence@t4/005-t5-middle,xai-ckpt_cadence,D4,250,False,0
simulated,xai-ckpt_cadence@t4/005-t5-middle,xai-ckpt_cadence,D4,500,False,474
simulated,xai-ckpt_cadence@t4/005-t5-middle,xai-ckpt_cadence,D4,1000,False,976
simulated,xai-ckpt_cadence@t4/005-t5-middle,xai-ckpt_cadence,D4,1500,False,1414
simulated,xai-ckpt_cadence@t4/005-t5-middle,xai-ckpt_cadence,D4,3000,True,2713
simulated,xai-ckpt_cadence@t4/005-t5-middle,xai-ckpt_cadence,D4,6000,True,5843
simulated,xai-ckpt_cadence@t4/005-t5-middle,xai-ckpt_cadence,D4,all,True,7374
simulated,xai-ckpt_cadence@t4/005-t5-middle,xai-ckpt_cadence,Z4,250,False,0
simulated,xai-ckpt_cadence@t4/005-t5-middle,xai-ckpt_cadence,Z4,500,False,252
simulated,xai-ckpt_cadence@t4/005-t5-middle,xai-ckpt_cadence,Z4,1000,False,976
simulated,xai-ckpt_cadence@t4/005-t5-middle,xai-ckpt_cadence,Z4,1500,False,1434
simulated,xai-ckpt_cadence@t4/005-t5-middle,xai-ckpt_cadence,Z4,3000,True,2827
simulated,xai-ckpt_cadence@t4/005-t5-middle,xai-ckpt_cadence,Z4,6000,True,5586
simulated,xai-ckpt_cadence@t4/005-t5-middle,xai-ckpt_cadence,Z4,all,True,7931
simulated,xai-ckpt_cadence@t4/005-t5-middle,xai-ckpt_cadence,L4,250,False,0
simulated,xai-ckpt_cadence@t4/005-t5-middle,xai-ckpt_cadence,L4,500,False,485
simulated,xai-ckpt_cadence@t4/005-t5-middle,xai-ckpt_cadence,L4,1000,False,533
simulated,xai-ckpt_cadence@t4/005-t5-middle,xai-ckpt_cadence,L4,1500,False,1458
simulated,xai-ckpt_cadence@t4/005-t5-middle,xai-ckpt_cadence,L4,3000,True,2808
simulated,xai-ckpt_cadence@t4/005-t5-middle,xai-ckpt_cadence,L4,6000,True,5906
simulated,xai-ckpt_cadence@t4/005-t5-middle,xai-ckpt_cadence,L4,all,True,7724
simulated,xai-ckpt_cadence@t4/005-t5-middle,xai-ckpt_cadence,L2,250,False,141
simulated,xai-ckpt_cadence@t4/005-t5-middle,xai-ckpt_cadence,L2,500,False,141
simulated,xai-ckpt_cadence@t4/005-t5-middle,xai-ckpt_cadence,L2,1000,False,996
simulated,xai-ckpt_cadence@t4/005-t5-middle,xai-ckpt_cadence,L2,1500,False,1213
simulated,xai-ckpt_cadence@t4/005-t5-middle,xai-ckpt_cadence,L2,3000,True,2974
simulated,xai-ckpt_cadence@t4/005-t5-middle,xai-ckpt_cadence,L2,6000,True,5818
simulated,xai-ckpt_cadence@t4/005-t5-middle,xai-ckpt_cadence,L2,all,True,7724
simulated,xai-ckpt_cadence@t4/005-t5-middle,xai-ckpt_cadence,E1,250,False,226
simulated,xai-ckpt_cadence@t4/005-t5-middle,xai-ckpt_cadence,E1,500,False,479
simulated,xai-ckpt_cadence@t4/005-t5-middle,xai-ckpt_cadence,E1,1000,True,988
simulated,xai-ckpt_cadence@t4/005-t5-middle,xai-ckpt_cadence,E1,1500,True,1499
simulated,xai-ckpt_cadence@t4/005-t5-middle,xai-ckpt_cadence,E1,3000,True,2982
simulated,xai-ckpt_cadence@t4/005-t5-middle,xai-ckpt_cadence,E1,6000,True,5997
simulated,xai-ckpt_cadence@t4/005-t5-middle,xai-ckpt_cadence,E1,all,True,7965
simulated,xai-ckpt_cadence@t4/005-t5-middle,xai-ckpt_cadence,E4,250,True,234
simulated,xai-ckpt_cadence@t4/005-t5-middle,xai-ckpt_cadence,E4,500,True,476
simulated,xai-ckpt_cadence@t4/005-t5-middle,xai-ckpt_cadence,E4,1000,True,987
simulated,xai-ckpt_cadence@t4/005-t5-middle,xai-ckpt_cadence,E4,1500,True,1473
simulated,xai-ckpt_cadence@t4/005-t5-middle,xai-ckpt_cadence,E4,3000,True,2987
simulated,xai-ckpt_cadence@t4/005-t5-middle,xai-ckpt_cadence,E4,6000,True,5983
simulated,xai-ckpt_cadence@t4/005-t5-middle,xai-ckpt_cadence,E4,all,True,7965
